symbol,timeframe,fee_schedule,maker_fee_pct,taker_fee_pct,slippage_ticks,extra_ticks,total_trades,winning_trades,losing_trades,win_rate_pct,profit_factor,net_pnl_usdt,net_roi_pct,max_drawdown_pct,expectancy_usdt,total_fees_usdt,final_balance_usdt
1000000MOG_USDT,1m,Maker 0.00% / Taker 0.01%,0.0,0.01,1,2,12481,5924,6557,47.46,0.46,-101.1,-101.1,101.09,-0.0081,27.62,-1.1
1000000MOG_USDT,1m,Maker 0.00% / Taker 0.01%,0.0,0.01,2,2,12913,4444,8469,34.41,0.31,-103.27,-103.27,103.26,-0.008,18.47,-3.27
1000000MOG_USDT,1m,Maker 0.00% / Taker 0.01%,0.0,0.01,3,2,13414,3215,10199,23.97,0.22,-105.73,-105.73,105.72,-0.0079,13.65,-5.73
1000000MOG_USDT,1m,Maker 0.00% / Taker 0.01%,0.0,0.01,4,2,13966,2364,11602,16.93,0.16,-108.23,-108.23,108.23,-0.0077,10.51,-8.23
1000000MOG_USDT,1m,Maker 0.00% / Taker 0.01%,0.0,0.01,5,2,14368,1753,12615,12.2,0.11,-110.58,-110.58,110.58,-0.0077,8.35,-10.58
1000000MOG_USDT,1m,Maker 0.00% / Taker 0.01%,0.0,0.01,6,2,14715,1252,13463,8.51,0.08,-112.93,-112.93,112.93,-0.0077,6.79,-12.93
1000000MOG_USDT,1m,Maker 0.00% / Taker 0.01%,0.0,0.01,7,2,14937,948,13989,6.35,0.06,-115.08,-115.08,115.08,-0.0077,5.6,-15.08
1000000MOG_USDT,1m,Maker 0.00% / Taker 0.05%,0.0,0.05,1,2,11709,5060,6649,43.21,0.29,-102.17,-102.17,102.16,-0.0087,77.24,-2.17
1000000MOG_USDT,1m,Maker 0.00% / Taker 0.05%,0.0,0.05,2,2,12274,3851,8423,31.38,0.22,-104.42,-104.42,104.41,-0.0085,60.08,-4.42
1000000MOG_USDT,1m,Maker 0.00% / Taker 0.05%,0.0,0.05,3,2,13035,2820,10215,21.63,0.16,-107.06,-107.06,107.06,-0.0082,46.51,-7.06
1000000MOG_USDT,1m,Maker 0.00% / Taker 0.05%,0.0,0.05,4,2,13693,2075,11618,15.15,0.11,-109.64,-109.64,109.64,-0.008,36.88,-9.64
1000000MOG_USDT,1m,Maker 0.00% / Taker 0.05%,0.0,0.05,5,2,14163,1534,12629,10.83,0.08,-112.09,-112.09,112.09,-0.0079,30.34,-12.09
1000000MOG_USDT,1m,Maker 0.00% / Taker 0.05%,0.0,0.05,6,2,14576,1124,13452,7.71,0.06,-114.54,-114.54,114.54,-0.0079,26.69,-14.54
1000000MOG_USDT,1m,Maker 0.00% / Taker 0.05%,0.0,0.05,7,2,14850,861,13989,5.8,0.04,-116.74,-116.74,116.74,-0.0079,22.89,-16.74
1000000MOG_USDT,1m,Maker 0.10% / Taker 0.10%,0.1,0.1,1,2,10733,4081,6652,38.02,0.16,-103.46,-103.46,103.46,-0.0096,90.84,-3.46
1000000MOG_USDT,1m,Maker 0.10% / Taker 0.10%,0.1,0.1,2,2,11564,3171,8393,27.42,0.13,-105.82,-105.82,105.82,-0.0092,76.22,-5.82
1000000MOG_USDT,1m,Maker 0.10% / Taker 0.10%,0.1,0.1,3,2,12552,2365,10187,18.84,0.09,-108.6,-108.6,108.6,-0.0087,62.95,-8.6
1000000MOG_USDT,1m,Maker 0.10% / Taker 0.10%,0.1,0.1,4,2,13385,1768,11617,13.21,0.07,-111.38,-111.38,111.38,-0.0083,53.44,-11.38
1000000MOG_USDT,1m,Maker 0.10% / Taker 0.10%,0.1,0.1,5,2,13886,1327,12559,9.56,0.05,-113.88,-113.88,113.88,-0.0082,47.34,-13.88
1000000MOG_USDT,1m,Maker 0.10% / Taker 0.10%,0.1,0.1,6,2,14383,990,13393,6.88,0.04,-116.43,-116.43,116.43,-0.0081,43.29,-16.43
1000000MOG_USDT,1m,Maker 0.10% / Taker 0.10%,0.1,0.1,7,2,14702,762,13940,5.18,0.03,-118.73,-118.73,118.73,-0.0081,39.03,-18.73
1000000MOG_USDT,5m,Maker 0.00% / Taker 0.01%,0.0,0.01,1,2,2695,1743,952,64.68,0.53,-97.12,-97.12,97.14,-0.036,20.39,2.88
1000000MOG_USDT,5m,Maker 0.00% / Taker 0.01%,0.0,0.01,2,2,2671,1496,1175,56.01,0.38,-99.89,-99.89,99.89,-0.0374,13.62,0.11
1000000MOG_USDT,5m,Maker 0.00% / Taker 0.01%,0.0,0.01,3,2,2690,1306,1384,48.55,0.29,-100.2,-100.2,100.2,-0.0373,10.1,-0.2
1000000MOG_USDT,5m,Maker 0.00% / Taker 0.01%,0.0,0.01,4,2,2701,1129,1572,41.8,0.23,-100.55,-100.55,100.55,-0.0372,8.33,-0.55
1000000MOG_USDT,5m,Maker 0.00% / Taker 0.01%,0.0,0.01,5,2,2728,950,1778,34.82,0.18,-101.02,-101.02,101.02,-0.037,6.85,-1.02
1000000MOG_USDT,5m,Maker 0.00% / Taker 0.01%,0.0,0.01,6,2,2753,797,1956,28.95,0.15,-101.54,-101.54,101.54,-0.0369,5.98,-1.54
1000000MOG_USDT,5m,Maker 0.00% / Taker 0.01%,0.0,0.01,7,2,2777,677,2100,24.38,0.12,-101.98,-101.98,101.98,-0.0367,5.12,-1.98
1000000MOG_USDT,5m,Maker 0.00% / Taker 0.05%,0.0,0.05,1,2,2613,1553,1060,59.43,0.35,-99.72,-99.72,99.72,-0.0382,61.21,0.28
1000000MOG_USDT,5m,Maker 0.00% / Taker 0.05%,0.0,0.05,2,2,2612,1386,1226,53.06,0.28,-100.06,-100.06,100.06,-0.0383,49.23,-0.06
1000000MOG_USDT,5m,Maker 0.00% / Taker 0.05%,0.0,0.05,3,2,2632,1191,1441,45.25,0.22,-100.43,-100.43,100.43,-0.0382,38.99,-0.43
1000000MOG_USDT,5m,Maker 0.00% / Taker 0.05%,0.0,0.05,4,2,2640,1048,1592,39.7,0.18,-100.79,-100.79,100.79,-0.0382,33.84,-0.79
1000000MOG_USDT,5m,Maker 0.00% / Taker 0.05%,0.0,0.05,5,2,2683,878,1805,32.72,0.14,-101.31,-101.31,101.31,-0.0378,28.1,-1.31
1000000MOG_USDT,5m,Maker 0.00% / Taker 0.05%,0.0,0.05,6,2,2721,743,1978,27.31,0.11,-101.8,-101.8,101.8,-0.0374,23.82,-1.8
1000000MOG_USDT,5m,Maker 0.00% / Taker 0.05%,0.0,0.05,7,2,2741,635,2106,23.17,0.09,-102.23,-102.23,102.23,-0.0373,21.3,-2.23
1000000MOG_USDT,5m,Maker 0.10% / Taker 0.10%,0.1,0.1,1,2,2526,1400,1126,55.42,0.25,-100.01,-100.01,100.01,-0.0396,85.59,-0.01
1000000MOG_USDT,5m,Maker 0.10% / Taker 0.10%,0.1,0.1,2,2,2524,1228,1296,48.65,0.19,-100.32,-100.32,100.32,-0.0397,68.3,-0.32
1000000MOG_USDT,5m,Maker 0.10% / Taker 0.10%,0.1,0.1,3,2,2537,1055,1482,41.58,0.15,-100.73,-100.73,100.73,-0.0397,55.33,-0.73
1000000MOG_USDT,5m,Maker 0.10% / Taker 0.10%,0.1,0.1,4,2,2576,943,1633,36.61,0.13,-101.13,-101.13,101.13,-0.0393,49.91,-1.13
1000000MOG_USDT,5m,Maker 0.10% / Taker 0.10%,0.1,0.1,5,2,2625,795,1830,30.29,0.1,-101.63,-101.63,101.63,-0.0387,43.77,-1.63
1000000MOG_USDT,5m,Maker 0.10% / Taker 0.10%,0.1,0.1,6,2,2667,675,1992,25.31,0.09,-102.11,-102.11,102.11,-0.0383,40.14,-2.11
1000000MOG_USDT,5m,Maker 0.10% / Taker 0.10%,0.1,0.1,7,2,2691,580,2111,21.55,0.08,-102.56,-102.56,102.56,-0.0381,36.8,-2.56
1000000MOG_USDT,15m,Maker 0.00% / Taker 0.01%,0.0,0.01,1,2,861,672,189,78.05,0.63,-53.35,-53.35,54.61,-0.062,12.68,46.65
1000000MOG_USDT,15m,Maker 0.00% / Taker 0.01%,0.0,0.01,2,2,853,618,235,72.45,0.43,-79.57,-79.57,79.7,-0.0933,9.53,20.43
1000000MOG_USDT,15m,Maker 0.00% / Taker 0.01%,0.0,0.01,3,2,851,565,286,66.39,0.31,-92.3,-92.3,92.35,-0.1085,7.35,7.7
1000000MOG_USDT,15m,Maker 0.00% / Taker 0.01%,0.0,0.01,4,2,842,501,341,59.5,0.23,-97.48,-97.48,97.5,-0.1158,5.81,2.52
1000000MOG_USDT,15m,Maker 0.00% / Taker 0.01%,0.0,0.01,5,2,846,459,387,54.26,0.18,-99.16,-99.16,99.16,-0.1172,4.85,0.84
1000000MOG_USDT,15m,Maker 0.00% / Taker 0.01%,0.0,0.01,6,2,845,407,438,48.17,0.14,-99.75,-99.75,99.75,-0.118,4.13,0.25
1000000MOG_USDT,15m,Maker 0.00% / Taker 0.01%,0.0,0.01,7,2,851,381,470,44.77,0.13,-99.9,-99.9,99.9,-0.1174,3.77,0.1
1000000MOG_USDT,15m,Maker 0.00% / Taker 0.05%,0.0,0.05,1,2,848,633,215,74.65,0.44,-75.15,-75.15,75.31,-0.0886,47.48,24.85
1000000MOG_USDT,15m,Maker 0.00% / Taker 0.05%,0.0,0.05,2,2,844,578,266,68.48,0.29,-90.93,-90.93,90.99,-0.1077,33.96,9.07
1000000MOG_USDT,15m,Maker 0.00% / Taker 0.05%,0.0,0.05,3,2,840,526,314,62.62,0.22,-96.54,-96.54,96.56,-0.1149,28.26,3.46
1000000MOG_USDT,15m,Maker 0.00% / Taker 0.05%,0.0,0.05,4,2,835,475,360,56.89,0.17,-98.78,-98.78,98.78,-0.1183,23.4,1.22
1000000MOG_USDT,15m,Maker 0.00% / Taker 0.05%,0.0,0.05,5,2,834,425,409,50.96,0.14,-99.61,-99.61,99.61,-0.1194,20.18,0.39
1000000MOG_USDT,15m,Maker 0.00% / Taker 0.05%,0.0,0.05,6,2,845,392,453,46.39,0.12,-99.86,-99.86,99.86,-0.1182,18.72,0.14
1000000MOG_USDT,15m,Maker 0.00% / Taker 0.05%,0.0,0.05,7,2,839,360,479,42.91,0.1,-99.96,-99.96,99.96,-0.1191,16.78,0.04
1000000MOG_USDT,15m,Maker 0.10% / Taker 0.10%,0.1,0.1,1,2,833,577,256,69.27,0.27,-90.43,-90.43,90.49,-0.1086,61.69,9.57
1000000MOG_USDT,15m,Maker 0.10% / Taker 0.10%,0.1,0.1,2,2,832,528,304,63.46,0.2,-96.47,-96.47,96.47,-0.1159,51.01,3.53
1000000MOG_USDT,15m,Maker 0.10% / Taker 0.10%,0.1,0.1,3,2,828,491,337,59.3,0.17,-98.49,-98.49,98.49,-0.1189,44.82,1.51
1000000MOG_USDT,15m,Maker 0.10% / Taker 0.10%,0.1,0.1,4,2,823,442,381,53.71,0.15,-99.43,-99.43,99.43,-0.1208,40.82,0.57
1000000MOG_USDT,15m,Maker 0.10% / Taker 0.10%,0.1,0.1,5,2,826,402,424,48.67,0.12,-99.81,-99.81,99.81,-0.1208,35.23,0.19
1000000MOG_USDT,15m,Maker 0.10% / Taker 0.10%,0.1,0.1,6,2,832,365,467,43.87,0.1,-99.95,-99.95,99.95,-0.1201,32.53,0.05
1000000MOG_USDT,15m,Maker 0.10% / Taker 0.10%,0.1,0.1,7,2,827,335,492,40.51,0.09,-100.05,-100.05,100.05,-0.121,29.76,-0.05
1000000MOG_USDT,1h,Maker 0.00% / Taker 0.01%,0.0,0.01,1,2,220,193,27,87.73,0.78,-10.25,-10.25,15.12,-0.0466,4.27,89.75
1000000MOG_USDT,1h,Maker 0.00% / Taker 0.01%,0.0,0.01,2,2,217,186,31,85.71,0.61,-21.25,-21.25,24.29,-0.0979,4.11,78.75
1000000MOG_USDT,1h,Maker 0.00% / Taker 0.01%,0.0,0.01,3,2,218,178,40,81.65,0.44,-37.56,-37.56,39.94,-0.1723,3.85,62.44
1000000MOG_USDT,1h,Maker 0.00% / Taker 0.01%,0.0,0.01,4,2,216,168,48,77.78,0.33,-51.75,-51.75,53.58,-0.2396,3.45,48.25
1000000MOG_USDT,1h,Maker 0.00% / Taker 0.01%,0.0,0.01,5,2,215,166,49,77.21,0.31,-54.37,-54.37,56.08,-0.2529,3.35,45.63
1000000MOG_USDT,1h,Maker 0.00% / Taker 0.01%,0.0,0.01,6,2,213,155,58,72.77,0.23,-67.03,-67.03,67.86,-0.3147,2.99,32.97
1000000MOG_USDT,1h,Maker 0.00% / Taker 0.01%,0.0,0.01,7,2,215,152,63,70.7,0.21,-72.26,-72.26,72.94,-0.3361,2.89,27.74
1000000MOG_USDT,1h,Maker 0.00% / Taker 0.05%,0.0,0.05,1,2,219,189,30,86.3,0.63,-19.01,-19.01,22.65,-0.0868,20.57,80.99
1000000MOG_USDT,1h,Maker 0.00% / Taker 0.05%,0.0,0.05,2,2,217,179,38,82.49,0.44,-35.91,-35.91,38.33,-0.1655,19.03,64.09
1000000MOG_USDT,1h,Maker 0.00% / Taker 0.05%,0.0,0.05,3,2,215,169,46,78.6,0.33,-50.07,-50.07,51.93,-0.2329,17.23,49.93
1000000MOG_USDT,1h,Maker 0.00% / Taker 0.05%,0.0,0.05,4,2,216,167,49,77.31,0.3,-55.04,-55.04,56.7,-0.2548,16.76,44.96
1000000MOG_USDT,1h,Maker 0.00% / Taker 0.05%,0.0,0.05,5,2,213,160,53,75.12,0.24,-63.84,-63.84,64.73,-0.2997,15.08,36.16
1000000MOG_USDT,1h,Maker 0.00% / Taker 0.05%,0.0,0.05,6,2,213,153,60,71.83,0.21,-70.5,-70.5,71.22,-0.331,14.46,29.5
1000000MOG_USDT,1h,Maker 0.00% / Taker 0.05%,0.0,0.05,7,2,215,145,70,67.44,0.16,-78.43,-78.43,78.94,-0.3648,13.16,21.57
1000000MOG_USDT,1h,Maker 0.10% / Taker 0.10%,0.1,0.1,1,2,216,178,38,82.41,0.42,-37.69,-37.69,39.92,-0.1745,36.92,62.31
1000000MOG_USDT,1h,Maker 0.10% / Taker 0.10%,0.1,0.1,2,2,214,170,44,79.44,0.34,-48.51,-48.51,50.33,-0.2267,34.3,51.49
1000000MOG_USDT,1h,Maker 0.10% / Taker 0.10%,0.1,0.1,3,2,214,165,49,77.1,0.27,-57.11,-57.11,58.48,-0.2669,31.41,42.89
1000000MOG_USDT,1h,Maker 0.10% / Taker 0.10%,0.1,0.1,4,2,213,160,53,75.12,0.24,-64.3,-64.3,65.11,-0.3019,30.05,35.7
1000000MOG_USDT,1h,Maker 0.10% / Taker 0.10%,0.1,0.1,5,2,213,154,59,72.3,0.2,-71.16,-71.16,71.81,-0.3341,27.56,28.84
1000000MOG_USDT,1h,Maker 0.10% / Taker 0.10%,0.1,0.1,6,2,213,147,66,69.01,0.17,-76.52,-76.52,77.04,-0.3592,26.45,23.48
1000000MOG_USDT,1h,Maker 0.10% / Taker 0.10%,0.1,0.1,7,2,214,141,73,65.89,0.15,-82.11,-82.11,82.5,-0.3837,25.54,17.89
1000000MOG_USDT,4h,Maker 0.00% / Taker 0.01%,0.0,0.01,1,2,57,52,5,91.23,0.5,-9.64,-9.64,10.56,-0.1691,1.09,90.36
1000000MOG_USDT,4h,Maker 0.00% / Taker 0.01%,0.0,0.01,2,2,57,51,6,89.47,0.4,-13.93,-13.93,14.62,-0.2444,1.08,86.07
1000000MOG_USDT,4h,Maker 0.00% / Taker 0.01%,0.0,0.01,3,2,57,51,6,89.47,0.39,-14.37,-14.37,15.05,-0.2521,1.08,85.63
1000000MOG_USDT,4h,Maker 0.00% / Taker 0.01%,0.0,0.01,4,2,57,50,7,87.72,0.35,-16.56,-16.56,17.23,-0.2905,1.08,83.44
1000000MOG_USDT,4h,Maker 0.00% / Taker 0.01%,0.0,0.01,5,2,57,49,8,85.96,0.24,-24.8,-24.8,25.28,-0.4351,0.99,75.2
1000000MOG_USDT,4h,Maker 0.00% / Taker 0.01%,0.0,0.01,6,2,57,49,8,85.96,0.24,-25.31,-25.31,25.79,-0.4441,0.98,74.69
1000000MOG_USDT,4h,Maker 0.00% / Taker 0.01%,0.0,0.01,7,2,57,49,8,85.96,0.24,-25.82,-25.82,26.29,-0.4529,0.98,74.18
1000000MOG_USDT,4h,Maker 0.00% / Taker 0.05%,0.0,0.05,1,2,57,51,6,89.47,0.39,-14.09,-14.09,14.79,-0.2471,5.4,85.91
1000000MOG_USDT,4h,Maker 0.00% / Taker 0.05%,0.0,0.05,2,2,57,51,6,89.47,0.38,-14.52,-14.52,15.22,-0.2547,5.39,85.48
1000000MOG_USDT,4h,Maker 0.00% / Taker 0.05%,0.0,0.05,3,2,57,50,7,87.72,0.34,-16.71,-16.71,17.39,-0.2932,5.36,83.29
1000000MOG_USDT,4h,Maker 0.00% / Taker 0.05%,0.0,0.05,4,2,57,49,8,85.96,0.24,-24.94,-24.94,25.44,-0.4375,4.91,75.06
1000000MOG_USDT,4h,Maker 0.00% / Taker 0.05%,0.0,0.05,5,2,57,49,8,85.96,0.24,-25.44,-25.44,25.93,-0.4463,4.9,74.56
1000000MOG_USDT,4h,Maker 0.00% / Taker 0.05%,0.0,0.05,6,2,57,49,8,85.96,0.23,-25.96,-25.96,26.45,-0.4554,4.89,74.04
1000000MOG_USDT,4h,Maker 0.00% / Taker 0.05%,0.0,0.05,7,2,57,49,8,85.96,0.23,-26.45,-26.45,26.94,-0.4641,4.88,73.55
1000000MOG_USDT,4h,Maker 0.10% / Taker 0.10%,0.1,0.1,1,2,57,51,6,89.47,0.38,-14.62,-14.62,15.29,-0.2564,10.79,85.38
1000000MOG_USDT,4h,Maker 0.10% / Taker 0.10%,0.1,0.1,2,2,57,49,8,85.96,0.24,-24.57,-24.57,25.03,-0.431,9.85,75.43
1000000MOG_USDT,4h,Maker 0.10% / Taker 0.10%,0.1,0.1,3,2,57,49,8,85.96,0.24,-25.06,-25.06,25.52,-0.4397,9.82,74.94
1000000MOG_USDT,4h,Maker 0.10% / Taker 0.10%,0.1,0.1,4,2,57,49,8,85.96,0.23,-25.57,-25.57,26.03,-0.4486,9.8,74.43
1000000MOG_USDT,4h,Maker 0.10% / Taker 0.10%,0.1,0.1,5,2,57,49,8,85.96,0.23,-26.08,-26.08,26.53,-0.4575,9.77,73.92
1000000MOG_USDT,4h,Maker 0.10% / Taker 0.10%,0.1,0.1,6,2,56,47,9,83.93,0.17,-32.83,-32.83,33.24,-0.5862,8.94,67.17
1000000MOG_USDT,4h,Maker 0.10% / Taker 0.10%,0.1,0.1,7,2,56,47,9,83.93,0.17,-33.32,-33.32,33.73,-0.5949,8.92,66.68
1000000MOG_USDT,1d,Maker 0.00% / Taker 0.01%,0.0,0.01,1,2,5,4,1,80.0,0.1,-7.03,-7.03,7.78,-1.4054,0.1,92.97
1000000MOG_USDT,1d,Maker 0.00% / Taker 0.01%,0.0,0.01,2,2,5,4,1,80.0,0.1,-7.14,-7.14,7.89,-1.4276,0.1,92.86
1000000MOG_USDT,1d,Maker 0.00% / Taker 0.01%,0.0,0.01,3,2,5,4,1,80.0,0.1,-7.25,-7.25,8.0,-1.4499,0.1,92.75
1000000MOG_USDT,1d,Maker 0.00% / Taker 0.01%,0.0,0.01,4,2,5,4,1,80.0,0.1,-7.36,-7.36,8.11,-1.4723,0.1,92.64
1000000MOG_USDT,1d,Maker 0.00% / Taker 0.01%,0.0,0.01,5,2,5,4,1,80.0,0.1,-7.47,-7.47,8.22,-1.4948,0.1,92.53
1000000MOG_USDT,1d,Maker 0.00% / Taker 0.01%,0.0,0.01,6,2,5,4,1,80.0,0.09,-7.59,-7.59,8.34,-1.5172,0.1,92.41
1000000MOG_USDT,1d,Maker 0.00% / Taker 0.01%,0.0,0.01,7,2,5,4,1,80.0,0.09,-7.7,-7.7,8.45,-1.5397,0.1,92.3
1000000MOG_USDT,1d,Maker 0.00% / Taker 0.05%,0.0,0.05,1,2,5,4,1,80.0,0.09,-7.22,-7.22,7.86,-1.4431,0.5,92.78
1000000MOG_USDT,1d,Maker 0.00% / Taker 0.05%,0.0,0.05,2,2,5,4,1,80.0,0.09,-7.33,-7.33,7.97,-1.4654,0.5,92.67
1000000MOG_USDT,1d,Maker 0.00% / Taker 0.05%,0.0,0.05,3,2,5,4,1,80.0,0.08,-7.45,-7.45,8.09,-1.4892,0.5,92.55
1000000MOG_USDT,1d,Maker 0.00% / Taker 0.05%,0.0,0.05,4,2,5,4,1,80.0,0.08,-7.56,-7.56,8.2,-1.5116,0.5,92.44
1000000MOG_USDT,1d,Maker 0.00% / Taker 0.05%,0.0,0.05,5,2,5,4,1,80.0,0.08,-7.67,-7.67,8.31,-1.534,0.5,92.33
1000000MOG_USDT,1d,Maker 0.00% / Taker 0.05%,0.0,0.05,6,2,5,4,1,80.0,0.08,-7.78,-7.78,8.42,-1.5564,0.5,92.22
1000000MOG_USDT,1d,Maker 0.00% / Taker 0.05%,0.0,0.05,7,2,5,4,1,80.0,0.08,-7.89,-7.89,8.53,-1.5789,0.5,92.11
1000000MOG_USDT,1d,Maker 0.10% / Taker 0.10%,0.1,0.1,1,2,5,4,1,80.0,0.08,-7.36,-7.36,7.96,-1.4716,0.99,92.64
1000000MOG_USDT,1d,Maker 0.10% / Taker 0.10%,0.1,0.1,2,2,5,4,1,80.0,0.08,-7.47,-7.47,8.07,-1.4939,0.99,92.53
1000000MOG_USDT,1d,Maker 0.10% / Taker 0.10%,0.1,0.1,3,2,5,4,1,80.0,0.08,-7.58,-7.58,8.19,-1.5161,0.99,92.42
1000000MOG_USDT,1d,Maker 0.10% / Taker 0.10%,0.1,0.1,4,2,5,4,1,80.0,0.08,-7.69,-7.69,8.3,-1.5384,0.99,92.31
1000000MOG_USDT,1d,Maker 0.10% / Taker 0.10%,0.1,0.1,5,2,5,4,1,80.0,0.08,-7.8,-7.8,8.41,-1.5608,0.99,92.2
1000000MOG_USDT,1d,Maker 0.10% / Taker 0.10%,0.1,0.1,6,2,5,4,1,80.0,0.08,-7.92,-7.92,8.52,-1.5832,0.99,92.08
1000000MOG_USDT,1d,Maker 0.10% / Taker 0.10%,0.1,0.1,7,2,5,4,1,80.0,0.07,-8.04,-8.04,8.64,-1.6073,0.99,91.96
BTC_USDT,1m,Maker 0.00% / Taker 0.01%,0.0,0.01,1,2,13155,10049,3106,76.39,0.01,-98.16,-98.16,98.16,-0.0075,73.32,1.84
BTC_USDT,1m,Maker 0.00% / Taker 0.01%,0.0,0.01,2,2,13153,10030,3123,76.26,0.01,-98.27,-98.27,98.27,-0.0075,72.73,1.73
BTC_USDT,1m,Maker 0.00% / Taker 0.01%,0.0,0.01,3,2,13158,10017,3141,76.13,0.01,-98.37,-98.37,98.37,-0.0075,72.48,1.63
BTC_USDT,1m,Maker 0.00% / Taker 0.01%,0.0,0.01,4,2,13155,10003,3152,76.04,0.01,-98.48,-98.48,98.48,-0.0075,72.26,1.52
BTC_USDT,1m,Maker 0.00% / Taker 0.01%,0.0,0.01,5,2,13153,9984,3169,75.91,0.01,-98.55,-98.55,98.55,-0.0075,71.6,1.45
BTC_USDT,1m,Maker 0.00% / Taker 0.01%,0.0,0.01,6,2,13149,9967,3182,75.8,0.01,-98.61,-98.61,98.61,-0.0075,71.3,1.39
BTC_USDT,1m,Maker 0.00% / Taker 0.01%,0.0,0.01,7,2,13152,9952,3200,75.67,0.01,-98.73,-98.73,98.73,-0.0075,70.96,1.27
BTC_USDT,1m,Maker 0.00% / Taker 0.05%,0.0,0.05,1,2,11231,5879,5352,52.35,0.0,-153.06,-153.06,153.06,-0.0136,151.88,-53.06
BTC_USDT,1m,Maker 0.00% / Taker 0.05%,0.0,0.05,2,2,11230,5870,5360,52.27,0.0,-153.24,-153.24,153.24,-0.0136,151.82,-53.24
BTC_USDT,1m,Maker 0.00% / Taker 0.05%,0.0,0.05,3,2,11236,5865,5371,52.2,0.0,-153.39,-153.39,153.39,-0.0137,151.79,-53.39
BTC_USDT,1m,Maker 0.00% / Taker 0.05%,0.0,0.05,4,2,11235,5855,5380,52.11,0.0,-153.65,-153.65,153.65,-0.0137,151.75,-53.65
BTC_USDT,1m,Maker 0.00% / Taker 0.05%,0.0,0.05,5,2,11234,5848,5386,52.06,0.0,-153.78,-153.78,153.78,-0.0137,151.71,-53.78
BTC_USDT,1m,Maker 0.00% / Taker 0.05%,0.0,0.05,6,2,11236,5846,5390,52.03,0.0,-153.88,-153.88,153.88,-0.0137,151.66,-53.88
BTC_USDT,1m,Maker 0.00% / Taker 0.05%,0.0,0.05,7,2,11240,5841,5399,51.97,0.0,-154.04,-154.04,154.04,-0.0137,151.58,-54.04
BTC_USDT,1m,Maker 0.10% / Taker 0.10%,0.1,0.1,1,2,9236,3574,5662,38.7,0.0,-201.9,-201.9,201.9,-0.0219,202.54,-101.9
BTC_USDT,1m,Maker 0.10% / Taker 0.10%,0.1,0.1,2,2,9239,3571,5668,38.65,0.0,-202.07,-202.07,202.07,-0.0219,202.54,-102.07
BTC_USDT,1m,Maker 0.10% / Taker 0.10%,0.1,0.1,3,2,9245,3570,5675,38.62,0.0,-202.22,-202.22,202.22,-0.0219,202.53,-102.22
BTC_USDT,1m,Maker 0.10% / Taker 0.10%,0.1,0.1,4,2,9248,3572,5676,38.62,0.0,-202.38,-202.38,202.38,-0.0219,202.56,-102.38
BTC_USDT,1m,Maker 0.10% / Taker 0.10%,0.1,0.1,5,2,9250,3567,5683,38.56,0.0,-202.55,-202.55,202.55,-0.0219,202.48,-102.55
BTC_USDT,1m,Maker 0.10% / Taker 0.10%,0.1,0.1,6,2,9253,3565,5688,38.53,0.0,-202.64,-202.64,202.64,-0.0219,202.44,-102.64
BTC_USDT,1m,Maker 0.10% / Taker 0.10%,0.1,0.1,7,2,9255,3563,5692,38.5,0.0,-202.77,-202.77,202.77,-0.0219,202.44,-102.77
BTC_USDT,5m,Maker 0.00% / Taker 0.01%,0.0,0.01,1,2,2701,2359,342,87.34,0.01,-54.36,-54.36,54.36,-0.0201,37.83,45.64
BTC_USDT,5m,Maker 0.00% / Taker 0.01%,0.0,0.01,2,2,2701,2357,344,87.26,0.01,-54.6,-54.6,54.6,-0.0202,37.71,45.4
BTC_USDT,5m,Maker 0.00% / Taker 0.01%,0.0,0.01,3,2,2702,2357,345,87.23,0.01,-54.65,-54.65,54.65,-0.0202,37.71,45.35
BTC_USDT,5m,Maker 0.00% / Taker 0.01%,0.0,0.01,4,2,2702,2354,348,87.12,0.01,-55.18,-55.18,55.18,-0.0204,37.44,44.82
BTC_USDT,5m,Maker 0.00% / Taker 0.01%,0.0,0.01,5,2,2702,2352,350,87.05,0.01,-55.33,-55.33,55.33,-0.0205,37.42,44.67
BTC_USDT,5m,Maker 0.00% / Taker 0.01%,0.0,0.01,6,2,2701,2351,350,87.04,0.01,-55.36,-55.36,55.36,-0.0205,37.41,44.64
BTC_USDT,5m,Maker 0.00% / Taker 0.01%,0.0,0.01,7,2,2701,2350,351,87.0,0.01,-55.41,-55.41,55.42,-0.0205,37.41,44.59
BTC_USDT,5m,Maker 0.00% / Taker 0.05%,0.0,0.05,1,2,2528,1732,796,68.51,0.0,-92.3,-92.3,92.3,-0.0365,90.21,7.7
BTC_USDT,5m,Maker 0.00% / Taker 0.05%,0.0,0.05,2,2,2527,1731,796,68.5,0.0,-92.31,-92.31,92.31,-0.0365,89.89,7.69
BTC_USDT,5m,Maker 0.00% / Taker 0.05%,0.0,0.05,3,2,2528,1731,797,68.47,0.0,-92.36,-92.36,92.36,-0.0365,89.84,7.64
BTC_USDT,5m,Maker 0.00% / Taker 0.05%,0.0,0.05,4,2,2528,1731,797,68.47,0.0,-92.37,-92.37,92.37,-0.0365,89.78,7.63
BTC_USDT,5m,Maker 0.00% / Taker 0.05%,0.0,0.05,5,2,2527,1730,796,68.46,0.0,-92.38,-92.38,92.38,-0.0366,89.62,7.62
BTC_USDT,5m,Maker 0.00% / Taker 0.05%,0.0,0.05,6,2,2527,1731,796,68.5,0.0,-92.38,-92.38,92.38,-0.0366,89.57,7.62
BTC_USDT,5m,Maker 0.00% / Taker 0.05%,0.0,0.05,7,2,2527,1731,796,68.5,0.0,-92.39,-92.39,92.39,-0.0366,89.57,7.61
BTC_USDT,5m,Maker 0.10% / Taker 0.10%,0.1,0.1,1,2,2304,1217,1087,52.82,0.0,-105.99,-105.99,105.99,-0.046,104.71,-5.99
BTC_USDT,5m,Maker 0.10% / Taker 0.10%,0.1,0.1,2,2,2303,1215,1088,52.76,0.0,-106.06,-106.06,106.06,-0.0461,104.58,-6.06
BTC_USDT,5m,Maker 0.10% / Taker 0.10%,0.1,0.1,3,2,2303,1215,1088,52.76,0.0,-106.04,-106.04,106.04,-0.046,104.55,-6.04
BTC_USDT,5m,Maker 0.10% / Taker 0.10%,0.1,0.1,4,2,2303,1215,1088,52.76,0.0,-106.06,-106.06,106.06,-0.0461,104.54,-6.06
BTC_USDT,5m,Maker 0.10% / Taker 0.10%,0.1,0.1,5,2,2302,1213,1089,52.69,0.0,-106.17,-106.17,106.17,-0.0461,104.19,-6.17
BTC_USDT,5m,Maker 0.10% / Taker 0.10%,0.1,0.1,6,2,2303,1214,1089,52.71,0.0,-106.17,-106.17,106.17,-0.0461,104.21,-6.17
BTC_USDT,5m,Maker 0.10% / Taker 0.10%,0.1,0.1,7,2,2303,1214,1089,52.71,0.0,-106.2,-106.2,106.2,-0.0461,104.19,-6.2
BTC_USDT,15m,Maker 0.00% / Taker 0.01%,0.0,0.01,1,2,878,824,54,93.85,0.01,-21.08,-21.08,21.09,-0.024,15.93,78.92
BTC_USDT,15m,Maker 0.00% / Taker 0.01%,0.0,0.01,2,2,878,823,55,93.74,0.01,-21.24,-21.24,21.25,-0.0242,15.93,78.76
BTC_USDT,15m,Maker 0.00% / Taker 0.01%,0.0,0.01,3,2,878,822,56,93.62,0.01,-21.4,-21.4,21.41,-0.0244,15.93,78.6
BTC_USDT,15m,Maker 0.00% / Taker 0.01%,0.0,0.01,4,2,878,821,57,93.51,0.01,-21.69,-21.69,21.7,-0.0247,15.92,78.31
BTC_USDT,15m,Maker 0.00% / Taker 0.01%,0.0,0.01,5,2,878,821,57,93.51,0.01,-21.7,-21.7,21.7,-0.0247,15.92,78.3
BTC_USDT,15m,Maker 0.00% / Taker 0.01%,0.0,0.01,6,2,878,821,57,93.51,0.01,-21.7,-21.7,21.71,-0.0247,15.92,78.3
BTC_USDT,15m,Maker 0.00% / Taker 0.01%,0.0,0.01,7,2,878,821,57,93.51,0.01,-21.71,-21.71,21.72,-0.0247,15.92,78.29
BTC_USDT,15m,Maker 0.00% / Taker 0.05%,0.0,0.05,1,2,857,639,218,74.56,0.0,-62.26,-62.26,62.26,-0.0726,56.1,37.74
BTC_USDT,15m,Maker 0.00% / Taker 0.05%,0.0,0.05,2,2,857,639,218,74.56,0.0,-62.28,-62.28,62.28,-0.0727,56.09,37.72
BTC_USDT,15m,Maker 0.00% / Taker 0.05%,0.0,0.05,3,2,856,638,218,74.53,0.0,-62.33,-62.33,62.33,-0.0728,56.04,37.67
BTC_USDT,15m,Maker 0.00% / Taker 0.05%,0.0,0.05,4,2,856,638,218,74.53,0.0,-62.35,-62.35,62.35,-0.0728,56.04,37.65
BTC_USDT,15m,Maker 0.00% / Taker 0.05%,0.0,0.05,5,2,856,638,218,74.53,0.0,-62.36,-62.36,62.37,-0.0729,56.04,37.64
BTC_USDT,15m,Maker 0.00% / Taker 0.05%,0.0,0.05,6,2,856,637,219,74.42,0.0,-62.45,-62.45,62.45,-0.073,55.93,37.55
BTC_USDT,15m,Maker 0.00% / Taker 0.05%,0.0,0.05,7,2,856,637,219,74.42,0.0,-62.47,-62.47,62.47,-0.073,55.93,37.53
BTC_USDT,15m,Maker 0.10% / Taker 0.10%,0.1,0.1,1,2,802,491,311,61.22,0.0,-81.71,-81.71,81.71,-0.1019,76.43,18.29
BTC_USDT,15m,Maker 0.10% / Taker 0.10%,0.1,0.1,2,2,802,491,311,61.22,0.0,-81.72,-81.72,81.72,-0.1019,76.41,18.28
BTC_USDT,15m,Maker 0.10% / Taker 0.10%,0.1,0.1,3,2,802,491,311,61.22,0.0,-81.74,-81.74,81.74,-0.1019,76.41,18.26
BTC_USDT,15m,Maker 0.10% / Taker 0.10%,0.1,0.1,4,2,802,491,311,61.22,0.0,-81.75,-81.75,81.75,-0.1019,76.4,18.25
BTC_USDT,15m,Maker 0.10% / Taker 0.10%,0.1,0.1,5,2,802,491,311,61.22,0.0,-81.71,-81.71,81.71,-0.1019,76.36,18.29
BTC_USDT,15m,Maker 0.10% / Taker 0.10%,0.1,0.1,6,2,802,491,311,61.22,0.0,-81.73,-81.73,81.73,-0.1019,76.36,18.27
BTC_USDT,15m,Maker 0.10% / Taker 0.10%,0.1,0.1,7,2,802,491,311,61.22,0.0,-81.74,-81.74,81.74,-0.1019,76.34,18.26
BTC_USDT,1h,Maker 0.00% / Taker 0.01%,0.0,0.01,1,2,228,217,11,95.18,0.01,-11.1,-11.1,11.12,-0.0487,4.26,88.9
BTC_USDT,1h,Maker 0.00% / Taker 0.01%,0.0,0.01,2,2,228,217,11,95.18,0.01,-11.1,-11.1,11.12,-0.0487,4.26,88.9
BTC_USDT,1h,Maker 0.00% / Taker 0.01%,0.0,0.01,3,2,228,217,11,95.18,0.01,-11.1,-11.1,11.12,-0.0487,4.26,88.9
BTC_USDT,1h,Maker 0.00% / Taker 0.01%,0.0,0.01,4,2,228,217,11,95.18,0.01,-11.1,-11.1,11.12,-0.0487,4.26,88.9
BTC_USDT,1h,Maker 0.00% / Taker 0.01%,0.0,0.01,5,2,228,217,11,95.18,0.01,-11.1,-11.1,11.12,-0.0487,4.26,88.9
BTC_USDT,1h,Maker 0.00% / Taker 0.01%,0.0,0.01,6,2,228,217,11,95.18,0.01,-11.1,-11.1,11.12,-0.0487,4.26,88.9
BTC_USDT,1h,Maker 0.00% / Taker 0.01%,0.0,0.01,7,2,228,217,11,95.18,0.01,-11.1,-11.1,11.12,-0.0487,4.26,88.9
BTC_USDT,1h,Maker 0.00% / Taker 0.05%,0.0,0.05,1,2,225,168,57,74.67,0.0,-19.82,-19.82,19.82,-0.0881,19.97,80.18
BTC_USDT,1h,Maker 0.00% / Taker 0.05%,0.0,0.05,2,2,225,168,57,74.67,0.0,-19.82,-19.82,19.82,-0.0881,19.97,80.18
BTC_USDT,1h,Maker 0.00% / Taker 0.05%,0.0,0.05,3,2,225,168,57,74.67,0.0,-19.82,-19.82,19.83,-0.0881,19.97,80.18
BTC_USDT,1h,Maker 0.00% / Taker 0.05%,0.0,0.05,4,2,225,168,57,74.67,0.0,-19.82,-19.82,19.83,-0.0881,19.97,80.18
BTC_USDT,1h,Maker 0.00% / Taker 0.05%,0.0,0.05,5,2,225,168,57,74.67,0.0,-19.83,-19.83,19.83,-0.0881,19.97,80.17
BTC_USDT,1h,Maker 0.00% / Taker 0.05%,0.0,0.05,6,2,225,168,57,74.67,0.0,-19.83,-19.83,19.83,-0.0881,19.97,80.17
BTC_USDT,1h,Maker 0.00% / Taker 0.05%,0.0,0.05,7,2,225,168,57,74.67,0.0,-19.83,-19.83,19.84,-0.0881,19.97,80.17
BTC_USDT,1h,Maker 0.10% / Taker 0.10%,0.1,0.1,1,2,220,129,91,58.64,0.0,-33.62,-33.62,33.62,-0.1528,36.27,66.38
BTC_USDT,1h,Maker 0.10% / Taker 0.10%,0.1,0.1,2,2,220,129,91,58.64,0.0,-33.62,-33.62,33.62,-0.1528,36.27,66.38
BTC_USDT,1h,Maker 0.10% / Taker 0.10%,0.1,0.1,3,2,220,129,91,58.64,0.0,-33.62,-33.62,33.63,-0.1528,36.27,66.38
BTC_USDT,1h,Maker 0.10% / Taker 0.10%,0.1,0.1,4,2,220,129,91,58.64,0.0,-33.63,-33.63,33.63,-0.1529,36.27,66.37
BTC_USDT,1h,Maker 0.10% / Taker 0.10%,0.1,0.1,5,2,220,129,91,58.64,0.0,-33.63,-33.63,33.64,-0.1529,36.27,66.37
BTC_USDT,1h,Maker 0.10% / Taker 0.10%,0.1,0.1,6,2,220,129,91,58.64,0.0,-33.64,-33.64,33.64,-0.1529,36.27,66.36
BTC_USDT,1h,Maker 0.10% / Taker 0.10%,0.1,0.1,7,2,220,129,91,58.64,0.0,-33.64,-33.64,33.64,-0.1529,36.27,66.36
BTC_USDT,4h,Maker 0.00% / Taker 0.01%,0.0,0.01,1,2,49,47,2,95.92,0.01,-3.08,-3.08,3.09,-0.0628,0.96,96.92
BTC_USDT,4h,Maker 0.00% / Taker 0.01%,0.0,0.01,2,2,49,47,2,95.92,0.01,-3.08,-3.08,3.09,-0.0628,0.96,96.92
BTC_USDT,4h,Maker 0.00% / Taker 0.01%,0.0,0.01,3,2,49,47,2,95.92,0.01,-3.08,-3.08,3.09,-0.0628,0.96,96.92
BTC_USDT,4h,Maker 0.00% / Taker 0.01%,0.0,0.01,4,2,49,47,2,95.92,0.01,-3.08,-3.08,3.09,-0.0628,0.96,96.92
BTC_USDT,4h,Maker 0.00% / Taker 0.01%,0.0,0.01,5,2,49,47,2,95.92,0.01,-3.08,-3.08,3.09,-0.0628,0.96,96.92
BTC_USDT,4h,Maker 0.00% / Taker 0.01%,0.0,0.01,6,2,49,47,2,95.92,0.01,-3.08,-3.08,3.09,-0.0629,0.96,96.92
BTC_USDT,4h,Maker 0.00% / Taker 0.01%,0.0,0.01,7,2,49,47,2,95.92,0.01,-3.08,-3.08,3.09,-0.0629,0.96,96.92
BTC_USDT,4h,Maker 0.00% / Taker 0.05%,0.0,0.05,1,2,49,35,14,71.43,0.0,-5.9,-5.9,5.91,-0.1204,4.72,94.1
BTC_USDT,4h,Maker 0.00% / Taker 0.05%,0.0,0.05,2,2,49,35,14,71.43,0.0,-5.9,-5.9,5.91,-0.1204,4.72,94.1
BTC_USDT,4h,Maker 0.00% / Taker 0.05%,0.0,0.05,3,2,49,35,14,71.43,0.0,-5.9,-5.9,5.91,-0.1204,4.72,94.1
BTC_USDT,4h,Maker 0.00% / Taker 0.05%,0.0,0.05,4,2,49,35,14,71.43,0.0,-5.9,-5.9,5.91,-0.1204,4.72,94.1
BTC_USDT,4h,Maker 0.00% / Taker 0.05%,0.0,0.05,5,2,49,35,14,71.43,0.0,-5.9,-5.9,5.91,-0.1204,4.72,94.1
BTC_USDT,4h,Maker 0.00% / Taker 0.05%,0.0,0.05,6,2,49,35,14,71.43,0.0,-5.9,-5.9,5.91,-0.1204,4.72,94.1
BTC_USDT,4h,Maker 0.00% / Taker 0.05%,0.0,0.05,7,2,49,35,14,71.43,0.0,-5.9,-5.9,5.91,-0.1204,4.72,94.1
BTC_USDT,4h,Maker 0.10% / Taker 0.10%,0.1,0.1,1,2,49,30,19,61.22,0.0,-8.24,-8.24,8.25,-0.1682,9.32,91.76
BTC_USDT,4h,Maker 0.10% / Taker 0.10%,0.1,0.1,2,2,49,30,19,61.22,0.0,-8.24,-8.24,8.25,-0.1682,9.32,91.76
BTC_USDT,4h,Maker 0.10% / Taker 0.10%,0.1,0.1,3,2,49,30,19,61.22,0.0,-8.24,-8.24,8.26,-0.1682,9.32,91.76
BTC_USDT,4h,Maker 0.10% / Taker 0.10%,0.1,0.1,4,2,49,30,19,61.22,0.0,-8.24,-8.24,8.26,-0.1682,9.32,91.76
BTC_USDT,4h,Maker 0.10% / Taker 0.10%,0.1,0.1,5,2,49,30,19,61.22,0.0,-8.24,-8.24,8.26,-0.1682,9.32,91.76
BTC_USDT,4h,Maker 0.10% / Taker 0.10%,0.1,0.1,6,2,49,30,19,61.22,0.0,-8.24,-8.24,8.26,-0.1682,9.32,91.76
BTC_USDT,4h,Maker 0.10% / Taker 0.10%,0.1,0.1,7,2,49,30,19,61.22,0.0,-8.24,-8.24,8.26,-0.1683,9.32,91.76
BTC_USDT,1d,Maker 0.00% / Taker 0.01%,0.0,0.01,1,2,6,4,2,66.67,11.66,0.0,0.0,0.0,0.0003,0.12,100.0
BTC_USDT,1d,Maker 0.00% / Taker 0.01%,0.0,0.01,2,2,6,4,2,66.67,11.66,0.0,0.0,0.0,0.0003,0.12,100.0
BTC_USDT,1d,Maker 0.00% / Taker 0.01%,0.0,0.01,3,2,6,4,2,66.67,11.65,0.0,0.0,0.0,0.0003,0.12,100.0
BTC_USDT,1d,Maker 0.00% / Taker 0.01%,0.0,0.01,4,2,6,4,2,66.67,11.65,0.0,0.0,0.0,0.0003,0.12,100.0
BTC_USDT,1d,Maker 0.00% / Taker 0.01%,0.0,0.01,5,2,6,4,2,66.67,11.65,0.0,0.0,0.0,0.0003,0.12,100.0
BTC_USDT,1d,Maker 0.00% / Taker 0.01%,0.0,0.01,6,2,6,4,2,66.67,11.64,0.0,0.0,0.0,0.0003,0.12,100.0
BTC_USDT,1d,Maker 0.00% / Taker 0.01%,0.0,0.01,7,2,6,4,2,66.67,11.64,0.0,0.0,0.0,0.0003,0.12,100.0
BTC_USDT,1d,Maker 0.00% / Taker 0.05%,0.0,0.05,1,2,6,3,3,50.0,1.18,0.0,0.0,0.0,0.0001,0.6,100.0
BTC_USDT,1d,Maker 0.00% / Taker 0.05%,0.0,0.05,2,2,6,3,3,50.0,1.18,0.0,0.0,0.0,0.0001,0.6,100.0
BTC_USDT,1d,Maker 0.00% / Taker 0.05%,0.0,0.05,3,2,6,3,3,50.0,1.18,0.0,0.0,0.0,0.0001,0.6,100.0
BTC_USDT,1d,Maker 0.00% / Taker 0.05%,0.0,0.05,4,2,6,3,3,50.0,1.18,0.0,0.0,0.0,0.0001,0.6,100.0
BTC_USDT,1d,Maker 0.00% / Taker 0.05%,0.0,0.05,5,2,6,3,3,50.0,1.18,0.0,0.0,0.0,0.0001,0.6,100.0
BTC_USDT,1d,Maker 0.00% / Taker 0.05%,0.0,0.05,6,2,6,3,3,50.0,1.18,0.0,0.0,0.0,0.0001,0.6,100.0
BTC_USDT,1d,Maker 0.00% / Taker 0.05%,0.0,0.05,7,2,6,3,3,50.0,1.18,0.0,0.0,0.0,0.0001,0.6,100.0
BTC_USDT,1d,Maker 0.10% / Taker 0.10%,0.1,0.1,1,2,6,3,3,50.0,0.94,-0.0,-0.0,0.0,-0.0001,1.2,100.0
BTC_USDT,1d,Maker 0.10% / Taker 0.10%,0.1,0.1,2,2,6,3,3,50.0,0.94,-0.0,-0.0,0.0,-0.0001,1.2,100.0
BTC_USDT,1d,Maker 0.10% / Taker 0.10%,0.1,0.1,3,2,6,3,3,50.0,0.94,-0.0,-0.0,0.0,-0.0001,1.2,100.0
BTC_USDT,1d,Maker 0.10% / Taker 0.10%,0.1,0.1,4,2,6,3,3,50.0,0.94,-0.0,-0.0,0.0,-0.0001,1.2,100.0
BTC_USDT,1d,Maker 0.10% / Taker 0.10%,0.1,0.1,5,2,6,3,3,50.0,0.94,-0.0,-0.0,0.0,-0.0001,1.2,100.0
BTC_USDT,1d,Maker 0.10% / Taker 0.10%,0.1,0.1,6,2,6,3,3,50.0,0.94,-0.0,-0.0,0.0,-0.0001,1.2,100.0
BTC_USDT,1d,Maker 0.10% / Taker 0.10%,0.1,0.1,7,2,6,3,3,50.0,0.94,-0.0,-0.0,0.0,-0.0001,1.2,100.0
CL_USDT,1m,Maker 0.00% / Taker 0.01%,0.0,0.01,1,2,8097,5441,2656,67.2,0.32,-94.79,-94.79,94.79,-0.0117,51.64,5.21
CL_USDT,1m,Maker 0.00% / Taker 0.01%,0.0,0.01,2,2,8084,4891,3193,60.5,0.23,-98.69,-98.69,98.69,-0.0122,38.3,1.31
CL_USDT,1m,Maker 0.00% / Taker 0.01%,0.0,0.01,3,2,8149,4424,3725,54.29,0.17,-99.98,-99.98,99.98,-0.0123,29.65,0.02
CL_USDT,1m,Maker 0.00% / Taker 0.01%,0.0,0.01,4,2,8139,3925,4214,48.22,0.13,-101.3,-101.3,101.3,-0.0124,24.58,-1.3
CL_USDT,1m,Maker 0.00% / Taker 0.01%,0.0,0.01,5,2,8172,3529,4643,43.18,0.1,-102.44,-102.44,102.44,-0.0125,21.25,-2.44
CL_USDT,1m,Maker 0.00% / Taker 0.01%,0.0,0.01,6,2,8212,3203,5009,39.0,0.08,-103.63,-103.63,103.63,-0.0126,18.69,-3.63
CL_USDT,1m,Maker 0.00% / Taker 0.01%,0.0,0.01,7,2,8197,2856,5341,34.84,0.07,-104.92,-104.92,104.92,-0.0128,16.99,-4.92
CL_USDT,1m,Maker 0.00% / Taker 0.05%,0.0,0.05,1,2,6853,3591,3262,52.4,0.12,-101.72,-101.72,101.72,-0.0148,91.1,-1.72
CL_USDT,1m,Maker 0.00% / Taker 0.05%,0.0,0.05,2,2,6952,3310,3642,47.61,0.09,-102.77,-102.77,102.77,-0.0148,79.54,-2.77
CL_USDT,1m,Maker 0.00% / Taker 0.05%,0.0,0.05,3,2,7107,3067,4040,43.15,0.07,-104.03,-104.03,104.03,-0.0146,71.27,-4.03
CL_USDT,1m,Maker 0.00% / Taker 0.05%,0.0,0.05,4,2,7251,2803,4448,38.66,0.06,-105.45,-105.45,105.45,-0.0145,65.59,-5.45
CL_USDT,1m,Maker 0.00% / Taker 0.05%,0.0,0.05,5,2,7349,2546,4803,34.64,0.05,-106.81,-106.81,106.81,-0.0145,60.29,-6.81
CL_USDT,1m,Maker 0.00% / Taker 0.05%,0.0,0.05,6,2,7461,2338,5123,31.34,0.04,-108.28,-108.28,108.28,-0.0145,55.97,-8.28
CL_USDT,1m,Maker 0.00% / Taker 0.05%,0.0,0.05,7,2,7593,2141,5452,28.2,0.04,-109.75,-109.75,109.75,-0.0145,52.87,-9.75
CL_USDT,1m,Maker 0.10% / Taker 0.10%,0.1,0.1,1,2,5775,2446,3329,42.35,0.05,-105.42,-105.42,105.42,-0.0183,98.67,-5.42
CL_USDT,1m,Maker 0.10% / Taker 0.10%,0.1,0.1,2,2,5945,2296,3649,38.62,0.04,-106.74,-106.74,106.74,-0.018,92.33,-6.74
CL_USDT,1m,Maker 0.10% / Taker 0.10%,0.1,0.1,3,2,6128,2150,3978,35.08,0.04,-108.15,-108.15,108.15,-0.0176,88.17,-8.15
CL_USDT,1m,Maker 0.10% / Taker 0.10%,0.1,0.1,4,2,6379,2001,4378,31.37,0.03,-109.88,-109.88,109.88,-0.0172,84.97,-9.88
CL_USDT,1m,Maker 0.10% / Taker 0.10%,0.1,0.1,5,2,6572,1861,4711,28.32,0.03,-111.48,-111.48,111.48,-0.017,80.69,-11.48
CL_USDT,1m,Maker 0.10% / Taker 0.10%,0.1,0.1,6,2,6803,1710,5093,25.14,0.02,-113.3,-113.3,113.3,-0.0167,78.0,-13.3
CL_USDT,1m,Maker 0.10% / Taker 0.10%,0.1,0.1,7,2,7004,1596,5408,22.79,0.02,-114.91,-114.91,114.91,-0.0164,75.66,-14.91
CL_USDT,5m,Maker 0.00% / Taker 0.01%,0.0,0.01,1,2,1557,1266,291,81.31,0.38,-42.23,-42.23,42.39,-0.0271,23.81,57.77
CL_USDT,5m,Maker 0.00% / Taker 0.01%,0.0,0.01,2,2,1551,1221,330,78.72,0.32,-50.08,-50.08,50.22,-0.0323,22.31,49.92
CL_USDT,5m,Maker 0.00% / Taker 0.01%,0.0,0.01,3,2,1534,1158,376,75.49,0.24,-61.58,-61.58,61.68,-0.0401,19.54,38.42
CL_USDT,5m,Maker 0.00% / Taker 0.01%,0.0,0.01,4,2,1543,1109,434,71.87,0.19,-70.93,-70.93,71.01,-0.046,17.49,29.07
CL_USDT,5m,Maker 0.00% / Taker 0.01%,0.0,0.01,5,2,1540,1052,488,68.31,0.16,-77.55,-77.55,77.61,-0.0504,15.98,22.45
CL_USDT,5m,Maker 0.00% / Taker 0.01%,0.0,0.01,6,2,1544,1000,544,64.77,0.13,-82.33,-82.33,82.38,-0.0533,14.84,17.67
CL_USDT,5m,Maker 0.00% / Taker 0.01%,0.0,0.01,7,2,1541,941,600,61.06,0.11,-87.29,-87.29,87.32,-0.0566,13.48,12.71
CL_USDT,5m,Maker 0.00% / Taker 0.05%,0.0,0.05,1,2,1462,1014,448,69.36,0.15,-80.52,-80.52,80.57,-0.0551,70.45,19.48
CL_USDT,5m,Maker 0.00% / Taker 0.05%,0.0,0.05,2,2,1459,981,478,67.24,0.13,-83.76,-83.76,83.79,-0.0574,67.21,16.24
CL_USDT,5m,Maker 0.00% / Taker 0.05%,0.0,0.05,3,2,1453,945,508,65.04,0.11,-87.16,-87.16,87.19,-0.06,61.88,12.84
CL_USDT,5m,Maker 0.00% / Taker 0.05%,0.0,0.05,4,2,1461,914,547,62.56,0.1,-90.5,-90.5,90.52,-0.0619,56.31,9.5
CL_USDT,5m,Maker 0.00% / Taker 0.05%,0.0,0.05,5,2,1465,882,583,60.2,0.09,-92.4,-92.4,92.42,-0.0631,53.86,7.6
CL_USDT,5m,Maker 0.00% / Taker 0.05%,0.0,0.05,6,2,1455,849,606,58.35,0.08,-93.86,-93.86,93.88,-0.0645,50.9,6.14
CL_USDT,5m,Maker 0.00% / Taker 0.05%,0.0,0.05,7,2,1459,817,642,56.0,0.08,-95.3,-95.3,95.3,-0.0653,47.99,4.7
CL_USDT,5m,Maker 0.10% / Taker 0.10%,0.1,0.1,1,2,1359,852,507,62.69,0.08,-93.33,-93.33,93.34,-0.0687,94.66,6.67
CL_USDT,5m,Maker 0.10% / Taker 0.10%,0.1,0.1,2,2,1350,823,527,60.96,0.08,-94.63,-94.63,94.64,-0.0701,89.67,5.37
CL_USDT,5m,Maker 0.10% / Taker 0.10%,0.1,0.1,3,2,1336,794,542,59.43,0.07,-95.48,-95.48,95.49,-0.0715,85.84,4.52
CL_USDT,5m,Maker 0.10% / Taker 0.10%,0.1,0.1,4,2,1353,770,583,56.91,0.06,-96.69,-96.69,96.69,-0.0715,80.73,3.31
CL_USDT,5m,Maker 0.10% / Taker 0.10%,0.1,0.1,5,2,1358,741,617,54.57,0.06,-97.4,-97.4,97.41,-0.0717,76.29,2.6
CL_USDT,5m,Maker 0.10% / Taker 0.10%,0.1,0.1,6,2,1379,716,663,51.92,0.05,-98.15,-98.15,98.15,-0.0712,72.12,1.85
CL_USDT,5m,Maker 0.10% / Taker 0.10%,0.1,0.1,7,2,1392,686,706,49.28,0.05,-98.75,-98.75,98.75,-0.0709,68.1,1.25
CL_USDT,15m,Maker 0.00% / Taker 0.01%,0.0,0.01,1,2,543,478,65,88.03,0.3,-26.26,-26.26,26.47,-0.0484,9.25,73.74
CL_USDT,15m,Maker 0.00% / Taker 0.01%,0.0,0.01,2,2,543,466,77,85.82,0.25,-31.32,-31.32,31.52,-0.0577,8.95,68.68
CL_USDT,15m,Maker 0.00% / Taker 0.01%,0.0,0.01,3,2,540,452,88,83.7,0.21,-37.06,-37.06,37.24,-0.0686,8.6,62.94
CL_USDT,15m,Maker 0.00% / Taker 0.01%,0.0,0.01,4,2,538,435,103,80.86,0.17,-43.47,-43.47,43.63,-0.0808,8.22,56.53
CL_USDT,15m,Maker 0.00% / Taker 0.01%,0.0,0.01,5,2,539,420,119,77.92,0.15,-48.3,-48.3,48.44,-0.0896,7.88,51.7
CL_USDT,15m,Maker 0.00% / Taker 0.01%,0.0,0.01,6,2,536,409,127,76.31,0.12,-54.34,-54.34,54.47,-0.1014,7.34,45.66
CL_USDT,15m,Maker 0.00% / Taker 0.01%,0.0,0.01,7,2,536,394,142,73.51,0.11,-58.2,-58.2,58.29,-0.1086,7.09,41.8
CL_USDT,15m,Maker 0.00% / Taker 0.05%,0.0,0.05,1,2,523,401,122,76.67,0.12,-56.86,-56.86,56.99,-0.1087,34.7,43.14
CL_USDT,15m,Maker 0.00% / Taker 0.05%,0.0,0.05,2,2,523,394,129,75.33,0.11,-59.03,-59.03,59.15,-0.1129,34.14,40.97
CL_USDT,15m,Maker 0.00% / Taker 0.05%,0.0,0.05,3,2,524,390,134,74.43,0.1,-61.43,-61.43,61.55,-0.1172,33.49,38.57
CL_USDT,15m,Maker 0.00% / Taker 0.05%,0.0,0.05,4,2,524,378,146,72.14,0.09,-66.0,-66.0,66.08,-0.126,31.34,34.0
CL_USDT,15m,Maker 0.00% / Taker 0.05%,0.0,0.05,5,2,525,373,152,71.05,0.08,-67.71,-67.71,67.79,-0.129,30.7,32.29
CL_USDT,15m,Maker 0.00% / Taker 0.05%,0.0,0.05,6,2,522,359,163,68.77,0.07,-72.58,-72.58,72.64,-0.139,27.82,27.42
CL_USDT,15m,Maker 0.00% / Taker 0.05%,0.0,0.05,7,2,521,350,171,67.18,0.06,-74.39,-74.39,74.44,-0.1428,27.08,25.61
CL_USDT,15m,Maker 0.10% / Taker 0.10%,0.1,0.1,1,2,502,343,159,68.33,0.06,-75.23,-75.23,75.27,-0.1499,51.64,24.77
CL_USDT,15m,Maker 0.10% / Taker 0.10%,0.1,0.1,2,2,505,341,164,67.52,0.06,-76.46,-76.46,76.5,-0.1514,50.56,23.54
CL_USDT,15m,Maker 0.10% / Taker 0.10%,0.1,0.1,3,2,506,336,170,66.4,0.06,-78.11,-78.11,78.14,-0.1544,49.46,21.89
CL_USDT,15m,Maker 0.10% / Taker 0.10%,0.1,0.1,4,2,506,331,175,65.42,0.05,-79.28,-79.28,79.3,-0.1567,48.35,20.72
CL_USDT,15m,Maker 0.10% / Taker 0.10%,0.1,0.1,5,2,512,329,183,64.26,0.05,-80.45,-80.45,80.48,-0.1571,47.78,19.55
CL_USDT,15m,Maker 0.10% / Taker 0.10%,0.1,0.1,6,2,512,324,188,63.28,0.05,-81.48,-81.48,81.51,-0.1591,47.12,18.52
CL_USDT,15m,Maker 0.10% / Taker 0.10%,0.1,0.1,7,2,512,314,198,61.33,0.05,-83.23,-83.23,83.25,-0.1626,45.61,16.77
CL_USDT,1h,Maker 0.00% / Taker 0.01%,0.0,0.01,1,2,133,126,7,94.74,0.78,-0.99,-0.99,3.04,-0.0074,2.65,99.01
CL_USDT,1h,Maker 0.00% / Taker 0.01%,0.0,0.01,2,2,133,125,8,93.98,0.67,-1.76,-1.76,3.4,-0.0132,2.65,98.24
CL_USDT,1h,Maker 0.00% / Taker 0.01%,0.0,0.01,3,2,132,123,9,93.18,0.6,-2.27,-2.27,3.83,-0.0172,2.62,97.73
CL_USDT,1h,Maker 0.00% / Taker 0.01%,0.0,0.01,4,2,133,122,11,91.73,0.39,-5.26,-5.26,6.43,-0.0396,2.62,94.74
CL_USDT,1h,Maker 0.00% / Taker 0.01%,0.0,0.01,5,2,132,119,13,90.15,0.22,-11.09,-11.09,11.35,-0.084,2.5,88.91
CL_USDT,1h,Maker 0.00% / Taker 0.01%,0.0,0.01,6,2,132,118,14,89.39,0.2,-12.13,-12.13,12.29,-0.0919,2.48,87.87
CL_USDT,1h,Maker 0.00% / Taker 0.01%,0.0,0.01,7,2,132,117,15,88.64,0.18,-13.67,-13.67,13.83,-0.1036,2.46,86.33
CL_USDT,1h,Maker 0.00% / Taker 0.05%,0.0,0.05,1,2,131,119,12,90.84,0.24,-10.43,-10.43,11.09,-0.0796,12.32,89.57
CL_USDT,1h,Maker 0.00% / Taker 0.05%,0.0,0.05,2,2,130,116,14,89.23,0.2,-12.97,-12.97,13.45,-0.0997,12.11,87.03
CL_USDT,1h,Maker 0.00% / Taker 0.05%,0.0,0.05,3,2,129,113,16,87.6,0.18,-14.04,-14.04,14.1,-0.1088,11.96,85.96
CL_USDT,1h,Maker 0.00% / Taker 0.05%,0.0,0.05,4,2,130,112,18,86.15,0.16,-16.12,-16.12,16.18,-0.124,11.94,83.88
CL_USDT,1h,Maker 0.00% / Taker 0.05%,0.0,0.05,5,2,130,108,22,83.08,0.12,-20.38,-20.38,20.42,-0.1568,11.73,79.62
CL_USDT,1h,Maker 0.00% / Taker 0.05%,0.0,0.05,6,2,130,108,22,83.08,0.12,-20.62,-20.62,20.65,-0.1586,11.73,79.38
CL_USDT,1h,Maker 0.00% / Taker 0.05%,0.0,0.05,7,2,130,108,22,83.08,0.12,-20.84,-20.84,20.87,-0.1603,11.71,79.16
CL_USDT,1h,Maker 0.10% / Taker 0.10%,0.1,0.1,1,2,128,107,21,83.59,0.11,-22.92,-22.92,22.95,-0.1791,22.98,77.08
CL_USDT,1h,Maker 0.10% / Taker 0.10%,0.1,0.1,2,2,128,105,23,82.03,0.1,-24.46,-24.46,24.48,-0.1911,22.79,75.54
CL_USDT,1h,Maker 0.10% / Taker 0.10%,0.1,0.1,3,2,128,104,24,81.25,0.09,-26.25,-26.25,26.28,-0.2051,22.67,73.75
CL_USDT,1h,Maker 0.10% / Taker 0.10%,0.1,0.1,4,2,129,104,25,80.62,0.09,-27.49,-27.49,27.51,-0.2131,22.78,72.51
CL_USDT,1h,Maker 0.10% / Taker 0.10%,0.1,0.1,5,2,130,104,26,80.0,0.08,-28.66,-28.66,28.69,-0.2205,22.81,71.34
CL_USDT,1h,Maker 0.10% / Taker 0.10%,0.1,0.1,6,2,130,103,27,79.23,0.08,-29.33,-29.33,29.35,-0.2256,22.77,70.67
CL_USDT,1h,Maker 0.10% / Taker 0.10%,0.1,0.1,7,2,130,103,27,79.23,0.08,-29.56,-29.56,29.58,-0.2274,22.74,70.44
CL_USDT,4h,Maker 0.00% / Taker 0.01%,0.0,0.01,1,2,31,29,2,93.55,0.13,-4.9,-4.9,5.35,-0.1581,0.6,95.1
CL_USDT,4h,Maker 0.00% / Taker 0.01%,0.0,0.01,2,2,31,29,2,93.55,0.13,-4.92,-4.92,5.37,-0.1588,0.6,95.08
CL_USDT,4h,Maker 0.00% / Taker 0.01%,0.0,0.01,3,2,31,28,3,90.32,0.1,-6.19,-6.19,6.63,-0.1997,0.6,93.81
CL_USDT,4h,Maker 0.00% / Taker 0.01%,0.0,0.01,4,2,31,28,3,90.32,0.1,-6.23,-6.23,6.67,-0.2008,0.6,93.77
CL_USDT,4h,Maker 0.00% / Taker 0.01%,0.0,0.01,5,2,31,28,3,90.32,0.1,-6.26,-6.26,6.7,-0.2019,0.6,93.74
CL_USDT,4h,Maker 0.00% / Taker 0.01%,0.0,0.01,6,2,31,28,3,90.32,0.1,-6.29,-6.29,6.73,-0.203,0.6,93.71
CL_USDT,4h,Maker 0.00% / Taker 0.01%,0.0,0.01,7,2,31,27,4,87.1,0.08,-8.24,-8.24,8.67,-0.2657,0.6,91.76
CL_USDT,4h,Maker 0.00% / Taker 0.05%,0.0,0.05,1,2,31,28,3,90.32,0.11,-6.29,-6.29,6.77,-0.2029,3.0,93.71
CL_USDT,4h,Maker 0.00% / Taker 0.05%,0.0,0.05,2,2,31,28,3,90.32,0.11,-6.32,-6.32,6.8,-0.204,3.0,93.68
CL_USDT,4h,Maker 0.00% / Taker 0.05%,0.0,0.05,3,2,31,28,3,90.32,0.11,-6.36,-6.36,6.83,-0.2051,3.0,93.64
CL_USDT,4h,Maker 0.00% / Taker 0.05%,0.0,0.05,4,2,31,28,3,90.32,0.11,-6.39,-6.39,6.87,-0.2062,3.0,93.61
CL_USDT,4h,Maker 0.00% / Taker 0.05%,0.0,0.05,5,2,31,28,3,90.32,0.11,-6.43,-6.43,6.9,-0.2073,3.0,93.57
CL_USDT,4h,Maker 0.00% / Taker 0.05%,0.0,0.05,6,2,31,27,4,87.1,0.06,-11.37,-11.37,11.82,-0.3669,2.92,88.63
CL_USDT,4h,Maker 0.00% / Taker 0.05%,0.0,0.05,7,2,31,26,5,83.87,0.05,-13.29,-13.29,13.73,-0.4287,2.9,86.71
CL_USDT,4h,Maker 0.10% / Taker 0.10%,0.1,0.1,1,2,31,27,4,87.1,0.06,-11.54,-11.54,12.0,-0.3724,5.83,88.46
CL_USDT,4h,Maker 0.10% / Taker 0.10%,0.1,0.1,2,2,31,26,5,83.87,0.05,-13.05,-13.05,13.43,-0.4208,5.77,86.95
CL_USDT,4h,Maker 0.10% / Taker 0.10%,0.1,0.1,3,2,31,26,5,83.87,0.05,-13.1,-13.1,13.48,-0.4225,5.76,86.9
CL_USDT,4h,Maker 0.10% / Taker 0.10%,0.1,0.1,4,2,31,26,5,83.87,0.05,-13.15,-13.15,13.53,-0.4242,5.76,86.85
CL_USDT,4h,Maker 0.10% / Taker 0.10%,0.1,0.1,5,2,31,26,5,83.87,0.05,-13.2,-13.2,13.58,-0.4259,5.76,86.8
CL_USDT,4h,Maker 0.10% / Taker 0.10%,0.1,0.1,6,2,31,26,5,83.87,0.05,-13.26,-13.26,13.64,-0.4276,5.76,86.74
CL_USDT,4h,Maker 0.10% / Taker 0.10%,0.1,0.1,7,2,31,25,6,80.65,0.04,-15.22,-15.22,15.59,-0.4908,5.73,84.78
CL_USDT,1d,Maker 0.00% / Taker 0.01%,0.0,0.01,1,2,2,2,0,100.0,999.0,0.06,0.06,0.0,0.0303,0.04,100.06
CL_USDT,1d,Maker 0.00% / Taker 0.01%,0.0,0.01,2,2,2,2,0,100.0,999.0,0.06,0.06,0.0,0.0303,0.04,100.06
CL_USDT,1d,Maker 0.00% / Taker 0.01%,0.0,0.01,3,2,2,2,0,100.0,999.0,0.06,0.06,0.0,0.0303,0.04,100.06
CL_USDT,1d,Maker 0.00% / Taker 0.01%,0.0,0.01,4,2,2,2,0,100.0,999.0,0.06,0.06,0.0,0.0303,0.04,100.06
CL_USDT,1d,Maker 0.00% / Taker 0.01%,0.0,0.01,5,2,2,2,0,100.0,999.0,0.06,0.06,0.0,0.0303,0.04,100.06
CL_USDT,1d,Maker 0.00% / Taker 0.01%,0.0,0.01,6,2,2,2,0,100.0,999.0,0.06,0.06,0.0,0.0303,0.04,100.06
CL_USDT,1d,Maker 0.00% / Taker 0.01%,0.0,0.01,7,2,2,2,0,100.0,999.0,0.06,0.06,0.0,0.0303,0.04,100.06
CL_USDT,1d,Maker 0.00% / Taker 0.05%,0.0,0.05,1,2,2,2,0,100.0,999.0,0.06,0.06,0.0,0.0317,0.2,100.06
CL_USDT,1d,Maker 0.00% / Taker 0.05%,0.0,0.05,2,2,2,2,0,100.0,999.0,0.06,0.06,0.0,0.0317,0.2,100.06
CL_USDT,1d,Maker 0.00% / Taker 0.05%,0.0,0.05,3,2,2,2,0,100.0,999.0,0.06,0.06,0.0,0.0317,0.2,100.06
CL_USDT,1d,Maker 0.00% / Taker 0.05%,0.0,0.05,4,2,2,2,0,100.0,999.0,0.06,0.06,0.0,0.0317,0.2,100.06
CL_USDT,1d,Maker 0.00% / Taker 0.05%,0.0,0.05,5,2,2,2,0,100.0,999.0,0.06,0.06,0.0,0.0317,0.2,100.06
CL_USDT,1d,Maker 0.00% / Taker 0.05%,0.0,0.05,6,2,2,2,0,100.0,999.0,0.06,0.06,0.0,0.0317,0.2,100.06
CL_USDT,1d,Maker 0.00% / Taker 0.05%,0.0,0.05,7,2,2,2,0,100.0,999.0,0.06,0.06,0.0,0.0317,0.2,100.06
CL_USDT,1d,Maker 0.10% / Taker 0.10%,0.1,0.1,1,2,2,2,0,100.0,999.0,0.06,0.06,0.0,0.0323,0.4,100.06
CL_USDT,1d,Maker 0.10% / Taker 0.10%,0.1,0.1,2,2,2,2,0,100.0,999.0,0.06,0.06,0.0,0.0323,0.4,100.06
CL_USDT,1d,Maker 0.10% / Taker 0.10%,0.1,0.1,3,2,2,2,0,100.0,999.0,0.06,0.06,0.0,0.0323,0.4,100.06
CL_USDT,1d,Maker 0.10% / Taker 0.10%,0.1,0.1,4,2,2,2,0,100.0,999.0,0.06,0.06,0.0,0.0323,0.4,100.06
CL_USDT,1d,Maker 0.10% / Taker 0.10%,0.1,0.1,5,2,2,2,0,100.0,999.0,0.06,0.06,0.0,0.0323,0.4,100.06
CL_USDT,1d,Maker 0.10% / Taker 0.10%,0.1,0.1,6,2,2,2,0,100.0,999.0,0.06,0.06,0.0,0.0323,0.4,100.06
CL_USDT,1d,Maker 0.10% / Taker 0.10%,0.1,0.1,7,2,2,2,0,100.0,999.0,0.06,0.06,0.0,0.0323,0.4,100.06
DOGE_USDT,1m,Maker 0.00% / Taker 0.01%,0.0,0.01,1,2,13412,9573,3839,71.38,0.3,-99.28,-99.28,99.28,-0.0074,54.36,0.72
DOGE_USDT,1m,Maker 0.00% / Taker 0.01%,0.0,0.01,2,2,13351,8861,4490,66.37,0.24,-100.64,-100.64,100.64,-0.0075,43.38,-0.64
DOGE_USDT,1m,Maker 0.00% / Taker 0.01%,0.0,0.01,3,2,13296,8126,5170,61.12,0.2,-102.5,-102.5,102.5,-0.0077,36.32,-2.5
DOGE_USDT,1m,Maker 0.00% / Taker 0.01%,0.0,0.01,4,2,13248,7448,5800,56.22,0.16,-104.51,-104.51,104.51,-0.0079,31.2,-4.51
DOGE_USDT,1m,Maker 0.00% / Taker 0.01%,0.0,0.01,5,2,13283,6884,6399,51.83,0.13,-106.5,-106.5,106.5,-0.008,27.14,-6.5
DOGE_USDT,1m,Maker 0.00% / Taker 0.01%,0.0,0.01,6,2,13326,6274,7052,47.08,0.11,-108.74,-108.74,108.74,-0.0082,24.31,-8.74
DOGE_USDT,1m,Maker 0.00% / Taker 0.01%,0.0,0.01,7,2,13345,5728,7617,42.92,0.1,-110.91,-110.91,110.91,-0.0083,22.28,-10.91
DOGE_USDT,1m,Maker 0.00% / Taker 0.05%,0.0,0.05,1,2,12006,6582,5424,54.82,0.09,-107.16,-107.16,107.16,-0.0089,94.9,-7.16
DOGE_USDT,1m,Maker 0.00% / Taker 0.05%,0.0,0.05,2,2,12065,6156,5909,51.02,0.08,-109.06,-109.06,109.06,-0.009,87.7,-9.06
DOGE_USDT,1m,Maker 0.00% / Taker 0.05%,0.0,0.05,3,2,12123,5752,6371,47.45,0.07,-110.94,-110.94,110.94,-0.0092,81.48,-10.94
DOGE_USDT,1m,Maker 0.00% / Taker 0.05%,0.0,0.05,4,2,12189,5342,6847,43.83,0.06,-112.96,-112.96,112.96,-0.0093,76.34,-12.96
DOGE_USDT,1m,Maker 0.00% / Taker 0.05%,0.0,0.05,5,2,12299,4995,7304,40.61,0.06,-115.03,-115.03,115.03,-0.0094,71.62,-15.03
DOGE_USDT,1m,Maker 0.00% / Taker 0.05%,0.0,0.05,6,2,12425,4609,7816,37.09,0.05,-117.4,-117.4,117.4,-0.0094,67.39,-17.4
DOGE_USDT,1m,Maker 0.00% / Taker 0.05%,0.0,0.05,7,2,12515,4275,8240,34.16,0.04,-119.52,-119.52,119.52,-0.0096,63.98,-19.52
DOGE_USDT,1m,Maker 0.10% / Taker 0.10%,0.1,0.1,1,2,10488,4621,5867,44.06,0.04,-115.02,-115.02,115.02,-0.011,107.91,-15.02
DOGE_USDT,1m,Maker 0.10% / Taker 0.10%,0.1,0.1,2,2,10617,4378,6239,41.24,0.04,-117.02,-117.02,117.02,-0.011,103.41,-17.02
DOGE_USDT,1m,Maker 0.10% / Taker 0.10%,0.1,0.1,3,2,10757,4148,6609,38.56,0.03,-118.96,-118.96,118.96,-0.0111,98.39,-18.96
DOGE_USDT,1m,Maker 0.10% / Taker 0.10%,0.1,0.1,4,2,10897,3885,7012,35.65,0.03,-121.09,-121.09,121.09,-0.0111,94.75,-21.09
DOGE_USDT,1m,Maker 0.10% / Taker 0.10%,0.1,0.1,5,2,11049,3636,7413,32.91,0.03,-123.32,-123.32,123.32,-0.0112,91.32,-23.32
DOGE_USDT,1m,Maker 0.10% / Taker 0.10%,0.1,0.1,6,2,11314,3414,7900,30.18,0.02,-125.84,-125.84,125.84,-0.0111,88.82,-25.84
DOGE_USDT,1m,Maker 0.10% / Taker 0.10%,0.1,0.1,7,2,11437,3196,8241,27.94,0.02,-128.07,-128.07,128.07,-0.0112,85.9,-28.07
DOGE_USDT,5m,Maker 0.00% / Taker 0.01%,0.0,0.01,1,2,2683,2233,450,83.23,0.29,-71.77,-71.77,71.86,-0.0268,28.81,28.23
DOGE_USDT,5m,Maker 0.00% / Taker 0.01%,0.0,0.01,2,2,2678,2152,526,80.36,0.24,-79.94,-79.94,80.0,-0.0299,26.19,20.06
DOGE_USDT,5m,Maker 0.00% / Taker 0.01%,0.0,0.01,3,2,2667,2082,585,78.07,0.2,-85.2,-85.2,85.21,-0.0319,23.12,14.8
DOGE_USDT,5m,Maker 0.00% / Taker 0.01%,0.0,0.01,4,2,2655,2012,643,75.78,0.18,-89.2,-89.2,89.21,-0.0336,21.08,10.8
DOGE_USDT,5m,Maker 0.00% / Taker 0.01%,0.0,0.01,5,2,2638,1926,712,73.01,0.15,-92.76,-92.76,92.77,-0.0352,18.77,7.24
DOGE_USDT,5m,Maker 0.00% / Taker 0.01%,0.0,0.01,6,2,2635,1859,776,70.55,0.13,-95.13,-95.13,95.13,-0.0361,16.86,4.87
DOGE_USDT,5m,Maker 0.00% / Taker 0.01%,0.0,0.01,7,2,2631,1793,838,68.15,0.11,-96.67,-96.67,96.67,-0.0367,15.51,3.33
DOGE_USDT,5m,Maker 0.00% / Taker 0.05%,0.0,0.05,1,2,2570,1830,740,71.21,0.12,-95.96,-95.96,95.96,-0.0373,72.71,4.04
DOGE_USDT,5m,Maker 0.00% / Taker 0.05%,0.0,0.05,2,2,2560,1763,797,68.87,0.11,-97.12,-97.12,97.12,-0.0379,67.93,2.88
DOGE_USDT,5m,Maker 0.00% / Taker 0.05%,0.0,0.05,3,2,2549,1701,848,66.73,0.1,-98.06,-98.06,98.06,-0.0385,63.83,1.94
DOGE_USDT,5m,Maker 0.00% / Taker 0.05%,0.0,0.05,4,2,2536,1649,887,65.02,0.09,-98.65,-98.65,98.65,-0.0389,59.78,1.35
DOGE_USDT,5m,Maker 0.00% / Taker 0.05%,0.0,0.05,5,2,2526,1588,938,62.87,0.08,-98.99,-98.99,98.99,-0.0392,57.12,1.01
DOGE_USDT,5m,Maker 0.00% / Taker 0.05%,0.0,0.05,6,2,2521,1538,983,61.01,0.07,-99.33,-99.33,99.33,-0.0394,53.25,0.67
DOGE_USDT,5m,Maker 0.00% / Taker 0.05%,0.0,0.05,7,2,2511,1475,1036,58.74,0.07,-99.63,-99.63,99.63,-0.0397,49.28,0.37
DOGE_USDT,5m,Maker 0.10% / Taker 0.10%,0.1,0.1,1,2,2416,1477,939,61.13,0.06,-99.67,-99.67,99.67,-0.0413,85.09,0.33
DOGE_USDT,5m,Maker 0.10% / Taker 0.10%,0.1,0.1,2,2,2411,1430,981,59.31,0.05,-99.96,-99.96,99.96,-0.0415,82.09,0.04
DOGE_USDT,5m,Maker 0.10% / Taker 0.10%,0.1,0.1,3,2,2411,1381,1030,57.28,0.05,-100.18,-100.18,100.18,-0.0416,79.09,-0.18
DOGE_USDT,5m,Maker 0.10% / Taker 0.10%,0.1,0.1,4,2,2400,1338,1062,55.75,0.05,-100.53,-100.53,100.53,-0.0419,75.77,-0.53
DOGE_USDT,5m,Maker 0.10% / Taker 0.10%,0.1,0.1,5,2,2399,1296,1103,54.02,0.04,-100.73,-100.73,100.73,-0.042,72.31,-0.73
DOGE_USDT,5m,Maker 0.10% / Taker 0.10%,0.1,0.1,6,2,2400,1256,1144,52.33,0.04,-101.12,-101.12,101.12,-0.0421,68.67,-1.12
DOGE_USDT,5m,Maker 0.10% / Taker 0.10%,0.1,0.1,7,2,2414,1226,1188,50.79,0.04,-101.48,-101.48,101.48,-0.042,65.91,-1.48
DOGE_USDT,15m,Maker 0.00% / Taker 0.01%,0.0,0.01,1,2,897,810,87,90.3,0.38,-28.95,-28.95,29.15,-0.0323,15.45,71.05
DOGE_USDT,15m,Maker 0.00% / Taker 0.01%,0.0,0.01,2,2,894,792,102,88.59,0.32,-36.98,-36.98,37.16,-0.0414,14.99,63.02
DOGE_USDT,15m,Maker 0.00% / Taker 0.01%,0.0,0.01,3,2,892,771,121,86.43,0.24,-48.12,-48.12,48.26,-0.0539,13.89,51.88
DOGE_USDT,15m,Maker 0.00% / Taker 0.01%,0.0,0.01,4,2,886,749,137,84.54,0.19,-57.04,-57.04,57.16,-0.0644,12.54,42.96
DOGE_USDT,15m,Maker 0.00% / Taker 0.01%,0.0,0.01,5,2,884,735,149,83.14,0.17,-61.23,-61.23,61.34,-0.0693,11.85,38.77
DOGE_USDT,15m,Maker 0.00% / Taker 0.01%,0.0,0.01,6,2,884,726,158,82.13,0.16,-63.92,-63.92,64.02,-0.0723,11.62,36.08
DOGE_USDT,15m,Maker 0.00% / Taker 0.01%,0.0,0.01,7,2,882,707,175,80.16,0.14,-69.08,-69.08,69.11,-0.0783,10.79,30.92
DOGE_USDT,15m,Maker 0.00% / Taker 0.05%,0.0,0.05,1,2,876,708,168,80.82,0.14,-69.36,-69.36,69.38,-0.0792,51.33,30.64
DOGE_USDT,15m,Maker 0.00% / Taker 0.05%,0.0,0.05,2,2,876,694,182,79.22,0.13,-72.05,-72.05,72.07,-0.0823,49.76,27.95
DOGE_USDT,15m,Maker 0.00% / Taker 0.05%,0.0,0.05,3,2,876,683,193,77.97,0.11,-75.87,-75.87,75.89,-0.0866,47.3,24.13
DOGE_USDT,15m,Maker 0.00% / Taker 0.05%,0.0,0.05,4,2,875,673,202,76.91,0.11,-77.85,-77.85,77.86,-0.089,46.28,22.15
DOGE_USDT,15m,Maker 0.00% / Taker 0.05%,0.0,0.05,5,2,874,661,213,75.63,0.1,-80.29,-80.29,80.3,-0.0919,44.61,19.71
DOGE_USDT,15m,Maker 0.00% / Taker 0.05%,0.0,0.05,6,2,874,650,224,74.37,0.09,-82.72,-82.72,82.73,-0.0947,42.59,17.28
DOGE_USDT,15m,Maker 0.00% / Taker 0.05%,0.0,0.05,7,2,870,641,229,73.68,0.09,-83.99,-83.99,83.99,-0.0965,41.88,16.01
DOGE_USDT,15m,Maker 0.10% / Taker 0.10%,0.1,0.1,1,2,860,628,232,73.02,0.08,-86.36,-86.36,86.37,-0.1004,76.92,13.64
DOGE_USDT,15m,Maker 0.10% / Taker 0.10%,0.1,0.1,2,2,859,618,241,71.94,0.07,-87.72,-87.72,87.72,-0.1021,74.49,12.28
DOGE_USDT,15m,Maker 0.10% / Taker 0.10%,0.1,0.1,3,2,856,604,252,70.56,0.07,-89.47,-89.47,89.47,-0.1045,70.56,10.53
DOGE_USDT,15m,Maker 0.10% / Taker 0.10%,0.1,0.1,4,2,852,593,259,69.6,0.06,-90.47,-90.47,90.47,-0.1062,68.55,9.53
DOGE_USDT,15m,Maker 0.10% / Taker 0.10%,0.1,0.1,5,2,850,585,265,68.82,0.06,-91.41,-91.41,91.41,-0.1075,66.04,8.59
DOGE_USDT,15m,Maker 0.10% / Taker 0.10%,0.1,0.1,6,2,853,579,274,67.88,0.06,-92.49,-92.49,92.49,-0.1084,62.95,7.51
DOGE_USDT,15m,Maker 0.10% / Taker 0.10%,0.1,0.1,7,2,851,567,284,66.63,0.05,-93.35,-93.35,93.35,-0.1097,61.58,6.65
DOGE_USDT,1h,Maker 0.00% / Taker 0.01%,0.0,0.01,1,2,232,226,6,97.41,0.47,-6.4,-6.4,8.68,-0.0276,4.38,93.6
DOGE_USDT,1h,Maker 0.00% / Taker 0.01%,0.0,0.01,2,2,232,226,6,97.41,0.47,-6.46,-6.46,8.74,-0.0278,4.38,93.54
DOGE_USDT,1h,Maker 0.00% / Taker 0.01%,0.0,0.01,3,2,232,224,8,96.55,0.38,-9.01,-9.01,10.99,-0.0388,4.35,90.99
DOGE_USDT,1h,Maker 0.00% / Taker 0.01%,0.0,0.01,4,2,231,220,11,95.24,0.32,-11.36,-11.36,12.82,-0.0492,4.27,88.64
DOGE_USDT,1h,Maker 0.00% / Taker 0.01%,0.0,0.01,5,2,231,217,14,93.94,0.24,-16.11,-16.11,17.14,-0.0698,4.18,83.89
DOGE_USDT,1h,Maker 0.00% / Taker 0.01%,0.0,0.01,6,2,230,214,16,93.04,0.21,-18.83,-18.83,19.35,-0.0819,4.09,81.17
DOGE_USDT,1h,Maker 0.00% / Taker 0.01%,0.0,0.01,7,2,228,209,19,91.67,0.17,-23.46,-23.46,23.95,-0.1029,3.98,76.54
DOGE_USDT,1h,Maker 0.00% / Taker 0.05%,0.0,0.05,1,2,228,206,22,90.35,0.14,-28.66,-28.66,29.13,-0.1257,19.06,71.34
DOGE_USDT,1h,Maker 0.00% / Taker 0.05%,0.0,0.05,2,2,227,204,23,89.87,0.13,-31.56,-31.56,32.01,-0.139,18.7,68.44
DOGE_USDT,1h,Maker 0.00% / Taker 0.05%,0.0,0.05,3,2,227,204,23,89.87,0.13,-31.72,-31.72,32.17,-0.1397,18.68,68.28
DOGE_USDT,1h,Maker 0.00% / Taker 0.05%,0.0,0.05,4,2,228,203,25,89.04,0.12,-33.29,-33.29,33.71,-0.146,18.7,66.71
DOGE_USDT,1h,Maker 0.00% / Taker 0.05%,0.0,0.05,5,2,228,203,25,89.04,0.12,-33.48,-33.48,33.9,-0.1468,18.68,66.52
DOGE_USDT,1h,Maker 0.00% / Taker 0.05%,0.0,0.05,6,2,228,201,27,88.16,0.11,-35.67,-35.67,36.08,-0.1564,18.45,64.33
DOGE_USDT,1h,Maker 0.00% / Taker 0.05%,0.0,0.05,7,2,228,200,28,87.72,0.11,-36.61,-36.61,37.01,-0.1606,18.31,63.39
DOGE_USDT,1h,Maker 0.10% / Taker 0.10%,0.1,0.1,1,2,226,199,27,88.05,0.11,-36.29,-36.29,36.7,-0.1606,36.46,63.71
DOGE_USDT,1h,Maker 0.10% / Taker 0.10%,0.1,0.1,2,2,226,198,28,87.61,0.1,-37.07,-37.07,37.47,-0.164,36.4,62.93
DOGE_USDT,1h,Maker 0.10% / Taker 0.10%,0.1,0.1,3,2,226,197,29,87.17,0.1,-38.03,-38.03,38.42,-0.1683,36.04,61.97
DOGE_USDT,1h,Maker 0.10% / Taker 0.10%,0.1,0.1,4,2,226,193,33,85.4,0.09,-41.83,-41.83,42.05,-0.1851,35.29,58.17
DOGE_USDT,1h,Maker 0.10% / Taker 0.10%,0.1,0.1,5,2,226,189,37,83.63,0.07,-47.25,-47.25,47.45,-0.2091,33.92,52.75
DOGE_USDT,1h,Maker 0.10% / Taker 0.10%,0.1,0.1,6,2,226,188,38,83.19,0.07,-47.95,-47.95,48.15,-0.2122,33.6,52.05
DOGE_USDT,1h,Maker 0.10% / Taker 0.10%,0.1,0.1,7,2,225,184,41,81.78,0.06,-51.59,-51.59,51.77,-0.2293,32.64,48.41
DOGE_USDT,4h,Maker 0.00% / Taker 0.01%,0.0,0.01,1,2,52,51,1,98.08,40.83,1.3,1.3,0.03,0.0249,1.05,101.3
DOGE_USDT,4h,Maker 0.00% / Taker 0.01%,0.0,0.01,2,2,52,51,1,98.08,29.63,1.28,1.28,0.04,0.0247,1.05,101.28
DOGE_USDT,4h,Maker 0.00% / Taker 0.01%,0.0,0.01,3,2,52,51,1,98.08,23.25,1.27,1.27,0.06,0.0244,1.05,101.27
DOGE_USDT,4h,Maker 0.00% / Taker 0.01%,0.0,0.01,4,2,52,51,1,98.08,19.12,1.26,1.26,0.07,0.0242,1.05,101.26
DOGE_USDT,4h,Maker 0.00% / Taker 0.01%,0.0,0.01,5,2,52,49,3,94.23,0.24,-3.9,-3.9,4.56,-0.0749,1.03,96.1
DOGE_USDT,4h,Maker 0.00% / Taker 0.01%,0.0,0.01,6,2,52,48,4,92.31,0.19,-5.27,-5.27,5.72,-0.1013,1.02,94.73
DOGE_USDT,4h,Maker 0.00% / Taker 0.01%,0.0,0.01,7,2,52,48,4,92.31,0.18,-5.32,-5.32,5.75,-0.1023,1.02,94.68
DOGE_USDT,4h,Maker 0.00% / Taker 0.05%,0.0,0.05,1,2,52,48,4,92.31,0.2,-5.25,-5.25,5.75,-0.101,5.12,94.75
DOGE_USDT,4h,Maker 0.00% / Taker 0.05%,0.0,0.05,2,2,52,48,4,92.31,0.2,-5.3,-5.3,5.78,-0.102,5.12,94.7
DOGE_USDT,4h,Maker 0.00% / Taker 0.05%,0.0,0.05,3,2,52,48,4,92.31,0.19,-5.35,-5.35,5.83,-0.1029,5.12,94.65
DOGE_USDT,4h,Maker 0.00% / Taker 0.05%,0.0,0.05,4,2,52,48,4,92.31,0.19,-5.4,-5.4,5.88,-0.1039,5.12,94.6
DOGE_USDT,4h,Maker 0.00% / Taker 0.05%,0.0,0.05,5,2,52,47,5,90.38,0.13,-7.99,-7.99,8.45,-0.1536,5.08,92.01
DOGE_USDT,4h,Maker 0.00% / Taker 0.05%,0.0,0.05,6,2,52,47,5,90.38,0.13,-8.05,-8.05,8.51,-0.1547,5.08,91.95
DOGE_USDT,4h,Maker 0.00% / Taker 0.05%,0.0,0.05,7,2,52,46,6,88.46,0.08,-13.77,-13.77,14.2,-0.2648,5.08,86.23
DOGE_USDT,4h,Maker 0.10% / Taker 0.10%,0.1,0.1,1,2,51,43,8,84.31,0.06,-18.42,-18.42,18.61,-0.3612,9.56,81.58
DOGE_USDT,4h,Maker 0.10% / Taker 0.10%,0.1,0.1,2,2,51,43,8,84.31,0.06,-18.49,-18.49,18.67,-0.3625,9.56,81.51
DOGE_USDT,4h,Maker 0.10% / Taker 0.10%,0.1,0.1,3,2,51,43,8,84.31,0.06,-18.57,-18.57,18.76,-0.3642,9.55,81.43
DOGE_USDT,4h,Maker 0.10% / Taker 0.10%,0.1,0.1,4,2,51,42,9,82.35,0.05,-19.22,-19.22,19.41,-0.3769,9.5,80.78
DOGE_USDT,4h,Maker 0.10% / Taker 0.10%,0.1,0.1,5,2,51,42,9,82.35,0.05,-19.32,-19.32,19.5,-0.3788,9.5,80.68
DOGE_USDT,4h,Maker 0.10% / Taker 0.10%,0.1,0.1,6,2,51,42,9,82.35,0.05,-19.42,-19.42,19.6,-0.3807,9.5,80.58
DOGE_USDT,4h,Maker 0.10% / Taker 0.10%,0.1,0.1,7,2,51,42,9,82.35,0.05,-19.48,-19.48,19.67,-0.3821,9.49,80.52
DOGE_USDT,1d,Maker 0.00% / Taker 0.01%,0.0,0.01,1,2,6,6,0,100.0,999.0,0.17,0.17,0.0,0.029,0.12,100.17
DOGE_USDT,1d,Maker 0.00% / Taker 0.01%,0.0,0.01,2,2,6,6,0,100.0,999.0,0.17,0.17,0.0,0.029,0.12,100.17
DOGE_USDT,1d,Maker 0.00% / Taker 0.01%,0.0,0.01,3,2,6,6,0,100.0,999.0,0.17,0.17,0.0,0.029,0.12,100.17
DOGE_USDT,1d,Maker 0.00% / Taker 0.01%,0.0,0.01,4,2,6,6,0,100.0,999.0,0.17,0.17,0.0,0.029,0.12,100.17
DOGE_USDT,1d,Maker 0.00% / Taker 0.01%,0.0,0.01,5,2,6,6,0,100.0,999.0,0.17,0.17,0.0,0.029,0.12,100.17
DOGE_USDT,1d,Maker 0.00% / Taker 0.01%,0.0,0.01,6,2,6,6,0,100.0,999.0,0.17,0.17,0.0,0.029,0.12,100.17
DOGE_USDT,1d,Maker 0.00% / Taker 0.01%,0.0,0.01,7,2,6,6,0,100.0,999.0,0.17,0.17,0.0,0.029,0.12,100.17
DOGE_USDT,1d,Maker 0.00% / Taker 0.05%,0.0,0.05,1,2,6,6,0,100.0,999.0,0.17,0.17,0.0,0.0289,0.6,100.17
DOGE_USDT,1d,Maker 0.00% / Taker 0.05%,0.0,0.05,2,2,6,6,0,100.0,999.0,0.17,0.17,0.0,0.0289,0.6,100.17
DOGE_USDT,1d,Maker 0.00% / Taker 0.05%,0.0,0.05,3,2,6,6,0,100.0,999.0,0.17,0.17,0.0,0.0289,0.6,100.17
DOGE_USDT,1d,Maker 0.00% / Taker 0.05%,0.0,0.05,4,2,6,6,0,100.0,999.0,0.17,0.17,0.0,0.0289,0.6,100.17
DOGE_USDT,1d,Maker 0.00% / Taker 0.05%,0.0,0.05,5,2,6,6,0,100.0,999.0,0.17,0.17,0.0,0.0289,0.6,100.17
DOGE_USDT,1d,Maker 0.00% / Taker 0.05%,0.0,0.05,6,2,6,6,0,100.0,999.0,0.17,0.17,0.0,0.029,0.6,100.17
DOGE_USDT,1d,Maker 0.00% / Taker 0.05%,0.0,0.05,7,2,6,6,0,100.0,999.0,0.17,0.17,0.0,0.029,0.6,100.17
DOGE_USDT,1d,Maker 0.10% / Taker 0.10%,0.1,0.1,1,2,6,6,0,100.0,999.0,0.18,0.18,0.0,0.0295,1.2,100.18
DOGE_USDT,1d,Maker 0.10% / Taker 0.10%,0.1,0.1,2,2,6,6,0,100.0,999.0,0.18,0.18,0.0,0.0295,1.2,100.18
DOGE_USDT,1d,Maker 0.10% / Taker 0.10%,0.1,0.1,3,2,6,6,0,100.0,999.0,0.18,0.18,0.0,0.0295,1.2,100.18
DOGE_USDT,1d,Maker 0.10% / Taker 0.10%,0.1,0.1,4,2,6,6,0,100.0,999.0,0.18,0.18,0.0,0.0295,1.2,100.18
DOGE_USDT,1d,Maker 0.10% / Taker 0.10%,0.1,0.1,5,2,6,6,0,100.0,999.0,0.18,0.18,0.0,0.0295,1.2,100.18
DOGE_USDT,1d,Maker 0.10% / Taker 0.10%,0.1,0.1,6,2,6,6,0,100.0,999.0,0.18,0.18,0.0,0.0296,1.2,100.18
DOGE_USDT,1d,Maker 0.10% / Taker 0.10%,0.1,0.1,7,2,6,6,0,100.0,999.0,0.18,0.18,0.0,0.0296,1.2,100.18
ETH_USDT,1m,Maker 0.00% / Taker 0.01%,0.0,0.01,1,2,13317,10545,2772,79.18,0.03,-97.69,-97.69,97.69,-0.0073,69.25,2.31
ETH_USDT,1m,Maker 0.00% / Taker 0.01%,0.0,0.01,2,2,13310,10505,2805,78.93,0.03,-97.8,-97.8,97.8,-0.0073,68.32,2.2
ETH_USDT,1m,Maker 0.00% / Taker 0.01%,0.0,0.01,3,2,13302,10461,2841,78.64,0.03,-97.9,-97.9,97.9,-0.0074,67.77,2.1
ETH_USDT,1m,Maker 0.00% / Taker 0.01%,0.0,0.01,4,2,13298,10420,2878,78.36,0.03,-97.98,-97.98,97.98,-0.0074,67.01,2.02
ETH_USDT,1m,Maker 0.00% / Taker 0.01%,0.0,0.01,5,2,13293,10394,2899,78.19,0.03,-98.06,-98.06,98.06,-0.0074,66.29,1.94
ETH_USDT,1m,Maker 0.00% / Taker 0.01%,0.0,0.01,6,2,13285,10359,2926,77.98,0.03,-98.14,-98.14,98.14,-0.0074,65.74,1.86
ETH_USDT,1m,Maker 0.00% / Taker 0.01%,0.0,0.01,7,2,13273,10310,2963,77.68,0.03,-98.29,-98.29,98.29,-0.0074,65.2,1.71
ETH_USDT,1m,Maker 0.00% / Taker 0.05%,0.0,0.05,1,2,11689,6822,4867,58.36,0.01,-113.85,-113.85,113.85,-0.0097,115.01,-13.85
ETH_USDT,1m,Maker 0.00% / Taker 0.05%,0.0,0.05,2,2,11682,6799,4883,58.2,0.01,-113.97,-113.97,113.97,-0.0098,114.65,-13.97
ETH_USDT,1m,Maker 0.00% / Taker 0.05%,0.0,0.05,3,2,11677,6782,4895,58.08,0.01,-114.07,-114.07,114.07,-0.0098,114.2,-14.07
ETH_USDT,1m,Maker 0.00% / Taker 0.05%,0.0,0.05,4,2,11680,6770,4910,57.96,0.01,-114.2,-114.2,114.2,-0.0098,113.95,-14.2
ETH_USDT,1m,Maker 0.00% / Taker 0.05%,0.0,0.05,5,2,11675,6747,4928,57.79,0.01,-114.35,-114.35,114.35,-0.0098,113.49,-14.35
ETH_USDT,1m,Maker 0.00% / Taker 0.05%,0.0,0.05,6,2,11669,6728,4941,57.66,0.01,-114.48,-114.48,114.48,-0.0098,113.14,-14.48
ETH_USDT,1m,Maker 0.00% / Taker 0.05%,0.0,0.05,7,2,11665,6706,4959,57.49,0.01,-114.65,-114.65,114.65,-0.0098,112.79,-14.65
ETH_USDT,1m,Maker 0.10% / Taker 0.10%,0.1,0.1,1,2,9962,4430,5532,44.47,0.0,-130.65,-130.65,130.65,-0.0131,132.39,-30.65
ETH_USDT,1m,Maker 0.10% / Taker 0.10%,0.1,0.1,2,2,9965,4428,5537,44.44,0.0,-130.73,-130.73,130.73,-0.0131,132.33,-30.73
ETH_USDT,1m,Maker 0.10% / Taker 0.10%,0.1,0.1,3,2,9960,4411,5549,44.29,0.0,-130.91,-130.91,130.91,-0.0131,132.33,-30.91
ETH_USDT,1m,Maker 0.10% / Taker 0.10%,0.1,0.1,4,2,9963,4400,5563,44.16,0.0,-131.05,-131.05,131.05,-0.0132,132.16,-31.05
ETH_USDT,1m,Maker 0.10% / Taker 0.10%,0.1,0.1,5,2,9966,4382,5584,43.97,0.0,-131.28,-131.28,131.27,-0.0132,132.02,-31.28
ETH_USDT,1m,Maker 0.10% / Taker 0.10%,0.1,0.1,6,2,9969,4374,5595,43.88,0.0,-131.41,-131.41,131.41,-0.0132,131.84,-31.41
ETH_USDT,1m,Maker 0.10% / Taker 0.10%,0.1,0.1,7,2,9970,4362,5608,43.75,0.0,-131.53,-131.53,131.53,-0.0132,131.35,-31.53
ETH_USDT,5m,Maker 0.00% / Taker 0.01%,0.0,0.01,1,2,2628,2362,266,89.88,0.03,-58.03,-58.03,58.04,-0.0221,34.12,41.97
ETH_USDT,5m,Maker 0.00% / Taker 0.01%,0.0,0.01,2,2,2628,2358,270,89.73,0.03,-58.56,-58.56,58.57,-0.0223,33.85,41.44
ETH_USDT,5m,Maker 0.00% / Taker 0.01%,0.0,0.01,3,2,2629,2352,277,89.46,0.03,-59.65,-59.65,59.66,-0.0227,33.48,40.35
ETH_USDT,5m,Maker 0.00% / Taker 0.01%,0.0,0.01,4,2,2628,2349,279,89.38,0.03,-59.83,-59.83,59.83,-0.0228,33.41,40.17
ETH_USDT,5m,Maker 0.00% / Taker 0.01%,0.0,0.01,5,2,2627,2346,281,89.3,0.03,-60.13,-60.13,60.13,-0.0229,33.28,39.87
ETH_USDT,5m,Maker 0.00% / Taker 0.01%,0.0,0.01,6,2,2626,2338,288,89.03,0.03,-61.34,-61.34,61.35,-0.0234,32.96,38.66
ETH_USDT,5m,Maker 0.00% / Taker 0.01%,0.0,0.01,7,2,2625,2333,292,88.88,0.03,-61.97,-61.97,61.97,-0.0236,32.66,38.03
ETH_USDT,5m,Maker 0.00% / Taker 0.05%,0.0,0.05,1,2,2499,1866,633,74.67,0.01,-92.91,-92.91,92.91,-0.0372,85.93,7.09
ETH_USDT,5m,Maker 0.00% / Taker 0.05%,0.0,0.05,2,2,2500,1863,637,74.52,0.01,-93.11,-93.11,93.11,-0.0372,85.56,6.89
ETH_USDT,5m,Maker 0.00% / Taker 0.05%,0.0,0.05,3,2,2501,1859,642,74.33,0.01,-93.27,-93.27,93.27,-0.0373,85.31,6.73
ETH_USDT,5m,Maker 0.00% / Taker 0.05%,0.0,0.05,4,2,2501,1857,644,74.25,0.01,-93.38,-93.38,93.38,-0.0373,85.2,6.62
ETH_USDT,5m,Maker 0.00% / Taker 0.05%,0.0,0.05,5,2,2502,1857,645,74.22,0.01,-93.47,-93.47,93.47,-0.0374,85.14,6.53
ETH_USDT,5m,Maker 0.00% / Taker 0.05%,0.0,0.05,6,2,2502,1856,646,74.18,0.01,-93.57,-93.57,93.57,-0.0374,84.98,6.43
ETH_USDT,5m,Maker 0.00% / Taker 0.05%,0.0,0.05,7,2,2502,1851,651,73.98,0.01,-93.78,-93.78,93.78,-0.0375,84.22,6.22
ETH_USDT,5m,Maker 0.10% / Taker 0.10%,0.1,0.1,1,2,2330,1429,901,61.33,0.0,-99.9,-99.9,99.9,-0.0429,97.39,0.1
ETH_USDT,5m,Maker 0.10% / Taker 0.10%,0.1,0.1,2,2,2330,1428,902,61.29,0.0,-99.9,-99.9,99.9,-0.0429,97.32,0.1
ETH_USDT,5m,Maker 0.10% / Taker 0.10%,0.1,0.1,3,2,2332,1427,905,61.19,0.0,-99.91,-99.91,99.91,-0.0428,97.26,0.09
ETH_USDT,5m,Maker 0.10% / Taker 0.10%,0.1,0.1,4,2,2332,1423,909,61.02,0.0,-99.97,-99.97,99.97,-0.0429,96.9,0.03
ETH_USDT,5m,Maker 0.10% / Taker 0.10%,0.1,0.1,5,2,2333,1423,910,60.99,0.0,-99.98,-99.98,99.98,-0.0429,96.89,0.02
ETH_USDT,5m,Maker 0.10% / Taker 0.10%,0.1,0.1,6,2,2333,1421,912,60.91,0.0,-100.01,-100.01,100.01,-0.0429,96.55,-0.01
ETH_USDT,5m,Maker 0.10% / Taker 0.10%,0.1,0.1,7,2,2334,1418,916,60.75,0.0,-100.02,-100.02,100.02,-0.0429,96.0,-0.02
ETH_USDT,15m,Maker 0.00% / Taker 0.01%,0.0,0.01,1,2,858,811,47,94.52,0.04,-20.92,-20.92,20.92,-0.0244,15.06,79.08
ETH_USDT,15m,Maker 0.00% / Taker 0.01%,0.0,0.01,2,2,858,810,48,94.41,0.04,-21.02,-21.02,21.03,-0.0245,15.06,78.98
ETH_USDT,15m,Maker 0.00% / Taker 0.01%,0.0,0.01,3,2,858,810,48,94.41,0.04,-21.04,-21.04,21.05,-0.0245,15.06,78.96
ETH_USDT,15m,Maker 0.00% / Taker 0.01%,0.0,0.01,4,2,858,810,48,94.41,0.04,-21.06,-21.06,21.07,-0.0245,15.05,78.94
ETH_USDT,15m,Maker 0.00% / Taker 0.01%,0.0,0.01,5,2,858,810,48,94.41,0.04,-21.08,-21.08,21.08,-0.0246,15.05,78.92
ETH_USDT,15m,Maker 0.00% / Taker 0.01%,0.0,0.01,6,2,858,810,48,94.41,0.04,-21.1,-21.1,21.1,-0.0246,15.05,78.9
ETH_USDT,15m,Maker 0.00% / Taker 0.01%,0.0,0.01,7,2,858,809,49,94.29,0.04,-21.41,-21.41,21.41,-0.0249,14.98,78.59
ETH_USDT,15m,Maker 0.00% / Taker 0.05%,0.0,0.05,1,2,833,699,134,83.91,0.01,-55.84,-55.84,55.84,-0.067,57.97,44.16
ETH_USDT,15m,Maker 0.00% / Taker 0.05%,0.0,0.05,2,2,833,698,135,83.79,0.01,-56.12,-56.12,56.12,-0.0674,57.84,43.88
ETH_USDT,15m,Maker 0.00% / Taker 0.05%,0.0,0.05,3,2,833,698,135,83.79,0.01,-56.15,-56.15,56.15,-0.0674,57.83,43.85
ETH_USDT,15m,Maker 0.00% / Taker 0.05%,0.0,0.05,4,2,832,696,136,83.65,0.01,-56.59,-56.59,56.59,-0.068,57.38,43.41
ETH_USDT,15m,Maker 0.00% / Taker 0.05%,0.0,0.05,5,2,833,695,138,83.43,0.01,-57.08,-57.08,57.08,-0.0685,57.17,42.92
ETH_USDT,15m,Maker 0.00% / Taker 0.05%,0.0,0.05,6,2,833,695,138,83.43,0.01,-57.12,-57.12,57.12,-0.0686,57.16,42.88
ETH_USDT,15m,Maker 0.00% / Taker 0.05%,0.0,0.05,7,2,833,693,140,83.19,0.01,-57.9,-57.9,57.9,-0.0695,56.59,42.1
ETH_USDT,15m,Maker 0.10% / Taker 0.10%,0.1,0.1,1,2,803,582,221,72.48,0.01,-81.19,-81.19,81.19,-0.1011,83.1,18.81
ETH_USDT,15m,Maker 0.10% / Taker 0.10%,0.1,0.1,2,2,803,582,221,72.48,0.01,-81.21,-81.21,81.21,-0.1011,83.08,18.79
ETH_USDT,15m,Maker 0.10% / Taker 0.10%,0.1,0.1,3,2,803,580,223,72.23,0.01,-81.32,-81.32,81.32,-0.1013,82.76,18.68
ETH_USDT,15m,Maker 0.10% / Taker 0.10%,0.1,0.1,4,2,803,579,224,72.1,0.01,-81.52,-81.52,81.52,-0.1015,82.14,18.48
ETH_USDT,15m,Maker 0.10% / Taker 0.10%,0.1,0.1,5,2,804,577,227,71.77,0.01,-81.8,-81.8,81.8,-0.1017,81.53,18.2
ETH_USDT,15m,Maker 0.10% / Taker 0.10%,0.1,0.1,6,2,804,577,227,71.77,0.01,-81.84,-81.84,81.84,-0.1018,81.48,18.16
ETH_USDT,15m,Maker 0.10% / Taker 0.10%,0.1,0.1,7,2,804,577,227,71.77,0.01,-81.83,-81.83,81.83,-0.1018,81.48,18.17
ETH_USDT,1h,Maker 0.00% / Taker 0.01%,0.0,0.01,1,2,225,218,7,96.89,0.06,-3.64,-3.64,3.67,-0.0162,4.41,96.36
ETH_USDT,1h,Maker 0.00% / Taker 0.01%,0.0,0.01,2,2,225,218,7,96.89,0.06,-3.64,-3.64,3.68,-0.0162,4.41,96.36
ETH_USDT,1h,Maker 0.00% / Taker 0.01%,0.0,0.01,3,2,225,218,7,96.89,0.06,-3.65,-3.65,3.68,-0.0162,4.41,96.35
ETH_USDT,1h,Maker 0.00% / Taker 0.01%,0.0,0.01,4,2,225,218,7,96.89,0.06,-3.65,-3.65,3.68,-0.0162,4.41,96.35
ETH_USDT,1h,Maker 0.00% / Taker 0.01%,0.0,0.01,5,2,225,218,7,96.89,0.06,-3.65,-3.65,3.68,-0.0162,4.41,96.35
ETH_USDT,1h,Maker 0.00% / Taker 0.01%,0.0,0.01,6,2,225,218,7,96.89,0.06,-3.65,-3.65,3.69,-0.0162,4.41,96.35
ETH_USDT,1h,Maker 0.00% / Taker 0.01%,0.0,0.01,7,2,225,218,7,96.89,0.06,-3.66,-3.66,3.69,-0.0163,4.41,96.34
ETH_USDT,1h,Maker 0.00% / Taker 0.05%,0.0,0.05,1,2,222,195,27,87.84,0.02,-14.7,-14.7,14.7,-0.0662,20.58,85.3
ETH_USDT,1h,Maker 0.00% / Taker 0.05%,0.0,0.05,2,2,222,195,27,87.84,0.02,-14.71,-14.71,14.71,-0.0662,20.58,85.29
ETH_USDT,1h,Maker 0.00% / Taker 0.05%,0.0,0.05,3,2,222,195,27,87.84,0.02,-14.71,-14.71,14.72,-0.0663,20.58,85.29
ETH_USDT,1h,Maker 0.00% / Taker 0.05%,0.0,0.05,4,2,222,195,27,87.84,0.02,-14.72,-14.72,14.73,-0.0663,20.58,85.28
ETH_USDT,1h,Maker 0.00% / Taker 0.05%,0.0,0.05,5,2,222,195,27,87.84,0.02,-14.73,-14.73,14.73,-0.0664,20.58,85.27
ETH_USDT,1h,Maker 0.00% / Taker 0.05%,0.0,0.05,6,2,222,195,27,87.84,0.02,-14.74,-14.74,14.74,-0.0664,20.58,85.26
ETH_USDT,1h,Maker 0.00% / Taker 0.05%,0.0,0.05,7,2,222,195,27,87.84,0.02,-14.75,-14.75,14.75,-0.0664,20.58,85.25
ETH_USDT,1h,Maker 0.10% / Taker 0.10%,0.1,0.1,1,2,218,162,56,74.31,0.01,-31.71,-31.71,31.71,-0.1454,37.23,68.29
ETH_USDT,1h,Maker 0.10% / Taker 0.10%,0.1,0.1,2,2,218,162,56,74.31,0.01,-31.72,-31.72,31.72,-0.1455,37.23,68.28
ETH_USDT,1h,Maker 0.10% / Taker 0.10%,0.1,0.1,3,2,218,162,56,74.31,0.01,-31.72,-31.72,31.72,-0.1455,37.22,68.28
ETH_USDT,1h,Maker 0.10% / Taker 0.10%,0.1,0.1,4,2,218,162,56,74.31,0.01,-31.73,-31.73,31.73,-0.1456,37.22,68.27
ETH_USDT,1h,Maker 0.10% / Taker 0.10%,0.1,0.1,5,2,218,162,56,74.31,0.01,-31.74,-31.74,31.75,-0.1456,37.22,68.26
ETH_USDT,1h,Maker 0.10% / Taker 0.10%,0.1,0.1,6,2,218,162,56,74.31,0.01,-31.76,-31.76,31.76,-0.1457,37.22,68.24
ETH_USDT,1h,Maker 0.10% / Taker 0.10%,0.1,0.1,7,2,218,162,56,74.31,0.01,-31.77,-31.77,31.77,-0.1457,37.22,68.23
ETH_USDT,4h,Maker 0.00% / Taker 0.01%,0.0,0.01,1,2,38,38,0,100.0,999.0,0.05,0.05,0.0,0.0013,0.76,100.05
ETH_USDT,4h,Maker 0.00% / Taker 0.01%,0.0,0.01,2,2,38,38,0,100.0,999.0,0.05,0.05,0.0,0.0013,0.76,100.05
ETH_USDT,4h,Maker 0.00% / Taker 0.01%,0.0,0.01,3,2,38,38,0,100.0,999.0,0.05,0.05,0.0,0.0013,0.76,100.05
ETH_USDT,4h,Maker 0.00% / Taker 0.01%,0.0,0.01,4,2,38,38,0,100.0,999.0,0.05,0.05,0.0,0.0013,0.76,100.05
ETH_USDT,4h,Maker 0.00% / Taker 0.01%,0.0,0.01,5,2,38,38,0,100.0,999.0,0.05,0.05,0.0,0.0013,0.76,100.05
ETH_USDT,4h,Maker 0.00% / Taker 0.01%,0.0,0.01,6,2,38,38,0,100.0,999.0,0.05,0.05,0.0,0.0012,0.76,100.05
ETH_USDT,4h,Maker 0.00% / Taker 0.01%,0.0,0.01,7,2,38,38,0,100.0,999.0,0.05,0.05,0.0,0.0012,0.76,100.05
ETH_USDT,4h,Maker 0.00% / Taker 0.05%,0.0,0.05,1,2,38,32,6,84.21,16.72,0.06,0.06,0.0,0.0015,3.8,100.06
ETH_USDT,4h,Maker 0.00% / Taker 0.05%,0.0,0.05,2,2,38,32,6,84.21,16.73,0.06,0.06,0.0,0.0015,3.8,100.06
ETH_USDT,4h,Maker 0.00% / Taker 0.05%,0.0,0.05,3,2,38,32,6,84.21,16.73,0.06,0.06,0.0,0.0015,3.8,100.06
ETH_USDT,4h,Maker 0.00% / Taker 0.05%,0.0,0.05,4,2,38,32,6,84.21,16.73,0.06,0.06,0.0,0.0015,3.8,100.06
ETH_USDT,4h,Maker 0.00% / Taker 0.05%,0.0,0.05,5,2,38,32,6,84.21,16.73,0.06,0.06,0.0,0.0015,3.8,100.06
ETH_USDT,4h,Maker 0.00% / Taker 0.05%,0.0,0.05,6,2,38,32,6,84.21,16.7,0.06,0.06,0.0,0.0015,3.8,100.06
ETH_USDT,4h,Maker 0.00% / Taker 0.05%,0.0,0.05,7,2,38,32,6,84.21,16.7,0.06,0.06,0.0,0.0015,3.8,100.06
ETH_USDT,4h,Maker 0.10% / Taker 0.10%,0.1,0.1,1,2,38,26,12,68.42,0.01,-11.12,-11.12,11.15,-0.2927,7.44,88.88
ETH_USDT,4h,Maker 0.10% / Taker 0.10%,0.1,0.1,2,2,38,26,12,68.42,0.01,-11.13,-11.13,11.15,-0.2928,7.44,88.87
ETH_USDT,4h,Maker 0.10% / Taker 0.10%,0.1,0.1,3,2,38,26,12,68.42,0.01,-11.13,-11.13,11.15,-0.2928,7.44,88.87
ETH_USDT,4h,Maker 0.10% / Taker 0.10%,0.1,0.1,4,2,38,26,12,68.42,0.01,-11.13,-11.13,11.15,-0.2929,7.44,88.87
ETH_USDT,4h,Maker 0.10% / Taker 0.10%,0.1,0.1,5,2,38,26,12,68.42,0.01,-11.13,-11.13,11.16,-0.293,7.44,88.87
ETH_USDT,4h,Maker 0.10% / Taker 0.10%,0.1,0.1,6,2,38,26,12,68.42,0.01,-11.13,-11.13,11.16,-0.293,7.44,88.87
ETH_USDT,4h,Maker 0.10% / Taker 0.10%,0.1,0.1,7,2,38,26,12,68.42,0.01,-11.14,-11.14,11.16,-0.2931,7.44,88.86
ETH_USDT,1d,Maker 0.00% / Taker 0.01%,0.0,0.01,1,2,8,8,0,100.0,999.0,0.01,0.01,0.0,0.0011,0.16,100.01
ETH_USDT,1d,Maker 0.00% / Taker 0.01%,0.0,0.01,2,2,8,8,0,100.0,999.0,0.01,0.01,0.0,0.0011,0.16,100.01
ETH_USDT,1d,Maker 0.00% / Taker 0.01%,0.0,0.01,3,2,8,8,0,100.0,999.0,0.01,0.01,0.0,0.0011,0.16,100.01
ETH_USDT,1d,Maker 0.00% / Taker 0.01%,0.0,0.01,4,2,8,8,0,100.0,999.0,0.01,0.01,0.0,0.0011,0.16,100.01
ETH_USDT,1d,Maker 0.00% / Taker 0.01%,0.0,0.01,5,2,8,8,0,100.0,999.0,0.01,0.01,0.0,0.0011,0.16,100.01
ETH_USDT,1d,Maker 0.00% / Taker 0.01%,0.0,0.01,6,2,8,8,0,100.0,999.0,0.01,0.01,0.0,0.0011,0.16,100.01
ETH_USDT,1d,Maker 0.00% / Taker 0.01%,0.0,0.01,7,2,8,8,0,100.0,999.0,0.01,0.01,0.0,0.0011,0.16,100.01
ETH_USDT,1d,Maker 0.00% / Taker 0.05%,0.0,0.05,1,2,8,5,3,62.5,2.52,0.01,0.01,0.0,0.0009,0.8,100.01
ETH_USDT,1d,Maker 0.00% / Taker 0.05%,0.0,0.05,2,2,8,5,3,62.5,2.52,0.01,0.01,0.0,0.0009,0.8,100.01
ETH_USDT,1d,Maker 0.00% / Taker 0.05%,0.0,0.05,3,2,8,5,3,62.5,2.52,0.01,0.01,0.0,0.0009,0.8,100.01
ETH_USDT,1d,Maker 0.00% / Taker 0.05%,0.0,0.05,4,2,8,5,3,62.5,2.52,0.01,0.01,0.0,0.0009,0.8,100.01
ETH_USDT,1d,Maker 0.00% / Taker 0.05%,0.0,0.05,5,2,8,5,3,62.5,2.52,0.01,0.01,0.0,0.0009,0.8,100.01
ETH_USDT,1d,Maker 0.00% / Taker 0.05%,0.0,0.05,6,2,8,5,3,62.5,2.52,0.01,0.01,0.0,0.0009,0.8,100.01
ETH_USDT,1d,Maker 0.00% / Taker 0.05%,0.0,0.05,7,2,8,5,3,62.5,2.51,0.01,0.01,0.0,0.0009,0.8,100.01
ETH_USDT,1d,Maker 0.10% / Taker 0.10%,0.1,0.1,1,2,8,4,4,50.0,1.36,0.01,0.01,0.01,0.0006,1.6,100.01
ETH_USDT,1d,Maker 0.10% / Taker 0.10%,0.1,0.1,2,2,8,4,4,50.0,1.36,0.01,0.01,0.01,0.0006,1.6,100.01
ETH_USDT,1d,Maker 0.10% / Taker 0.10%,0.1,0.1,3,2,8,4,4,50.0,1.36,0.01,0.01,0.01,0.0006,1.6,100.01
ETH_USDT,1d,Maker 0.10% / Taker 0.10%,0.1,0.1,4,2,8,4,4,50.0,1.36,0.01,0.01,0.01,0.0006,1.6,100.01
ETH_USDT,1d,Maker 0.10% / Taker 0.10%,0.1,0.1,5,2,8,4,4,50.0,1.36,0.01,0.01,0.01,0.0006,1.6,100.01
ETH_USDT,1d,Maker 0.10% / Taker 0.10%,0.1,0.1,6,2,8,4,4,50.0,1.36,0.01,0.01,0.01,0.0006,1.6,100.01
ETH_USDT,1d,Maker 0.10% / Taker 0.10%,0.1,0.1,7,2,8,4,4,50.0,1.36,0.01,0.01,0.01,0.0006,1.6,100.01
SOL_USDT,1m,Maker 0.00% / Taker 0.01%,0.0,0.01,1,2,13659,9653,4006,70.67,0.33,-99.39,-99.39,99.39,-0.0073,57.67,0.61
SOL_USDT,1m,Maker 0.00% / Taker 0.01%,0.0,0.01,2,2,13585,8842,4743,65.09,0.26,-101.1,-101.1,101.1,-0.0074,45.07,-1.1
SOL_USDT,1m,Maker 0.00% / Taker 0.01%,0.0,0.01,3,2,13539,8169,5370,60.34,0.21,-102.73,-102.73,102.73,-0.0076,36.95,-2.73
SOL_USDT,1m,Maker 0.00% / Taker 0.01%,0.0,0.01,4,2,13553,7430,6123,54.82,0.16,-104.85,-104.85,104.85,-0.0077,31.35,-4.85
SOL_USDT,1m,Maker 0.00% / Taker 0.01%,0.0,0.01,5,2,13502,6689,6813,49.54,0.13,-106.97,-106.97,106.97,-0.0079,26.81,-6.97
SOL_USDT,1m,Maker 0.00% / Taker 0.01%,0.0,0.01,6,2,13520,6039,7481,44.67,0.1,-109.29,-109.29,109.29,-0.0081,23.55,-9.29
SOL_USDT,1m,Maker 0.00% / Taker 0.01%,0.0,0.01,7,2,13538,5469,8069,40.4,0.09,-111.54,-111.54,111.53,-0.0082,21.17,-11.54
SOL_USDT,1m,Maker 0.00% / Taker 0.05%,0.0,0.05,1,2,12196,6581,5615,53.96,0.09,-106.98,-106.98,106.97,-0.0088,93.94,-6.98
SOL_USDT,1m,Maker 0.00% / Taker 0.05%,0.0,0.05,2,2,12193,6089,6104,49.94,0.08,-108.85,-108.85,108.85,-0.0089,87.1,-8.85
SOL_USDT,1m,Maker 0.00% / Taker 0.05%,0.0,0.05,3,2,12176,5640,6536,46.32,0.07,-110.65,-110.65,110.64,-0.0091,80.55,-10.65
SOL_USDT,1m,Maker 0.00% / Taker 0.05%,0.0,0.05,4,2,12275,5225,7050,42.57,0.06,-112.67,-112.67,112.66,-0.0092,74.48,-12.67
SOL_USDT,1m,Maker 0.00% / Taker 0.05%,0.0,0.05,5,2,12363,4761,7602,38.51,0.05,-114.95,-114.95,114.94,-0.0093,69.44,-14.95
SOL_USDT,1m,Maker 0.00% / Taker 0.05%,0.0,0.05,6,2,12437,4411,8026,35.47,0.04,-116.96,-116.96,116.96,-0.0094,64.21,-16.96
SOL_USDT,1m,Maker 0.00% / Taker 0.05%,0.0,0.05,7,2,12559,4048,8511,32.23,0.04,-119.18,-119.18,119.18,-0.0095,59.92,-19.18
SOL_USDT,1m,Maker 0.10% / Taker 0.10%,0.1,0.1,1,2,10574,4502,6072,42.58,0.04,-114.38,-114.38,114.38,-0.0108,104.83,-14.38
SOL_USDT,1m,Maker 0.10% / Taker 0.10%,0.1,0.1,2,2,10710,4249,6461,39.67,0.03,-116.3,-116.3,116.29,-0.0109,100.57,-16.3
SOL_USDT,1m,Maker 0.10% / Taker 0.10%,0.1,0.1,3,2,10841,4019,6822,37.07,0.03,-118.18,-118.18,118.17,-0.0109,98.54,-18.18
SOL_USDT,1m,Maker 0.10% / Taker 0.10%,0.1,0.1,4,2,10996,3814,7182,34.69,0.03,-120.1,-120.1,120.09,-0.0109,95.42,-20.1
SOL_USDT,1m,Maker 0.10% / Taker 0.10%,0.1,0.1,5,2,11194,3513,7681,31.38,0.03,-122.53,-122.53,122.53,-0.0109,91.11,-22.53
SOL_USDT,1m,Maker 0.10% / Taker 0.10%,0.1,0.1,6,2,11398,3287,8111,28.84,0.02,-124.98,-124.98,124.97,-0.011,87.45,-24.98
SOL_USDT,1m,Maker 0.10% / Taker 0.10%,0.1,0.1,7,2,11625,3045,8580,26.19,0.02,-127.46,-127.46,127.45,-0.011,84.09,-27.46
SOL_USDT,5m,Maker 0.00% / Taker 0.01%,0.0,0.01,1,2,2742,2353,389,85.81,0.42,-58.07,-58.07,58.17,-0.0212,35.96,41.93
SOL_USDT,5m,Maker 0.00% / Taker 0.01%,0.0,0.01,2,2,2733,2266,467,82.91,0.33,-71.48,-71.48,71.55,-0.0262,31.44,28.52
SOL_USDT,5m,Maker 0.00% / Taker 0.01%,0.0,0.01,3,2,2727,2182,545,80.01,0.26,-80.58,-80.58,80.62,-0.0295,27.11,19.42
SOL_USDT,5m,Maker 0.00% / Taker 0.01%,0.0,0.01,4,2,2714,2085,629,76.82,0.22,-87.37,-87.37,87.39,-0.0322,23.85,12.63
SOL_USDT,5m,Maker 0.00% / Taker 0.01%,0.0,0.01,5,2,2701,1983,718,73.42,0.17,-92.16,-92.16,92.17,-0.0341,20.28,7.84
SOL_USDT,5m,Maker 0.00% / Taker 0.01%,0.0,0.01,6,2,2697,1898,799,70.37,0.15,-95.05,-95.05,95.05,-0.0352,18.33,4.95
SOL_USDT,5m,Maker 0.00% / Taker 0.01%,0.0,0.01,7,2,2696,1819,877,67.47,0.13,-97.05,-97.05,97.05,-0.036,16.83,2.95
SOL_USDT,5m,Maker 0.00% / Taker 0.05%,0.0,0.05,1,2,2628,1895,733,72.11,0.14,-95.25,-95.25,95.25,-0.0362,79.38,4.75
SOL_USDT,5m,Maker 0.00% / Taker 0.05%,0.0,0.05,2,2,2606,1820,786,69.84,0.12,-96.87,-96.87,96.88,-0.0372,71.48,3.13
SOL_USDT,5m,Maker 0.00% / Taker 0.05%,0.0,0.05,3,2,2602,1749,853,67.22,0.11,-98.01,-98.01,98.01,-0.0377,65.39,1.99
SOL_USDT,5m,Maker 0.00% / Taker 0.05%,0.0,0.05,4,2,2596,1672,924,64.41,0.09,-98.73,-98.73,98.73,-0.038,58.75,1.27
SOL_USDT,5m,Maker 0.00% / Taker 0.05%,0.0,0.05,5,2,2598,1607,991,61.86,0.08,-99.22,-99.22,99.22,-0.0382,54.88,0.78
SOL_USDT,5m,Maker 0.00% / Taker 0.05%,0.0,0.05,6,2,2590,1545,1045,59.65,0.07,-99.56,-99.56,99.56,-0.0384,50.98,0.44
SOL_USDT,5m,Maker 0.00% / Taker 0.05%,0.0,0.05,7,2,2585,1490,1095,57.64,0.07,-99.89,-99.89,99.89,-0.0386,49.33,0.11
SOL_USDT,5m,Maker 0.10% / Taker 0.10%,0.1,0.1,1,2,2458,1504,954,61.19,0.07,-99.72,-99.72,99.72,-0.0406,89.8,0.28
SOL_USDT,5m,Maker 0.10% / Taker 0.10%,0.1,0.1,2,2,2448,1451,997,59.27,0.06,-99.91,-99.91,99.92,-0.0408,83.86,0.09
SOL_USDT,5m,Maker 0.10% / Taker 0.10%,0.1,0.1,3,2,2451,1413,1038,57.65,0.06,-100.29,-100.29,100.29,-0.0409,80.42,-0.29
SOL_USDT,5m,Maker 0.10% / Taker 0.10%,0.1,0.1,4,2,2444,1358,1086,55.56,0.05,-100.64,-100.64,100.64,-0.0412,76.38,-0.64
SOL_USDT,5m,Maker 0.10% / Taker 0.10%,0.1,0.1,5,2,2446,1312,1134,53.64,0.05,-100.94,-100.94,100.94,-0.0413,71.64,-0.94
SOL_USDT,5m,Maker 0.10% / Taker 0.10%,0.1,0.1,6,2,2445,1263,1182,51.66,0.04,-101.24,-101.24,101.24,-0.0414,68.23,-1.24
SOL_USDT,5m,Maker 0.10% / Taker 0.10%,0.1,0.1,7,2,2451,1227,1224,50.06,0.04,-101.54,-101.54,101.54,-0.0414,65.32,-1.54
SOL_USDT,15m,Maker 0.00% / Taker 0.01%,0.0,0.01,1,2,902,802,100,88.91,0.37,-31.18,-31.18,31.3,-0.0346,15.22,68.82
SOL_USDT,15m,Maker 0.00% / Taker 0.01%,0.0,0.01,2,2,898,778,120,86.64,0.29,-42.19,-42.19,42.29,-0.047,14.28,57.81
SOL_USDT,15m,Maker 0.00% / Taker 0.01%,0.0,0.01,3,2,899,752,147,83.65,0.22,-52.26,-52.26,52.35,-0.0581,13.3,47.74
SOL_USDT,15m,Maker 0.00% / Taker 0.01%,0.0,0.01,4,2,898,741,157,82.52,0.2,-56.7,-56.7,56.78,-0.0631,12.74,43.3
SOL_USDT,15m,Maker 0.00% / Taker 0.01%,0.0,0.01,5,2,896,723,173,80.69,0.18,-61.88,-61.88,61.95,-0.0691,12.07,38.12
SOL_USDT,15m,Maker 0.00% / Taker 0.01%,0.0,0.01,6,2,889,700,189,78.74,0.15,-66.76,-66.76,66.82,-0.0751,11.26,33.24
SOL_USDT,15m,Maker 0.00% / Taker 0.01%,0.0,0.01,7,2,885,686,199,77.51,0.14,-69.77,-69.77,69.8,-0.0788,10.68,30.23
SOL_USDT,15m,Maker 0.00% / Taker 0.05%,0.0,0.05,1,2,879,695,184,79.07,0.14,-69.01,-69.01,69.05,-0.0785,51.92,30.99
SOL_USDT,15m,Maker 0.00% / Taker 0.05%,0.0,0.05,2,2,878,683,195,77.79,0.13,-72.64,-72.64,72.67,-0.0827,49.27,27.36
SOL_USDT,15m,Maker 0.00% / Taker 0.05%,0.0,0.05,3,2,873,670,203,76.75,0.12,-75.04,-75.04,75.06,-0.086,47.38,24.96
SOL_USDT,15m,Maker 0.00% / Taker 0.05%,0.0,0.05,4,2,868,654,214,75.35,0.11,-77.87,-77.87,77.89,-0.0897,45.73,22.13
SOL_USDT,15m,Maker 0.00% / Taker 0.05%,0.0,0.05,5,2,868,638,230,73.5,0.1,-80.91,-80.91,80.92,-0.0932,43.66,19.09
SOL_USDT,15m,Maker 0.00% / Taker 0.05%,0.0,0.05,6,2,867,623,244,71.86,0.09,-83.21,-83.21,83.22,-0.096,42.1,16.79
SOL_USDT,15m,Maker 0.00% / Taker 0.05%,0.0,0.05,7,2,865,608,257,70.29,0.08,-85.58,-85.58,85.59,-0.0989,39.87,14.42
SOL_USDT,15m,Maker 0.10% / Taker 0.10%,0.1,0.1,1,2,846,604,242,71.39,0.08,-85.72,-85.72,85.74,-0.1013,75.5,14.28
SOL_USDT,15m,Maker 0.10% / Taker 0.10%,0.1,0.1,2,2,845,591,254,69.94,0.08,-87.64,-87.64,87.64,-0.1037,73.27,12.36
SOL_USDT,15m,Maker 0.10% / Taker 0.10%,0.1,0.1,3,2,839,573,266,68.3,0.07,-89.61,-89.61,89.62,-0.1068,68.21,10.39
SOL_USDT,15m,Maker 0.10% / Taker 0.10%,0.1,0.1,4,2,836,564,272,67.46,0.06,-90.65,-90.65,90.66,-0.1084,66.49,9.35
SOL_USDT,15m,Maker 0.10% / Taker 0.10%,0.1,0.1,5,2,835,555,280,66.47,0.06,-91.7,-91.7,91.71,-0.1098,63.49,8.3
SOL_USDT,15m,Maker 0.10% / Taker 0.10%,0.1,0.1,6,2,832,543,289,65.26,0.06,-92.63,-92.63,92.63,-0.1113,61.38,7.37
SOL_USDT,15m,Maker 0.10% / Taker 0.10%,0.1,0.1,7,2,832,530,302,63.7,0.05,-93.77,-93.77,93.77,-0.1127,59.11,6.23
SOL_USDT,1h,Maker 0.00% / Taker 0.01%,0.0,0.01,1,2,230,219,11,95.22,0.34,-11.14,-11.14,11.89,-0.0485,4.33,88.86
SOL_USDT,1h,Maker 0.00% / Taker 0.01%,0.0,0.01,2,2,230,218,12,94.78,0.28,-14.33,-14.33,15.05,-0.0623,4.24,85.67
SOL_USDT,1h,Maker 0.00% / Taker 0.01%,0.0,0.01,3,2,228,216,12,94.74,0.27,-14.51,-14.51,15.22,-0.0636,4.2,85.49
SOL_USDT,1h,Maker 0.00% / Taker 0.01%,0.0,0.01,4,2,227,216,11,95.15,0.3,-13.1,-13.1,13.83,-0.0577,4.22,86.9
SOL_USDT,1h,Maker 0.00% / Taker 0.01%,0.0,0.01,5,2,226,215,11,95.13,0.29,-13.23,-13.23,13.96,-0.0586,4.2,86.77
SOL_USDT,1h,Maker 0.00% / Taker 0.01%,0.0,0.01,6,2,226,212,14,93.81,0.24,-16.5,-16.5,16.75,-0.073,4.12,83.5
SOL_USDT,1h,Maker 0.00% / Taker 0.01%,0.0,0.01,7,2,226,210,16,92.92,0.23,-17.99,-17.99,18.24,-0.0796,4.11,82.01
SOL_USDT,1h,Maker 0.00% / Taker 0.05%,0.0,0.05,1,2,226,211,15,93.36,0.26,-16.19,-16.19,16.22,-0.0716,20.99,83.81
SOL_USDT,1h,Maker 0.00% / Taker 0.05%,0.0,0.05,2,2,226,209,17,92.48,0.23,-18.05,-18.05,18.08,-0.0799,20.82,81.95
SOL_USDT,1h,Maker 0.00% / Taker 0.05%,0.0,0.05,3,2,227,208,19,91.63,0.21,-19.95,-19.95,19.98,-0.0879,20.71,80.05
SOL_USDT,1h,Maker 0.00% / Taker 0.05%,0.0,0.05,4,2,227,208,19,91.63,0.21,-20.14,-20.14,20.17,-0.0887,20.69,79.86
SOL_USDT,1h,Maker 0.00% / Taker 0.05%,0.0,0.05,5,2,227,207,20,91.19,0.2,-21.77,-21.77,21.8,-0.0959,20.65,78.23
SOL_USDT,1h,Maker 0.00% / Taker 0.05%,0.0,0.05,6,2,227,205,22,90.31,0.17,-24.76,-24.76,24.79,-0.1091,20.14,75.24
SOL_USDT,1h,Maker 0.00% / Taker 0.05%,0.0,0.05,7,2,227,203,24,89.43,0.16,-26.11,-26.11,26.14,-0.115,20.08,73.89
SOL_USDT,1h,Maker 0.10% / Taker 0.10%,0.1,0.1,1,2,227,202,25,88.99,0.16,-26.96,-26.96,26.99,-0.1188,39.74,73.04
SOL_USDT,1h,Maker 0.10% / Taker 0.10%,0.1,0.1,2,2,226,199,27,88.05,0.15,-28.26,-28.26,28.29,-0.125,39.29,71.74
SOL_USDT,1h,Maker 0.10% / Taker 0.10%,0.1,0.1,3,2,225,197,28,87.56,0.14,-29.73,-29.73,29.75,-0.1321,38.99,70.27
SOL_USDT,1h,Maker 0.10% / Taker 0.10%,0.1,0.1,4,2,225,196,29,87.11,0.14,-30.59,-30.59,30.61,-0.1359,38.91,69.41
SOL_USDT,1h,Maker 0.10% / Taker 0.10%,0.1,0.1,5,2,223,193,30,86.55,0.13,-32.94,-32.94,32.97,-0.1477,38.18,67.06
SOL_USDT,1h,Maker 0.10% / Taker 0.10%,0.1,0.1,6,2,223,189,34,84.75,0.11,-37.21,-37.21,37.24,-0.1669,36.77,62.79
SOL_USDT,1h,Maker 0.10% / Taker 0.10%,0.1,0.1,7,2,221,186,35,84.16,0.1,-38.31,-38.31,38.34,-0.1734,36.31,61.69
SOL_USDT,4h,Maker 0.00% / Taker 0.01%,0.0,0.01,1,2,58,56,2,96.55,0.43,-2.05,-2.05,3.54,-0.0354,1.16,97.95
SOL_USDT,4h,Maker 0.00% / Taker 0.01%,0.0,0.01,2,2,58,56,2,96.55,0.43,-2.08,-2.08,3.56,-0.0358,1.16,97.92
SOL_USDT,4h,Maker 0.00% / Taker 0.01%,0.0,0.01,3,2,58,56,2,96.55,0.43,-2.1,-2.1,3.57,-0.0362,1.16,97.9
SOL_USDT,4h,Maker 0.00% / Taker 0.01%,0.0,0.01,4,2,58,56,2,96.55,0.42,-2.12,-2.12,3.58,-0.0366,1.16,97.88
SOL_USDT,4h,Maker 0.00% / Taker 0.01%,0.0,0.01,5,2,58,56,2,96.55,0.42,-2.14,-2.14,3.59,-0.0369,1.16,97.86
SOL_USDT,4h,Maker 0.00% / Taker 0.01%,0.0,0.01,6,2,58,56,2,96.55,0.42,-2.16,-2.16,3.6,-0.0373,1.16,97.84
SOL_USDT,4h,Maker 0.00% / Taker 0.01%,0.0,0.01,7,2,58,56,2,96.55,0.42,-2.19,-2.19,3.62,-0.0377,1.16,97.81
SOL_USDT,4h,Maker 0.00% / Taker 0.05%,0.0,0.05,1,2,58,55,3,94.83,0.26,-4.49,-4.49,5.78,-0.0775,5.72,95.51
SOL_USDT,4h,Maker 0.00% / Taker 0.05%,0.0,0.05,2,2,58,55,3,94.83,0.26,-4.53,-4.53,5.8,-0.078,5.72,95.47
SOL_USDT,4h,Maker 0.00% / Taker 0.05%,0.0,0.05,3,2,58,54,4,93.1,0.16,-7.84,-7.84,8.67,-0.1352,5.71,92.16
SOL_USDT,4h,Maker 0.00% / Taker 0.05%,0.0,0.05,4,2,58,54,4,93.1,0.16,-7.89,-7.89,8.71,-0.136,5.71,92.11
SOL_USDT,4h,Maker 0.00% / Taker 0.05%,0.0,0.05,5,2,58,54,4,93.1,0.16,-7.93,-7.93,8.76,-0.1367,5.71,92.07
SOL_USDT,4h,Maker 0.00% / Taker 0.05%,0.0,0.05,6,2,58,54,4,93.1,0.16,-7.97,-7.97,8.8,-0.1374,5.72,92.03
SOL_USDT,4h,Maker 0.00% / Taker 0.05%,0.0,0.05,7,2,58,54,4,93.1,0.16,-8.01,-8.01,8.84,-0.1381,5.71,91.99
SOL_USDT,4h,Maker 0.10% / Taker 0.10%,0.1,0.1,1,2,58,53,5,91.38,0.11,-12.73,-12.73,13.52,-0.2195,11.3,87.27
SOL_USDT,4h,Maker 0.10% / Taker 0.10%,0.1,0.1,2,2,58,53,5,91.38,0.11,-12.79,-12.79,13.58,-0.2205,11.29,87.21
SOL_USDT,4h,Maker 0.10% / Taker 0.10%,0.1,0.1,3,2,58,53,5,91.38,0.11,-12.85,-12.85,13.64,-0.2215,11.29,87.15
SOL_USDT,4h,Maker 0.10% / Taker 0.10%,0.1,0.1,4,2,58,53,5,91.38,0.11,-12.9,-12.9,13.69,-0.2225,11.29,87.1
SOL_USDT,4h,Maker 0.10% / Taker 0.10%,0.1,0.1,5,2,58,53,5,91.38,0.1,-12.96,-12.96,13.75,-0.2234,11.29,87.04
SOL_USDT,4h,Maker 0.10% / Taker 0.10%,0.1,0.1,6,2,58,53,5,91.38,0.1,-13.01,-13.01,13.8,-0.2244,11.29,86.99
SOL_USDT,4h,Maker 0.10% / Taker 0.10%,0.1,0.1,7,2,58,53,5,91.38,0.1,-13.07,-13.07,13.86,-0.2254,11.29,86.93
SOL_USDT,1d,Maker 0.00% / Taker 0.01%,0.0,0.01,1,2,9,8,1,88.89,0.03,-7.4,-7.4,7.61,-0.8222,0.17,92.6
SOL_USDT,1d,Maker 0.00% / Taker 0.01%,0.0,0.01,2,2,9,8,1,88.89,0.03,-7.41,-7.41,7.61,-0.823,0.17,92.59
SOL_USDT,1d,Maker 0.00% / Taker 0.01%,0.0,0.01,3,2,9,8,1,88.89,0.03,-7.41,-7.41,7.62,-0.8237,0.17,92.59
SOL_USDT,1d,Maker 0.00% / Taker 0.01%,0.0,0.01,4,2,9,8,1,88.89,0.03,-7.42,-7.42,7.63,-0.8245,0.17,92.58
SOL_USDT,1d,Maker 0.00% / Taker 0.01%,0.0,0.01,5,2,9,8,1,88.89,0.03,-7.43,-7.43,7.64,-0.8253,0.17,92.57
SOL_USDT,1d,Maker 0.00% / Taker 0.01%,0.0,0.01,6,2,9,8,1,88.89,0.03,-7.43,-7.43,7.64,-0.826,0.17,92.57
SOL_USDT,1d,Maker 0.00% / Taker 0.01%,0.0,0.01,7,2,9,8,1,88.89,0.03,-7.44,-7.44,7.65,-0.8268,0.17,92.56
SOL_USDT,1d,Maker 0.00% / Taker 0.05%,0.0,0.05,1,2,9,8,1,88.89,0.03,-7.46,-7.46,7.68,-0.829,0.84,92.54
SOL_USDT,1d,Maker 0.00% / Taker 0.05%,0.0,0.05,2,2,9,8,1,88.89,0.03,-7.47,-7.47,7.69,-0.8298,0.84,92.53
SOL_USDT,1d,Maker 0.00% / Taker 0.05%,0.0,0.05,3,2,9,8,1,88.89,0.03,-7.47,-7.47,7.7,-0.8305,0.83,92.53
SOL_USDT,1d,Maker 0.00% / Taker 0.05%,0.0,0.05,4,2,9,8,1,88.89,0.03,-7.48,-7.48,7.71,-0.8313,0.83,92.52
SOL_USDT,1d,Maker 0.00% / Taker 0.05%,0.0,0.05,5,2,9,8,1,88.89,0.03,-7.49,-7.49,7.71,-0.8321,0.83,92.51
SOL_USDT,1d,Maker 0.00% / Taker 0.05%,0.0,0.05,6,2,9,8,1,88.89,0.03,-7.5,-7.5,7.72,-0.8329,0.83,92.5
SOL_USDT,1d,Maker 0.00% / Taker 0.05%,0.0,0.05,7,2,9,8,1,88.89,0.03,-7.5,-7.5,7.73,-0.8336,0.83,92.5
SOL_USDT,1d,Maker 0.10% / Taker 0.10%,0.1,0.1,1,2,9,8,1,88.89,0.03,-7.54,-7.54,7.78,-0.8382,1.67,92.46
SOL_USDT,1d,Maker 0.10% / Taker 0.10%,0.1,0.1,2,2,9,8,1,88.89,0.03,-7.55,-7.55,7.79,-0.839,1.67,92.45
SOL_USDT,1d,Maker 0.10% / Taker 0.10%,0.1,0.1,3,2,9,8,1,88.89,0.03,-7.56,-7.56,7.79,-0.8398,1.67,92.44
SOL_USDT,1d,Maker 0.10% / Taker 0.10%,0.1,0.1,4,2,9,8,1,88.89,0.03,-7.56,-7.56,7.8,-0.8405,1.67,92.44
SOL_USDT,1d,Maker 0.10% / Taker 0.10%,0.1,0.1,5,2,9,8,1,88.89,0.03,-7.57,-7.57,7.81,-0.8413,1.67,92.43
SOL_USDT,1d,Maker 0.10% / Taker 0.10%,0.1,0.1,6,2,9,8,1,88.89,0.03,-7.58,-7.58,7.81,-0.8421,1.67,92.42
SOL_USDT,1d,Maker 0.10% / Taker 0.10%,0.1,0.1,7,2,9,8,1,88.89,0.03,-7.59,-7.59,7.82,-0.8429,1.67,92.41
TRUMP_USDT,1m,Maker 0.00% / Taker 0.01%,0.0,0.01,1,2,1653,1046,607,63.28,0.4,-53.46,-53.46,53.51,-0.0323,22.89,46.54
TRUMP_USDT,15m,Maker 0.00% / Taker 0.01%,0.0,0.01,1,2,109,94,15,86.24,0.57,-3.46,-3.46,4.12,-0.0318,2.14,96.54
TRUMP_USDT,1m,Maker 0.00% / Taker 0.01%,0.0,0.01,2,2,13028,6329,6699,48.58,0.26,-102.37,-102.37,102.37,-0.0079,24.12,-2.37
TRUMP_USDT,1m,Maker 0.00% / Taker 0.01%,0.0,0.01,3,2,13305,5126,8179,38.53,0.18,-104.67,-104.67,104.67,-0.0079,17.69,-4.67
TRUMP_USDT,1m,Maker 0.00% / Taker 0.01%,0.0,0.01,4,2,13580,3987,9593,29.36,0.12,-107.34,-107.34,107.34,-0.0079,14.06,-7.34
TRUMP_USDT,1m,Maker 0.00% / Taker 0.01%,0.0,0.01,5,2,13996,3121,10875,22.3,0.09,-110.06,-110.06,110.06,-0.0079,11.57,-10.06
TRUMP_USDT,1m,Maker 0.00% / Taker 0.01%,0.0,0.01,6,2,14281,2486,11795,17.41,0.06,-112.59,-112.59,112.59,-0.0079,9.88,-12.59
TRUMP_USDT,1m,Maker 0.00% / Taker 0.01%,0.0,0.01,7,2,14409,2017,12392,14.0,0.05,-114.82,-114.82,114.82,-0.008,8.66,-14.82
TRUMP_USDT,1m,Maker 0.00% / Taker 0.05%,0.0,0.05,1,2,11902,5990,5912,50.33,0.17,-102.57,-102.57,102.57,-0.0086,78.14,-2.57
TRUMP_USDT,1m,Maker 0.00% / Taker 0.05%,0.0,0.05,2,2,12008,4999,7009,41.63,0.12,-104.6,-104.6,104.6,-0.0087,62.89,-4.6
TRUMP_USDT,1m,Maker 0.00% / Taker 0.05%,0.0,0.05,3,2,12415,4074,8341,32.82,0.09,-107.03,-107.03,107.03,-0.0086,51.88,-7.03
TRUMP_USDT,1m,Maker 0.00% / Taker 0.05%,0.0,0.05,4,2,12947,3254,9693,25.13,0.06,-109.76,-109.76,109.76,-0.0085,44.86,-9.76
TRUMP_USDT,1m,Maker 0.00% / Taker 0.05%,0.0,0.05,5,2,13442,2597,10845,19.32,0.04,-112.47,-112.47,112.47,-0.0084,38.9,-12.47
TRUMP_USDT,1m,Maker 0.00% / Taker 0.05%,0.0,0.05,6,2,13831,2105,11726,15.22,0.03,-115.02,-115.02,115.03,-0.0083,35.15,-15.02
TRUMP_USDT,1m,Maker 0.00% / Taker 0.05%,0.0,0.05,7,2,14154,1731,12423,12.23,0.03,-117.55,-117.55,117.55,-0.0083,32.45,-17.55
TRUMP_USDT,1m,Maker 0.10% / Taker 0.10%,0.1,0.1,1,2,10566,4513,6053,42.71,0.08,-104.89,-104.89,104.89,-0.0099,87.38,-4.89
TRUMP_USDT,1m,Maker 0.10% / Taker 0.10%,0.1,0.1,2,2,10866,3814,7052,35.1,0.06,-107.0,-107.0,107.0,-0.0098,77.93,-7.0
TRUMP_USDT,1m,Maker 0.10% / Taker 0.10%,0.1,0.1,3,2,11452,3221,8231,28.13,0.05,-109.37,-109.37,109.37,-0.0096,71.67,-9.37
TRUMP_USDT,1m,Maker 0.10% / Taker 0.10%,0.1,0.1,4,2,12201,2664,9537,21.83,0.04,-112.19,-112.19,112.19,-0.0092,64.41,-12.19
TRUMP_USDT,1m,Maker 0.10% / Taker 0.10%,0.1,0.1,5,2,12927,2176,10751,16.83,0.03,-115.25,-115.25,115.25,-0.0089,59.03,-15.25
TRUMP_USDT,1m,Maker 0.10% / Taker 0.10%,0.1,0.1,6,2,13431,1775,11656,13.22,0.02,-118.15,-118.15,118.15,-0.0088,53.97,-18.15
TRUMP_USDT,1m,Maker 0.10% / Taker 0.10%,0.1,0.1,7,2,13803,1451,12352,10.51,0.02,-120.88,-120.88,120.88,-0.0088,50.53,-20.88
TRUMP_USDT,5m,Maker 0.00% / Taker 0.01%,0.0,0.01,1,2,2660,1995,665,75.0,0.51,-86.5,-86.5,86.59,-0.0325,27.49,13.5
TRUMP_USDT,5m,Maker 0.00% / Taker 0.01%,0.0,0.01,2,2,2636,1792,844,67.98,0.35,-97.52,-97.52,97.54,-0.037,19.47,2.48
TRUMP_USDT,5m,Maker 0.00% / Taker 0.01%,0.0,0.01,3,2,2627,1625,1002,61.86,0.26,-99.56,-99.56,99.57,-0.0379,15.17,0.44
TRUMP_USDT,5m,Maker 0.00% / Taker 0.01%,0.0,0.01,4,2,2608,1445,1163,55.41,0.2,-99.99,-99.99,99.99,-0.0383,12.5,0.01
TRUMP_USDT,5m,Maker 0.00% / Taker 0.01%,0.0,0.01,5,2,2604,1287,1317,49.42,0.16,-100.31,-100.31,100.31,-0.0385,10.44,-0.31
TRUMP_USDT,5m,Maker 0.00% / Taker 0.01%,0.0,0.01,6,2,2609,1159,1450,44.42,0.13,-100.62,-100.62,100.62,-0.0386,8.95,-0.62
TRUMP_USDT,5m,Maker 0.00% / Taker 0.01%,0.0,0.01,7,2,2613,1044,1569,39.95,0.11,-100.94,-100.94,100.94,-0.0386,7.96,-0.94
TRUMP_USDT,5m,Maker 0.00% / Taker 0.05%,0.0,0.05,1,2,2584,1744,840,67.49,0.27,-98.35,-98.35,98.36,-0.0381,72.73,1.65
TRUMP_USDT,5m,Maker 0.00% / Taker 0.05%,0.0,0.05,2,2,2563,1573,990,61.37,0.21,-99.69,-99.69,99.69,-0.0389,58.43,0.31
TRUMP_USDT,5m,Maker 0.00% / Taker 0.05%,0.0,0.05,3,2,2550,1402,1148,54.98,0.16,-100.06,-100.06,100.06,-0.0392,48.37,-0.06
TRUMP_USDT,5m,Maker 0.00% / Taker 0.05%,0.0,0.05,4,2,2540,1276,1264,50.24,0.13,-100.32,-100.32,100.32,-0.0395,41.92,-0.32
TRUMP_USDT,5m,Maker 0.00% / Taker 0.05%,0.0,0.05,5,2,2548,1162,1386,45.6,0.11,-100.66,-100.66,100.66,-0.0395,36.86,-0.66
TRUMP_USDT,5m,Maker 0.00% / Taker 0.05%,0.0,0.05,6,2,2563,1040,1523,40.58,0.08,-101.0,-101.0,101.0,-0.0394,32.01,-1.0
TRUMP_USDT,5m,Maker 0.00% / Taker 0.05%,0.0,0.05,7,2,2575,936,1639,36.35,0.07,-101.36,-101.36,101.36,-0.0394,29.27,-1.36
TRUMP_USDT,5m,Maker 0.10% / Taker 0.10%,0.1,0.1,1,2,2472,1475,997,59.67,0.13,-99.9,-99.9,99.9,-0.0404,81.93,0.1
TRUMP_USDT,5m,Maker 0.10% / Taker 0.10%,0.1,0.1,2,2,2467,1350,1117,54.72,0.11,-100.16,-100.16,100.16,-0.0406,71.85,-0.16
TRUMP_USDT,5m,Maker 0.10% / Taker 0.10%,0.1,0.1,3,2,2454,1224,1230,49.88,0.09,-100.43,-100.43,100.43,-0.0409,65.15,-0.43
TRUMP_USDT,5m,Maker 0.10% / Taker 0.10%,0.1,0.1,4,2,2466,1130,1336,45.82,0.08,-100.72,-100.72,100.72,-0.0408,58.38,-0.72
TRUMP_USDT,5m,Maker 0.10% / Taker 0.10%,0.1,0.1,5,2,2474,1026,1448,41.47,0.06,-101.04,-101.04,101.04,-0.0408,53.03,-1.04
TRUMP_USDT,5m,Maker 0.10% / Taker 0.10%,0.1,0.1,6,2,2495,928,1567,37.19,0.06,-101.43,-101.43,101.43,-0.0407,49.44,-1.43
TRUMP_USDT,5m,Maker 0.10% / Taker 0.10%,0.1,0.1,7,2,2513,849,1664,33.78,0.05,-101.8,-101.8,101.8,-0.0405,46.15,-1.8
TRUMP_USDT,15m,Maker 0.00% / Taker 0.01%,0.0,0.01,2,2,886,710,176,80.14,0.45,-57.53,-57.53,59.52,-0.0649,12.25,42.47
TRUMP_USDT,15m,Maker 0.00% / Taker 0.01%,0.0,0.01,3,2,880,674,206,76.59,0.34,-74.1,-74.1,75.3,-0.0842,10.62,25.9
TRUMP_USDT,15m,Maker 0.00% / Taker 0.01%,0.0,0.01,4,2,878,640,238,72.89,0.27,-84.3,-84.3,84.99,-0.096,9.58,15.7
TRUMP_USDT,15m,Maker 0.00% / Taker 0.01%,0.0,0.01,5,2,874,614,260,70.25,0.23,-89.32,-89.32,89.79,-0.1022,8.89,10.68
TRUMP_USDT,15m,Maker 0.00% / Taker 0.01%,0.0,0.01,6,2,872,579,293,66.4,0.19,-94.15,-94.15,94.33,-0.108,7.92,5.85
TRUMP_USDT,15m,Maker 0.00% / Taker 0.01%,0.0,0.01,7,2,878,544,334,61.96,0.15,-97.02,-97.02,97.11,-0.1105,6.98,2.98
TRUMP_USDT,15m,Maker 0.00% / Taker 0.05%,0.0,0.05,1,2,877,699,178,79.7,0.37,-65.74,-65.74,67.17,-0.075,53.74,34.26
TRUMP_USDT,15m,Maker 0.00% / Taker 0.05%,0.0,0.05,2,2,877,668,209,76.17,0.29,-77.65,-77.65,78.57,-0.0885,48.0,22.35
TRUMP_USDT,15m,Maker 0.00% / Taker 0.05%,0.0,0.05,3,2,873,632,241,72.39,0.24,-86.31,-86.31,86.87,-0.0989,42.75,13.69
TRUMP_USDT,15m,Maker 0.00% / Taker 0.05%,0.0,0.05,4,2,869,601,268,69.16,0.19,-91.71,-91.71,92.04,-0.1055,37.79,8.29
TRUMP_USDT,15m,Maker 0.00% / Taker 0.05%,0.0,0.05,5,2,868,571,297,65.78,0.16,-95.08,-95.08,95.23,-0.1095,34.43,4.92
TRUMP_USDT,15m,Maker 0.00% / Taker 0.05%,0.0,0.05,6,2,864,541,323,62.62,0.14,-97.1,-97.1,97.19,-0.1124,31.56,2.9
TRUMP_USDT,15m,Maker 0.00% / Taker 0.05%,0.0,0.05,7,2,864,508,356,58.8,0.12,-98.5,-98.5,98.54,-0.114,29.23,1.5
TRUMP_USDT,15m,Maker 0.10% / Taker 0.10%,0.1,0.1,1,2,865,646,219,74.68,0.23,-83.39,-83.39,84.09,-0.0964,78.4,16.61
TRUMP_USDT,15m,Maker 0.10% / Taker 0.10%,0.1,0.1,2,2,865,612,253,70.75,0.19,-90.24,-90.24,90.65,-0.1043,71.1,9.76
TRUMP_USDT,15m,Maker 0.10% / Taker 0.10%,0.1,0.1,3,2,855,584,271,68.3,0.16,-93.6,-93.6,93.79,-0.1095,66.6,6.4
TRUMP_USDT,15m,Maker 0.10% / Taker 0.10%,0.1,0.1,4,2,852,551,301,64.67,0.14,-96.36,-96.36,96.47,-0.1131,60.54,3.64
TRUMP_USDT,15m,Maker 0.10% / Taker 0.10%,0.1,0.1,5,2,847,520,327,61.39,0.12,-98.05,-98.05,98.1,-0.1158,54.76,1.95
TRUMP_USDT,15m,Maker 0.10% / Taker 0.10%,0.1,0.1,6,2,848,499,349,58.84,0.1,-98.8,-98.8,98.84,-0.1165,51.56,1.2
TRUMP_USDT,15m,Maker 0.10% / Taker 0.10%,0.1,0.1,7,2,849,464,385,54.65,0.09,-99.44,-99.44,99.45,-0.1171,47.65,0.56
TRUMP_USDT,1h,Maker 0.00% / Taker 0.01%,0.0,0.01,1,2,210,192,18,91.43,0.76,-6.67,-6.67,10.01,-0.0317,4.01,93.33
TRUMP_USDT,1h,Maker 0.00% / Taker 0.01%,0.0,0.01,2,2,209,189,20,90.43,0.62,-12.25,-12.25,13.25,-0.0586,3.94,87.75
TRUMP_USDT,1h,Maker 0.00% / Taker 0.01%,0.0,0.01,3,2,208,181,27,87.02,0.36,-28.58,-28.58,29.39,-0.1374,3.48,71.42
TRUMP_USDT,1h,Maker 0.00% / Taker 0.01%,0.0,0.01,4,2,208,177,31,85.1,0.31,-34.63,-34.63,35.38,-0.1665,3.36,65.37
TRUMP_USDT,1h,Maker 0.00% / Taker 0.01%,0.0,0.01,5,2,206,173,33,83.98,0.27,-39.21,-39.21,39.9,-0.1903,3.29,60.79
TRUMP_USDT,1h,Maker 0.00% / Taker 0.01%,0.0,0.01,6,2,206,170,36,82.52,0.23,-44.49,-44.49,45.12,-0.216,3.11,55.51
TRUMP_USDT,1h,Maker 0.00% / Taker 0.01%,0.0,0.01,7,2,208,165,43,79.33,0.19,-52.77,-52.77,53.31,-0.2537,2.98,47.23
TRUMP_USDT,1h,Maker 0.00% / Taker 0.05%,0.0,0.05,1,2,209,183,26,87.56,0.35,-28.85,-28.85,29.61,-0.138,17.23,71.15
TRUMP_USDT,1h,Maker 0.00% / Taker 0.05%,0.0,0.05,2,2,208,180,28,86.54,0.33,-31.59,-31.59,32.33,-0.1519,16.89,68.41
TRUMP_USDT,1h,Maker 0.00% / Taker 0.05%,0.0,0.05,3,2,208,176,32,84.62,0.27,-38.14,-38.14,38.81,-0.1834,16.02,61.86
TRUMP_USDT,1h,Maker 0.00% / Taker 0.05%,0.0,0.05,4,2,206,171,35,83.01,0.23,-43.89,-43.89,44.49,-0.213,15.55,56.11
TRUMP_USDT,1h,Maker 0.00% / Taker 0.05%,0.0,0.05,5,2,206,167,39,81.07,0.2,-48.6,-48.6,49.15,-0.2359,14.99,51.4
TRUMP_USDT,1h,Maker 0.00% / Taker 0.05%,0.0,0.05,6,2,205,158,47,77.07,0.15,-60.57,-60.57,60.74,-0.2954,14.12,39.43
TRUMP_USDT,1h,Maker 0.00% / Taker 0.05%,0.0,0.05,7,2,206,156,50,75.73,0.13,-64.81,-64.81,64.96,-0.3146,13.61,35.19
TRUMP_USDT,1h,Maker 0.10% / Taker 0.10%,0.1,0.1,1,2,208,176,32,84.62,0.26,-38.74,-38.74,39.35,-0.1863,31.34,61.26
TRUMP_USDT,1h,Maker 0.10% / Taker 0.10%,0.1,0.1,2,2,206,173,33,83.98,0.24,-42.16,-42.16,42.73,-0.2047,30.56,57.84
TRUMP_USDT,1h,Maker 0.10% / Taker 0.10%,0.1,0.1,3,2,206,166,40,80.58,0.18,-53.13,-53.13,53.39,-0.2579,29.19,46.87
TRUMP_USDT,1h,Maker 0.10% / Taker 0.10%,0.1,0.1,4,2,205,157,48,76.59,0.15,-61.19,-61.19,61.34,-0.2985,27.9,38.81
TRUMP_USDT,1h,Maker 0.10% / Taker 0.10%,0.1,0.1,5,2,204,155,49,75.98,0.14,-63.72,-63.72,63.86,-0.3124,27.15,36.28
TRUMP_USDT,1h,Maker 0.10% / Taker 0.10%,0.1,0.1,6,2,203,151,52,74.38,0.12,-67.92,-67.92,68.04,-0.3346,26.12,32.08
TRUMP_USDT,1h,Maker 0.10% / Taker 0.10%,0.1,0.1,7,2,202,145,57,71.78,0.1,-74.06,-74.06,74.16,-0.3666,24.12,25.94
TRUMP_USDT,4h,Maker 0.00% / Taker 0.01%,0.0,0.01,1,2,45,44,1,97.78,2.24,2.87,2.87,2.3,0.0637,0.9,102.87
TRUMP_USDT,4h,Maker 0.00% / Taker 0.01%,0.0,0.01,2,2,45,44,1,97.78,2.22,2.84,2.84,2.33,0.0631,0.9,102.84
TRUMP_USDT,4h,Maker 0.00% / Taker 0.01%,0.0,0.01,3,2,44,43,1,97.73,2.11,2.62,2.62,2.36,0.0595,0.88,102.62
TRUMP_USDT,4h,Maker 0.00% / Taker 0.01%,0.0,0.01,4,2,44,42,2,95.45,1.71,2.03,2.03,2.7,0.0462,0.87,102.03
TRUMP_USDT,4h,Maker 0.00% / Taker 0.01%,0.0,0.01,5,2,44,42,2,95.45,1.68,1.98,1.98,2.75,0.045,0.87,101.98
TRUMP_USDT,4h,Maker 0.00% / Taker 0.01%,0.0,0.01,6,2,44,42,2,95.45,1.65,1.93,1.93,2.79,0.0439,0.87,101.93
TRUMP_USDT,4h,Maker 0.00% / Taker 0.01%,0.0,0.01,7,2,44,42,2,95.45,1.62,1.88,1.88,2.84,0.0428,0.87,101.88
TRUMP_USDT,4h,Maker 0.00% / Taker 0.05%,0.0,0.05,1,2,45,44,1,97.78,2.03,2.47,2.47,2.38,0.0548,4.49,102.47
TRUMP_USDT,4h,Maker 0.00% / Taker 0.05%,0.0,0.05,2,2,44,43,1,97.73,1.94,2.26,2.26,2.41,0.0514,4.39,102.26
TRUMP_USDT,4h,Maker 0.00% / Taker 0.05%,0.0,0.05,3,2,44,43,1,97.73,1.91,2.23,2.23,2.43,0.0507,4.39,102.23
TRUMP_USDT,4h,Maker 0.00% / Taker 0.05%,0.0,0.05,4,2,44,42,2,95.45,1.51,1.56,1.56,2.83,0.0355,4.36,101.56
TRUMP_USDT,4h,Maker 0.00% / Taker 0.05%,0.0,0.05,5,2,44,42,2,95.45,1.49,1.51,1.51,2.88,0.0344,4.36,101.51
TRUMP_USDT,4h,Maker 0.00% / Taker 0.05%,0.0,0.05,6,2,44,42,2,95.45,1.47,1.46,1.46,2.93,0.0332,4.36,101.46
TRUMP_USDT,4h,Maker 0.00% / Taker 0.05%,0.0,0.05,7,2,44,41,3,93.18,0.72,-1.72,-1.72,2.98,-0.039,4.35,98.28
TRUMP_USDT,4h,Maker 0.10% / Taker 0.10%,0.1,0.1,1,2,44,43,1,97.73,1.89,2.21,2.21,2.48,0.0503,8.77,102.21
TRUMP_USDT,4h,Maker 0.10% / Taker 0.10%,0.1,0.1,2,2,44,43,1,97.73,1.87,2.18,2.18,2.5,0.0496,8.77,102.18
TRUMP_USDT,4h,Maker 0.10% / Taker 0.10%,0.1,0.1,3,2,44,43,1,97.73,1.85,2.15,2.15,2.53,0.0489,8.77,102.15
TRUMP_USDT,4h,Maker 0.10% / Taker 0.10%,0.1,0.1,4,2,44,42,2,95.45,1.43,1.38,1.38,3.04,0.0313,8.71,101.38
TRUMP_USDT,4h,Maker 0.10% / Taker 0.10%,0.1,0.1,5,2,44,42,2,95.45,1.41,1.33,1.33,3.09,0.0302,8.7,101.33
TRUMP_USDT,4h,Maker 0.10% / Taker 0.10%,0.1,0.1,6,2,44,41,3,93.18,0.71,-1.83,-1.83,3.13,-0.0417,8.68,98.17
TRUMP_USDT,4h,Maker 0.10% / Taker 0.10%,0.1,0.1,7,2,44,41,3,93.18,0.69,-1.96,-1.96,3.18,-0.0445,8.68,98.04
TRUMP_USDT,1d,Maker 0.00% / Taker 0.01%,0.0,0.01,1,2,6,6,0,100.0,999.0,0.72,0.72,0.0,0.1207,0.12,100.72
TRUMP_USDT,1d,Maker 0.00% / Taker 0.01%,0.0,0.01,2,2,6,6,0,100.0,999.0,0.72,0.72,0.0,0.1206,0.12,100.72
TRUMP_USDT,1d,Maker 0.00% / Taker 0.01%,0.0,0.01,3,2,6,6,0,100.0,999.0,0.72,0.72,0.0,0.1206,0.12,100.72
TRUMP_USDT,1d,Maker 0.00% / Taker 0.01%,0.0,0.01,4,2,6,6,0,100.0,999.0,0.72,0.72,0.0,0.1206,0.12,100.72
TRUMP_USDT,1d,Maker 0.00% / Taker 0.01%,0.0,0.01,5,2,6,6,0,100.0,999.0,0.72,0.72,0.0,0.1206,0.12,100.72
TRUMP_USDT,1d,Maker 0.00% / Taker 0.01%,0.0,0.01,6,2,6,6,0,100.0,999.0,0.72,0.72,0.0,0.1206,0.12,100.72
TRUMP_USDT,1d,Maker 0.00% / Taker 0.01%,0.0,0.01,7,2,6,6,0,100.0,999.0,0.72,0.72,0.0,0.1207,0.12,100.72
TRUMP_USDT,1d,Maker 0.00% / Taker 0.05%,0.0,0.05,1,2,6,6,0,100.0,999.0,0.68,0.68,0.0,0.1133,0.6,100.68
TRUMP_USDT,1d,Maker 0.00% / Taker 0.05%,0.0,0.05,2,2,6,6,0,100.0,999.0,0.68,0.68,0.0,0.1132,0.6,100.68
TRUMP_USDT,1d,Maker 0.00% / Taker 0.05%,0.0,0.05,3,2,6,6,0,100.0,999.0,0.68,0.68,0.0,0.1132,0.6,100.68
TRUMP_USDT,1d,Maker 0.00% / Taker 0.05%,0.0,0.05,4,2,6,6,0,100.0,999.0,0.68,0.68,0.0,0.1132,0.6,100.68
TRUMP_USDT,1d,Maker 0.00% / Taker 0.05%,0.0,0.05,5,2,6,6,0,100.0,999.0,0.68,0.68,0.0,0.1132,0.6,100.68
TRUMP_USDT,1d,Maker 0.00% / Taker 0.05%,0.0,0.05,6,2,6,6,0,100.0,999.0,0.68,0.68,0.0,0.1132,0.6,100.68
TRUMP_USDT,1d,Maker 0.00% / Taker 0.05%,0.0,0.05,7,2,6,6,0,100.0,999.0,0.68,0.68,0.0,0.1132,0.6,100.68
TRUMP_USDT,1d,Maker 0.10% / Taker 0.10%,0.1,0.1,1,2,6,6,0,100.0,999.0,0.76,0.76,0.0,0.1271,1.2,100.76
TRUMP_USDT,1d,Maker 0.10% / Taker 0.10%,0.1,0.1,2,2,6,6,0,100.0,999.0,0.76,0.76,0.0,0.1272,1.2,100.76
TRUMP_USDT,1d,Maker 0.10% / Taker 0.10%,0.1,0.1,3,2,6,6,0,100.0,999.0,0.76,0.76,0.0,0.1271,1.2,100.76
TRUMP_USDT,1d,Maker 0.10% / Taker 0.10%,0.1,0.1,4,2,6,6,0,100.0,999.0,0.76,0.76,0.0,0.1271,1.2,100.76
TRUMP_USDT,1d,Maker 0.10% / Taker 0.10%,0.1,0.1,5,2,6,6,0,100.0,999.0,0.76,0.76,0.0,0.1271,1.2,100.76
TRUMP_USDT,1d,Maker 0.10% / Taker 0.10%,0.1,0.1,6,2,6,6,0,100.0,999.0,0.76,0.76,0.0,0.127,1.2,100.76
TRUMP_USDT,1d,Maker 0.10% / Taker 0.10%,0.1,0.1,7,2,6,6,0,100.0,999.0,0.76,0.76,0.0,0.1271,1.2,100.76
XAG_USDT,1m,Maker 0.00% / Taker 0.01%,0.0,0.01,1,2,11499,7372,4127,64.11,0.32,-99.21,-99.21,99.21,-0.0086,45.58,0.79
XAG_USDT,1m,Maker 0.00% / Taker 0.01%,0.0,0.01,2,2,11628,6617,5011,56.91,0.24,-100.64,-100.64,100.64,-0.0087,34.02,-0.64
XAG_USDT,1m,Maker 0.00% / Taker 0.01%,0.0,0.01,3,2,12002,5878,6124,48.98,0.18,-102.71,-102.71,102.71,-0.0086,26.16,-2.71
XAG_USDT,1m,Maker 0.00% / Taker 0.01%,0.0,0.01,4,2,12379,5217,7162,42.14,0.13,-104.96,-104.96,104.95,-0.0085,21.33,-4.96
XAG_USDT,1m,Maker 0.00% / Taker 0.01%,0.0,0.01,5,2,12662,4616,8046,36.46,0.11,-107.2,-107.2,107.18,-0.0085,18.39,-7.2
XAG_USDT,1m,Maker 0.00% / Taker 0.01%,0.0,0.01,6,2,12760,4159,8601,32.59,0.09,-109.19,-109.19,109.16,-0.0086,16.09,-9.19
XAG_USDT,1m,Maker 0.00% / Taker 0.01%,0.0,0.01,7,2,12841,3718,9123,28.95,0.07,-111.27,-111.27,111.26,-0.0087,14.28,-11.27
XAG_USDT,1m,Maker 0.00% / Taker 0.05%,0.0,0.05,1,2,9844,5076,4768,51.56,0.12,-104.37,-104.37,104.36,-0.0106,84.19,-4.37
XAG_USDT,1m,Maker 0.00% / Taker 0.05%,0.0,0.05,2,2,10117,4701,5416,46.47,0.1,-106.0,-106.0,105.98,-0.0105,74.59,-6.0
XAG_USDT,1m,Maker 0.00% / Taker 0.05%,0.0,0.05,3,2,10643,4266,6377,40.08,0.08,-108.34,-108.34,108.32,-0.0102,67.38,-8.34
XAG_USDT,1m,Maker 0.00% / Taker 0.05%,0.0,0.05,4,2,11238,3879,7359,34.52,0.07,-110.93,-110.93,110.9,-0.0099,62.13,-10.93
XAG_USDT,1m,Maker 0.00% / Taker 0.05%,0.0,0.05,5,2,11627,3521,8106,30.28,0.06,-113.39,-113.39,113.37,-0.0098,58.15,-13.39
XAG_USDT,1m,Maker 0.00% / Taker 0.05%,0.0,0.05,6,2,11917,3224,8693,27.05,0.05,-115.64,-115.64,115.61,-0.0097,53.11,-15.64
XAG_USDT,1m,Maker 0.00% / Taker 0.05%,0.0,0.05,7,2,12075,2909,9166,24.09,0.04,-117.84,-117.84,117.81,-0.0098,49.05,-17.84
XAG_USDT,1m,Maker 0.10% / Taker 0.10%,0.1,0.1,1,2,8509,3563,4946,41.87,0.06,-109.57,-109.57,109.55,-0.0129,96.51,-9.57
XAG_USDT,1m,Maker 0.10% / Taker 0.10%,0.1,0.1,2,2,8863,3333,5530,37.61,0.05,-111.59,-111.59,111.57,-0.0126,91.11,-11.59
XAG_USDT,1m,Maker 0.10% / Taker 0.10%,0.1,0.1,3,2,9395,3120,6275,33.21,0.04,-114.01,-114.01,113.99,-0.0121,86.25,-14.01
XAG_USDT,1m,Maker 0.10% / Taker 0.10%,0.1,0.1,4,2,10189,2892,7297,28.38,0.04,-117.17,-117.17,117.15,-0.0115,82.64,-17.17
XAG_USDT,1m,Maker 0.10% / Taker 0.10%,0.1,0.1,5,2,10763,2688,8075,24.97,0.03,-120.06,-120.06,120.03,-0.0112,80.25,-20.06
XAG_USDT,1m,Maker 0.10% / Taker 0.10%,0.1,0.1,6,2,11108,2486,8622,22.38,0.03,-122.57,-122.57,122.54,-0.011,76.55,-22.57
XAG_USDT,1m,Maker 0.10% / Taker 0.10%,0.1,0.1,7,2,11242,2262,8980,20.12,0.02,-124.68,-124.68,124.65,-0.0111,72.15,-24.68
XAG_USDT,5m,Maker 0.00% / Taker 0.01%,0.0,0.01,1,2,2393,1837,556,76.77,0.39,-62.51,-62.51,62.85,-0.0261,30.47,37.49
XAG_USDT,5m,Maker 0.00% / Taker 0.01%,0.0,0.01,2,2,2440,1751,689,71.76,0.3,-75.39,-75.39,75.61,-0.0309,26.71,24.61
XAG_USDT,5m,Maker 0.00% / Taker 0.01%,0.0,0.01,3,2,2493,1640,853,65.78,0.23,-85.56,-85.56,85.63,-0.0343,22.91,14.44
XAG_USDT,5m,Maker 0.00% / Taker 0.01%,0.0,0.01,4,2,2506,1523,983,60.77,0.18,-91.52,-91.52,91.54,-0.0365,19.69,8.48
XAG_USDT,5m,Maker 0.00% / Taker 0.01%,0.0,0.01,5,2,2532,1453,1079,57.39,0.15,-94.65,-94.65,94.66,-0.0374,17.69,5.35
XAG_USDT,5m,Maker 0.00% / Taker 0.01%,0.0,0.01,6,2,2574,1373,1201,53.34,0.13,-97.07,-97.07,97.07,-0.0377,16.07,2.93
XAG_USDT,5m,Maker 0.00% / Taker 0.01%,0.0,0.01,7,2,2600,1300,1300,50.0,0.11,-98.38,-98.38,98.38,-0.0378,14.01,1.62
XAG_USDT,5m,Maker 0.00% / Taker 0.05%,0.0,0.05,1,2,2198,1489,709,67.74,0.17,-92.01,-92.01,92.03,-0.0419,82.21,7.99
XAG_USDT,5m,Maker 0.00% / Taker 0.05%,0.0,0.05,2,2,2234,1431,803,64.06,0.15,-94.78,-94.78,94.79,-0.0424,75.42,5.22
XAG_USDT,5m,Maker 0.00% / Taker 0.05%,0.0,0.05,3,2,2302,1370,932,59.51,0.12,-97.04,-97.04,97.04,-0.0422,68.06,2.96
XAG_USDT,5m,Maker 0.00% / Taker 0.05%,0.0,0.05,4,2,2344,1298,1046,55.38,0.11,-98.29,-98.29,98.29,-0.0419,61.8,1.71
XAG_USDT,5m,Maker 0.00% / Taker 0.05%,0.0,0.05,5,2,2388,1228,1160,51.42,0.09,-99.04,-99.04,99.05,-0.0415,56.73,0.96
XAG_USDT,5m,Maker 0.00% / Taker 0.05%,0.0,0.05,6,2,2459,1165,1294,47.38,0.08,-99.57,-99.57,99.57,-0.0405,51.25,0.43
XAG_USDT,5m,Maker 0.00% / Taker 0.05%,0.0,0.05,7,2,2474,1097,1377,44.34,0.08,-99.91,-99.91,99.91,-0.0404,48.17,0.09
XAG_USDT,5m,Maker 0.10% / Taker 0.10%,0.1,0.1,1,2,1994,1188,806,59.58,0.09,-98.47,-98.47,98.48,-0.0494,98.41,1.53
XAG_USDT,5m,Maker 0.10% / Taker 0.10%,0.1,0.1,2,2,2036,1154,882,56.68,0.08,-99.04,-99.04,99.04,-0.0486,94.41,0.96
XAG_USDT,5m,Maker 0.10% / Taker 0.10%,0.1,0.1,3,2,2104,1104,1000,52.47,0.07,-99.53,-99.53,99.53,-0.0473,86.8,0.47
XAG_USDT,5m,Maker 0.10% / Taker 0.10%,0.1,0.1,4,2,2193,1057,1136,48.2,0.07,-99.91,-99.91,99.91,-0.0456,81.26,0.09
XAG_USDT,5m,Maker 0.10% / Taker 0.10%,0.1,0.1,5,2,2233,1018,1215,45.59,0.06,-100.28,-100.28,100.28,-0.0449,76.54,-0.28
XAG_USDT,5m,Maker 0.10% / Taker 0.10%,0.1,0.1,6,2,2312,982,1330,42.47,0.05,-100.69,-100.69,100.69,-0.0436,72.45,-0.69
XAG_USDT,5m,Maker 0.10% / Taker 0.10%,0.1,0.1,7,2,2320,932,1388,40.17,0.05,-101.05,-101.05,101.05,-0.0436,69.11,-1.05
XAG_USDT,15m,Maker 0.00% / Taker 0.01%,0.0,0.01,1,2,821,669,152,81.49,0.36,-33.2,-33.2,33.94,-0.0404,13.25,66.8
XAG_USDT,15m,Maker 0.00% / Taker 0.01%,0.0,0.01,2,2,815,645,170,79.14,0.3,-40.22,-40.22,40.71,-0.0493,12.48,59.78
XAG_USDT,15m,Maker 0.00% / Taker 0.01%,0.0,0.01,3,2,807,623,184,77.2,0.25,-47.51,-47.51,47.68,-0.0589,11.83,52.49
XAG_USDT,15m,Maker 0.00% / Taker 0.01%,0.0,0.01,4,2,810,602,208,74.32,0.22,-52.63,-52.63,52.79,-0.065,11.47,47.37
XAG_USDT,15m,Maker 0.00% / Taker 0.01%,0.0,0.01,5,2,809,574,235,70.95,0.17,-61.38,-61.38,61.48,-0.0759,10.67,38.62
XAG_USDT,15m,Maker 0.00% / Taker 0.01%,0.0,0.01,6,2,819,557,262,68.01,0.15,-67.54,-67.54,67.63,-0.0825,10.15,32.46
XAG_USDT,15m,Maker 0.00% / Taker 0.01%,0.0,0.01,7,2,813,534,279,65.68,0.13,-71.7,-71.7,71.77,-0.0882,9.59,28.3
XAG_USDT,15m,Maker 0.00% / Taker 0.05%,0.0,0.05,1,2,773,577,196,74.64,0.15,-63.88,-63.88,63.97,-0.0826,46.93,36.12
XAG_USDT,15m,Maker 0.00% / Taker 0.05%,0.0,0.05,2,2,771,560,211,72.63,0.13,-69.06,-69.06,69.14,-0.0896,43.76,30.94
XAG_USDT,15m,Maker 0.00% / Taker 0.05%,0.0,0.05,3,2,759,535,224,70.49,0.12,-72.31,-72.31,72.35,-0.0953,41.4,27.69
XAG_USDT,15m,Maker 0.00% / Taker 0.05%,0.0,0.05,4,2,772,522,250,67.62,0.11,-76.07,-76.07,76.11,-0.0985,40.31,23.93
XAG_USDT,15m,Maker 0.00% / Taker 0.05%,0.0,0.05,5,2,778,506,272,65.04,0.1,-79.44,-79.44,79.47,-0.1021,38.54,20.56
XAG_USDT,15m,Maker 0.00% / Taker 0.05%,0.0,0.05,6,2,783,486,297,62.07,0.08,-82.49,-82.49,82.52,-0.1053,36.74,17.51
XAG_USDT,15m,Maker 0.00% / Taker 0.05%,0.0,0.05,7,2,785,469,316,59.75,0.08,-85.14,-85.14,85.17,-0.1085,35.46,14.86
XAG_USDT,15m,Maker 0.10% / Taker 0.10%,0.1,0.1,1,2,720,494,226,68.61,0.09,-79.4,-79.4,79.44,-0.1103,69.77,20.6
XAG_USDT,15m,Maker 0.10% / Taker 0.10%,0.1,0.1,2,2,718,476,242,66.3,0.08,-82.26,-82.26,82.3,-0.1146,66.57,17.74
XAG_USDT,15m,Maker 0.10% / Taker 0.10%,0.1,0.1,3,2,719,467,252,64.95,0.08,-84.02,-84.02,84.05,-0.1169,64.22,15.98
XAG_USDT,15m,Maker 0.10% / Taker 0.10%,0.1,0.1,4,2,717,458,259,63.88,0.07,-85.95,-85.95,85.98,-0.1199,61.54,14.05
XAG_USDT,15m,Maker 0.10% / Taker 0.10%,0.1,0.1,5,2,720,446,274,61.94,0.07,-87.56,-87.56,87.58,-0.1216,60.22,12.44
XAG_USDT,15m,Maker 0.10% / Taker 0.10%,0.1,0.1,6,2,723,432,291,59.75,0.06,-89.57,-89.57,89.59,-0.1239,58.37,10.43
XAG_USDT,15m,Maker 0.10% / Taker 0.10%,0.1,0.1,7,2,723,417,306,57.68,0.06,-91.0,-91.0,91.01,-0.1259,56.59,9.0
XAG_USDT,1h,Maker 0.00% / Taker 0.01%,0.0,0.01,1,2,203,183,20,90.15,0.39,-9.81,-9.81,10.19,-0.0483,3.89,90.19
XAG_USDT,1h,Maker 0.00% / Taker 0.01%,0.0,0.01,2,2,202,176,26,87.13,0.31,-12.75,-12.75,13.01,-0.0631,3.83,87.25
XAG_USDT,1h,Maker 0.00% / Taker 0.01%,0.0,0.01,3,2,201,171,30,85.07,0.27,-14.87,-14.87,15.01,-0.074,3.77,85.13
XAG_USDT,1h,Maker 0.00% / Taker 0.01%,0.0,0.01,4,2,201,167,34,83.08,0.23,-18.47,-18.47,18.61,-0.0919,3.71,81.53
XAG_USDT,1h,Maker 0.00% / Taker 0.01%,0.0,0.01,5,2,201,163,38,81.09,0.2,-20.7,-20.7,20.83,-0.103,3.66,79.3
XAG_USDT,1h,Maker 0.00% / Taker 0.01%,0.0,0.01,6,2,201,163,38,81.09,0.2,-21.13,-21.13,21.26,-0.1051,3.65,78.87
XAG_USDT,1h,Maker 0.00% / Taker 0.01%,0.0,0.01,7,2,201,155,46,77.11,0.16,-25.74,-25.74,25.86,-0.1281,3.55,74.26
XAG_USDT,1h,Maker 0.00% / Taker 0.05%,0.0,0.05,1,2,200,169,31,84.5,0.19,-21.43,-21.43,21.56,-0.1072,18.07,78.57
XAG_USDT,1h,Maker 0.00% / Taker 0.05%,0.0,0.05,2,2,199,164,35,82.41,0.18,-23.07,-23.07,23.19,-0.1159,17.86,76.93
XAG_USDT,1h,Maker 0.00% / Taker 0.05%,0.0,0.05,3,2,199,160,39,80.4,0.16,-25.9,-25.9,26.02,-0.1301,17.73,74.1
XAG_USDT,1h,Maker 0.00% / Taker 0.05%,0.0,0.05,4,2,200,159,41,79.5,0.14,-28.46,-28.46,28.58,-0.1423,17.56,71.54
XAG_USDT,1h,Maker 0.00% / Taker 0.05%,0.0,0.05,5,2,201,154,47,76.62,0.13,-30.55,-30.55,30.67,-0.152,17.4,69.45
XAG_USDT,1h,Maker 0.00% / Taker 0.05%,0.0,0.05,6,2,201,152,49,75.62,0.12,-32.25,-32.25,32.36,-0.1604,17.25,67.75
XAG_USDT,1h,Maker 0.00% / Taker 0.05%,0.0,0.05,7,2,201,151,50,75.12,0.12,-33.0,-33.0,33.11,-0.1642,17.15,67.0
XAG_USDT,1h,Maker 0.10% / Taker 0.10%,0.1,0.1,1,2,198,158,40,79.8,0.13,-30.22,-30.22,30.34,-0.1526,34.28,69.78
XAG_USDT,1h,Maker 0.10% / Taker 0.10%,0.1,0.1,2,2,197,155,42,78.68,0.12,-33.05,-33.05,33.17,-0.1678,33.25,66.95
XAG_USDT,1h,Maker 0.10% / Taker 0.10%,0.1,0.1,3,2,196,152,44,77.55,0.11,-34.18,-34.18,34.3,-0.1744,32.81,65.82
XAG_USDT,1h,Maker 0.10% / Taker 0.10%,0.1,0.1,4,2,196,151,45,77.04,0.1,-36.44,-36.44,36.55,-0.1859,32.67,63.56
XAG_USDT,1h,Maker 0.10% / Taker 0.10%,0.1,0.1,5,2,197,147,50,74.62,0.1,-38.42,-38.42,38.53,-0.195,32.39,61.58
XAG_USDT,1h,Maker 0.10% / Taker 0.10%,0.1,0.1,6,2,197,146,51,74.11,0.09,-39.81,-39.81,39.92,-0.2021,32.09,60.19
XAG_USDT,1h,Maker 0.10% / Taker 0.10%,0.1,0.1,7,2,197,144,53,73.1,0.07,-46.14,-46.14,46.23,-0.2342,29.24,53.86
XAG_USDT,4h,Maker 0.00% / Taker 0.01%,0.0,0.01,1,2,53,51,2,96.23,0.5,-1.79,-1.79,3.17,-0.0337,1.04,98.21
XAG_USDT,4h,Maker 0.00% / Taker 0.01%,0.0,0.01,2,2,53,50,3,94.34,0.39,-2.8,-2.8,4.18,-0.0529,1.04,97.2
XAG_USDT,4h,Maker 0.00% / Taker 0.01%,0.0,0.01,3,2,53,50,3,94.34,0.38,-2.84,-2.84,4.21,-0.0537,1.04,97.16
XAG_USDT,4h,Maker 0.00% / Taker 0.01%,0.0,0.01,4,2,52,49,3,94.23,0.37,-2.91,-2.91,4.25,-0.056,1.02,97.09
XAG_USDT,4h,Maker 0.00% / Taker 0.01%,0.0,0.01,5,2,52,49,3,94.23,0.37,-2.95,-2.95,4.29,-0.0568,1.02,97.05
XAG_USDT,4h,Maker 0.00% / Taker 0.01%,0.0,0.01,6,2,52,49,3,94.23,0.37,-2.99,-2.99,4.33,-0.0575,1.02,97.01
XAG_USDT,4h,Maker 0.00% / Taker 0.01%,0.0,0.01,7,2,52,49,3,94.23,0.36,-3.03,-3.03,4.37,-0.0583,1.02,96.97
XAG_USDT,4h,Maker 0.00% / Taker 0.05%,0.0,0.05,1,2,52,49,3,94.23,0.34,-3.15,-3.15,4.37,-0.0607,5.08,96.85
XAG_USDT,4h,Maker 0.00% / Taker 0.05%,0.0,0.05,2,2,52,48,4,92.31,0.19,-6.36,-6.36,7.54,-0.1223,4.96,93.64
XAG_USDT,4h,Maker 0.00% / Taker 0.05%,0.0,0.05,3,2,52,48,4,92.31,0.19,-6.41,-6.41,7.59,-0.1233,4.95,93.59
XAG_USDT,4h,Maker 0.00% / Taker 0.05%,0.0,0.05,4,2,52,48,4,92.31,0.19,-6.46,-6.46,7.64,-0.1243,4.95,93.54
XAG_USDT,4h,Maker 0.00% / Taker 0.05%,0.0,0.05,5,2,52,48,4,92.31,0.19,-6.51,-6.51,7.69,-0.1252,4.95,93.49
XAG_USDT,4h,Maker 0.00% / Taker 0.05%,0.0,0.05,6,2,52,48,4,92.31,0.19,-6.56,-6.56,7.74,-0.1262,4.95,93.44
XAG_USDT,4h,Maker 0.00% / Taker 0.05%,0.0,0.05,7,2,52,48,4,92.31,0.19,-6.61,-6.61,7.79,-0.1272,4.95,93.39
XAG_USDT,4h,Maker 0.10% / Taker 0.10%,0.1,0.1,1,2,52,48,4,92.31,0.19,-6.65,-6.65,7.87,-0.1279,9.89,93.35
XAG_USDT,4h,Maker 0.10% / Taker 0.10%,0.1,0.1,2,2,52,47,5,90.38,0.17,-7.58,-7.58,8.03,-0.1457,9.88,92.42
XAG_USDT,4h,Maker 0.10% / Taker 0.10%,0.1,0.1,3,2,52,47,5,90.38,0.17,-7.64,-7.64,8.09,-0.147,9.88,92.36
XAG_USDT,4h,Maker 0.10% / Taker 0.10%,0.1,0.1,4,2,52,47,5,90.38,0.17,-7.7,-7.7,8.15,-0.1481,9.87,92.3
XAG_USDT,4h,Maker 0.10% / Taker 0.10%,0.1,0.1,5,2,52,47,5,90.38,0.17,-7.77,-7.77,8.21,-0.1493,9.86,92.23
XAG_USDT,4h,Maker 0.10% / Taker 0.10%,0.1,0.1,6,2,52,47,5,90.38,0.16,-7.83,-7.83,8.28,-0.1506,9.86,92.17
XAG_USDT,4h,Maker 0.10% / Taker 0.10%,0.1,0.1,7,2,52,47,5,90.38,0.16,-7.89,-7.89,8.34,-0.1518,9.86,92.11
XAG_USDT,1d,Maker 0.00% / Taker 0.01%,0.0,0.01,1,2,7,7,0,100.0,999.0,0.25,0.25,0.0,0.0358,0.14,100.25
XAG_USDT,1d,Maker 0.00% / Taker 0.01%,0.0,0.01,2,2,7,7,0,100.0,999.0,0.25,0.25,0.0,0.0358,0.14,100.25
XAG_USDT,1d,Maker 0.00% / Taker 0.01%,0.0,0.01,3,2,7,7,0,100.0,999.0,0.25,0.25,0.0,0.0358,0.14,100.25
XAG_USDT,1d,Maker 0.00% / Taker 0.01%,0.0,0.01,4,2,7,7,0,100.0,999.0,0.25,0.25,0.0,0.0358,0.14,100.25
XAG_USDT,1d,Maker 0.00% / Taker 0.01%,0.0,0.01,5,2,7,7,0,100.0,999.0,0.25,0.25,0.0,0.0358,0.14,100.25
XAG_USDT,1d,Maker 0.00% / Taker 0.01%,0.0,0.01,6,2,7,7,0,100.0,999.0,0.25,0.25,0.0,0.0358,0.14,100.25
XAG_USDT,1d,Maker 0.00% / Taker 0.01%,0.0,0.01,7,2,7,7,0,100.0,999.0,0.25,0.25,0.0,0.0358,0.14,100.25
XAG_USDT,1d,Maker 0.00% / Taker 0.05%,0.0,0.05,1,2,7,7,0,100.0,999.0,0.23,0.23,0.0,0.033,0.7,100.23
XAG_USDT,1d,Maker 0.00% / Taker 0.05%,0.0,0.05,2,2,7,7,0,100.0,999.0,0.23,0.23,0.0,0.033,0.7,100.23
XAG_USDT,1d,Maker 0.00% / Taker 0.05%,0.0,0.05,3,2,7,7,0,100.0,999.0,0.23,0.23,0.0,0.033,0.7,100.23
XAG_USDT,1d,Maker 0.00% / Taker 0.05%,0.0,0.05,4,2,7,7,0,100.0,999.0,0.23,0.23,0.0,0.033,0.7,100.23
XAG_USDT,1d,Maker 0.00% / Taker 0.05%,0.0,0.05,5,2,7,7,0,100.0,999.0,0.23,0.23,0.0,0.033,0.7,100.23
XAG_USDT,1d,Maker 0.00% / Taker 0.05%,0.0,0.05,6,2,7,7,0,100.0,999.0,0.23,0.23,0.0,0.033,0.7,100.23
XAG_USDT,1d,Maker 0.00% / Taker 0.05%,0.0,0.05,7,2,7,7,0,100.0,999.0,0.23,0.23,0.0,0.033,0.7,100.23
XAG_USDT,1d,Maker 0.10% / Taker 0.10%,0.1,0.1,1,2,7,7,0,100.0,999.0,0.25,0.25,0.0,0.0358,1.4,100.25
XAG_USDT,1d,Maker 0.10% / Taker 0.10%,0.1,0.1,2,2,7,7,0,100.0,999.0,0.25,0.25,0.0,0.0358,1.4,100.25
XAG_USDT,1d,Maker 0.10% / Taker 0.10%,0.1,0.1,3,2,7,7,0,100.0,999.0,0.25,0.25,0.0,0.0358,1.4,100.25
XAG_USDT,1d,Maker 0.10% / Taker 0.10%,0.1,0.1,4,2,7,7,0,100.0,999.0,0.25,0.25,0.0,0.0358,1.4,100.25
XAG_USDT,1d,Maker 0.10% / Taker 0.10%,0.1,0.1,5,2,7,7,0,100.0,999.0,0.25,0.25,0.0,0.0357,1.4,100.25
XAG_USDT,1d,Maker 0.10% / Taker 0.10%,0.1,0.1,6,2,7,7,0,100.0,999.0,0.25,0.25,0.0,0.0357,1.4,100.25
XAG_USDT,1d,Maker 0.10% / Taker 0.10%,0.1,0.1,7,2,7,7,0,100.0,999.0,0.25,0.25,0.0,0.0357,1.4,100.25
XAU_USDT,1m,Maker 0.00% / Taker 0.01%,0.0,0.01,1,2,11623,7952,3671,68.42,0.01,-93.34,-93.34,93.34,-0.008,76.74,6.66
XAU_USDT,1m,Maker 0.00% / Taker 0.01%,0.0,0.01,2,2,11655,7918,3737,67.94,0.01,-93.49,-93.49,93.49,-0.008,75.76,6.51
XAU_USDT,1m,Maker 0.00% / Taker 0.01%,0.0,0.01,3,2,11655,7877,3778,67.58,0.01,-93.72,-93.72,93.72,-0.008,74.93,6.28
XAU_USDT,1m,Maker 0.00% / Taker 0.01%,0.0,0.01,4,2,11661,7833,3828,67.17,0.01,-93.84,-93.84,93.84,-0.008,74.02,6.16
XAU_USDT,1m,Maker 0.00% / Taker 0.01%,0.0,0.01,5,2,11650,7808,3842,67.02,0.01,-94.02,-94.02,94.02,-0.0081,73.39,5.98
XAU_USDT,1m,Maker 0.00% / Taker 0.01%,0.0,0.01,6,2,11650,7776,3874,66.75,0.01,-94.15,-94.15,94.15,-0.0081,72.72,5.85
XAU_USDT,1m,Maker 0.00% / Taker 0.01%,0.0,0.01,7,2,11655,7743,3912,66.44,0.01,-94.38,-94.38,94.38,-0.0081,71.97,5.62
XAU_USDT,1m,Maker 0.00% / Taker 0.05%,0.0,0.05,1,2,8487,3606,4881,42.49,0.0,-120.16,-120.16,120.16,-0.0142,116.32,-20.16
XAU_USDT,1m,Maker 0.00% / Taker 0.05%,0.0,0.05,2,2,8504,3599,4905,42.32,0.0,-120.4,-120.4,120.4,-0.0142,115.86,-20.4
XAU_USDT,1m,Maker 0.00% / Taker 0.05%,0.0,0.05,3,2,8512,3582,4930,42.08,0.0,-120.6,-120.6,120.6,-0.0142,115.65,-20.6
XAU_USDT,1m,Maker 0.00% / Taker 0.05%,0.0,0.05,4,2,8545,3575,4970,41.84,0.0,-120.95,-120.95,120.95,-0.0142,115.6,-20.95
XAU_USDT,1m,Maker 0.00% / Taker 0.05%,0.0,0.05,5,2,8568,3563,5005,41.58,0.0,-121.22,-121.22,121.21,-0.0141,115.53,-21.22
XAU_USDT,1m,Maker 0.00% / Taker 0.05%,0.0,0.05,6,2,8552,3558,4994,41.6,0.0,-121.18,-121.18,121.18,-0.0142,115.39,-21.18
XAU_USDT,1m,Maker 0.00% / Taker 0.05%,0.0,0.05,7,2,8583,3554,5029,41.41,0.0,-121.39,-121.39,121.39,-0.0141,115.24,-21.39
XAU_USDT,1m,Maker 0.10% / Taker 0.10%,0.1,0.1,1,2,6630,2006,4624,30.26,0.0,-142.1,-142.1,142.1,-0.0214,140.61,-42.1
XAU_USDT,1m,Maker 0.10% / Taker 0.10%,0.1,0.1,2,2,6634,1997,4637,30.1,0.0,-142.31,-142.31,142.31,-0.0215,140.37,-42.31
XAU_USDT,1m,Maker 0.10% / Taker 0.10%,0.1,0.1,3,2,6652,2000,4652,30.07,0.0,-142.52,-142.52,142.52,-0.0214,140.69,-42.52
XAU_USDT,1m,Maker 0.10% / Taker 0.10%,0.1,0.1,4,2,6679,2003,4676,29.99,0.0,-142.89,-142.89,142.89,-0.0214,141.0,-42.89
XAU_USDT,1m,Maker 0.10% / Taker 0.10%,0.1,0.1,5,2,6692,2001,4691,29.9,0.0,-143.11,-143.11,143.11,-0.0214,141.09,-43.11
XAU_USDT,1m,Maker 0.10% / Taker 0.10%,0.1,0.1,6,2,6672,1995,4677,29.9,0.0,-142.96,-142.96,142.96,-0.0214,140.95,-42.96
XAU_USDT,1m,Maker 0.10% / Taker 0.10%,0.1,0.1,7,2,6698,1996,4702,29.8,0.0,-143.21,-143.21,143.21,-0.0214,140.75,-43.21
XAU_USDT,5m,Maker 0.00% / Taker 0.01%,0.0,0.01,1,2,2498,2011,487,80.5,0.02,-42.64,-42.64,42.64,-0.0171,38.08,57.36
XAU_USDT,5m,Maker 0.00% / Taker 0.01%,0.0,0.01,2,2,2499,2004,495,80.19,0.02,-43.14,-43.14,43.14,-0.0173,37.97,56.86
XAU_USDT,5m,Maker 0.00% / Taker 0.01%,0.0,0.01,3,2,2496,1996,500,79.97,0.02,-43.68,-43.68,43.68,-0.0175,37.64,56.32
XAU_USDT,5m,Maker 0.00% / Taker 0.01%,0.0,0.01,4,2,2504,1997,507,79.75,0.02,-43.95,-43.95,43.95,-0.0176,37.71,56.05
XAU_USDT,5m,Maker 0.00% / Taker 0.01%,0.0,0.01,5,2,2499,1990,509,79.63,0.02,-44.32,-44.32,44.32,-0.0177,37.5,55.68
XAU_USDT,5m,Maker 0.00% / Taker 0.01%,0.0,0.01,6,2,2500,1983,517,79.32,0.02,-44.85,-44.85,44.85,-0.0179,37.44,55.15
XAU_USDT,5m,Maker 0.00% / Taker 0.01%,0.0,0.01,7,2,2499,1981,518,79.27,0.02,-44.59,-44.59,44.59,-0.0178,37.59,55.41
XAU_USDT,5m,Maker 0.00% / Taker 0.05%,0.0,0.05,1,2,2031,1227,804,60.41,0.0,-86.45,-86.45,86.45,-0.0426,88.2,13.55
XAU_USDT,5m,Maker 0.00% / Taker 0.05%,0.0,0.05,2,2,2030,1227,803,60.44,0.0,-86.49,-86.49,86.49,-0.0426,88.15,13.51
XAU_USDT,5m,Maker 0.00% / Taker 0.05%,0.0,0.05,3,2,2032,1227,805,60.38,0.0,-86.55,-86.55,86.55,-0.0426,88.04,13.45
XAU_USDT,5m,Maker 0.00% / Taker 0.05%,0.0,0.05,4,2,2034,1227,807,60.32,0.0,-86.69,-86.69,86.69,-0.0426,87.95,13.31
XAU_USDT,5m,Maker 0.00% / Taker 0.05%,0.0,0.05,5,2,2033,1224,809,60.21,0.0,-86.82,-86.82,86.82,-0.0427,87.86,13.18
XAU_USDT,5m,Maker 0.00% / Taker 0.05%,0.0,0.05,6,2,2033,1223,810,60.16,0.0,-86.88,-86.88,86.88,-0.0427,87.73,13.12
XAU_USDT,5m,Maker 0.00% / Taker 0.05%,0.0,0.05,7,2,2028,1220,808,60.16,0.0,-86.91,-86.91,86.91,-0.0429,87.37,13.09
XAU_USDT,5m,Maker 0.10% / Taker 0.10%,0.1,0.1,1,2,1750,852,898,48.69,0.0,-96.47,-96.47,96.47,-0.0551,99.75,3.53
XAU_USDT,5m,Maker 0.10% / Taker 0.10%,0.1,0.1,2,2,1749,851,898,48.66,0.0,-96.48,-96.48,96.48,-0.0552,99.42,3.52
XAU_USDT,5m,Maker 0.10% / Taker 0.10%,0.1,0.1,3,2,1749,850,899,48.6,0.0,-96.5,-96.5,96.5,-0.0552,99.01,3.5
XAU_USDT,5m,Maker 0.10% / Taker 0.10%,0.1,0.1,4,2,1751,851,900,48.6,0.0,-96.52,-96.52,96.52,-0.0551,98.81,3.48
XAU_USDT,5m,Maker 0.10% / Taker 0.10%,0.1,0.1,5,2,1755,850,905,48.43,0.0,-96.55,-96.55,96.55,-0.055,98.74,3.45
XAU_USDT,5m,Maker 0.10% / Taker 0.10%,0.1,0.1,6,2,1756,850,906,48.41,0.0,-96.56,-96.56,96.57,-0.055,98.62,3.44
XAU_USDT,5m,Maker 0.10% / Taker 0.10%,0.1,0.1,7,2,1752,849,903,48.46,0.0,-96.57,-96.57,96.57,-0.0551,98.62,3.43
XAU_USDT,15m,Maker 0.00% / Taker 0.01%,0.0,0.01,1,2,823,712,111,86.51,0.02,-20.61,-20.61,20.61,-0.025,14.52,79.39
XAU_USDT,15m,Maker 0.00% / Taker 0.01%,0.0,0.01,2,2,823,712,111,86.51,0.02,-20.62,-20.62,20.63,-0.0251,14.52,79.38
XAU_USDT,15m,Maker 0.00% / Taker 0.01%,0.0,0.01,3,2,823,712,111,86.51,0.02,-20.65,-20.65,20.65,-0.0251,14.52,79.35
XAU_USDT,15m,Maker 0.00% / Taker 0.01%,0.0,0.01,4,2,823,710,113,86.27,0.02,-21.09,-21.09,21.1,-0.0256,14.51,78.91
XAU_USDT,15m,Maker 0.00% / Taker 0.01%,0.0,0.01,5,2,823,709,114,86.15,0.02,-21.3,-21.3,21.31,-0.0259,14.5,78.7
XAU_USDT,15m,Maker 0.00% / Taker 0.01%,0.0,0.01,6,2,822,707,115,86.01,0.02,-21.75,-21.75,21.76,-0.0265,14.47,78.25
XAU_USDT,15m,Maker 0.00% / Taker 0.01%,0.0,0.01,7,2,822,706,116,85.89,0.02,-21.88,-21.88,21.89,-0.0266,14.46,78.12
XAU_USDT,15m,Maker 0.00% / Taker 0.05%,0.0,0.05,1,2,748,524,224,70.05,0.0,-54.79,-54.79,54.79,-0.0732,50.62,45.21
XAU_USDT,15m,Maker 0.00% / Taker 0.05%,0.0,0.05,2,2,748,524,224,70.05,0.0,-54.82,-54.82,54.82,-0.0733,50.6,45.18
XAU_USDT,15m,Maker 0.00% / Taker 0.05%,0.0,0.05,3,2,748,522,226,69.79,0.0,-55.21,-55.21,55.21,-0.0738,50.54,44.79
XAU_USDT,15m,Maker 0.00% / Taker 0.05%,0.0,0.05,4,2,748,522,226,69.79,0.0,-55.24,-55.24,55.24,-0.0739,50.54,44.76
XAU_USDT,15m,Maker 0.00% / Taker 0.05%,0.0,0.05,5,2,748,522,226,69.79,0.0,-55.27,-55.27,55.28,-0.0739,50.54,44.73
XAU_USDT,15m,Maker 0.00% / Taker 0.05%,0.0,0.05,6,2,748,522,226,69.79,0.0,-55.3,-55.3,55.31,-0.0739,50.53,44.7
XAU_USDT,15m,Maker 0.00% / Taker 0.05%,0.0,0.05,7,2,748,522,226,69.79,0.0,-55.34,-55.34,55.34,-0.074,50.52,44.66
XAU_USDT,15m,Maker 0.10% / Taker 0.10%,0.1,0.1,1,2,690,388,302,56.23,0.0,-75.25,-75.25,75.25,-0.1091,73.22,24.75
XAU_USDT,15m,Maker 0.10% / Taker 0.10%,0.1,0.1,2,2,690,388,302,56.23,0.0,-75.28,-75.28,75.28,-0.1091,73.2,24.72
XAU_USDT,15m,Maker 0.10% / Taker 0.10%,0.1,0.1,3,2,690,388,302,56.23,0.0,-75.29,-75.29,75.29,-0.1091,73.18,24.71
XAU_USDT,15m,Maker 0.10% / Taker 0.10%,0.1,0.1,4,2,690,388,302,56.23,0.0,-75.3,-75.3,75.3,-0.1091,73.15,24.7
XAU_USDT,15m,Maker 0.10% / Taker 0.10%,0.1,0.1,5,2,690,388,302,56.23,0.0,-75.31,-75.31,75.31,-0.1091,73.13,24.69
XAU_USDT,15m,Maker 0.10% / Taker 0.10%,0.1,0.1,6,2,690,388,302,56.23,0.0,-75.34,-75.34,75.34,-0.1092,73.11,24.66
XAU_USDT,15m,Maker 0.10% / Taker 0.10%,0.1,0.1,7,2,689,387,302,56.17,0.0,-75.3,-75.3,75.3,-0.1093,73.07,24.7
XAU_USDT,1h,Maker 0.00% / Taker 0.01%,0.0,0.01,1,2,208,201,7,96.63,0.04,-2.45,-2.45,2.5,-0.0118,4.13,97.55
XAU_USDT,1h,Maker 0.00% / Taker 0.01%,0.0,0.01,2,2,207,200,7,96.62,0.04,-2.46,-2.46,2.5,-0.0119,4.11,97.54
XAU_USDT,1h,Maker 0.00% / Taker 0.01%,0.0,0.01,3,2,207,200,7,96.62,0.04,-2.46,-2.46,2.5,-0.0119,4.11,97.54
XAU_USDT,1h,Maker 0.00% / Taker 0.01%,0.0,0.01,4,2,207,200,7,96.62,0.04,-2.46,-2.46,2.5,-0.0119,4.11,97.54
XAU_USDT,1h,Maker 0.00% / Taker 0.01%,0.0,0.01,5,2,207,200,7,96.62,0.04,-2.46,-2.46,2.51,-0.0119,4.11,97.54
XAU_USDT,1h,Maker 0.00% / Taker 0.01%,0.0,0.01,6,2,207,200,7,96.62,0.04,-2.46,-2.46,2.51,-0.0119,4.11,97.54
XAU_USDT,1h,Maker 0.00% / Taker 0.01%,0.0,0.01,7,2,207,200,7,96.62,0.04,-2.46,-2.46,2.51,-0.0119,4.11,97.54
XAU_USDT,1h,Maker 0.00% / Taker 0.05%,0.0,0.05,1,2,197,170,27,86.29,0.01,-9.3,-9.3,9.31,-0.0472,18.62,90.7
XAU_USDT,1h,Maker 0.00% / Taker 0.05%,0.0,0.05,2,2,197,170,27,86.29,0.01,-9.3,-9.3,9.32,-0.0472,18.62,90.7
XAU_USDT,1h,Maker 0.00% / Taker 0.05%,0.0,0.05,3,2,197,170,27,86.29,0.01,-9.31,-9.31,9.32,-0.0472,18.62,90.69
XAU_USDT,1h,Maker 0.00% / Taker 0.05%,0.0,0.05,4,2,197,170,27,86.29,0.01,-9.31,-9.31,9.32,-0.0473,18.62,90.69
XAU_USDT,1h,Maker 0.00% / Taker 0.05%,0.0,0.05,5,2,197,170,27,86.29,0.01,-9.32,-9.32,9.33,-0.0473,18.62,90.68
XAU_USDT,1h,Maker 0.00% / Taker 0.05%,0.0,0.05,6,2,197,169,28,85.79,0.01,-9.78,-9.78,9.79,-0.0496,18.54,90.22
XAU_USDT,1h,Maker 0.00% / Taker 0.05%,0.0,0.05,7,2,197,169,28,85.79,0.01,-9.78,-9.78,9.79,-0.0496,18.54,90.22
XAU_USDT,1h,Maker 0.10% / Taker 0.10%,0.1,0.1,1,2,183,133,50,72.68,0.01,-22.42,-22.42,22.43,-0.1225,32.46,77.58
XAU_USDT,1h,Maker 0.10% / Taker 0.10%,0.1,0.1,2,2,183,133,50,72.68,0.01,-22.43,-22.43,22.44,-0.1226,32.46,77.57
XAU_USDT,1h,Maker 0.10% / Taker 0.10%,0.1,0.1,3,2,183,133,50,72.68,0.01,-22.44,-22.44,22.44,-0.1226,32.46,77.56
XAU_USDT,1h,Maker 0.10% / Taker 0.10%,0.1,0.1,4,2,183,133,50,72.68,0.01,-22.44,-22.44,22.45,-0.1226,32.46,77.56
XAU_USDT,1h,Maker 0.10% / Taker 0.10%,0.1,0.1,5,2,183,133,50,72.68,0.01,-22.45,-22.45,22.46,-0.1227,32.46,77.55
XAU_USDT,1h,Maker 0.10% / Taker 0.10%,0.1,0.1,6,2,183,133,50,72.68,0.01,-22.45,-22.45,22.46,-0.1227,32.46,77.55
XAU_USDT,1h,Maker 0.10% / Taker 0.10%,0.1,0.1,7,2,183,133,50,72.68,0.01,-22.46,-22.46,22.47,-0.1227,32.46,77.54
XAU_USDT,4h,Maker 0.00% / Taker 0.01%,0.0,0.01,1,2,47,47,0,100.0,999.0,0.03,0.03,0.0,0.0005,0.94,100.03
XAU_USDT,4h,Maker 0.00% / Taker 0.01%,0.0,0.01,2,2,47,47,0,100.0,999.0,0.03,0.03,0.0,0.0005,0.94,100.03
XAU_USDT,4h,Maker 0.00% / Taker 0.01%,0.0,0.01,3,2,47,47,0,100.0,999.0,0.03,0.03,0.0,0.0005,0.94,100.03
XAU_USDT,4h,Maker 0.00% / Taker 0.01%,0.0,0.01,4,2,47,47,0,100.0,999.0,0.03,0.03,0.0,0.0005,0.94,100.03
XAU_USDT,4h,Maker 0.00% / Taker 0.01%,0.0,0.01,5,2,47,47,0,100.0,999.0,0.03,0.03,0.0,0.0005,0.94,100.03
XAU_USDT,4h,Maker 0.00% / Taker 0.01%,0.0,0.01,6,2,47,47,0,100.0,999.0,0.03,0.03,0.0,0.0005,0.94,100.03
XAU_USDT,4h,Maker 0.00% / Taker 0.01%,0.0,0.01,7,2,47,47,0,100.0,999.0,0.03,0.03,0.0,0.0005,0.94,100.03
XAU_USDT,4h,Maker 0.00% / Taker 0.05%,0.0,0.05,1,2,47,39,8,82.98,0.01,-2.2,-2.2,2.21,-0.0468,4.67,97.8
XAU_USDT,4h,Maker 0.00% / Taker 0.05%,0.0,0.05,2,2,47,39,8,82.98,0.01,-2.2,-2.2,2.21,-0.0468,4.67,97.8
XAU_USDT,4h,Maker 0.00% / Taker 0.05%,0.0,0.05,3,2,47,39,8,82.98,0.01,-2.2,-2.2,2.21,-0.0468,4.67,97.8
XAU_USDT,4h,Maker 0.00% / Taker 0.05%,0.0,0.05,4,2,47,39,8,82.98,0.01,-2.2,-2.2,2.21,-0.0468,4.67,97.8
XAU_USDT,4h,Maker 0.00% / Taker 0.05%,0.0,0.05,5,2,47,39,8,82.98,0.01,-2.2,-2.2,2.21,-0.0468,4.67,97.8
XAU_USDT,4h,Maker 0.00% / Taker 0.05%,0.0,0.05,6,2,47,39,8,82.98,0.01,-2.2,-2.2,2.21,-0.0468,4.67,97.8
XAU_USDT,4h,Maker 0.00% / Taker 0.05%,0.0,0.05,7,2,47,39,8,82.98,0.01,-2.2,-2.2,2.21,-0.0468,4.67,97.8
XAU_USDT,4h,Maker 0.10% / Taker 0.10%,0.1,0.1,1,2,46,28,18,60.87,0.0,-7.87,-7.87,7.87,-0.171,8.8,92.13
XAU_USDT,4h,Maker 0.10% / Taker 0.10%,0.1,0.1,2,2,46,28,18,60.87,0.0,-7.87,-7.87,7.88,-0.1711,8.8,92.13
XAU_USDT,4h,Maker 0.10% / Taker 0.10%,0.1,0.1,3,2,46,28,18,60.87,0.0,-7.87,-7.87,7.88,-0.1711,8.8,92.13
XAU_USDT,4h,Maker 0.10% / Taker 0.10%,0.1,0.1,4,2,46,28,18,60.87,0.0,-7.87,-7.87,7.88,-0.1711,8.8,92.13
XAU_USDT,4h,Maker 0.10% / Taker 0.10%,0.1,0.1,5,2,46,28,18,60.87,0.0,-7.87,-7.87,7.88,-0.1712,8.8,92.13
XAU_USDT,4h,Maker 0.10% / Taker 0.10%,0.1,0.1,6,2,46,28,18,60.87,0.0,-7.87,-7.87,7.88,-0.1712,8.8,92.13
XAU_USDT,4h,Maker 0.10% / Taker 0.10%,0.1,0.1,7,2,46,28,18,60.87,0.0,-7.88,-7.88,7.88,-0.1712,8.8,92.12
XAU_USDT,1d,Maker 0.00% / Taker 0.01%,0.0,0.01,1,2,7,7,0,100.0,999.0,0.0,0.0,0.0,0.0006,0.14,100.0
XAU_USDT,1d,Maker 0.00% / Taker 0.01%,0.0,0.01,2,2,7,7,0,100.0,999.0,0.0,0.0,0.0,0.0006,0.14,100.0
XAU_USDT,1d,Maker 0.00% / Taker 0.01%,0.0,0.01,3,2,7,7,0,100.0,999.0,0.0,0.0,0.0,0.0006,0.14,100.0
XAU_USDT,1d,Maker 0.00% / Taker 0.01%,0.0,0.01,4,2,7,7,0,100.0,999.0,0.0,0.0,0.0,0.0006,0.14,100.0
XAU_USDT,1d,Maker 0.00% / Taker 0.01%,0.0,0.01,5,2,7,7,0,100.0,999.0,0.0,0.0,0.0,0.0006,0.14,100.0
XAU_USDT,1d,Maker 0.00% / Taker 0.01%,0.0,0.01,6,2,7,7,0,100.0,999.0,0.0,0.0,0.0,0.0006,0.14,100.0
XAU_USDT,1d,Maker 0.00% / Taker 0.01%,0.0,0.01,7,2,7,7,0,100.0,999.0,0.0,0.0,0.0,0.0006,0.14,100.0
XAU_USDT,1d,Maker 0.00% / Taker 0.05%,0.0,0.05,1,2,7,5,2,71.43,4.67,0.01,0.01,0.0,0.0007,0.7,100.01
XAU_USDT,1d,Maker 0.00% / Taker 0.05%,0.0,0.05,2,2,7,5,2,71.43,4.67,0.01,0.01,0.0,0.0007,0.7,100.01
XAU_USDT,1d,Maker 0.00% / Taker 0.05%,0.0,0.05,3,2,7,5,2,71.43,4.67,0.01,0.01,0.0,0.0007,0.7,100.01
XAU_USDT,1d,Maker 0.00% / Taker 0.05%,0.0,0.05,4,2,7,5,2,71.43,4.67,0.01,0.01,0.0,0.0007,0.7,100.01
XAU_USDT,1d,Maker 0.00% / Taker 0.05%,0.0,0.05,5,2,7,5,2,71.43,4.67,0.01,0.01,0.0,0.0007,0.7,100.01
XAU_USDT,1d,Maker 0.00% / Taker 0.05%,0.0,0.05,6,2,7,5,2,71.43,4.67,0.01,0.01,0.0,0.0007,0.7,100.01
XAU_USDT,1d,Maker 0.00% / Taker 0.05%,0.0,0.05,7,2,7,5,2,71.43,4.67,0.01,0.01,0.0,0.0007,0.7,100.01
XAU_USDT,1d,Maker 0.10% / Taker 0.10%,0.1,0.1,1,2,7,4,3,57.14,0.01,-0.66,-0.66,0.67,-0.0947,1.39,99.34
XAU_USDT,1d,Maker 0.10% / Taker 0.10%,0.1,0.1,2,2,7,4,3,57.14,0.01,-0.66,-0.66,0.67,-0.0948,1.39,99.34
XAU_USDT,1d,Maker 0.10% / Taker 0.10%,0.1,0.1,3,2,7,4,3,57.14,0.01,-0.66,-0.66,0.67,-0.0948,1.39,99.34
XAU_USDT,1d,Maker 0.10% / Taker 0.10%,0.1,0.1,4,2,7,4,3,57.14,0.01,-0.66,-0.66,0.67,-0.0948,1.39,99.34
XAU_USDT,1d,Maker 0.10% / Taker 0.10%,0.1,0.1,5,2,7,4,3,57.14,0.01,-0.66,-0.66,0.67,-0.0949,1.39,99.34
XAU_USDT,1d,Maker 0.10% / Taker 0.10%,0.1,0.1,6,2,7,4,3,57.14,0.01,-0.66,-0.66,0.67,-0.0949,1.39,99.34
XAU_USDT,1d,Maker 0.10% / Taker 0.10%,0.1,0.1,7,2,7,4,3,57.14,0.01,-0.66,-0.66,0.67,-0.0949,1.39,99.34
XRP_USDT,1m,Maker 0.00% / Taker 0.01%,0.0,0.01,1,2,13495,9728,3767,72.09,0.27,-115.28,-115.28,115.28,-0.0085,71.53,-15.28
XRP_USDT,1m,Maker 0.00% / Taker 0.01%,0.0,0.01,2,2,13430,9146,4284,68.1,0.22,-130.95,-130.95,130.95,-0.0098,64.18,-30.95
XRP_USDT,1m,Maker 0.00% / Taker 0.01%,0.0,0.01,3,2,13379,8574,4805,64.09,0.18,-149.44,-149.44,149.44,-0.0112,60.23,-49.44
XRP_USDT,1m,Maker 0.00% / Taker 0.01%,0.0,0.01,4,2,13324,8029,5295,60.26,0.15,-166.74,-166.74,166.74,-0.0125,55.93,-66.74
XRP_USDT,1m,Maker 0.00% / Taker 0.01%,0.0,0.01,5,2,13315,7477,5838,56.15,0.12,-185.63,-185.63,185.63,-0.0139,53.53,-85.63
XRP_USDT,1m,Maker 0.00% / Taker 0.01%,0.0,0.01,6,2,13301,6991,6310,52.56,0.1,-206.38,-206.38,206.38,-0.0155,51.7,-106.38
XRP_USDT,1m,Maker 0.00% / Taker 0.01%,0.0,0.01,7,2,13336,6542,6794,49.06,0.09,-226.62,-226.62,226.62,-0.017,50.11,-126.62
XRP_USDT,1m,Maker 0.00% / Taker 0.05%,0.0,0.05,1,2,11966,6547,5419,54.71,0.08,-226.05,-226.05,226.06,-0.0189,207.8,-126.05
XRP_USDT,1m,Maker 0.00% / Taker 0.05%,0.0,0.05,2,2,11948,6226,5722,52.11,0.07,-243.92,-243.92,243.93,-0.0204,205.09,-143.92
XRP_USDT,1m,Maker 0.00% / Taker 0.05%,0.0,0.05,3,2,11973,5877,6096,49.09,0.06,-265.08,-265.08,265.09,-0.0221,202.79,-165.08
XRP_USDT,1m,Maker 0.00% / Taker 0.05%,0.0,0.05,4,2,11997,5574,6423,46.46,0.05,-283.56,-283.56,283.56,-0.0236,199.7,-183.56
XRP_USDT,1m,Maker 0.00% / Taker 0.05%,0.0,0.05,5,2,12062,5306,6756,43.99,0.05,-302.48,-302.48,302.49,-0.0251,198.41,-202.48
XRP_USDT,1m,Maker 0.00% / Taker 0.05%,0.0,0.05,6,2,12149,5034,7115,41.44,0.04,-323.45,-323.45,323.46,-0.0266,198.28,-223.45
XRP_USDT,1m,Maker 0.00% / Taker 0.05%,0.0,0.05,7,2,12274,4783,7491,38.97,0.04,-345.34,-345.34,345.34,-0.0281,198.43,-245.34
XRP_USDT,1m,Maker 0.10% / Taker 0.10%,0.1,0.1,1,2,10281,4385,5896,42.65,0.03,-345.52,-345.52,345.52,-0.0336,327.97,-245.52
XRP_USDT,1m,Maker 0.10% / Taker 0.10%,0.1,0.1,2,2,10325,4213,6112,40.8,0.03,-363.01,-363.01,363.01,-0.0352,326.73,-263.01
XRP_USDT,1m,Maker 0.10% / Taker 0.10%,0.1,0.1,3,2,10410,4033,6377,38.74,0.03,-382.79,-382.79,382.8,-0.0368,327.37,-282.79
XRP_USDT,1m,Maker 0.10% / Taker 0.10%,0.1,0.1,4,2,10509,3832,6677,36.46,0.03,-404.93,-404.93,404.93,-0.0385,327.91,-304.93
XRP_USDT,1m,Maker 0.10% / Taker 0.10%,0.1,0.1,5,2,10635,3685,6950,34.65,0.02,-425.06,-425.06,425.07,-0.04,329.66,-325.06
XRP_USDT,1m,Maker 0.10% / Taker 0.10%,0.1,0.1,6,2,10754,3551,7203,33.02,0.02,-444.84,-444.84,444.84,-0.0414,331.19,-344.84
XRP_USDT,1m,Maker 0.10% / Taker 0.10%,0.1,0.1,7,2,10893,3373,7520,30.96,0.02,-469.34,-469.34,469.34,-0.0431,333.37,-369.34
XRP_USDT,5m,Maker 0.00% / Taker 0.01%,0.0,0.01,1,2,2704,2294,410,84.84,0.31,-60.1,-60.1,60.12,-0.0222,35.36,39.9
XRP_USDT,5m,Maker 0.00% / Taker 0.01%,0.0,0.01,2,2,2691,2219,472,82.46,0.26,-68.04,-68.04,68.06,-0.0253,32.52,31.96
XRP_USDT,5m,Maker 0.00% / Taker 0.01%,0.0,0.01,3,2,2687,2146,541,79.87,0.22,-77.06,-77.06,77.08,-0.0287,30.46,22.94
XRP_USDT,5m,Maker 0.00% / Taker 0.01%,0.0,0.01,4,2,2674,2066,608,77.26,0.18,-80.73,-80.73,80.74,-0.0302,26.26,19.27
XRP_USDT,5m,Maker 0.00% / Taker 0.01%,0.0,0.01,5,2,2667,2004,663,75.14,0.16,-86.85,-86.85,86.86,-0.0326,25.22,13.15
XRP_USDT,5m,Maker 0.00% / Taker 0.01%,0.0,0.01,6,2,2671,1947,724,72.89,0.14,-88.64,-88.64,88.64,-0.0332,22.78,11.36
XRP_USDT,5m,Maker 0.00% / Taker 0.01%,0.0,0.01,7,2,2662,1886,776,70.85,0.12,-91.65,-91.65,91.65,-0.0344,21.44,8.35
XRP_USDT,5m,Maker 0.00% / Taker 0.05%,0.0,0.05,1,2,2576,1813,763,70.38,0.09,-96.38,-96.38,96.38,-0.0374,82.68,3.62
XRP_USDT,5m,Maker 0.00% / Taker 0.05%,0.0,0.05,2,2,2570,1764,806,68.64,0.08,-99.38,-99.38,99.38,-0.0387,78.22,0.62
XRP_USDT,5m,Maker 0.00% / Taker 0.05%,0.0,0.05,3,2,2545,1690,855,66.4,0.08,-103.11,-103.11,103.11,-0.0405,74.15,-3.11
XRP_USDT,5m,Maker 0.00% / Taker 0.05%,0.0,0.05,4,2,2551,1653,898,64.8,0.07,-107.2,-107.2,107.2,-0.042,72.59,-7.2
XRP_USDT,5m,Maker 0.00% / Taker 0.05%,0.0,0.05,5,2,2564,1609,955,62.75,0.06,-111.67,-111.67,111.66,-0.0436,70.55,-11.67
XRP_USDT,5m,Maker 0.00% / Taker 0.05%,0.0,0.05,6,2,2573,1580,993,61.41,0.06,-114.93,-114.93,114.92,-0.0447,68.31,-14.93
XRP_USDT,5m,Maker 0.00% / Taker 0.05%,0.0,0.05,7,2,2565,1529,1036,59.61,0.05,-119.13,-119.13,119.13,-0.0464,66.23,-19.13
XRP_USDT,5m,Maker 0.10% / Taker 0.10%,0.1,0.1,1,2,2409,1428,981,59.28,0.04,-126.76,-126.76,126.75,-0.0526,114.14,-26.76
XRP_USDT,5m,Maker 0.10% / Taker 0.10%,0.1,0.1,2,2,2413,1394,1019,57.77,0.04,-130.71,-130.71,130.7,-0.0542,111.85,-30.71
XRP_USDT,5m,Maker 0.10% / Taker 0.10%,0.1,0.1,3,2,2413,1362,1051,56.44,0.04,-133.55,-133.55,133.54,-0.0553,109.97,-33.55
XRP_USDT,5m,Maker 0.10% / Taker 0.10%,0.1,0.1,4,2,2417,1333,1084,55.15,0.04,-137.43,-137.43,137.43,-0.0569,107.87,-37.43
XRP_USDT,5m,Maker 0.10% / Taker 0.10%,0.1,0.1,5,2,2416,1296,1120,53.64,0.03,-140.1,-140.1,140.1,-0.058,105.8,-40.1
XRP_USDT,5m,Maker 0.10% / Taker 0.10%,0.1,0.1,6,2,2413,1258,1155,52.13,0.03,-144.12,-144.12,144.11,-0.0597,103.7,-44.12
XRP_USDT,5m,Maker 0.10% / Taker 0.10%,0.1,0.1,7,2,2410,1225,1185,50.83,0.03,-147.54,-147.54,147.54,-0.0612,103.3,-47.54
XRP_USDT,15m,Maker 0.00% / Taker 0.01%,0.0,0.01,1,2,890,810,80,91.01,0.35,-23.75,-23.75,24.5,-0.0267,15.26,76.25
XRP_USDT,15m,Maker 0.00% / Taker 0.01%,0.0,0.01,2,2,890,802,88,90.11,0.3,-28.85,-28.85,29.05,-0.0324,15.08,71.15
XRP_USDT,15m,Maker 0.00% / Taker 0.01%,0.0,0.01,3,2,888,792,96,89.19,0.27,-33.12,-33.12,33.32,-0.0373,14.57,66.88
XRP_USDT,15m,Maker 0.00% / Taker 0.01%,0.0,0.01,4,2,889,787,102,88.53,0.24,-36.5,-36.5,36.69,-0.0411,14.2,63.5
XRP_USDT,15m,Maker 0.00% / Taker 0.01%,0.0,0.01,5,2,890,775,115,87.08,0.21,-42.38,-42.38,42.54,-0.0476,13.84,57.62
XRP_USDT,15m,Maker 0.00% / Taker 0.01%,0.0,0.01,6,2,890,760,130,85.39,0.17,-48.23,-48.23,48.38,-0.0542,13.12,51.77
XRP_USDT,15m,Maker 0.00% / Taker 0.01%,0.0,0.01,7,2,888,747,141,84.12,0.15,-53.45,-53.45,53.58,-0.0602,12.47,46.55
XRP_USDT,15m,Maker 0.00% / Taker 0.05%,0.0,0.05,1,2,868,708,160,81.57,0.11,-63.17,-63.17,63.24,-0.0728,54.63,36.83
XRP_USDT,15m,Maker 0.00% / Taker 0.05%,0.0,0.05,2,2,867,698,169,80.51,0.11,-65.87,-65.87,65.93,-0.076,53.08,34.13
XRP_USDT,15m,Maker 0.00% / Taker 0.05%,0.0,0.05,3,2,868,689,179,79.38,0.1,-68.74,-68.74,68.8,-0.0792,51.1,31.26
XRP_USDT,15m,Maker 0.00% / Taker 0.05%,0.0,0.05,4,2,867,677,190,78.09,0.09,-71.75,-71.75,71.81,-0.0828,49.52,28.25
XRP_USDT,15m,Maker 0.00% / Taker 0.05%,0.0,0.05,5,2,867,669,198,77.16,0.08,-73.93,-73.93,73.98,-0.0853,48.02,26.07
XRP_USDT,15m,Maker 0.00% / Taker 0.05%,0.0,0.05,6,2,866,665,201,76.79,0.08,-75.52,-75.52,75.57,-0.0872,47.36,24.48
XRP_USDT,15m,Maker 0.00% / Taker 0.05%,0.0,0.05,7,2,863,653,210,75.67,0.08,-77.45,-77.45,77.5,-0.0897,46.07,22.55
XRP_USDT,15m,Maker 0.10% / Taker 0.10%,0.1,0.1,1,2,830,607,223,73.13,0.06,-83.24,-83.24,83.28,-0.1003,79.29,16.76
XRP_USDT,15m,Maker 0.10% / Taker 0.10%,0.1,0.1,2,2,830,604,226,72.77,0.06,-83.87,-83.87,83.9,-0.101,77.68,16.13
XRP_USDT,15m,Maker 0.10% / Taker 0.10%,0.1,0.1,3,2,832,597,235,71.75,0.05,-84.9,-84.9,84.92,-0.102,73.92,15.1
XRP_USDT,15m,Maker 0.10% / Taker 0.10%,0.1,0.1,4,2,830,589,241,70.96,0.05,-86.43,-86.43,86.45,-0.1041,72.8,13.57
XRP_USDT,15m,Maker 0.10% / Taker 0.10%,0.1,0.1,5,2,833,585,248,70.23,0.05,-87.09,-87.09,87.12,-0.1046,72.05,12.91
XRP_USDT,15m,Maker 0.10% / Taker 0.10%,0.1,0.1,6,2,831,581,250,69.92,0.05,-87.48,-87.48,87.5,-0.1053,71.44,12.52
XRP_USDT,15m,Maker 0.10% / Taker 0.10%,0.1,0.1,7,2,828,575,253,69.44,0.05,-87.55,-87.55,87.55,-0.1057,69.53,12.45
XRP_USDT,1h,Maker 0.00% / Taker 0.01%,0.0,0.01,1,2,225,215,10,95.56,0.41,-5.56,-5.56,5.96,-0.0247,4.34,94.44
XRP_USDT,1h,Maker 0.00% / Taker 0.01%,0.0,0.01,2,2,225,214,11,95.11,0.32,-8.2,-8.2,8.53,-0.0364,4.25,91.8
XRP_USDT,1h,Maker 0.00% / Taker 0.01%,0.0,0.01,3,2,226,214,12,94.69,0.3,-8.91,-8.91,9.24,-0.0394,4.23,91.09
XRP_USDT,1h,Maker 0.00% / Taker 0.01%,0.0,0.01,4,2,225,213,12,94.67,0.3,-9.02,-9.02,9.35,-0.0401,4.21,90.98
XRP_USDT,1h,Maker 0.00% / Taker 0.01%,0.0,0.01,5,2,224,211,13,94.2,0.28,-9.73,-9.73,10.06,-0.0435,4.18,90.27
XRP_USDT,1h,Maker 0.00% / Taker 0.01%,0.0,0.01,6,2,224,209,15,93.3,0.25,-11.14,-11.14,11.46,-0.0497,4.15,88.86
XRP_USDT,1h,Maker 0.00% / Taker 0.01%,0.0,0.01,7,2,224,209,15,93.3,0.25,-11.24,-11.24,11.56,-0.0502,4.15,88.76
XRP_USDT,1h,Maker 0.00% / Taker 0.05%,0.0,0.05,1,2,223,205,18,91.93,0.2,-14.82,-14.82,15.14,-0.0664,20.17,85.18
XRP_USDT,1h,Maker 0.00% / Taker 0.05%,0.0,0.05,2,2,223,204,19,91.48,0.19,-15.4,-15.4,15.72,-0.069,20.15,84.6
XRP_USDT,1h,Maker 0.00% / Taker 0.05%,0.0,0.05,3,2,224,206,18,91.96,0.21,-13.83,-13.83,14.16,-0.0617,20.43,86.17
XRP_USDT,1h,Maker 0.00% / Taker 0.05%,0.0,0.05,4,2,224,204,20,91.07,0.2,-14.76,-14.76,15.09,-0.0659,20.37,85.24
XRP_USDT,1h,Maker 0.00% / Taker 0.05%,0.0,0.05,5,2,223,201,22,90.13,0.18,-15.97,-15.97,16.3,-0.0716,20.3,84.03
XRP_USDT,1h,Maker 0.00% / Taker 0.05%,0.0,0.05,6,2,223,198,25,88.79,0.16,-17.98,-17.98,18.3,-0.0806,20.09,82.02
XRP_USDT,1h,Maker 0.00% / Taker 0.05%,0.0,0.05,7,2,224,198,26,88.39,0.15,-18.95,-18.95,19.21,-0.0846,20.14,81.05
XRP_USDT,1h,Maker 0.10% / Taker 0.10%,0.1,0.1,1,2,217,183,34,84.33,0.09,-29.22,-29.22,29.46,-0.1347,37.19,70.78
XRP_USDT,1h,Maker 0.10% / Taker 0.10%,0.1,0.1,2,2,217,182,35,83.87,0.09,-30.07,-30.07,30.31,-0.1386,37.17,69.93
XRP_USDT,1h,Maker 0.10% / Taker 0.10%,0.1,0.1,3,2,218,182,36,83.49,0.09,-31.42,-31.42,31.66,-0.1441,37.3,68.58
XRP_USDT,1h,Maker 0.10% / Taker 0.10%,0.1,0.1,4,2,222,183,39,82.43,0.08,-34.6,-34.6,34.77,-0.1558,36.96,65.4
XRP_USDT,1h,Maker 0.10% / Taker 0.10%,0.1,0.1,5,2,222,181,41,81.53,0.07,-36.08,-36.08,36.25,-0.1625,35.72,63.92
XRP_USDT,1h,Maker 0.10% / Taker 0.10%,0.1,0.1,6,2,220,178,42,80.91,0.07,-37.77,-37.77,37.94,-0.1717,34.31,62.23
XRP_USDT,1h,Maker 0.10% / Taker 0.10%,0.1,0.1,7,2,221,177,44,80.09,0.06,-39.52,-39.52,39.68,-0.1788,34.12,60.48
XRP_USDT,4h,Maker 0.00% / Taker 0.01%,0.0,0.01,1,2,48,46,2,95.83,0.26,-2.37,-2.37,3.14,-0.0493,0.94,97.63
XRP_USDT,4h,Maker 0.00% / Taker 0.01%,0.0,0.01,2,2,48,45,3,93.75,0.14,-4.85,-4.85,5.4,-0.1011,0.93,95.15
XRP_USDT,4h,Maker 0.00% / Taker 0.01%,0.0,0.01,3,2,48,45,3,93.75,0.14,-4.88,-4.88,5.42,-0.1016,0.93,95.12
XRP_USDT,4h,Maker 0.00% / Taker 0.01%,0.0,0.01,4,2,48,44,4,91.67,0.08,-8.67,-8.67,9.11,-0.1805,0.9,91.33
XRP_USDT,4h,Maker 0.00% / Taker 0.01%,0.0,0.01,5,2,48,44,4,91.67,0.08,-8.69,-8.69,9.13,-0.1811,0.9,91.31
XRP_USDT,4h,Maker 0.00% / Taker 0.01%,0.0,0.01,6,2,48,44,4,91.67,0.08,-8.72,-8.72,9.15,-0.1817,0.9,91.28
XRP_USDT,4h,Maker 0.00% / Taker 0.01%,0.0,0.01,7,2,48,44,4,91.67,0.08,-8.75,-8.75,9.17,-0.1822,0.9,91.25
XRP_USDT,4h,Maker 0.00% / Taker 0.05%,0.0,0.05,1,2,48,44,4,91.67,0.08,-8.84,-8.84,9.23,-0.1843,4.51,91.16
XRP_USDT,4h,Maker 0.00% / Taker 0.05%,0.0,0.05,2,2,48,44,4,91.67,0.08,-8.87,-8.87,9.25,-0.1848,4.51,91.13
XRP_USDT,4h,Maker 0.00% / Taker 0.05%,0.0,0.05,3,2,48,44,4,91.67,0.08,-8.9,-8.9,9.27,-0.1854,4.51,91.1
XRP_USDT,4h,Maker 0.00% / Taker 0.05%,0.0,0.05,4,2,48,44,4,91.67,0.08,-8.93,-8.93,9.29,-0.186,4.51,91.07
XRP_USDT,4h,Maker 0.00% / Taker 0.05%,0.0,0.05,5,2,48,44,4,91.67,0.08,-8.95,-8.95,9.31,-0.1865,4.51,91.05
XRP_USDT,4h,Maker 0.00% / Taker 0.05%,0.0,0.05,6,2,48,44,4,91.67,0.08,-8.98,-8.98,9.33,-0.1871,4.51,91.02
XRP_USDT,4h,Maker 0.00% / Taker 0.05%,0.0,0.05,7,2,48,44,4,91.67,0.08,-9.01,-9.01,9.35,-0.1876,4.51,90.99
XRP_USDT,4h,Maker 0.10% / Taker 0.10%,0.1,0.1,1,2,48,42,6,87.5,0.05,-13.39,-13.39,13.64,-0.2789,8.95,86.61
XRP_USDT,4h,Maker 0.10% / Taker 0.10%,0.1,0.1,2,2,48,42,6,87.5,0.05,-13.43,-13.43,13.67,-0.2797,8.95,86.57
XRP_USDT,4h,Maker 0.10% / Taker 0.10%,0.1,0.1,3,2,48,42,6,87.5,0.05,-13.47,-13.47,13.71,-0.2806,8.95,86.53
XRP_USDT,4h,Maker 0.10% / Taker 0.10%,0.1,0.1,4,2,48,42,6,87.5,0.05,-13.51,-13.51,13.74,-0.2814,8.95,86.49
XRP_USDT,4h,Maker 0.10% / Taker 0.10%,0.1,0.1,5,2,48,41,7,85.42,0.04,-15.92,-15.92,16.09,-0.3317,8.76,84.08
XRP_USDT,4h,Maker 0.10% / Taker 0.10%,0.1,0.1,6,2,47,40,7,85.11,0.04,-15.68,-15.68,15.82,-0.3337,8.59,84.32
XRP_USDT,4h,Maker 0.10% / Taker 0.10%,0.1,0.1,7,2,46,39,7,84.78,0.04,-15.75,-15.75,15.86,-0.3423,8.41,84.25
XRP_USDT,1d,Maker 0.00% / Taker 0.01%,0.0,0.01,1,2,6,6,0,100.0,999.0,0.11,0.11,0.0,0.0184,0.12,100.11
XRP_USDT,1d,Maker 0.00% / Taker 0.01%,0.0,0.01,2,2,6,6,0,100.0,999.0,0.11,0.11,0.0,0.0184,0.12,100.11
XRP_USDT,1d,Maker 0.00% / Taker 0.01%,0.0,0.01,3,2,6,6,0,100.0,999.0,0.11,0.11,0.0,0.0184,0.12,100.11
XRP_USDT,1d,Maker 0.00% / Taker 0.01%,0.0,0.01,4,2,6,6,0,100.0,999.0,0.11,0.11,0.0,0.0184,0.12,100.11
XRP_USDT,1d,Maker 0.00% / Taker 0.01%,0.0,0.01,5,2,6,6,0,100.0,999.0,0.11,0.11,0.0,0.0184,0.12,100.11
XRP_USDT,1d,Maker 0.00% / Taker 0.01%,0.0,0.01,6,2,6,6,0,100.0,999.0,0.11,0.11,0.0,0.0184,0.12,100.11
XRP_USDT,1d,Maker 0.00% / Taker 0.01%,0.0,0.01,7,2,6,6,0,100.0,999.0,0.11,0.11,0.0,0.0184,0.12,100.11
XRP_USDT,1d,Maker 0.00% / Taker 0.05%,0.0,0.05,1,2,6,6,0,100.0,999.0,0.12,0.12,0.0,0.0204,0.6,100.12
XRP_USDT,1d,Maker 0.00% / Taker 0.05%,0.0,0.05,2,2,6,6,0,100.0,999.0,0.12,0.12,0.0,0.0204,0.6,100.12
XRP_USDT,1d,Maker 0.00% / Taker 0.05%,0.0,0.05,3,2,6,6,0,100.0,999.0,0.12,0.12,0.0,0.0204,0.6,100.12
XRP_USDT,1d,Maker 0.00% / Taker 0.05%,0.0,0.05,4,2,6,6,0,100.0,999.0,0.12,0.12,0.0,0.0204,0.6,100.12
XRP_USDT,1d,Maker 0.00% / Taker 0.05%,0.0,0.05,5,2,6,6,0,100.0,999.0,0.12,0.12,0.0,0.0204,0.6,100.12
XRP_USDT,1d,Maker 0.00% / Taker 0.05%,0.0,0.05,6,2,6,6,0,100.0,999.0,0.12,0.12,0.0,0.0204,0.6,100.12
XRP_USDT,1d,Maker 0.00% / Taker 0.05%,0.0,0.05,7,2,6,5,1,83.33,0.03,-3.91,-3.91,4.01,-0.6522,0.57,96.09
XRP_USDT,1d,Maker 0.10% / Taker 0.10%,0.1,0.1,1,2,6,5,1,83.33,0.03,-3.96,-3.96,4.06,-0.66,1.15,96.04
XRP_USDT,1d,Maker 0.10% / Taker 0.10%,0.1,0.1,2,2,6,5,1,83.33,0.03,-3.97,-3.97,4.07,-0.6611,1.15,96.03
XRP_USDT,1d,Maker 0.10% / Taker 0.10%,0.1,0.1,3,2,6,5,1,83.33,0.03,-3.97,-3.97,4.08,-0.6623,1.15,96.03
XRP_USDT,1d,Maker 0.10% / Taker 0.10%,0.1,0.1,4,2,6,5,1,83.33,0.03,-3.98,-3.98,4.09,-0.6635,1.15,96.02
XRP_USDT,1d,Maker 0.10% / Taker 0.10%,0.1,0.1,5,2,6,5,1,83.33,0.03,-3.99,-3.99,4.09,-0.6646,1.15,96.01
XRP_USDT,1d,Maker 0.10% / Taker 0.10%,0.1,0.1,6,2,6,5,1,83.33,0.03,-3.99,-3.99,4.1,-0.6658,1.15,96.01
XRP_USDT,1d,Maker 0.10% / Taker 0.10%,0.1,0.1,7,2,6,4,2,66.67,0.01,-8.95,-8.95,9.01,-1.492,1.11,91.05
