symbol,timeframe,fee_schedule,maker_fee_pct,taker_fee_pct,slippage_ticks,extra_ticks,trade_id,direction,entry_time_utc,exit_time_utc,duration_seconds,entry_price,exit_price,min_profit_tp_price,stop_loss_price,underlying_quantity,vol_contracts,margin_used_usdt,fee_open_usdt,fee_close_usdt,fee_total_usdt,realized_pnl_usdt,pnl_percentage,roe_percentage,exit_reason,balance_after_trade_usdt
TRUMP_USDT,1m,Maker 0.00% / Taker 0.01%,0.0,0.01,1,2,1,SHORT,2026-01-01 00:54:59 UTC,2026-01-01 00:57:59 UTC,180.0,4.807,4.811,4.804,4.81,20.8,208,10.0,0.01,0.01,0.02,-0.1032,-0.08,-1.03,STOP_LOSS_HIT,99.9
TRUMP_USDT,1m,Maker 0.00% / Taker 0.01%,0.0,0.01,1,2,2,LONG,2026-01-01 01:02:59 UTC,2026-01-01 01:03:59 UTC,60.0,4.814,4.817,4.817,4.807,20.8,208,10.01,0.01,0.01,0.02,0.0424,0.06,0.42,MIN_PROFIT_TP_HIT,99.94
TRUMP_USDT,1m,Maker 0.00% / Taker 0.01%,0.0,0.01,1,2,3,LONG,2026-01-01 01:19:59 UTC,2026-01-01 01:21:59 UTC,120.0,4.816,4.806,4.819,4.807,20.8,208,10.02,0.01,0.01,0.02,-0.228,-0.21,-2.28,STOP_LOSS_HIT,99.71
TRUMP_USDT,1m,Maker 0.00% / Taker 0.01%,0.0,0.01,1,2,4,SHORT,2026-01-01 02:01:59 UTC,2026-01-01 02:04:59 UTC,180.0,4.799,4.796,4.796,4.806,20.8,208,9.98,0.01,0.01,0.02,0.0424,0.06,0.43,MIN_PROFIT_TP_HIT,99.75
TRUMP_USDT,1m,Maker 0.00% / Taker 0.01%,0.0,0.01,1,2,5,SHORT,2026-01-01 02:22:59 UTC,2026-01-01 02:25:59 UTC,180.0,4.796,4.793,4.793,4.801,20.8,208,9.98,0.01,0.01,0.0199,0.0425,0.06,0.43,MIN_PROFIT_TP_HIT,99.8
TRUMP_USDT,1m,Maker 0.00% / Taker 0.01%,0.0,0.01,1,2,6,LONG,2026-01-01 05:03:59 UTC,2026-01-01 05:10:59 UTC,420.0,4.722,4.714,4.725,4.715,21.1,211,9.96,0.01,0.0099,0.0199,-0.1887,-0.17,-1.89,STOP_LOSS_HIT,99.61
TRUMP_USDT,1m,Maker 0.00% / Taker 0.01%,0.0,0.01,1,2,7,LONG,2026-01-01 05:38:59 UTC,2026-01-01 05:39:59 UTC,60.0,4.722,4.717,4.725,4.718,21.1,211,9.96,0.01,0.01,0.0199,-0.1254,-0.11,-1.26,STOP_LOSS_HIT,99.48
TRUMP_USDT,1m,Maker 0.00% / Taker 0.01%,0.0,0.01,1,2,8,LONG,2026-01-01 05:47:59 UTC,2026-01-01 05:48:59 UTC,60.0,4.716,4.713,4.719,4.714,21.1,211,9.95,0.01,0.0099,0.0199,-0.0832,-0.06,-0.84,STOP_LOSS_HIT,99.4
TRUMP_USDT,1m,Maker 0.00% / Taker 0.01%,0.0,0.01,1,2,9,LONG,2026-01-01 06:02:59 UTC,2026-01-01 06:07:59 UTC,300.0,4.722,4.725,4.725,4.716,21.1,211,9.96,0.01,0.01,0.0199,0.0434,0.06,0.44,MIN_PROFIT_TP_HIT,99.44
TRUMP_USDT,1m,Maker 0.00% / Taker 0.01%,0.0,0.01,1,2,10,SHORT,2026-01-01 06:15:59 UTC,2026-01-01 06:17:59 UTC,120.0,4.73,4.727,4.727,4.736,21.0,210,9.93,0.0099,0.0099,0.0199,0.0431,0.06,0.43,MIN_PROFIT_TP_HIT,99.49
TRUMP_USDT,1m,Maker 0.00% / Taker 0.01%,0.0,0.01,1,2,11,LONG,2026-01-01 06:35:59 UTC,2026-01-01 06:36:59 UTC,60.0,4.723,4.726,4.726,4.721,21.1,211,9.97,0.01,0.01,0.0199,0.0434,0.06,0.44,MIN_PROFIT_TP_HIT,99.53
TRUMP_USDT,1m,Maker 0.00% / Taker 0.01%,0.0,0.01,1,2,12,SHORT,2026-01-01 07:03:59 UTC,2026-01-01 07:04:59 UTC,60.0,4.722,4.725,4.719,4.724,21.1,211,9.96,0.01,0.01,0.0199,-0.0832,-0.06,-0.84,STOP_LOSS_HIT,99.45
TRUMP_USDT,1m,Maker 0.00% / Taker 0.01%,0.0,0.01,1,2,13,LONG,2026-01-01 07:09:59 UTC,2026-01-01 07:15:59 UTC,360.0,4.728,4.731,4.731,4.723,21.0,210,9.93,0.0099,0.0099,0.0199,0.0431,0.06,0.43,MIN_PROFIT_TP_HIT,99.49
TRUMP_USDT,1m,Maker 0.00% / Taker 0.01%,0.0,0.01,1,2,14,SHORT,2026-01-01 07:18:59 UTC,2026-01-01 07:21:59 UTC,180.0,4.729,4.726,4.726,4.734,21.0,210,9.93,0.0099,0.0099,0.0199,0.0431,0.06,0.43,MIN_PROFIT_TP_HIT,99.53
TRUMP_USDT,1m,Maker 0.00% / Taker 0.01%,0.0,0.01,1,2,15,LONG,2026-01-01 07:23:59 UTC,2026-01-01 07:31:59 UTC,480.0,4.725,4.728,4.728,4.721,21.1,211,9.97,0.01,0.01,0.0199,0.0434,0.06,0.43,MIN_PROFIT_TP_HIT,99.57
TRUMP_USDT,1m,Maker 0.00% / Taker 0.01%,0.0,0.01,1,2,16,SHORT,2026-01-01 07:35:59 UTC,2026-01-01 07:53:59 UTC,1080.0,4.725,4.73,4.722,4.729,21.1,211,9.97,0.01,0.01,0.02,-0.1255,-0.11,-1.26,STOP_LOSS_HIT,99.45
TRUMP_USDT,1m,Maker 0.00% / Taker 0.01%,0.0,0.01,1,2,17,LONG,2026-01-01 07:54:59 UTC,2026-01-01 07:58:59 UTC,240.0,4.729,4.723,4.732,4.724,21.0,210,9.93,0.0099,0.0099,0.0198,-0.1458,-0.13,-1.47,STOP_LOSS_HIT,99.3
TRUMP_USDT,1m,Maker 0.00% / Taker 0.01%,0.0,0.01,1,2,18,SHORT,2026-01-01 08:25:59 UTC,2026-01-01 08:28:59 UTC,180.0,4.718,4.715,4.715,4.725,21.0,210,9.91,0.0099,0.0099,0.0198,0.0432,0.06,0.44,MIN_PROFIT_TP_HIT,99.35
TRUMP_USDT,1m,Maker 0.00% / Taker 0.01%,0.0,0.01,1,2,19,SHORT,2026-01-01 08:37:59 UTC,2026-01-01 08:54:59 UTC,1020.0,4.709,4.718,4.706,4.717,21.1,211,9.94,0.0099,0.01,0.0199,-0.2098,-0.19,-2.11,STOP_LOSS_HIT,99.14
TRUMP_USDT,1m,Maker 0.00% / Taker 0.01%,0.0,0.01,1,2,20,LONG,2026-01-01 09:19:59 UTC,2026-01-01 09:20:59 UTC,60.0,4.739,4.742,4.742,4.729,20.900000000000002,209,9.9,0.0099,0.0099,0.0198,0.0429,0.06,0.43,MIN_PROFIT_TP_HIT,99.18
TRUMP_USDT,1m,Maker 0.00% / Taker 0.01%,0.0,0.01,1,2,21,SHORT,2026-01-01 09:22:59 UTC,2026-01-01 09:28:59 UTC,360.0,4.739,4.744,4.736,4.743,20.900000000000002,209,9.9,0.0099,0.0099,0.0198,-0.1243,-0.11,-1.26,STOP_LOSS_HIT,99.06
TRUMP_USDT,1m,Maker 0.00% / Taker 0.01%,0.0,0.01,1,2,22,SHORT,2026-01-01 09:34:59 UTC,2026-01-01 09:42:59 UTC,480.0,4.741,4.749,4.738,4.748,20.900000000000002,209,9.91,0.0099,0.0099,0.0198,-0.187,-0.17,-1.89,STOP_LOSS_HIT,98.87
TRUMP_USDT,1m,Maker 0.00% / Taker 0.01%,0.0,0.01,1,2,23,LONG,2026-01-01 09:56:59 UTC,2026-01-01 09:58:59 UTC,120.0,4.731,4.734,4.734,4.727,20.900000000000002,209,9.89,0.0099,0.0099,0.0198,0.0429,0.06,0.43,MIN_PROFIT_TP_HIT,98.91
TRUMP_USDT,1m,Maker 0.00% / Taker 0.01%,0.0,0.01,1,2,24,LONG,2026-01-01 10:25:59 UTC,2026-01-01 10:28:59 UTC,180.0,4.719,4.713,4.722,4.714,21.0,210,9.91,0.0099,0.0099,0.0198,-0.1458,-0.13,-1.47,STOP_LOSS_HIT,98.77
TRUMP_USDT,1m,Maker 0.00% / Taker 0.01%,0.0,0.01,1,2,25,SHORT,2026-01-01 10:30:59 UTC,2026-01-01 10:33:59 UTC,180.0,4.712,4.718,4.709,4.717,21.0,210,9.9,0.0099,0.0099,0.0198,-0.1458,-0.13,-1.47,STOP_LOSS_HIT,98.62
TRUMP_USDT,1m,Maker 0.00% / Taker 0.01%,0.0,0.01,1,2,26,LONG,2026-01-01 10:34:59 UTC,2026-01-01 10:46:59 UTC,720.0,4.72,4.712,4.723,4.713,20.900000000000002,209,9.86,0.0099,0.0098,0.0197,-0.1869,-0.17,-1.89,STOP_LOSS_HIT,98.43
TRUMP_USDT,1m,Maker 0.00% / Taker 0.01%,0.0,0.01,1,2,27,SHORT,2026-01-01 10:59:59 UTC,2026-01-01 11:04:59 UTC,300.0,4.713,4.71,4.71,4.718,20.900000000000002,209,9.85,0.0099,0.0098,0.0197,0.043,0.06,0.44,MIN_PROFIT_TP_HIT,98.48
TRUMP_USDT,1m,Maker 0.00% / Taker 0.01%,0.0,0.01,1,2,28,SHORT,2026-01-01 11:05:59 UTC,2026-01-01 11:07:59 UTC,120.0,4.708,4.714,4.705,4.713,20.900000000000002,209,9.84,0.0098,0.0099,0.0197,-0.1451,-0.13,-1.47,STOP_LOSS_HIT,98.33
TRUMP_USDT,1m,Maker 0.00% / Taker 0.01%,0.0,0.01,1,2,29,LONG,2026-01-01 11:16:59 UTC,2026-01-01 11:22:59 UTC,360.0,4.715,4.718,4.718,4.708,20.900000000000002,209,9.85,0.0099,0.0099,0.0197,0.043,0.06,0.44,MIN_PROFIT_TP_HIT,98.37
TRUMP_USDT,1m,Maker 0.00% / Taker 0.01%,0.0,0.01,1,2,30,LONG,2026-01-01 11:41:59 UTC,2026-01-01 11:45:59 UTC,240.0,4.723,4.726,4.726,4.716,20.8,208,9.82,0.0098,0.0098,0.0197,0.0427,0.06,0.44,MIN_PROFIT_TP_HIT,98.42
TRUMP_USDT,1m,Maker 0.00% / Taker 0.01%,0.0,0.01,1,2,31,LONG,2026-01-01 12:04:59 UTC,2026-01-01 12:13:59 UTC,540.0,4.727,4.72,4.73,4.721,20.8,208,9.83,0.0098,0.0098,0.0196,-0.1652,-0.15,-1.68,STOP_LOSS_HIT,98.25
TRUMP_USDT,1m,Maker 0.00% / Taker 0.01%,0.0,0.01,1,2,32,SHORT,2026-01-01 12:14:59 UTC,2026-01-01 12:15:59 UTC,60.0,4.72,4.717,4.717,4.725,20.8,208,9.82,0.0098,0.0098,0.0196,0.0428,0.06,0.44,MIN_PROFIT_TP_HIT,98.29
TRUMP_USDT,1m,Maker 0.00% / Taker 0.01%,0.0,0.01,1,2,33,LONG,2026-01-01 12:21:59 UTC,2026-01-01 12:22:00 UTC,0.1,4.715,4.713,4.718,4.714,20.8,208,9.81,0.0098,0.0098,0.0196,-0.0612,-0.04,-0.62,STOP_LOSS_HIT,98.23
TRUMP_USDT,1m,Maker 0.00% / Taker 0.01%,0.0,0.01,1,2,34,SHORT,2026-01-01 12:55:59 UTC,2026-01-01 13:19:59 UTC,1440.0,4.712,4.722,4.709,4.721,20.8,208,9.8,0.0098,0.0098,0.0196,-0.2276,-0.21,-2.32,STOP_LOSS_HIT,98.01
TRUMP_USDT,1m,Maker 0.00% / Taker 0.01%,0.0,0.01,1,2,35,LONG,2026-01-01 13:20:59 UTC,2026-01-01 13:23:59 UTC,180.0,4.725,4.728,4.728,4.716,20.700000000000003,207,9.78,0.0098,0.0098,0.0196,0.0425,0.06,0.43,MIN_PROFIT_TP_HIT,98.05
TRUMP_USDT,1m,Maker 0.00% / Taker 0.01%,0.0,0.01,1,2,36,LONG,2026-01-01 13:40:59 UTC,2026-01-01 13:41:59 UTC,60.0,4.729,4.732,4.732,4.724,20.700000000000003,207,9.79,0.0098,0.0098,0.0196,0.0425,0.06,0.43,MIN_PROFIT_TP_HIT,98.09
TRUMP_USDT,1m,Maker 0.00% / Taker 0.01%,0.0,0.01,1,2,37,LONG,2026-01-01 13:45:59 UTC,2026-01-01 13:46:59 UTC,60.0,4.735,4.738,4.738,4.725,20.700000000000003,207,9.8,0.0098,0.0098,0.0196,0.0425,0.06,0.43,MIN_PROFIT_TP_HIT,98.13
TRUMP_USDT,1m,Maker 0.00% / Taker 0.01%,0.0,0.01,1,2,38,SHORT,2026-01-01 13:53:59 UTC,2026-01-01 13:58:59 UTC,300.0,4.738,4.742,4.735,4.741,20.700000000000003,207,9.81,0.0098,0.0098,0.0196,-0.1024,-0.08,-1.04,STOP_LOSS_HIT,98.03
TRUMP_USDT,1m,Maker 0.00% / Taker 0.01%,0.0,0.01,1,2,39,LONG,2026-01-01 13:59:59 UTC,2026-01-01 14:02:59 UTC,180.0,4.74,4.735,4.743,4.736,20.700000000000003,207,9.81,0.0098,0.0098,0.0196,-0.1231,-0.11,-1.25,STOP_LOSS_HIT,97.91
TRUMP_USDT,1m,Maker 0.00% / Taker 0.01%,0.0,0.01,1,2,40,SHORT,2026-01-01 14:16:59 UTC,2026-01-01 14:21:59 UTC,300.0,4.742,4.739,4.739,4.747,20.6,206,9.77,0.0098,0.0098,0.0195,0.0423,0.06,0.43,MIN_PROFIT_TP_HIT,97.95
TRUMP_USDT,1m,Maker 0.00% / Taker 0.01%,0.0,0.01,1,2,41,SHORT,2026-01-01 14:22:59 UTC,2026-01-01 15:07:59 UTC,2700.0,4.731,4.747,4.728,4.746,20.700000000000003,207,9.79,0.0098,0.0098,0.0196,-0.3508,-0.34,-3.58,STOP_LOSS_HIT,97.6
TRUMP_USDT,1m,Maker 0.00% / Taker 0.01%,0.0,0.01,1,2,42,LONG,2026-01-01 15:08:59 UTC,2026-01-01 15:09:59 UTC,60.0,4.745,4.738,4.748,4.739,20.6,206,9.77,0.0098,0.0098,0.0195,-0.1637,-0.15,-1.68,STOP_LOSS_HIT,97.44
TRUMP_USDT,1m,Maker 0.00% / Taker 0.01%,0.0,0.01,1,2,43,SHORT,2026-01-01 15:32:59 UTC,2026-01-01 15:33:59 UTC,60.0,4.731,4.728,4.728,4.743,20.6,206,9.75,0.0097,0.0097,0.0195,0.0423,0.06,0.43,MIN_PROFIT_TP_HIT,97.48
TRUMP_USDT,1m,Maker 0.00% / Taker 0.01%,0.0,0.01,1,2,44,LONG,2026-01-01 15:43:59 UTC,2026-01-01 15:46:59 UTC,180.0,4.741,4.744,4.744,4.718,20.6,206,9.77,0.0098,0.0098,0.0195,0.0423,0.06,0.43,MIN_PROFIT_TP_HIT,97.52
TRUMP_USDT,1m,Maker 0.00% / Taker 0.01%,0.0,0.01,1,2,45,SHORT,2026-01-01 16:14:59 UTC,2026-01-01 16:16:59 UTC,120.0,4.739,4.747,4.736,4.746,20.6,206,9.76,0.0098,0.0098,0.0195,-0.1843,-0.17,-1.89,STOP_LOSS_HIT,97.34
TRUMP_USDT,1m,Maker 0.00% / Taker 0.01%,0.0,0.01,1,2,46,LONG,2026-01-01 16:51:59 UTC,2026-01-01 16:56:59 UTC,300.0,4.762,4.765,4.765,4.753,20.400000000000002,204,9.71,0.0097,0.0097,0.0194,0.0418,0.06,0.43,MIN_PROFIT_TP_HIT,97.38
TRUMP_USDT,1m,Maker 0.00% / Taker 0.01%,0.0,0.01,1,2,47,LONG,2026-01-01 17:13:59 UTC,2026-01-01 17:15:59 UTC,120.0,4.774,4.777,4.777,4.765,20.400000000000002,204,9.74,0.0097,0.0097,0.0195,0.0417,0.06,0.43,MIN_PROFIT_TP_HIT,97.42
TRUMP_USDT,1m,Maker 0.00% / Taker 0.01%,0.0,0.01,1,2,48,SHORT,2026-01-01 17:24:59 UTC,2026-01-01 17:26:59 UTC,120.0,4.792,4.789,4.789,4.799,20.3,203,9.73,0.0097,0.0097,0.0194,0.0415,0.06,0.43,MIN_PROFIT_TP_HIT,97.46
TRUMP_USDT,1m,Maker 0.00% / Taker 0.01%,0.0,0.01,1,2,49,SHORT,2026-01-01 17:33:59 UTC,2026-01-01 17:34:59 UTC,60.0,4.806,4.803,4.803,4.821,20.3,203,9.76,0.0098,0.0098,0.0195,0.0414,0.06,0.42,MIN_PROFIT_TP_HIT,97.5
TRUMP_USDT,1m,Maker 0.00% / Taker 0.01%,0.0,0.01,1,2,50,SHORT,2026-01-01 17:57:59 UTC,2026-01-01 18:02:59 UTC,300.0,4.794,4.791,4.791,4.814,20.3,203,9.73,0.0097,0.0097,0.0195,0.0414,0.06,0.43,MIN_PROFIT_TP_HIT,97.54
TRUMP_USDT,1m,Maker 0.00% / Taker 0.01%,0.0,0.01,1,2,51,SHORT,2026-01-01 18:03:59 UTC,2026-01-01 18:05:59 UTC,120.0,4.794,4.791,4.791,4.818,20.3,203,9.73,0.0097,0.0097,0.0195,0.0414,0.06,0.43,MIN_PROFIT_TP_HIT,97.58
TRUMP_USDT,1m,Maker 0.00% / Taker 0.01%,0.0,0.01,1,2,52,LONG,2026-01-01 18:50:59 UTC,2026-01-01 18:54:59 UTC,240.0,4.788,4.778,4.791,4.779,20.400000000000002,204,9.77,0.0098,0.0097,0.0195,-0.2235,-0.21,-2.29,STOP_LOSS_HIT,97.36
TRUMP_USDT,1m,Maker 0.00% / Taker 0.01%,0.0,0.01,1,2,53,LONG,2026-01-01 19:16:59 UTC,2026-01-01 19:18:59 UTC,120.0,4.79,4.785,4.793,4.786,20.3,203,9.72,0.0097,0.0097,0.0194,-0.1209,-0.1,-1.24,STOP_LOSS_HIT,97.24
TRUMP_USDT,1m,Maker 0.00% / Taker 0.01%,0.0,0.01,1,2,54,LONG,2026-01-01 19:22:59 UTC,2026-01-01 19:33:59 UTC,660.0,4.794,4.797,4.797,4.781,20.3,203,9.73,0.0097,0.0097,0.0195,0.0414,0.06,0.43,MIN_PROFIT_TP_HIT,97.28
TRUMP_USDT,1m,Maker 0.00% / Taker 0.01%,0.0,0.01,1,2,55,LONG,2026-01-01 19:38:59 UTC,2026-01-01 19:39:59 UTC,60.0,4.8,4.803,4.803,4.796,20.3,203,9.74,0.0097,0.0098,0.0195,0.0414,0.06,0.42,MIN_PROFIT_TP_HIT,97.32
TRUMP_USDT,1m,Maker 0.00% / Taker 0.01%,0.0,0.01,1,2,56,SHORT,2026-01-01 19:46:59 UTC,2026-01-01 19:47:59 UTC,60.0,4.807,4.81,4.804,4.809,20.200000000000003,202,9.71,0.0097,0.0097,0.0194,-0.08,-0.06,-0.82,STOP_LOSS_HIT,97.24
TRUMP_USDT,1m,Maker 0.00% / Taker 0.01%,0.0,0.01,1,2,57,LONG,2026-01-01 20:02:59 UTC,2026-01-01 20:03:59 UTC,60.0,4.823,4.813,4.826,4.814,20.200000000000003,202,9.74,0.0097,0.0097,0.0195,-0.2215,-0.21,-2.27,STOP_LOSS_HIT,97.02
TRUMP_USDT,1m,Maker 0.00% / Taker 0.01%,0.0,0.01,1,2,58,LONG,2026-01-01 21:07:59 UTC,2026-01-01 21:11:59 UTC,240.0,4.816,4.819,4.819,4.805,20.1,201,9.68,0.0097,0.0097,0.0194,0.0409,0.06,0.42,MIN_PROFIT_TP_HIT,97.06
TRUMP_USDT,1m,Maker 0.00% / Taker 0.01%,0.0,0.01,1,2,59,SHORT,2026-01-01 21:13:59 UTC,2026-01-01 21:18:59 UTC,300.0,4.818,4.826,4.815,4.825,20.1,201,9.68,0.0097,0.0097,0.0194,-0.1802,-0.17,-1.86,STOP_LOSS_HIT,96.88
TRUMP_USDT,1m,Maker 0.00% / Taker 0.01%,0.0,0.01,1,2,60,SHORT,2026-01-01 21:43:59 UTC,2026-01-01 21:45:59 UTC,120.0,4.816,4.813,4.813,4.824,20.1,201,9.68,0.0097,0.0097,0.0194,0.0409,0.06,0.42,MIN_PROFIT_TP_HIT,96.92
TRUMP_USDT,1m,Maker 0.00% / Taker 0.01%,0.0,0.01,1,2,61,LONG,2026-01-01 22:22:59 UTC,2026-01-01 22:25:59 UTC,180.0,4.847,4.85,4.85,4.83,20.0,200,9.69,0.0097,0.0097,0.0194,0.0406,0.06,0.42,MIN_PROFIT_TP_HIT,96.96
TRUMP_USDT,1m,Maker 0.00% / Taker 0.01%,0.0,0.01,1,2,62,LONG,2026-01-01 23:25:59 UTC,2026-01-01 23:35:59 UTC,600.0,4.898,4.887,4.901,4.888,19.8,198,9.7,0.0097,0.0097,0.0194,-0.2372,-0.22,-2.45,STOP_LOSS_HIT,96.73
TRUMP_USDT,1m,Maker 0.00% / Taker 0.01%,0.0,0.01,1,2,63,SHORT,2026-01-01 23:43:59 UTC,2026-01-01 23:47:59 UTC,240.0,4.889,4.886,4.886,4.898,19.8,198,9.68,0.0097,0.0097,0.0194,0.04,0.06,0.41,MIN_PROFIT_TP_HIT,96.77
TRUMP_USDT,1m,Maker 0.00% / Taker 0.01%,0.0,0.01,1,2,64,SHORT,2026-01-02 00:00:59 UTC,2026-01-02 00:01:59 UTC,60.0,4.888,4.894,4.885,4.893,19.8,198,9.68,0.0097,0.0097,0.0194,-0.1382,-0.12,-1.43,STOP_LOSS_HIT,96.63
TRUMP_USDT,1m,Maker 0.00% / Taker 0.01%,0.0,0.01,1,2,65,SHORT,2026-01-02 00:18:59 UTC,2026-01-02 00:19:59 UTC,60.0,4.885,4.882,4.882,4.889,19.8,198,9.67,0.0097,0.0097,0.0193,0.0401,0.06,0.41,MIN_PROFIT_TP_HIT,96.67
TRUMP_USDT,1m,Maker 0.00% / Taker 0.01%,0.0,0.01,1,2,66,SHORT,2026-01-02 00:37:59 UTC,2026-01-02 00:39:59 UTC,120.0,4.864,4.861,4.861,4.874,19.900000000000002,199,9.68,0.0097,0.0097,0.0194,0.0403,0.06,0.42,MIN_PROFIT_TP_HIT,96.71
TRUMP_USDT,1m,Maker 0.00% / Taker 0.01%,0.0,0.01,1,2,67,SHORT,2026-01-02 01:14:59 UTC,2026-01-02 01:18:59 UTC,240.0,4.856,4.853,4.853,4.863,19.900000000000002,199,9.66,0.0097,0.0097,0.0193,0.0404,0.06,0.42,MIN_PROFIT_TP_HIT,96.75
TRUMP_USDT,1m,Maker 0.00% / Taker 0.01%,0.0,0.01,1,2,68,LONG,2026-01-02 02:24:59 UTC,2026-01-02 02:28:59 UTC,240.0,4.84,4.834,4.843,4.835,20.0,200,9.68,0.0097,0.0097,0.0193,-0.1393,-0.12,-1.44,STOP_LOSS_HIT,96.61
TRUMP_USDT,1m,Maker 0.00% / Taker 0.01%,0.0,0.01,1,2,69,SHORT,2026-01-02 02:38:59 UTC,2026-01-02 02:42:59 UTC,240.0,4.841,4.838,4.838,4.85,20.0,200,9.68,0.0097,0.0097,0.0194,0.0406,0.06,0.42,MIN_PROFIT_TP_HIT,96.65
TRUMP_USDT,1m,Maker 0.00% / Taker 0.01%,0.0,0.01,1,2,70,LONG,2026-01-02 03:04:59 UTC,2026-01-02 03:05:59 UTC,60.0,4.835,4.833,4.838,4.834,20.0,200,9.67,0.0097,0.0097,0.0193,-0.0593,-0.04,-0.61,STOP_LOSS_HIT,96.59
TRUMP_USDT,1m,Maker 0.00% / Taker 0.01%,0.0,0.01,1,2,71,LONG,2026-01-02 03:14:59 UTC,2026-01-02 03:16:59 UTC,120.0,4.865,4.855,4.868,4.856,19.900000000000002,199,9.68,0.0097,0.0097,0.0193,-0.2183,-0.21,-2.26,STOP_LOSS_HIT,96.37
TRUMP_USDT,1m,Maker 0.00% / Taker 0.01%,0.0,0.01,1,2,72,SHORT,2026-01-02 03:17:59 UTC,2026-01-02 03:19:59 UTC,120.0,4.855,4.866,4.852,4.865,19.900000000000002,199,9.66,0.0097,0.0097,0.0193,-0.2382,-0.23,-2.47,STOP_LOSS_HIT,96.13
TRUMP_USDT,1m,Maker 0.00% / Taker 0.01%,0.0,0.01,1,2,73,LONG,2026-01-02 04:14:59 UTC,2026-01-02 04:16:59 UTC,120.0,4.868,4.862,4.871,4.863,19.700000000000003,197,9.59,0.0096,0.0096,0.0192,-0.1374,-0.12,-1.43,STOP_LOSS_HIT,96.0
TRUMP_USDT,1m,Maker 0.00% / Taker 0.01%,0.0,0.01,1,2,74,SHORT,2026-01-02 04:35:59 UTC,2026-01-02 04:39:59 UTC,240.0,4.867,4.875,4.864,4.874,19.700000000000003,197,9.59,0.0096,0.0096,0.0192,-0.1768,-0.16,-1.84,STOP_LOSS_HIT,95.82
TRUMP_USDT,1m,Maker 0.00% / Taker 0.01%,0.0,0.01,1,2,75,SHORT,2026-01-02 04:41:59 UTC,2026-01-02 04:45:59 UTC,240.0,4.872,4.869,4.869,4.879,19.700000000000003,197,9.6,0.0096,0.0096,0.0192,0.0399,0.06,0.42,MIN_PROFIT_TP_HIT,95.86
TRUMP_USDT,1m,Maker 0.00% / Taker 0.01%,0.0,0.01,1,2,76,LONG,2026-01-02 05:04:59 UTC,2026-01-02 05:06:59 UTC,120.0,4.862,4.865,4.865,4.855,19.700000000000003,197,9.58,0.0096,0.0096,0.0192,0.0399,0.06,0.42,MIN_PROFIT_TP_HIT,95.9
TRUMP_USDT,1m,Maker 0.00% / Taker 0.01%,0.0,0.01,1,2,77,LONG,2026-01-02 05:35:59 UTC,2026-01-02 05:42:59 UTC,420.0,4.851,4.854,4.854,4.844,19.8,198,9.6,0.0096,0.0096,0.0192,0.0402,0.06,0.42,MIN_PROFIT_TP_HIT,95.94
TRUMP_USDT,1m,Maker 0.00% / Taker 0.01%,0.0,0.01,1,2,78,LONG,2026-01-02 05:43:59 UTC,2026-01-02 05:51:59 UTC,480.0,4.857,4.86,4.86,4.847,19.8,198,9.62,0.0096,0.0096,0.0192,0.0402,0.06,0.42,MIN_PROFIT_TP_HIT,95.98
TRUMP_USDT,1m,Maker 0.00% / Taker 0.01%,0.0,0.01,1,2,79,SHORT,2026-01-02 05:54:59 UTC,2026-01-02 05:56:59 UTC,120.0,4.859,4.867,4.856,4.866,19.8,198,9.62,0.0096,0.0096,0.0193,-0.1777,-0.16,-1.85,STOP_LOSS_HIT,95.8
TRUMP_USDT,1m,Maker 0.00% / Taker 0.01%,0.0,0.01,1,2,80,LONG,2026-01-02 06:04:59 UTC,2026-01-02 06:05:59 UTC,60.0,4.871,4.874,4.874,4.861,19.700000000000003,197,9.6,0.0096,0.0096,0.0192,0.0399,0.06,0.42,MIN_PROFIT_TP_HIT,95.84
TRUMP_USDT,1m,Maker 0.00% / Taker 0.01%,0.0,0.01,1,2,81,SHORT,2026-01-02 06:49:59 UTC,2026-01-02 06:53:59 UTC,240.0,4.875,4.872,4.872,4.884,19.700000000000003,197,9.6,0.0096,0.0096,0.0192,0.0399,0.06,0.42,MIN_PROFIT_TP_HIT,95.88
TRUMP_USDT,1m,Maker 0.00% / Taker 0.01%,0.0,0.01,1,2,82,LONG,2026-01-02 06:56:59 UTC,2026-01-02 07:06:59 UTC,600.0,4.869,4.872,4.872,4.861,19.700000000000003,197,9.59,0.0096,0.0096,0.0192,0.0399,0.06,0.42,MIN_PROFIT_TP_HIT,95.92
TRUMP_USDT,1m,Maker 0.00% / Taker 0.01%,0.0,0.01,1,2,83,SHORT,2026-01-02 07:27:59 UTC,2026-01-02 07:30:59 UTC,180.0,4.862,4.859,4.859,4.872,19.700000000000003,197,9.58,0.0096,0.0096,0.0192,0.0399,0.06,0.42,MIN_PROFIT_TP_HIT,95.96
TRUMP_USDT,1m,Maker 0.00% / Taker 0.01%,0.0,0.01,1,2,84,LONG,2026-01-02 07:34:59 UTC,2026-01-02 07:38:59 UTC,240.0,4.86,4.855,4.863,4.856,19.700000000000003,197,9.57,0.0096,0.0096,0.0191,-0.1176,-0.1,-1.23,STOP_LOSS_HIT,95.84
TRUMP_USDT,1m,Maker 0.00% / Taker 0.01%,0.0,0.01,1,2,85,SHORT,2026-01-02 07:47:59 UTC,2026-01-02 07:51:59 UTC,240.0,4.858,4.863,4.855,4.862,19.700000000000003,197,9.57,0.0096,0.0096,0.0192,-0.1177,-0.1,-1.23,STOP_LOSS_HIT,95.73
TRUMP_USDT,1m,Maker 0.00% / Taker 0.01%,0.0,0.01,1,2,86,SHORT,2026-01-02 07:53:59 UTC,2026-01-02 07:57:59 UTC,240.0,4.855,4.86,4.852,4.859,19.700000000000003,197,9.56,0.0096,0.0096,0.0191,-0.1176,-0.1,-1.23,STOP_LOSS_HIT,95.61
TRUMP_USDT,1m,Maker 0.00% / Taker 0.01%,0.0,0.01,1,2,87,LONG,2026-01-02 08:05:59 UTC,2026-01-02 08:06:59 UTC,60.0,4.864,4.867,4.867,4.854,19.700000000000003,197,9.58,0.0096,0.0096,0.0192,0.0399,0.06,0.42,MIN_PROFIT_TP_HIT,95.65
TRUMP_USDT,1m,Maker 0.00% / Taker 0.01%,0.0,0.01,1,2,88,SHORT,2026-01-02 09:07:59 UTC,2026-01-02 09:08:59 UTC,60.0,4.891,4.888,4.888,4.895,19.6,196,9.59,0.0096,0.0096,0.0192,0.0396,0.06,0.41,MIN_PROFIT_TP_HIT,95.69
TRUMP_USDT,1m,Maker 0.00% / Taker 0.01%,0.0,0.01,1,2,89,SHORT,2026-01-02 09:38:59 UTC,2026-01-02 09:40:59 UTC,120.0,4.888,4.896,4.885,4.895,19.6,196,9.58,0.0096,0.0096,0.0192,-0.176,-0.16,-1.84,STOP_LOSS_HIT,95.51
TRUMP_USDT,1m,Maker 0.00% / Taker 0.01%,0.0,0.01,1,2,90,SHORT,2026-01-02 09:47:59 UTC,2026-01-02 09:48:59 UTC,60.0,4.913,4.921,4.91,4.92,19.400000000000002,194,9.53,0.0095,0.0095,0.0191,-0.1743,-0.16,-1.83,STOP_LOSS_HIT,95.34
TRUMP_USDT,1m,Maker 0.00% / Taker 0.01%,0.0,0.01,1,2,91,LONG,2026-01-02 10:11:59 UTC,2026-01-02 10:15:59 UTC,240.0,4.948,4.951,4.951,4.933,19.3,193,9.55,0.0095,0.0096,0.0191,0.0388,0.06,0.41,MIN_PROFIT_TP_HIT,95.38
TRUMP_USDT,1m,Maker 0.00% / Taker 0.01%,0.0,0.01,1,2,92,LONG,2026-01-02 10:46:59 UTC,2026-01-02 10:48:59 UTC,120.0,4.955,4.958,4.958,4.945,19.200000000000003,192,9.51,0.0095,0.0095,0.019,0.0386,0.06,0.41,MIN_PROFIT_TP_HIT,95.42
TRUMP_USDT,1m,Maker 0.00% / Taker 0.01%,0.0,0.01,1,2,93,LONG,2026-01-02 11:06:59 UTC,2026-01-02 11:07:59 UTC,60.0,4.942,4.945,4.945,4.933,19.3,193,9.54,0.0095,0.0095,0.0191,0.0388,0.06,0.41,MIN_PROFIT_TP_HIT,95.46
TRUMP_USDT,1m,Maker 0.00% / Taker 0.01%,0.0,0.01,1,2,94,SHORT,2026-01-02 11:41:59 UTC,2026-01-02 11:43:59 UTC,120.0,4.933,4.93,4.93,4.946,19.400000000000002,194,9.57,0.0096,0.0096,0.0191,0.0391,0.06,0.41,MIN_PROFIT_TP_HIT,95.49
TRUMP_USDT,1m,Maker 0.00% / Taker 0.01%,0.0,0.01,1,2,95,LONG,2026-01-02 12:17:59 UTC,2026-01-02 12:22:59 UTC,300.0,4.939,4.929,4.942,4.93,19.3,193,9.53,0.0095,0.0095,0.019,-0.212,-0.2,-2.22,STOP_LOSS_HIT,95.28
TRUMP_USDT,1m,Maker 0.00% / Taker 0.01%,0.0,0.01,1,2,96,LONG,2026-01-02 12:27:59 UTC,2026-01-02 12:30:59 UTC,180.0,4.933,4.936,4.936,4.92,19.3,193,9.52,0.0095,0.0095,0.019,0.0389,0.06,0.41,MIN_PROFIT_TP_HIT,95.32
TRUMP_USDT,1m,Maker 0.00% / Taker 0.01%,0.0,0.01,1,2,97,SHORT,2026-01-02 12:32:59 UTC,2026-01-02 12:34:59 UTC,120.0,4.936,4.942,4.933,4.941,19.3,193,9.53,0.0095,0.0095,0.0191,-0.1349,-0.12,-1.42,STOP_LOSS_HIT,95.19
TRUMP_USDT,1m,Maker 0.00% / Taker 0.01%,0.0,0.01,1,2,98,LONG,2026-01-02 13:25:59 UTC,2026-01-02 13:28:59 UTC,180.0,4.98,4.983,4.983,4.975,19.1,191,9.51,0.0095,0.0095,0.019,0.0383,0.06,0.4,MIN_PROFIT_TP_HIT,95.22
TRUMP_USDT,1m,Maker 0.00% / Taker 0.01%,0.0,0.01,1,2,99,SHORT,2026-01-02 14:06:59 UTC,2026-01-02 14:07:59 UTC,60.0,4.977,4.974,4.974,4.984,19.1,191,9.51,0.0095,0.0095,0.019,0.0383,0.06,0.4,MIN_PROFIT_TP_HIT,95.26
TRUMP_USDT,1m,Maker 0.00% / Taker 0.01%,0.0,0.01,1,2,100,SHORT,2026-01-02 14:41:59 UTC,2026-01-02 14:45:59 UTC,240.0,4.969,4.966,4.966,4.99,19.200000000000003,192,9.54,0.0095,0.0095,0.0191,0.0385,0.06,0.4,MIN_PROFIT_TP_HIT,95.3
TRUMP_USDT,1m,Maker 0.00% / Taker 0.01%,0.0,0.01,1,2,101,LONG,2026-01-02 14:55:59 UTC,2026-01-02 14:56:59 UTC,60.0,4.975,4.978,4.978,4.963,19.200000000000003,192,9.55,0.0096,0.0096,0.0191,0.0385,0.06,0.4,MIN_PROFIT_TP_HIT,95.34
TRUMP_USDT,1m,Maker 0.00% / Taker 0.01%,0.0,0.01,1,2,102,SHORT,2026-01-02 15:16:59 UTC,2026-01-02 15:17:59 UTC,60.0,4.978,4.975,4.975,4.996,19.200000000000003,192,9.56,0.0096,0.0096,0.0191,0.0385,0.06,0.4,MIN_PROFIT_TP_HIT,95.38
TRUMP_USDT,1m,Maker 0.00% / Taker 0.01%,0.0,0.01,1,2,103,LONG,2026-01-02 15:22:59 UTC,2026-01-02 15:23:59 UTC,60.0,4.959,4.962,4.962,4.936,19.200000000000003,192,9.52,0.0095,0.0095,0.019,0.0386,0.06,0.4,MIN_PROFIT_TP_HIT,95.42
TRUMP_USDT,1m,Maker 0.00% / Taker 0.01%,0.0,0.01,1,2,104,LONG,2026-01-02 16:41:59 UTC,2026-01-02 16:42:59 UTC,60.0,5.01,4.997,5.014,4.998,19.0,190,9.52,0.0095,0.0095,0.019,-0.266,-0.26,-2.79,STOP_LOSS_HIT,95.15
TRUMP_USDT,1m,Maker 0.00% / Taker 0.01%,0.0,0.01,1,2,105,LONG,2026-01-02 17:01:59 UTC,2026-01-02 17:02:59 UTC,60.0,5.024,5.028,5.028,5.006,18.900000000000002,189,9.5,0.0095,0.0095,0.019,0.0566,0.08,0.6,MIN_PROFIT_TP_HIT,95.21
TRUMP_USDT,1m,Maker 0.00% / Taker 0.01%,0.0,0.01,1,2,106,LONG,2026-01-02 17:36:59 UTC,2026-01-02 17:39:59 UTC,180.0,5.038,5.03,5.042,5.031,18.900000000000002,189,9.52,0.0095,0.0095,0.019,-0.1702,-0.16,-1.79,STOP_LOSS_HIT,95.04
TRUMP_USDT,1m,Maker 0.00% / Taker 0.01%,0.0,0.01,1,2,107,SHORT,2026-01-02 18:03:59 UTC,2026-01-02 18:05:59 UTC,120.0,5.037,5.033,5.033,5.044,18.900000000000002,189,9.52,0.0095,0.0095,0.019,0.0566,0.08,0.59,MIN_PROFIT_TP_HIT,95.09
TRUMP_USDT,1m,Maker 0.00% / Taker 0.01%,0.0,0.01,1,2,108,LONG,2026-01-02 18:45:59 UTC,2026-01-02 18:46:59 UTC,60.0,5.0,5.004,5.004,4.984,19.0,190,9.5,0.0095,0.0095,0.019,0.057,0.08,0.6,MIN_PROFIT_TP_HIT,95.15
TRUMP_USDT,1m,Maker 0.00% / Taker 0.01%,0.0,0.01,1,2,109,SHORT,2026-01-02 18:49:59 UTC,2026-01-02 18:50:59 UTC,60.0,4.994,4.99,4.99,5.004,19.1,191,9.54,0.0095,0.0095,0.0191,0.0573,0.08,0.6,MIN_PROFIT_TP_HIT,95.21
TRUMP_USDT,1m,Maker 0.00% / Taker 0.01%,0.0,0.01,1,2,110,LONG,2026-01-02 19:44:59 UTC,2026-01-02 19:49:59 UTC,300.0,5.015,5.019,5.019,5.005,19.0,190,9.53,0.0095,0.0095,0.0191,0.0569,0.08,0.6,MIN_PROFIT_TP_HIT,95.26
TRUMP_USDT,1m,Maker 0.00% / Taker 0.01%,0.0,0.01,1,2,111,LONG,2026-01-02 20:02:59 UTC,2026-01-02 20:03:59 UTC,60.0,5.021,5.025,5.025,5.014,19.0,190,9.54,0.0095,0.0095,0.0191,0.0569,0.08,0.6,MIN_PROFIT_TP_HIT,95.32
TRUMP_USDT,1m,Maker 0.00% / Taker 0.01%,0.0,0.01,1,2,112,SHORT,2026-01-02 20:07:59 UTC,2026-01-02 20:15:59 UTC,480.0,5.009,5.024,5.005,5.023,19.0,190,9.52,0.0095,0.0095,0.0191,-0.3041,-0.3,-3.19,STOP_LOSS_HIT,95.02
TRUMP_USDT,1m,Maker 0.00% / Taker 0.01%,0.0,0.01,1,2,113,SHORT,2026-01-02 20:17:59 UTC,2026-01-02 20:24:59 UTC,420.0,5.014,5.01,5.01,5.021,19.0,190,9.53,0.0095,0.0095,0.019,0.057,0.08,0.6,MIN_PROFIT_TP_HIT,95.07
TRUMP_USDT,1m,Maker 0.00% / Taker 0.01%,0.0,0.01,1,2,114,SHORT,2026-01-02 20:37:59 UTC,2026-01-02 20:44:59 UTC,420.0,5.008,5.013,5.004,5.012,19.0,190,9.52,0.0095,0.0095,0.019,-0.114,-0.1,-1.2,STOP_LOSS_HIT,94.96
TRUMP_USDT,1m,Maker 0.00% / Taker 0.01%,0.0,0.01,1,2,115,SHORT,2026-01-02 21:24:59 UTC,2026-01-02 21:30:59 UTC,360.0,5.007,5.013,5.003,5.012,19.0,190,9.51,0.0095,0.0095,0.019,-0.133,-0.12,-1.4,STOP_LOSS_HIT,94.83
TRUMP_USDT,1m,Maker 0.00% / Taker 0.01%,0.0,0.01,1,2,116,LONG,2026-01-02 21:37:59 UTC,2026-01-02 21:44:59 UTC,420.0,5.003,5.007,5.007,4.998,19.0,190,9.51,0.0095,0.0095,0.019,0.057,0.08,0.6,MIN_PROFIT_TP_HIT,94.88
TRUMP_USDT,1m,Maker 0.00% / Taker 0.01%,0.0,0.01,1,2,117,LONG,2026-01-02 21:53:59 UTC,2026-01-02 22:02:59 UTC,540.0,5.015,5.019,5.019,5.002,18.900000000000002,189,9.48,0.0095,0.0095,0.019,0.0566,0.08,0.6,MIN_PROFIT_TP_HIT,94.94
TRUMP_USDT,1m,Maker 0.00% / Taker 0.01%,0.0,0.01,1,2,118,SHORT,2026-01-02 22:07:59 UTC,2026-01-02 22:14:59 UTC,420.0,5.018,5.014,5.014,5.044,18.900000000000002,189,9.48,0.0095,0.0095,0.019,0.0566,0.08,0.6,MIN_PROFIT_TP_HIT,95.0
TRUMP_USDT,1m,Maker 0.00% / Taker 0.01%,0.0,0.01,1,2,119,LONG,2026-01-02 22:31:59 UTC,2026-01-02 22:33:59 UTC,120.0,5.025,5.029,5.029,5.012,18.900000000000002,189,9.5,0.0095,0.0095,0.019,0.0566,0.08,0.6,MIN_PROFIT_TP_HIT,95.05
TRUMP_USDT,1m,Maker 0.00% / Taker 0.01%,0.0,0.01,1,2,120,LONG,2026-01-02 23:24:59 UTC,2026-01-02 23:25:59 UTC,60.0,5.061,5.065,5.065,5.038,18.8,188,9.51,0.0095,0.0095,0.019,0.0562,0.08,0.59,MIN_PROFIT_TP_HIT,95.11
TRUMP_USDT,1m,Maker 0.00% / Taker 0.01%,0.0,0.01,1,2,121,LONG,2026-01-03 00:02:59 UTC,2026-01-03 00:03:59 UTC,60.0,5.056,5.06,5.06,5.049,18.8,188,9.51,0.0095,0.0095,0.019,0.0562,0.08,0.59,MIN_PROFIT_TP_HIT,95.17
TRUMP_USDT,1m,Maker 0.00% / Taker 0.01%,0.0,0.01,1,2,122,SHORT,2026-01-03 00:34:59 UTC,2026-01-03 00:39:59 UTC,300.0,5.076,5.086,5.072,5.085,18.7,187,9.49,0.0095,0.0095,0.019,-0.206,-0.2,-2.17,STOP_LOSS_HIT,94.96
TRUMP_USDT,1m,Maker 0.00% / Taker 0.01%,0.0,0.01,1,2,123,SHORT,2026-01-03 00:40:59 UTC,2026-01-03 00:41:59 UTC,60.0,5.077,5.079,5.073,5.078,18.7,187,9.49,0.0095,0.0095,0.019,-0.0564,-0.04,-0.59,STOP_LOSS_HIT,94.9
TRUMP_USDT,1m,Maker 0.00% / Taker 0.01%,0.0,0.01,1,2,124,SHORT,2026-01-03 01:01:59 UTC,2026-01-03 01:02:59 UTC,60.0,5.067,5.063,5.063,5.084,18.7,187,9.48,0.0095,0.0095,0.0189,0.0559,0.08,0.59,MIN_PROFIT_TP_HIT,94.96
TRUMP_USDT,1m,Maker 0.00% / Taker 0.01%,0.0,0.01,1,2,125,LONG,2026-01-03 01:40:59 UTC,2026-01-03 01:44:59 UTC,240.0,5.077,5.081,5.081,5.052,18.7,187,9.49,0.0095,0.0095,0.019,0.0558,0.08,0.59,MIN_PROFIT_TP_HIT,95.02
TRUMP_USDT,1m,Maker 0.00% / Taker 0.01%,0.0,0.01,1,2,126,SHORT,2026-01-03 02:02:59 UTC,2026-01-03 02:05:59 UTC,180.0,5.058,5.054,5.054,5.071,18.8,188,9.51,0.0095,0.0095,0.019,0.0562,0.08,0.59,MIN_PROFIT_TP_HIT,95.07
TRUMP_USDT,1m,Maker 0.00% / Taker 0.01%,0.0,0.01,1,2,127,LONG,2026-01-03 02:45:59 UTC,2026-01-03 02:48:59 UTC,180.0,5.08,5.084,5.084,5.062,18.7,187,9.5,0.0095,0.0095,0.019,0.0558,0.08,0.59,MIN_PROFIT_TP_HIT,95.13
TRUMP_USDT,1m,Maker 0.00% / Taker 0.01%,0.0,0.01,1,2,128,LONG,2026-01-03 03:03:59 UTC,2026-01-03 03:07:59 UTC,240.0,5.083,5.087,5.087,5.08,18.7,187,9.51,0.0095,0.0095,0.019,0.0558,0.08,0.59,MIN_PROFIT_TP_HIT,95.18
TRUMP_USDT,1m,Maker 0.00% / Taker 0.01%,0.0,0.01,1,2,129,SHORT,2026-01-03 03:33:59 UTC,2026-01-03 03:34:59 UTC,60.0,5.08,5.087,5.076,5.086,18.7,187,9.5,0.0095,0.0095,0.019,-0.1499,-0.14,-1.58,STOP_LOSS_HIT,95.03
TRUMP_USDT,1m,Maker 0.00% / Taker 0.01%,0.0,0.01,1,2,130,SHORT,2026-01-03 03:45:59 UTC,2026-01-03 03:48:59 UTC,180.0,5.094,5.107,5.09,5.106,18.7,187,9.53,0.0095,0.0096,0.0191,-0.2622,-0.26,-2.75,STOP_LOSS_HIT,94.77
TRUMP_USDT,1m,Maker 0.00% / Taker 0.01%,0.0,0.01,1,2,131,SHORT,2026-01-03 04:39:59 UTC,2026-01-03 04:44:59 UTC,300.0,5.086,5.082,5.082,5.095,18.6,186,9.46,0.0095,0.0095,0.0189,0.0555,0.08,0.59,MIN_PROFIT_TP_HIT,94.83
TRUMP_USDT,1m,Maker 0.00% / Taker 0.01%,0.0,0.01,1,2,132,SHORT,2026-01-03 05:15:59 UTC,2026-01-03 05:21:59 UTC,360.0,5.079,5.075,5.075,5.086,18.7,187,9.5,0.0095,0.0095,0.019,0.0558,0.08,0.59,MIN_PROFIT_TP_HIT,94.88
TRUMP_USDT,1m,Maker 0.00% / Taker 0.01%,0.0,0.01,1,2,133,SHORT,2026-01-03 05:36:59 UTC,2026-01-03 05:39:59 UTC,180.0,5.06,5.056,5.056,5.074,18.8,188,9.51,0.0095,0.0095,0.019,0.0562,0.08,0.59,MIN_PROFIT_TP_HIT,94.94
TRUMP_USDT,1m,Maker 0.00% / Taker 0.01%,0.0,0.01,1,2,134,SHORT,2026-01-03 07:09:59 UTC,2026-01-03 07:12:59 UTC,180.0,5.024,5.02,5.02,5.036,18.900000000000002,189,9.5,0.0095,0.0095,0.019,0.0566,0.08,0.6,MIN_PROFIT_TP_HIT,95.0
TRUMP_USDT,1m,Maker 0.00% / Taker 0.01%,0.0,0.01,1,2,135,LONG,2026-01-03 07:16:59 UTC,2026-01-03 07:20:59 UTC,240.0,4.995,4.966,4.998,4.967,19.0,190,9.49,0.0095,0.0094,0.0189,-0.5699,-0.58,-6.01,STOP_LOSS_HIT,94.43
TRUMP_USDT,1m,Maker 0.00% / Taker 0.01%,0.0,0.01,1,2,136,SHORT,2026-01-03 07:30:59 UTC,2026-01-03 07:40:59 UTC,600.0,4.958,4.985,4.955,4.984,19.0,190,9.42,0.0094,0.0095,0.0189,-0.5319,-0.54,-5.65,STOP_LOSS_HIT,93.89
TRUMP_USDT,1m,Maker 0.00% / Taker 0.01%,0.0,0.01,1,2,137,SHORT,2026-01-03 07:56:59 UTC,2026-01-03 08:00:59 UTC,240.0,4.964,4.961,4.961,4.977,18.900000000000002,189,9.38,0.0094,0.0094,0.0188,0.0379,0.06,0.4,MIN_PROFIT_TP_HIT,93.93
TRUMP_USDT,1m,Maker 0.00% / Taker 0.01%,0.0,0.01,1,2,138,SHORT,2026-01-03 08:08:59 UTC,2026-01-03 08:18:59 UTC,600.0,4.958,4.981,4.955,4.98,18.900000000000002,189,9.37,0.0094,0.0094,0.0188,-0.4535,-0.46,-4.84,STOP_LOSS_HIT,93.48
TRUMP_USDT,1m,Maker 0.00% / Taker 0.01%,0.0,0.01,1,2,139,LONG,2026-01-03 08:24:59 UTC,2026-01-03 08:26:59 UTC,120.0,4.977,4.98,4.98,4.959,18.8,188,9.36,0.0094,0.0094,0.0187,0.0377,0.06,0.4,MIN_PROFIT_TP_HIT,93.52
TRUMP_USDT,1m,Maker 0.00% / Taker 0.01%,0.0,0.01,1,2,140,LONG,2026-01-03 08:32:59 UTC,2026-01-03 08:33:59 UTC,60.0,4.978,4.981,4.981,4.961,18.8,188,9.36,0.0094,0.0094,0.0187,0.0377,0.06,0.4,MIN_PROFIT_TP_HIT,93.55
TRUMP_USDT,1m,Maker 0.00% / Taker 0.01%,0.0,0.01,1,2,141,LONG,2026-01-03 08:48:59 UTC,2026-01-03 08:58:59 UTC,600.0,4.982,4.974,4.985,4.975,18.8,188,9.37,0.0094,0.0094,0.0187,-0.1691,-0.16,-1.81,STOP_LOSS_HIT,93.38
TRUMP_USDT,1m,Maker 0.00% / Taker 0.01%,0.0,0.01,1,2,142,SHORT,2026-01-03 08:59:59 UTC,2026-01-03 09:02:59 UTC,180.0,4.973,4.983,4.97,4.982,18.8,188,9.35,0.0093,0.0094,0.0187,-0.2067,-0.2,-2.21,STOP_LOSS_HIT,93.18
TRUMP_USDT,1m,Maker 0.00% / Taker 0.01%,0.0,0.01,1,2,143,SHORT,2026-01-03 09:27:59 UTC,2026-01-03 09:30:59 UTC,180.0,4.981,4.978,4.978,4.986,18.7,187,9.31,0.0093,0.0093,0.0186,0.0375,0.06,0.4,MIN_PROFIT_TP_HIT,93.22
TRUMP_USDT,1m,Maker 0.00% / Taker 0.01%,0.0,0.01,1,2,144,SHORT,2026-01-03 10:00:59 UTC,2026-01-03 10:01:59 UTC,60.0,4.998,4.995,4.995,5.008,18.7,187,9.35,0.0093,0.0093,0.0187,0.0374,0.06,0.4,MIN_PROFIT_TP_HIT,93.25
TRUMP_USDT,1m,Maker 0.00% / Taker 0.01%,0.0,0.01,1,2,145,LONG,2026-01-03 10:24:59 UTC,2026-01-03 10:26:59 UTC,120.0,4.996,4.999,4.999,4.989,18.7,187,9.34,0.0093,0.0093,0.0187,0.0374,0.06,0.4,MIN_PROFIT_TP_HIT,93.29
TRUMP_USDT,1m,Maker 0.00% / Taker 0.01%,0.0,0.01,1,2,146,LONG,2026-01-03 10:30:59 UTC,2026-01-03 10:32:59 UTC,120.0,4.998,4.99,5.001,4.991,18.7,187,9.35,0.0093,0.0093,0.0187,-0.1683,-0.16,-1.8,STOP_LOSS_HIT,93.12
TRUMP_USDT,1m,Maker 0.00% / Taker 0.01%,0.0,0.01,1,2,147,LONG,2026-01-03 10:35:59 UTC,2026-01-03 10:37:59 UTC,120.0,5.001,5.005,5.005,4.988,18.6,186,9.3,0.0093,0.0093,0.0186,0.0558,0.08,0.6,MIN_PROFIT_TP_HIT,93.18
TRUMP_USDT,1m,Maker 0.00% / Taker 0.01%,0.0,0.01,1,2,148,LONG,2026-01-03 11:45:59 UTC,2026-01-03 11:47:59 UTC,120.0,5.022,5.026,5.026,5.013,18.6,186,9.34,0.0093,0.0093,0.0187,0.0557,0.08,0.6,MIN_PROFIT_TP_HIT,93.23
TRUMP_USDT,1m,Maker 0.00% / Taker 0.01%,0.0,0.01,1,2,149,LONG,2026-01-03 12:12:59 UTC,2026-01-03 12:15:59 UTC,180.0,5.002,5.006,5.006,4.993,18.6,186,9.3,0.0093,0.0093,0.0186,0.0558,0.08,0.6,MIN_PROFIT_TP_HIT,93.29
TRUMP_USDT,1m,Maker 0.00% / Taker 0.01%,0.0,0.01,1,2,150,SHORT,2026-01-03 12:48:59 UTC,2026-01-03 12:49:59 UTC,60.0,5.022,5.027,5.018,5.026,18.6,186,9.34,0.0093,0.0094,0.0187,-0.1117,-0.1,-1.2,STOP_LOSS_HIT,93.18
TRUMP_USDT,1m,Maker 0.00% / Taker 0.01%,0.0,0.01,1,2,151,LONG,2026-01-03 13:31:59 UTC,2026-01-03 13:37:59 UTC,360.0,5.034,5.038,5.038,5.027,18.5,185,9.31,0.0093,0.0093,0.0186,0.0554,0.08,0.59,MIN_PROFIT_TP_HIT,93.23
TRUMP_USDT,1m,Maker 0.00% / Taker 0.01%,0.0,0.01,1,2,152,LONG,2026-01-03 13:47:59 UTC,2026-01-03 13:50:59 UTC,180.0,5.03,5.034,5.034,5.02,18.5,185,9.31,0.0093,0.0093,0.0186,0.0554,0.08,0.6,MIN_PROFIT_TP_HIT,93.29
TRUMP_USDT,1m,Maker 0.00% / Taker 0.01%,0.0,0.01,1,2,153,LONG,2026-01-03 14:01:59 UTC,2026-01-03 14:04:59 UTC,180.0,5.02,5.024,5.024,4.992,18.6,186,9.34,0.0093,0.0093,0.0187,0.0557,0.08,0.6,MIN_PROFIT_TP_HIT,93.34
TRUMP_USDT,1m,Maker 0.00% / Taker 0.01%,0.0,0.01,1,2,154,LONG,2026-01-03 14:27:59 UTC,2026-01-03 14:30:59 UTC,180.0,5.049,5.041,5.053,5.042,18.5,185,9.34,0.0093,0.0093,0.0187,-0.1667,-0.16,-1.78,STOP_LOSS_HIT,93.18
TRUMP_USDT,1m,Maker 0.00% / Taker 0.01%,0.0,0.01,1,2,155,SHORT,2026-01-03 17:32:59 UTC,2026-01-03 17:33:59 UTC,60.0,5.353,5.349,5.349,5.426,17.400000000000002,174,9.31,0.0093,0.0093,0.0186,0.051,0.07,0.55,MIN_PROFIT_TP_HIT,93.23
TRUMP_USDT,1m,Maker 0.00% / Taker 0.01%,0.0,0.01,1,2,156,SHORT,2026-01-03 18:04:59 UTC,2026-01-03 18:05:59 UTC,60.0,5.3,5.296,5.296,5.345,17.6,176,9.33,0.0093,0.0093,0.0186,0.0518,0.08,0.55,MIN_PROFIT_TP_HIT,93.28
TRUMP_USDT,1m,Maker 0.00% / Taker 0.01%,0.0,0.01,1,2,157,LONG,2026-01-03 18:16:59 UTC,2026-01-03 18:17:59 UTC,60.0,5.336,5.34,5.34,5.305,17.5,175,9.34,0.0093,0.0093,0.0187,0.0513,0.07,0.55,MIN_PROFIT_TP_HIT,93.33
TRUMP_USDT,1m,Maker 0.00% / Taker 0.01%,0.0,0.01,1,2,158,SHORT,2026-01-03 18:25:59 UTC,2026-01-03 18:26:59 UTC,60.0,5.415,5.42,5.411,5.419,17.2,172,9.31,0.0093,0.0093,0.0186,-0.1046,-0.09,-1.12,STOP_LOSS_HIT,93.23
TRUMP_USDT,1m,Maker 0.00% / Taker 0.01%,0.0,0.01,1,2,159,SHORT,2026-01-03 19:27:59 UTC,2026-01-03 19:32:59 UTC,300.0,5.345,5.366,5.341,5.365,17.400000000000002,174,9.3,0.0093,0.0093,0.0186,-0.384,-0.39,-4.13,STOP_LOSS_HIT,92.84
TRUMP_USDT,1m,Maker 0.00% / Taker 0.01%,0.0,0.01,1,2,160,LONG,2026-01-03 19:46:59 UTC,2026-01-03 19:47:59 UTC,60.0,5.344,5.348,5.348,5.322,17.400000000000002,174,9.3,0.0093,0.0093,0.0186,0.051,0.07,0.55,MIN_PROFIT_TP_HIT,92.89
TRUMP_USDT,1m,Maker 0.00% / Taker 0.01%,0.0,0.01,1,2,161,SHORT,2026-01-03 20:14:59 UTC,2026-01-03 20:18:59 UTC,240.0,5.292,5.288,5.288,5.317,17.6,176,9.31,0.0093,0.0093,0.0186,0.0518,0.08,0.56,MIN_PROFIT_TP_HIT,92.95
TRUMP_USDT,1m,Maker 0.00% / Taker 0.01%,0.0,0.01,1,2,162,LONG,2026-01-03 20:44:59 UTC,2026-01-03 21:10:59 UTC,1560.0,5.332,5.287,5.336,5.288,17.400000000000002,174,9.28,0.0093,0.0092,0.0185,-0.8015,-0.84,-8.64,STOP_LOSS_HIT,92.14
TRUMP_USDT,1m,Maker 0.00% / Taker 0.01%,0.0,0.01,1,2,163,SHORT,2026-01-03 21:23:59 UTC,2026-01-03 21:28:59 UTC,300.0,5.323,5.337,5.319,5.336,17.3,173,9.21,0.0092,0.0092,0.0184,-0.2606,-0.26,-2.83,STOP_LOSS_HIT,91.88
TRUMP_USDT,1m,Maker 0.00% / Taker 0.01%,0.0,0.01,1,2,164,LONG,2026-01-03 22:03:59 UTC,2026-01-03 22:05:59 UTC,120.0,5.301,5.305,5.305,5.288,17.3,173,9.17,0.0092,0.0092,0.0183,0.0509,0.08,0.55,MIN_PROFIT_TP_HIT,91.93
TRUMP_USDT,1m,Maker 0.00% / Taker 0.01%,0.0,0.01,1,2,165,SHORT,2026-01-03 23:04:59 UTC,2026-01-03 23:06:59 UTC,120.0,5.282,5.278,5.278,5.294,17.400000000000002,174,9.19,0.0092,0.0092,0.0184,0.0512,0.08,0.56,MIN_PROFIT_TP_HIT,91.99
TRUMP_USDT,1m,Maker 0.00% / Taker 0.01%,0.0,0.01,1,2,166,LONG,2026-01-03 23:36:59 UTC,2026-01-03 23:37:59 UTC,60.0,5.27,5.274,5.274,5.249,17.5,175,9.22,0.0092,0.0092,0.0185,0.0515,0.08,0.56,MIN_PROFIT_TP_HIT,92.04
TRUMP_USDT,1m,Maker 0.00% / Taker 0.01%,0.0,0.01,1,2,167,SHORT,2026-01-03 23:47:59 UTC,2026-01-03 23:49:59 UTC,120.0,5.266,5.262,5.262,5.283,17.5,175,9.22,0.0092,0.0092,0.0184,0.0516,0.08,0.56,MIN_PROFIT_TP_HIT,92.09
TRUMP_USDT,1m,Maker 0.00% / Taker 0.01%,0.0,0.01,1,2,168,LONG,2026-01-04 00:22:59 UTC,2026-01-04 00:23:59 UTC,60.0,5.269,5.273,5.273,5.256,17.5,175,9.22,0.0092,0.0092,0.0184,0.0516,0.08,0.56,MIN_PROFIT_TP_HIT,92.14
TRUMP_USDT,1m,Maker 0.00% / Taker 0.01%,0.0,0.01,1,2,169,SHORT,2026-01-04 01:01:59 UTC,2026-01-04 01:24:59 UTC,1380.0,5.309,5.335,5.305,5.334,17.400000000000002,174,9.24,0.0092,0.0093,0.0185,-0.4709,-0.49,-5.1,STOP_LOSS_HIT,91.67
TRUMP_USDT,1m,Maker 0.00% / Taker 0.01%,0.0,0.01,1,2,170,SHORT,2026-01-04 01:52:59 UTC,2026-01-04 01:54:59 UTC,120.0,5.335,5.331,5.331,5.353,17.2,172,9.18,0.0092,0.0092,0.0183,0.0505,0.07,0.55,MIN_PROFIT_TP_HIT,91.72
TRUMP_USDT,1m,Maker 0.00% / Taker 0.01%,0.0,0.01,1,2,171,LONG,2026-01-04 01:57:59 UTC,2026-01-04 01:59:59 UTC,120.0,5.35,5.331,5.354,5.332,17.1,171,9.15,0.0091,0.0091,0.0183,-0.3432,-0.36,-3.75,STOP_LOSS_HIT,91.38
TRUMP_USDT,1m,Maker 0.00% / Taker 0.01%,0.0,0.01,1,2,172,LONG,2026-01-04 02:02:59 UTC,2026-01-04 02:13:59 UTC,660.0,5.335,5.339,5.339,5.306,17.1,171,9.12,0.0091,0.0091,0.0183,0.0501,0.07,0.55,MIN_PROFIT_TP_HIT,91.43
TRUMP_USDT,1m,Maker 0.00% / Taker 0.01%,0.0,0.01,1,2,173,LONG,2026-01-04 02:52:59 UTC,2026-01-04 02:53:59 UTC,60.0,5.331,5.335,5.335,5.319,17.2,172,9.17,0.0092,0.0092,0.0183,0.0505,0.08,0.55,MIN_PROFIT_TP_HIT,91.48
TRUMP_USDT,1m,Maker 0.00% / Taker 0.01%,0.0,0.01,1,2,174,SHORT,2026-01-04 03:02:59 UTC,2026-01-04 03:11:59 UTC,540.0,5.322,5.34,5.318,5.339,17.2,172,9.15,0.0092,0.0092,0.0183,-0.3279,-0.34,-3.58,STOP_LOSS_HIT,91.15
TRUMP_USDT,1m,Maker 0.00% / Taker 0.01%,0.0,0.01,1,2,175,LONG,2026-01-04 03:13:59 UTC,2026-01-04 03:14:59 UTC,60.0,5.349,5.353,5.353,5.315,17.0,170,9.09,0.0091,0.0091,0.0182,0.0498,0.07,0.55,MIN_PROFIT_TP_HIT,91.2
TRUMP_USDT,1m,Maker 0.00% / Taker 0.01%,0.0,0.01,1,2,176,SHORT,2026-01-04 03:22:59 UTC,2026-01-04 03:25:59 UTC,180.0,5.357,5.377,5.353,5.376,17.0,170,9.11,0.0091,0.0091,0.0182,-0.3582,-0.37,-3.93,STOP_LOSS_HIT,90.84
TRUMP_USDT,1m,Maker 0.00% / Taker 0.01%,0.0,0.01,1,2,177,LONG,2026-01-04 03:26:59 UTC,2026-01-04 03:29:59 UTC,180.0,5.365,5.339,5.369,5.34,16.900000000000002,169,9.07,0.0091,0.009,0.0181,-0.4575,-0.48,-5.05,STOP_LOSS_HIT,90.38
TRUMP_USDT,1m,Maker 0.00% / Taker 0.01%,0.0,0.01,1,2,178,SHORT,2026-01-04 03:40:59 UTC,2026-01-04 03:41:59 UTC,60.0,5.356,5.352,5.352,5.371,16.900000000000002,169,9.05,0.0091,0.009,0.0181,0.0495,0.07,0.55,MIN_PROFIT_TP_HIT,90.43
TRUMP_USDT,1m,Maker 0.00% / Taker 0.01%,0.0,0.01,1,2,179,LONG,2026-01-04 04:00:59 UTC,2026-01-04 04:02:59 UTC,120.0,5.415,5.381,5.419,5.382,16.7,167,9.04,0.009,0.009,0.018,-0.5858,-0.63,-6.48,STOP_LOSS_HIT,89.85
TRUMP_USDT,1m,Maker 0.00% / Taker 0.01%,0.0,0.01,1,2,180,SHORT,2026-01-04 04:14:59 UTC,2026-01-04 04:16:59 UTC,120.0,5.421,5.417,5.417,5.446,16.6,166,9.0,0.009,0.009,0.018,0.0484,0.07,0.54,MIN_PROFIT_TP_HIT,89.9
TRUMP_USDT,1m,Maker 0.00% / Taker 0.01%,0.0,0.01,1,2,181,LONG,2026-01-04 04:51:59 UTC,2026-01-04 04:58:59 UTC,420.0,5.361,5.365,5.365,5.34,16.8,168,9.01,0.009,0.009,0.018,0.0492,0.07,0.55,MIN_PROFIT_TP_HIT,89.94
TRUMP_USDT,1m,Maker 0.00% / Taker 0.01%,0.0,0.01,1,2,182,LONG,2026-01-04 06:00:59 UTC,2026-01-04 06:01:59 UTC,60.0,5.384,5.388,5.388,5.382,16.7,167,8.99,0.009,0.009,0.018,0.0488,0.07,0.54,MIN_PROFIT_TP_HIT,89.99
TRUMP_USDT,1m,Maker 0.00% / Taker 0.01%,0.0,0.01,1,2,183,SHORT,2026-01-04 06:09:59 UTC,2026-01-04 06:10:59 UTC,60.0,5.417,5.413,5.413,5.429,16.6,166,8.99,0.009,0.009,0.018,0.0484,0.07,0.54,MIN_PROFIT_TP_HIT,90.04
TRUMP_USDT,1m,Maker 0.00% / Taker 0.01%,0.0,0.01,1,2,184,SHORT,2026-01-04 06:39:59 UTC,2026-01-04 06:41:59 UTC,120.0,5.392,5.388,5.388,5.412,16.7,167,9.0,0.009,0.009,0.018,0.0488,0.07,0.54,MIN_PROFIT_TP_HIT,90.09
TRUMP_USDT,1m,Maker 0.00% / Taker 0.01%,0.0,0.01,1,2,185,LONG,2026-01-04 06:43:59 UTC,2026-01-04 06:44:59 UTC,60.0,5.356,5.36,5.36,5.333,16.8,168,9.0,0.009,0.009,0.018,0.0492,0.07,0.55,MIN_PROFIT_TP_HIT,90.14
TRUMP_USDT,1m,Maker 0.00% / Taker 0.01%,0.0,0.01,1,2,186,LONG,2026-01-04 06:45:59 UTC,2026-01-04 06:46:59 UTC,60.0,5.364,5.368,5.368,5.343,16.8,168,9.01,0.009,0.009,0.018,0.0492,0.07,0.55,MIN_PROFIT_TP_HIT,90.19
TRUMP_USDT,1m,Maker 0.00% / Taker 0.01%,0.0,0.01,1,2,187,SHORT,2026-01-04 07:24:59 UTC,2026-01-04 07:25:59 UTC,60.0,5.415,5.411,5.411,5.42,16.7,167,9.04,0.009,0.009,0.0181,0.0487,0.07,0.54,MIN_PROFIT_TP_HIT,90.24
TRUMP_USDT,1m,Maker 0.00% / Taker 0.01%,0.0,0.01,1,2,188,LONG,2026-01-04 07:34:59 UTC,2026-01-04 07:37:59 UTC,180.0,5.408,5.412,5.412,5.39,16.7,167,9.03,0.009,0.009,0.0181,0.0487,0.07,0.54,MIN_PROFIT_TP_HIT,90.29
TRUMP_USDT,1m,Maker 0.00% / Taker 0.01%,0.0,0.01,1,2,189,SHORT,2026-01-04 07:46:59 UTC,2026-01-04 07:51:59 UTC,300.0,5.412,5.43,5.408,5.429,16.7,167,9.04,0.009,0.0091,0.0181,-0.3187,-0.33,-3.53,STOP_LOSS_HIT,89.97
TRUMP_USDT,1m,Maker 0.00% / Taker 0.01%,0.0,0.01,1,2,190,LONG,2026-01-04 08:06:59 UTC,2026-01-04 08:08:59 UTC,120.0,5.375,5.379,5.379,5.363,16.7,167,8.98,0.009,0.009,0.018,0.0488,0.07,0.54,MIN_PROFIT_TP_HIT,90.02
TRUMP_USDT,1m,Maker 0.00% / Taker 0.01%,0.0,0.01,1,2,191,SHORT,2026-01-04 08:26:59 UTC,2026-01-04 08:33:59 UTC,420.0,5.382,5.403,5.378,5.402,16.7,167,8.99,0.009,0.009,0.018,-0.3687,-0.39,-4.1,STOP_LOSS_HIT,89.65
TRUMP_USDT,1m,Maker 0.00% / Taker 0.01%,0.0,0.01,1,2,192,SHORT,2026-01-04 08:36:59 UTC,2026-01-04 08:37:59 UTC,60.0,5.414,5.41,5.41,5.431,16.6,166,8.99,0.009,0.009,0.018,0.0484,0.07,0.54,MIN_PROFIT_TP_HIT,89.7
TRUMP_USDT,1m,Maker 0.00% / Taker 0.01%,0.0,0.01,1,2,193,LONG,2026-01-04 08:51:59 UTC,2026-01-04 08:55:59 UTC,240.0,5.392,5.396,5.396,5.374,16.6,166,8.95,0.009,0.009,0.0179,0.0485,0.07,0.54,MIN_PROFIT_TP_HIT,89.74
TRUMP_USDT,1m,Maker 0.00% / Taker 0.01%,0.0,0.01,1,2,194,LONG,2026-01-04 09:34:59 UTC,2026-01-04 09:35:59 UTC,60.0,5.459,5.463,5.463,5.42,16.400000000000002,164,8.95,0.009,0.009,0.0179,0.0477,0.07,0.53,MIN_PROFIT_TP_HIT,89.79
TRUMP_USDT,1m,Maker 0.00% / Taker 0.01%,0.0,0.01,1,2,195,SHORT,2026-01-04 10:03:59 UTC,2026-01-04 10:06:59 UTC,180.0,5.466,5.462,5.462,5.487,16.400000000000002,164,8.96,0.009,0.009,0.0179,0.0477,0.07,0.53,MIN_PROFIT_TP_HIT,89.84
TRUMP_USDT,1m,Maker 0.00% / Taker 0.01%,0.0,0.01,1,2,196,SHORT,2026-01-04 10:18:59 UTC,2026-01-04 10:26:59 UTC,480.0,5.428,5.424,5.424,5.464,16.6,166,9.01,0.009,0.009,0.018,0.0484,0.07,0.54,MIN_PROFIT_TP_HIT,89.89
TRUMP_USDT,1m,Maker 0.00% / Taker 0.01%,0.0,0.01,1,2,197,SHORT,2026-01-04 10:55:59 UTC,2026-01-04 10:56:59 UTC,60.0,5.454,5.45,5.45,5.471,16.5,165,9.0,0.009,0.009,0.018,0.048,0.07,0.53,MIN_PROFIT_TP_HIT,89.94
TRUMP_USDT,1m,Maker 0.00% / Taker 0.01%,0.0,0.01,1,2,198,SHORT,2026-01-04 11:25:59 UTC,2026-01-04 11:26:59 UTC,60.0,5.462,5.458,5.458,5.494,16.5,165,9.01,0.009,0.009,0.018,0.048,0.07,0.53,MIN_PROFIT_TP_HIT,89.98
TRUMP_USDT,1m,Maker 0.00% / Taker 0.01%,0.0,0.01,1,2,199,LONG,2026-01-04 11:47:59 UTC,2026-01-04 11:48:59 UTC,60.0,5.437,5.441,5.441,5.406,16.6,166,9.03,0.009,0.009,0.0181,0.0483,0.07,0.54,MIN_PROFIT_TP_HIT,90.03
TRUMP_USDT,1m,Maker 0.00% / Taker 0.01%,0.0,0.01,1,2,200,LONG,2026-01-04 12:02:59 UTC,2026-01-04 12:04:59 UTC,120.0,5.457,5.461,5.461,5.434,16.5,165,9.0,0.009,0.009,0.018,0.048,0.07,0.53,MIN_PROFIT_TP_HIT,90.08
TRUMP_USDT,1m,Maker 0.00% / Taker 0.01%,0.0,0.01,1,2,201,SHORT,2026-01-04 12:21:59 UTC,2026-01-04 12:23:59 UTC,120.0,5.466,5.462,5.462,5.482,16.5,165,9.02,0.009,0.009,0.018,0.048,0.07,0.53,MIN_PROFIT_TP_HIT,90.13
TRUMP_USDT,1m,Maker 0.00% / Taker 0.01%,0.0,0.01,1,2,202,SHORT,2026-01-04 12:36:59 UTC,2026-01-04 12:37:59 UTC,60.0,5.442,5.438,5.438,5.472,16.6,166,9.03,0.009,0.009,0.0181,0.0483,0.07,0.54,MIN_PROFIT_TP_HIT,90.18
TRUMP_USDT,1m,Maker 0.00% / Taker 0.01%,0.0,0.01,1,2,203,LONG,2026-01-04 12:39:59 UTC,2026-01-04 12:40:59 UTC,60.0,5.443,5.447,5.447,5.436,16.6,166,9.04,0.009,0.009,0.0181,0.0483,0.07,0.53,MIN_PROFIT_TP_HIT,90.23
TRUMP_USDT,1m,Maker 0.00% / Taker 0.01%,0.0,0.01,1,2,204,SHORT,2026-01-04 13:44:59 UTC,2026-01-04 13:46:59 UTC,120.0,5.38,5.39,5.376,5.389,16.8,168,9.04,0.009,0.0091,0.0181,-0.1861,-0.19,-2.06,STOP_LOSS_HIT,90.04
TRUMP_USDT,1m,Maker 0.00% / Taker 0.01%,0.0,0.01,1,2,205,SHORT,2026-01-04 13:59:59 UTC,2026-01-04 14:00:59 UTC,60.0,5.409,5.417,5.405,5.416,16.6,166,8.98,0.009,0.009,0.018,-0.1508,-0.15,-1.68,STOP_LOSS_HIT,89.89
TRUMP_USDT,1m,Maker 0.00% / Taker 0.01%,0.0,0.01,1,2,206,LONG,2026-01-04 14:51:59 UTC,2026-01-04 14:52:59 UTC,60.0,5.425,5.429,5.429,5.398,16.6,166,9.01,0.009,0.009,0.018,0.0484,0.07,0.54,MIN_PROFIT_TP_HIT,89.94
TRUMP_USDT,1m,Maker 0.00% / Taker 0.01%,0.0,0.01,1,2,207,SHORT,2026-01-04 14:53:59 UTC,2026-01-04 14:54:59 UTC,60.0,5.417,5.413,5.413,5.432,16.6,166,8.99,0.009,0.009,0.018,0.0484,0.07,0.54,MIN_PROFIT_TP_HIT,89.99
TRUMP_USDT,1m,Maker 0.00% / Taker 0.01%,0.0,0.01,1,2,208,LONG,2026-01-04 15:17:59 UTC,2026-01-04 15:21:59 UTC,240.0,5.424,5.413,5.428,5.414,16.6,166,9.0,0.009,0.009,0.018,-0.2006,-0.2,-2.23,STOP_LOSS_HIT,89.78
TRUMP_USDT,1m,Maker 0.00% / Taker 0.01%,0.0,0.01,1,2,209,SHORT,2026-01-04 15:31:59 UTC,2026-01-04 15:32:59 UTC,60.0,5.422,5.418,5.418,5.437,16.6,166,9.0,0.009,0.009,0.018,0.0484,0.07,0.54,MIN_PROFIT_TP_HIT,89.83
TRUMP_USDT,1m,Maker 0.00% / Taker 0.01%,0.0,0.01,1,2,210,LONG,2026-01-04 15:36:59 UTC,2026-01-04 15:37:59 UTC,60.0,5.438,5.419,5.442,5.42,16.5,165,8.97,0.009,0.0089,0.0179,-0.3314,-0.35,-3.69,STOP_LOSS_HIT,89.5
TRUMP_USDT,1m,Maker 0.00% / Taker 0.01%,0.0,0.01,1,2,211,LONG,2026-01-04 15:55:59 UTC,2026-01-04 16:05:59 UTC,600.0,5.444,5.404,5.448,5.405,16.400000000000002,164,8.93,0.0089,0.0089,0.0178,-0.6738,-0.73,-7.55,STOP_LOSS_HIT,88.83
TRUMP_USDT,1m,Maker 0.00% / Taker 0.01%,0.0,0.01,1,2,212,LONG,2026-01-04 16:33:59 UTC,2026-01-04 16:34:59 UTC,60.0,5.406,5.41,5.41,5.385,16.400000000000002,164,8.87,0.0089,0.0089,0.0177,0.0479,0.07,0.54,MIN_PROFIT_TP_HIT,88.88
TRUMP_USDT,1m,Maker 0.00% / Taker 0.01%,0.0,0.01,1,2,213,LONG,2026-01-04 16:57:59 UTC,2026-01-04 17:01:59 UTC,240.0,5.419,5.423,5.423,5.388,16.400000000000002,164,8.89,0.0089,0.0089,0.0178,0.0478,0.07,0.54,MIN_PROFIT_TP_HIT,88.92
TRUMP_USDT,1m,Maker 0.00% / Taker 0.01%,0.0,0.01,1,2,214,SHORT,2026-01-04 17:26:59 UTC,2026-01-04 17:31:59 UTC,300.0,5.4,5.427,5.396,5.426,16.5,165,8.91,0.0089,0.009,0.0179,-0.4634,-0.5,-5.2,STOP_LOSS_HIT,88.46
TRUMP_USDT,1m,Maker 0.00% / Taker 0.01%,0.0,0.01,1,2,215,SHORT,2026-01-04 17:33:59 UTC,2026-01-04 17:36:59 UTC,180.0,5.422,5.432,5.418,5.431,16.3,163,8.84,0.0088,0.0089,0.0177,-0.1807,-0.18,-2.04,STOP_LOSS_HIT,88.28
TRUMP_USDT,1m,Maker 0.00% / Taker 0.01%,0.0,0.01,1,2,216,SHORT,2026-01-04 17:38:59 UTC,2026-01-04 17:41:59 UTC,180.0,5.423,5.419,5.419,5.433,16.3,163,8.84,0.0088,0.0088,0.0177,0.0475,0.07,0.54,MIN_PROFIT_TP_HIT,88.33
TRUMP_USDT,1m,Maker 0.00% / Taker 0.01%,0.0,0.01,1,2,217,LONG,2026-01-04 17:45:59 UTC,2026-01-04 17:46:59 UTC,60.0,5.42,5.424,5.424,5.402,16.3,163,8.83,0.0088,0.0088,0.0177,0.0475,0.07,0.54,MIN_PROFIT_TP_HIT,88.37
TRUMP_USDT,1m,Maker 0.00% / Taker 0.01%,0.0,0.01,1,2,218,LONG,2026-01-04 18:02:59 UTC,2026-01-04 18:05:59 UTC,180.0,5.437,5.441,5.441,5.422,16.3,163,8.86,0.0089,0.0089,0.0177,0.0475,0.07,0.54,MIN_PROFIT_TP_HIT,88.42
TRUMP_USDT,1m,Maker 0.00% / Taker 0.01%,0.0,0.01,1,2,219,LONG,2026-01-04 18:17:59 UTC,2026-01-04 18:19:59 UTC,120.0,5.454,5.435,5.458,5.436,16.2,162,8.84,0.0088,0.0088,0.0176,-0.3254,-0.35,-3.68,STOP_LOSS_HIT,88.1
TRUMP_USDT,1m,Maker 0.00% / Taker 0.01%,0.0,0.01,1,2,220,SHORT,2026-01-04 18:38:59 UTC,2026-01-04 18:51:59 UTC,780.0,5.385,5.417,5.381,5.416,16.400000000000002,164,8.83,0.0088,0.0089,0.0177,-0.5425,-0.59,-6.14,STOP_LOSS_HIT,87.55
TRUMP_USDT,1m,Maker 0.00% / Taker 0.01%,0.0,0.01,1,2,221,LONG,2026-01-04 19:23:59 UTC,2026-01-04 19:35:59 UTC,720.0,5.394,5.398,5.398,5.371,16.2,162,8.74,0.0087,0.0087,0.0175,0.0473,0.07,0.54,MIN_PROFIT_TP_HIT,87.6
TRUMP_USDT,1m,Maker 0.00% / Taker 0.01%,0.0,0.01,1,2,222,LONG,2026-01-04 19:42:59 UTC,2026-01-04 19:46:59 UTC,240.0,5.391,5.395,5.395,5.382,16.2,162,8.73,0.0087,0.0087,0.0175,0.0473,0.07,0.54,MIN_PROFIT_TP_HIT,87.65
TRUMP_USDT,1m,Maker 0.00% / Taker 0.01%,0.0,0.01,1,2,223,LONG,2026-01-04 20:03:59 UTC,2026-01-04 20:04:59 UTC,60.0,5.41,5.414,5.414,5.39,16.2,162,8.76,0.0088,0.0088,0.0175,0.0473,0.07,0.54,MIN_PROFIT_TP_HIT,87.7
TRUMP_USDT,1m,Maker 0.00% / Taker 0.01%,0.0,0.01,1,2,224,SHORT,2026-01-04 20:07:59 UTC,2026-01-04 20:18:59 UTC,660.0,5.413,5.409,5.409,5.431,16.2,162,8.77,0.0088,0.0088,0.0175,0.0473,0.07,0.54,MIN_PROFIT_TP_HIT,87.74
TRUMP_USDT,1m,Maker 0.00% / Taker 0.01%,0.0,0.01,1,2,225,SHORT,2026-01-04 20:27:59 UTC,2026-01-04 20:34:59 UTC,420.0,5.409,5.405,5.405,5.416,16.2,162,8.76,0.0088,0.0088,0.0175,0.0473,0.07,0.54,MIN_PROFIT_TP_HIT,87.79
TRUMP_USDT,1m,Maker 0.00% / Taker 0.01%,0.0,0.01,1,2,226,SHORT,2026-01-04 21:10:59 UTC,2026-01-04 21:13:59 UTC,180.0,5.397,5.405,5.393,5.404,16.3,163,8.8,0.0088,0.0088,0.0176,-0.148,-0.15,-1.68,STOP_LOSS_HIT,87.64
TRUMP_USDT,1m,Maker 0.00% / Taker 0.01%,0.0,0.01,1,2,227,SHORT,2026-01-04 21:58:59 UTC,2026-01-04 22:00:59 UTC,120.0,5.376,5.372,5.372,5.393,16.3,163,8.76,0.0088,0.0088,0.0175,0.0477,0.07,0.54,MIN_PROFIT_TP_HIT,87.69
TRUMP_USDT,1m,Maker 0.00% / Taker 0.01%,0.0,0.01,1,2,228,LONG,2026-01-04 22:54:59 UTC,2026-01-04 22:57:59 UTC,180.0,5.389,5.393,5.393,5.384,16.3,163,8.78,0.0088,0.0088,0.0176,0.0476,0.07,0.54,MIN_PROFIT_TP_HIT,87.74
TRUMP_USDT,1m,Maker 0.00% / Taker 0.01%,0.0,0.01,1,2,229,SHORT,2026-01-04 23:03:59 UTC,2026-01-04 23:04:59 UTC,60.0,5.422,5.418,5.418,5.425,16.2,162,8.78,0.0088,0.0088,0.0176,0.0472,0.07,0.54,MIN_PROFIT_TP_HIT,87.79
TRUMP_USDT,1m,Maker 0.00% / Taker 0.01%,0.0,0.01,1,2,230,LONG,2026-01-04 23:17:59 UTC,2026-01-04 23:21:59 UTC,240.0,5.4,5.404,5.404,5.389,16.3,163,8.8,0.0088,0.0088,0.0176,0.0476,0.07,0.54,MIN_PROFIT_TP_HIT,87.83
TRUMP_USDT,1m,Maker 0.00% / Taker 0.01%,0.0,0.01,1,2,231,SHORT,2026-01-05 00:01:59 UTC,2026-01-05 00:02:59 UTC,60.0,5.419,5.424,5.415,5.423,16.2,162,8.78,0.0088,0.0088,0.0176,-0.0986,-0.09,-1.12,STOP_LOSS_HIT,87.73
TRUMP_USDT,1m,Maker 0.00% / Taker 0.01%,0.0,0.01,1,2,232,SHORT,2026-01-05 00:04:59 UTC,2026-01-05 00:08:59 UTC,240.0,5.393,5.406,5.389,5.405,16.3,163,8.79,0.0088,0.0088,0.0176,-0.2295,-0.24,-2.61,STOP_LOSS_HIT,87.5
TRUMP_USDT,1m,Maker 0.00% / Taker 0.01%,0.0,0.01,1,2,233,LONG,2026-01-05 00:26:59 UTC,2026-01-05 00:27:59 UTC,60.0,5.37,5.374,5.374,5.359,16.3,163,8.75,0.0088,0.0088,0.0175,0.0477,0.07,0.54,MIN_PROFIT_TP_HIT,87.55
TRUMP_USDT,1m,Maker 0.00% / Taker 0.01%,0.0,0.01,1,2,234,LONG,2026-01-05 01:16:59 UTC,2026-01-05 01:27:59 UTC,660.0,5.441,5.445,5.445,5.418,16.1,161,8.76,0.0088,0.0088,0.0175,0.0469,0.07,0.54,MIN_PROFIT_TP_HIT,87.6
TRUMP_USDT,1m,Maker 0.00% / Taker 0.01%,0.0,0.01,1,2,235,SHORT,2026-01-05 01:30:59 UTC,2026-01-05 01:33:59 UTC,180.0,5.447,5.443,5.443,5.454,16.1,161,8.77,0.0088,0.0088,0.0175,0.0469,0.07,0.53,MIN_PROFIT_TP_HIT,87.65
TRUMP_USDT,1m,Maker 0.00% / Taker 0.01%,0.0,0.01,1,2,236,SHORT,2026-01-05 02:04:59 UTC,2026-01-05 02:06:59 UTC,120.0,5.505,5.501,5.501,5.514,15.9,159,8.75,0.0088,0.0087,0.0175,0.0461,0.07,0.53,MIN_PROFIT_TP_HIT,87.69
TRUMP_USDT,1m,Maker 0.00% / Taker 0.01%,0.0,0.01,1,2,237,SHORT,2026-01-05 02:22:59 UTC,2026-01-05 02:27:59 UTC,300.0,5.462,5.458,5.458,5.496,16.1,161,8.79,0.0088,0.0088,0.0176,0.0468,0.07,0.53,MIN_PROFIT_TP_HIT,87.74
TRUMP_USDT,1m,Maker 0.00% / Taker 0.01%,0.0,0.01,1,2,238,SHORT,2026-01-05 02:48:59 UTC,2026-01-05 02:49:59 UTC,60.0,5.466,5.462,5.462,5.489,16.1,161,8.8,0.0088,0.0088,0.0176,0.0468,0.07,0.53,MIN_PROFIT_TP_HIT,87.79
TRUMP_USDT,1m,Maker 0.00% / Taker 0.01%,0.0,0.01,1,2,239,LONG,2026-01-05 02:58:59 UTC,2026-01-05 03:02:59 UTC,240.0,5.473,5.477,5.477,5.453,16.0,160,8.76,0.0088,0.0088,0.0175,0.0465,0.07,0.53,MIN_PROFIT_TP_HIT,87.83
TRUMP_USDT,1m,Maker 0.00% / Taker 0.01%,0.0,0.01,1,2,240,LONG,2026-01-05 03:27:59 UTC,2026-01-05 03:29:59 UTC,120.0,5.459,5.451,5.463,5.452,16.1,161,8.79,0.0088,0.0088,0.0176,-0.1464,-0.15,-1.67,STOP_LOSS_HIT,87.69
TRUMP_USDT,1m,Maker 0.00% / Taker 0.01%,0.0,0.01,1,2,241,SHORT,2026-01-05 03:33:59 UTC,2026-01-05 03:34:59 UTC,60.0,5.474,5.47,5.47,5.495,16.0,160,8.76,0.0088,0.0088,0.0175,0.0465,0.07,0.53,MIN_PROFIT_TP_HIT,87.73
TRUMP_USDT,1m,Maker 0.00% / Taker 0.01%,0.0,0.01,1,2,242,LONG,2026-01-05 03:46:59 UTC,2026-01-05 03:49:59 UTC,180.0,5.508,5.512,5.512,5.488,15.9,159,8.76,0.0088,0.0088,0.0175,0.0461,0.07,0.53,MIN_PROFIT_TP_HIT,87.78
TRUMP_USDT,1m,Maker 0.00% / Taker 0.01%,0.0,0.01,1,2,243,SHORT,2026-01-05 04:05:59 UTC,2026-01-05 04:06:59 UTC,60.0,5.49,5.486,5.486,5.511,16.0,160,8.78,0.0088,0.0088,0.0176,0.0464,0.07,0.53,MIN_PROFIT_TP_HIT,87.83
TRUMP_USDT,1m,Maker 0.00% / Taker 0.01%,0.0,0.01,1,2,244,SHORT,2026-01-05 05:01:59 UTC,2026-01-05 05:02:59 UTC,60.0,5.446,5.442,5.442,5.462,16.1,161,8.77,0.0088,0.0088,0.0175,0.0469,0.07,0.53,MIN_PROFIT_TP_HIT,87.87
TRUMP_USDT,1m,Maker 0.00% / Taker 0.01%,0.0,0.01,1,2,245,SHORT,2026-01-05 05:03:59 UTC,2026-01-05 05:04:59 UTC,60.0,5.438,5.443,5.434,5.442,16.2,162,8.81,0.0088,0.0088,0.0176,-0.0986,-0.09,-1.12,STOP_LOSS_HIT,87.77
TRUMP_USDT,1m,Maker 0.00% / Taker 0.01%,0.0,0.01,1,2,246,SHORT,2026-01-05 05:46:59 UTC,2026-01-05 05:47:59 UTC,60.0,5.45,5.446,5.446,5.47,16.1,161,8.77,0.0088,0.0088,0.0175,0.0469,0.07,0.53,MIN_PROFIT_TP_HIT,87.82
TRUMP_USDT,1m,Maker 0.00% / Taker 0.01%,0.0,0.01,1,2,247,SHORT,2026-01-05 06:03:59 UTC,2026-01-05 06:06:59 UTC,180.0,5.448,5.444,5.444,5.461,16.1,161,8.77,0.0088,0.0088,0.0175,0.0469,0.07,0.53,MIN_PROFIT_TP_HIT,87.87
TRUMP_USDT,1m,Maker 0.00% / Taker 0.01%,0.0,0.01,1,2,248,LONG,2026-01-05 07:02:59 UTC,2026-01-05 07:08:59 UTC,360.0,5.45,5.454,5.454,5.429,16.1,161,8.77,0.0088,0.0088,0.0176,0.0468,0.07,0.53,MIN_PROFIT_TP_HIT,87.91
TRUMP_USDT,1m,Maker 0.00% / Taker 0.01%,0.0,0.01,1,2,249,SHORT,2026-01-05 07:24:59 UTC,2026-01-05 07:28:59 UTC,240.0,5.469,5.495,5.465,5.494,16.1,161,8.81,0.0088,0.0088,0.0177,-0.4363,-0.48,-4.95,STOP_LOSS_HIT,87.48
TRUMP_USDT,1m,Maker 0.00% / Taker 0.01%,0.0,0.01,1,2,250,LONG,2026-01-05 08:01:59 UTC,2026-01-05 08:02:59 UTC,60.0,5.561,5.539,5.565,5.54,15.700000000000001,157,8.73,0.0087,0.0087,0.0174,-0.3628,-0.4,-4.16,STOP_LOSS_HIT,87.11
TRUMP_USDT,1m,Maker 0.00% / Taker 0.01%,0.0,0.01,1,2,251,LONG,2026-01-05 08:13:59 UTC,2026-01-05 08:18:59 UTC,300.0,5.564,5.568,5.568,5.522,15.700000000000001,157,8.74,0.0087,0.0087,0.0175,0.0453,0.07,0.52,MIN_PROFIT_TP_HIT,87.16
TRUMP_USDT,1m,Maker 0.00% / Taker 0.01%,0.0,0.01,1,2,252,SHORT,2026-01-05 08:23:59 UTC,2026-01-05 08:24:59 UTC,60.0,5.535,5.531,5.531,5.561,15.700000000000001,157,8.69,0.0087,0.0087,0.0174,0.0454,0.07,0.52,MIN_PROFIT_TP_HIT,87.21
TRUMP_USDT,1m,Maker 0.00% / Taker 0.01%,0.0,0.01,1,2,253,SHORT,2026-01-05 08:36:59 UTC,2026-01-05 08:37:59 UTC,60.0,5.511,5.507,5.507,5.548,15.8,158,8.71,0.0087,0.0087,0.0174,0.0458,0.07,0.53,MIN_PROFIT_TP_HIT,87.25
TRUMP_USDT,1m,Maker 0.00% / Taker 0.01%,0.0,0.01,1,2,254,LONG,2026-01-05 09:25:59 UTC,2026-01-05 09:26:59 UTC,60.0,5.479,5.483,5.483,5.454,15.9,159,8.71,0.0087,0.0087,0.0174,0.0462,0.07,0.53,MIN_PROFIT_TP_HIT,87.3
TRUMP_USDT,1m,Maker 0.00% / Taker 0.01%,0.0,0.01,1,2,255,LONG,2026-01-05 09:46:59 UTC,2026-01-05 09:47:59 UTC,60.0,5.492,5.496,5.496,5.477,15.9,159,8.73,0.0087,0.0087,0.0175,0.0461,0.07,0.53,MIN_PROFIT_TP_HIT,87.34
TRUMP_USDT,1m,Maker 0.00% / Taker 0.01%,0.0,0.01,1,2,256,SHORT,2026-01-05 09:50:59 UTC,2026-01-05 09:51:59 UTC,60.0,5.49,5.486,5.486,5.516,15.9,159,8.73,0.0087,0.0087,0.0175,0.0461,0.07,0.53,MIN_PROFIT_TP_HIT,87.39
TRUMP_USDT,1m,Maker 0.00% / Taker 0.01%,0.0,0.01,1,2,257,SHORT,2026-01-05 10:52:59 UTC,2026-01-05 10:57:59 UTC,300.0,5.471,5.467,5.467,5.481,16.0,160,8.75,0.0088,0.0087,0.0175,0.0465,0.07,0.53,MIN_PROFIT_TP_HIT,87.44
TRUMP_USDT,1m,Maker 0.00% / Taker 0.01%,0.0,0.01,1,2,258,LONG,2026-01-05 11:33:59 UTC,2026-01-05 11:34:59 UTC,60.0,5.47,5.474,5.474,5.45,16.0,160,8.75,0.0088,0.0088,0.0175,0.0465,0.07,0.53,MIN_PROFIT_TP_HIT,87.48
TRUMP_USDT,1m,Maker 0.00% / Taker 0.01%,0.0,0.01,1,2,259,LONG,2026-01-05 11:59:59 UTC,2026-01-05 12:00:59 UTC,60.0,5.478,5.472,5.482,5.473,16.0,160,8.76,0.0088,0.0088,0.0175,-0.1135,-0.11,-1.3,STOP_LOSS_HIT,87.37
TRUMP_USDT,1m,Maker 0.00% / Taker 0.01%,0.0,0.01,1,2,260,SHORT,2026-01-05 12:21:59 UTC,2026-01-05 12:39:59 UTC,1080.0,5.441,5.437,5.437,5.461,16.1,161,8.76,0.0088,0.0088,0.0175,0.0469,0.07,0.54,MIN_PROFIT_TP_HIT,87.42
TRUMP_USDT,1m,Maker 0.00% / Taker 0.01%,0.0,0.01,1,2,261,LONG,2026-01-05 12:48:59 UTC,2026-01-05 12:56:59 UTC,480.0,5.47,5.474,5.474,5.452,16.0,160,8.75,0.0088,0.0088,0.0175,0.0465,0.07,0.53,MIN_PROFIT_TP_HIT,87.46
TRUMP_USDT,1m,Maker 0.00% / Taker 0.01%,0.0,0.01,1,2,262,SHORT,2026-01-05 12:58:59 UTC,2026-01-05 13:00:59 UTC,120.0,5.475,5.471,5.471,5.484,16.0,160,8.76,0.0088,0.0088,0.0175,0.0465,0.07,0.53,MIN_PROFIT_TP_HIT,87.51
TRUMP_USDT,1m,Maker 0.00% / Taker 0.01%,0.0,0.01,1,2,263,SHORT,2026-01-05 13:24:59 UTC,2026-01-05 13:34:59 UTC,600.0,5.466,5.484,5.462,5.483,16.0,160,8.75,0.0087,0.0088,0.0175,-0.3055,-0.33,-3.49,STOP_LOSS_HIT,87.2
TRUMP_USDT,1m,Maker 0.00% / Taker 0.01%,0.0,0.01,1,2,264,SHORT,2026-01-05 13:36:59 UTC,2026-01-05 13:38:59 UTC,120.0,5.478,5.499,5.474,5.498,15.9,159,8.71,0.0087,0.0087,0.0175,-0.3514,-0.38,-4.03,STOP_LOSS_HIT,86.85
TRUMP_USDT,1m,Maker 0.00% / Taker 0.01%,0.0,0.01,1,2,265,SHORT,2026-01-05 13:42:59 UTC,2026-01-05 13:44:59 UTC,120.0,5.496,5.517,5.492,5.516,15.8,158,8.68,0.0087,0.0087,0.0174,-0.3492,-0.38,-4.02,STOP_LOSS_HIT,86.5
TRUMP_USDT,1m,Maker 0.00% / Taker 0.01%,0.0,0.01,1,2,266,LONG,2026-01-05 14:38:59 UTC,2026-01-05 14:39:59 UTC,60.0,5.5,5.504,5.504,5.472,15.700000000000001,157,8.64,0.0086,0.0086,0.0173,0.0455,0.07,0.53,MIN_PROFIT_TP_HIT,86.55
TRUMP_USDT,1m,Maker 0.00% / Taker 0.01%,0.0,0.01,1,2,267,SHORT,2026-01-05 14:41:59 UTC,2026-01-05 14:42:59 UTC,60.0,5.502,5.498,5.498,5.509,15.700000000000001,157,8.64,0.0086,0.0086,0.0173,0.0455,0.07,0.53,MIN_PROFIT_TP_HIT,86.59
TRUMP_USDT,1m,Maker 0.00% / Taker 0.01%,0.0,0.01,1,2,268,SHORT,2026-01-05 15:48:59 UTC,2026-01-05 15:54:59 UTC,360.0,5.5,5.496,5.496,5.532,15.700000000000001,157,8.64,0.0086,0.0086,0.0173,0.0455,0.07,0.53,MIN_PROFIT_TP_HIT,86.64
TRUMP_USDT,1m,Maker 0.00% / Taker 0.01%,0.0,0.01,1,2,269,SHORT,2026-01-05 16:09:59 UTC,2026-01-05 16:13:59 UTC,240.0,5.495,5.513,5.491,5.512,15.8,158,8.68,0.0087,0.0087,0.0174,-0.3018,-0.33,-3.48,STOP_LOSS_HIT,86.34
TRUMP_USDT,1m,Maker 0.00% / Taker 0.01%,0.0,0.01,1,2,270,SHORT,2026-01-05 16:38:59 UTC,2026-01-05 16:39:59 UTC,60.0,5.534,5.53,5.53,5.558,15.600000000000001,156,8.63,0.0086,0.0086,0.0173,0.0451,0.07,0.52,MIN_PROFIT_TP_HIT,86.38
TRUMP_USDT,1m,Maker 0.00% / Taker 0.01%,0.0,0.01,1,2,271,LONG,2026-01-05 16:43:59 UTC,2026-01-05 16:44:59 UTC,60.0,5.51,5.514,5.514,5.497,15.700000000000001,157,8.65,0.0087,0.0087,0.0173,0.0455,0.07,0.53,MIN_PROFIT_TP_HIT,86.43
TRUMP_USDT,1m,Maker 0.00% / Taker 0.01%,0.0,0.01,1,2,272,LONG,2026-01-05 16:54:59 UTC,2026-01-05 17:09:59 UTC,900.0,5.516,5.495,5.52,5.496,15.700000000000001,157,8.66,0.0087,0.0086,0.0173,-0.347,-0.38,-4.01,STOP_LOSS_HIT,86.08
TRUMP_USDT,1m,Maker 0.00% / Taker 0.01%,0.0,0.01,1,2,273,SHORT,2026-01-05 17:10:59 UTC,2026-01-05 17:15:59 UTC,300.0,5.502,5.498,5.498,5.519,15.600000000000001,156,8.58,0.0086,0.0086,0.0172,0.0452,0.07,0.53,MIN_PROFIT_TP_HIT,86.13
TRUMP_USDT,1m,Maker 0.00% / Taker 0.01%,0.0,0.01,1,2,274,SHORT,2026-01-05 17:42:59 UTC,2026-01-05 17:45:59 UTC,180.0,5.498,5.512,5.494,5.511,15.700000000000001,157,8.63,0.0086,0.0087,0.0173,-0.2371,-0.25,-2.75,STOP_LOSS_HIT,85.89
TRUMP_USDT,1m,Maker 0.00% / Taker 0.01%,0.0,0.01,1,2,275,SHORT,2026-01-05 18:40:59 UTC,2026-01-05 18:43:59 UTC,180.0,5.535,5.555,5.531,5.554,15.5,155,8.58,0.0086,0.0086,0.0172,-0.3272,-0.36,-3.81,STOP_LOSS_HIT,85.56
TRUMP_USDT,1m,Maker 0.00% / Taker 0.01%,0.0,0.01,1,2,276,LONG,2026-01-05 18:44:59 UTC,2026-01-05 18:45:59 UTC,60.0,5.563,5.567,5.567,5.538,15.4,154,8.57,0.0086,0.0086,0.0171,0.0445,0.07,0.52,MIN_PROFIT_TP_HIT,85.61
TRUMP_USDT,1m,Maker 0.00% / Taker 0.01%,0.0,0.01,1,2,277,LONG,2026-01-05 18:59:59 UTC,2026-01-05 19:04:59 UTC,300.0,5.582,5.563,5.586,5.564,15.3,153,8.54,0.0085,0.0085,0.0171,-0.3078,-0.34,-3.6,STOP_LOSS_HIT,85.3
TRUMP_USDT,1m,Maker 0.00% / Taker 0.01%,0.0,0.01,1,2,278,SHORT,2026-01-05 19:25:59 UTC,2026-01-05 19:37:59 UTC,720.0,5.555,5.551,5.551,5.575,15.4,154,8.55,0.0086,0.0085,0.0171,0.0445,0.07,0.52,MIN_PROFIT_TP_HIT,85.34
TRUMP_USDT,1m,Maker 0.00% / Taker 0.01%,0.0,0.01,1,2,279,SHORT,2026-01-05 19:39:59 UTC,2026-01-05 19:41:59 UTC,120.0,5.544,5.54,5.54,5.559,15.4,154,8.54,0.0085,0.0085,0.0171,0.0445,0.07,0.52,MIN_PROFIT_TP_HIT,85.39
TRUMP_USDT,1m,Maker 0.00% / Taker 0.01%,0.0,0.01,1,2,280,LONG,2026-01-05 19:43:59 UTC,2026-01-05 19:56:59 UTC,780.0,5.538,5.542,5.542,5.517,15.4,154,8.53,0.0085,0.0085,0.0171,0.0445,0.07,0.52,MIN_PROFIT_TP_HIT,85.43
TRUMP_USDT,1m,Maker 0.00% / Taker 0.01%,0.0,0.01,1,2,281,LONG,2026-01-05 20:36:59 UTC,2026-01-05 20:40:59 UTC,240.0,5.603,5.607,5.607,5.592,15.200000000000001,152,8.52,0.0085,0.0085,0.017,0.0438,0.07,0.51,MIN_PROFIT_TP_HIT,85.48
TRUMP_USDT,1m,Maker 0.00% / Taker 0.01%,0.0,0.01,1,2,282,LONG,2026-01-05 21:26:59 UTC,2026-01-05 21:28:59 UTC,120.0,5.617,5.604,5.621,5.605,15.200000000000001,152,8.54,0.0085,0.0085,0.0171,-0.2147,-0.23,-2.51,STOP_LOSS_HIT,85.26
TRUMP_USDT,1m,Maker 0.00% / Taker 0.01%,0.0,0.01,1,2,283,LONG,2026-01-05 21:29:59 UTC,2026-01-05 21:30:59 UTC,60.0,5.604,5.608,5.608,5.588,15.200000000000001,152,8.52,0.0085,0.0085,0.017,0.0438,0.07,0.51,MIN_PROFIT_TP_HIT,85.31
TRUMP_USDT,1m,Maker 0.00% / Taker 0.01%,0.0,0.01,1,2,284,SHORT,2026-01-05 22:14:59 UTC,2026-01-05 22:25:59 UTC,660.0,5.605,5.601,5.601,5.622,15.200000000000001,152,8.52,0.0085,0.0085,0.017,0.0438,0.07,0.51,MIN_PROFIT_TP_HIT,85.35
TRUMP_USDT,1m,Maker 0.00% / Taker 0.01%,0.0,0.01,1,2,285,SHORT,2026-01-05 23:55:59 UTC,2026-01-05 23:58:59 UTC,180.0,5.619,5.615,5.615,5.632,15.200000000000001,152,8.54,0.0085,0.0085,0.0171,0.0437,0.07,0.51,MIN_PROFIT_TP_HIT,85.39
TRUMP_USDT,1m,Maker 0.00% / Taker 0.01%,0.0,0.01,1,2,286,LONG,2026-01-06 00:42:59 UTC,2026-01-06 00:44:59 UTC,120.0,5.531,5.535,5.535,5.526,15.4,154,8.52,0.0085,0.0085,0.017,0.0446,0.07,0.52,MIN_PROFIT_TP_HIT,85.44
TRUMP_USDT,1m,Maker 0.00% / Taker 0.01%,0.0,0.01,1,2,287,LONG,2026-01-06 01:40:59 UTC,2026-01-06 01:44:59 UTC,240.0,5.586,5.573,5.59,5.574,15.3,153,8.55,0.0085,0.0085,0.0171,-0.216,-0.23,-2.53,STOP_LOSS_HIT,85.22
TRUMP_USDT,1m,Maker 0.00% / Taker 0.01%,0.0,0.01,1,2,288,SHORT,2026-01-06 01:51:59 UTC,2026-01-06 01:53:59 UTC,120.0,5.563,5.559,5.559,5.583,15.3,153,8.51,0.0085,0.0085,0.017,0.0442,0.07,0.52,MIN_PROFIT_TP_HIT,85.27
TRUMP_USDT,1m,Maker 0.00% / Taker 0.01%,0.0,0.01,1,2,289,LONG,2026-01-06 02:08:59 UTC,2026-01-06 02:10:59 UTC,120.0,5.577,5.581,5.581,5.551,15.3,153,8.53,0.0085,0.0085,0.0171,0.0441,0.07,0.52,MIN_PROFIT_TP_HIT,85.31
TRUMP_USDT,1m,Maker 0.00% / Taker 0.01%,0.0,0.01,1,2,290,SHORT,2026-01-06 03:07:59 UTC,2026-01-06 03:26:59 UTC,1140.0,5.558,5.554,5.554,5.586,15.3,153,8.5,0.0085,0.0085,0.017,0.0442,0.07,0.52,MIN_PROFIT_TP_HIT,85.35
TRUMP_USDT,1m,Maker 0.00% / Taker 0.01%,0.0,0.01,1,2,291,LONG,2026-01-06 03:53:59 UTC,2026-01-06 03:54:59 UTC,60.0,5.608,5.612,5.612,5.59,15.200000000000001,152,8.52,0.0085,0.0085,0.0171,0.0437,0.07,0.51,MIN_PROFIT_TP_HIT,85.4
TRUMP_USDT,1m,Maker 0.00% / Taker 0.01%,0.0,0.01,1,2,292,LONG,2026-01-06 03:56:59 UTC,2026-01-06 03:58:59 UTC,120.0,5.631,5.635,5.635,5.614,15.200000000000001,152,8.56,0.0086,0.0086,0.0171,0.0437,0.07,0.51,MIN_PROFIT_TP_HIT,85.44
TRUMP_USDT,1m,Maker 0.00% / Taker 0.01%,0.0,0.01,1,2,293,SHORT,2026-01-06 04:39:59 UTC,2026-01-06 04:40:59 UTC,60.0,5.604,5.6,5.6,5.614,15.200000000000001,152,8.52,0.0085,0.0085,0.017,0.0438,0.07,0.51,MIN_PROFIT_TP_HIT,85.49
TRUMP_USDT,1m,Maker 0.00% / Taker 0.01%,0.0,0.01,1,2,294,SHORT,2026-01-06 05:45:59 UTC,2026-01-06 05:48:59 UTC,180.0,5.556,5.552,5.552,5.569,15.4,154,8.56,0.0086,0.0086,0.0171,0.0445,0.07,0.52,MIN_PROFIT_TP_HIT,85.53
TRUMP_USDT,1m,Maker 0.00% / Taker 0.01%,0.0,0.01,1,2,295,LONG,2026-01-06 05:51:59 UTC,2026-01-06 05:52:59 UTC,60.0,5.573,5.577,5.577,5.553,15.3,153,8.53,0.0085,0.0085,0.0171,0.0441,0.07,0.52,MIN_PROFIT_TP_HIT,85.57
TRUMP_USDT,1m,Maker 0.00% / Taker 0.01%,0.0,0.01,1,2,296,SHORT,2026-01-06 05:56:59 UTC,2026-01-06 05:58:59 UTC,120.0,5.573,5.581,5.569,5.58,15.4,154,8.58,0.0086,0.0086,0.0172,-0.1404,-0.14,-1.64,STOP_LOSS_HIT,85.43
TRUMP_USDT,1m,Maker 0.00% / Taker 0.01%,0.0,0.01,1,2,297,SHORT,2026-01-06 06:32:59 UTC,2026-01-06 06:34:59 UTC,120.0,5.582,5.578,5.578,5.593,15.3,153,8.54,0.0085,0.0085,0.0171,0.0441,0.07,0.52,MIN_PROFIT_TP_HIT,85.48
TRUMP_USDT,1m,Maker 0.00% / Taker 0.01%,0.0,0.01,1,2,298,SHORT,2026-01-06 06:47:59 UTC,2026-01-06 06:48:59 UTC,60.0,5.6,5.596,5.596,5.613,15.3,153,8.57,0.0086,0.0086,0.0171,0.0441,0.07,0.51,MIN_PROFIT_TP_HIT,85.52
TRUMP_USDT,1m,Maker 0.00% / Taker 0.01%,0.0,0.01,1,2,299,LONG,2026-01-06 06:58:59 UTC,2026-01-06 06:59:59 UTC,60.0,5.572,5.569,5.576,5.57,15.3,153,8.53,0.0085,0.0085,0.017,-0.0629,-0.05,-0.74,STOP_LOSS_HIT,85.46
TRUMP_USDT,1m,Maker 0.00% / Taker 0.01%,0.0,0.01,1,2,300,LONG,2026-01-06 08:14:59 UTC,2026-01-06 08:15:59 UTC,60.0,5.49,5.494,5.494,5.475,15.600000000000001,156,8.56,0.0086,0.0086,0.0171,0.0453,0.07,0.53,MIN_PROFIT_TP_HIT,85.5
TRUMP_USDT,1m,Maker 0.00% / Taker 0.01%,0.0,0.01,1,2,301,SHORT,2026-01-06 08:47:59 UTC,2026-01-06 08:50:59 UTC,180.0,5.453,5.449,5.449,5.471,15.700000000000001,157,8.56,0.0086,0.0086,0.0171,0.0457,0.07,0.53,MIN_PROFIT_TP_HIT,85.55
TRUMP_USDT,1m,Maker 0.00% / Taker 0.01%,0.0,0.01,1,2,302,SHORT,2026-01-06 10:50:59 UTC,2026-01-06 10:53:59 UTC,180.0,5.494,5.49,5.49,5.504,15.600000000000001,156,8.57,0.0086,0.0086,0.0171,0.0453,0.07,0.53,MIN_PROFIT_TP_HIT,85.6
TRUMP_USDT,1m,Maker 0.00% / Taker 0.01%,0.0,0.01,1,2,303,SHORT,2026-01-06 11:01:59 UTC,2026-01-06 11:04:59 UTC,180.0,5.492,5.502,5.488,5.501,15.600000000000001,156,8.57,0.0086,0.0086,0.0172,-0.1732,-0.18,-2.02,STOP_LOSS_HIT,85.42
TRUMP_USDT,1m,Maker 0.00% / Taker 0.01%,0.0,0.01,1,2,304,SHORT,2026-01-06 11:15:59 UTC,2026-01-06 11:17:59 UTC,120.0,5.506,5.502,5.502,5.53,15.5,155,8.53,0.0085,0.0085,0.0171,0.0449,0.07,0.53,MIN_PROFIT_TP_HIT,85.47
TRUMP_USDT,1m,Maker 0.00% / Taker 0.01%,0.0,0.01,1,2,305,LONG,2026-01-06 11:34:59 UTC,2026-01-06 11:35:59 UTC,60.0,5.528,5.532,5.532,5.513,15.5,155,8.57,0.0086,0.0086,0.0171,0.0449,0.07,0.52,MIN_PROFIT_TP_HIT,85.51
TRUMP_USDT,1m,Maker 0.00% / Taker 0.01%,0.0,0.01,1,2,306,SHORT,2026-01-06 12:09:59 UTC,2026-01-06 12:14:59 UTC,300.0,5.521,5.536,5.517,5.535,15.5,155,8.56,0.0086,0.0086,0.0171,-0.2496,-0.27,-2.92,STOP_LOSS_HIT,85.26
TRUMP_USDT,1m,Maker 0.00% / Taker 0.01%,0.0,0.01,1,2,307,LONG,2026-01-06 12:15:59 UTC,2026-01-06 12:39:59 UTC,1440.0,5.542,5.521,5.546,5.522,15.4,154,8.53,0.0085,0.0085,0.017,-0.3404,-0.38,-3.99,STOP_LOSS_HIT,84.92
TRUMP_USDT,1m,Maker 0.00% / Taker 0.01%,0.0,0.01,1,2,308,LONG,2026-01-06 14:34:59 UTC,2026-01-06 14:37:59 UTC,180.0,5.605,5.58,5.609,5.581,15.200000000000001,152,8.52,0.0085,0.0085,0.017,-0.397,-0.45,-4.66,STOP_LOSS_HIT,84.52
TRUMP_USDT,1m,Maker 0.00% / Taker 0.01%,0.0,0.01,1,2,309,LONG,2026-01-06 14:39:59 UTC,2026-01-06 14:40:59 UTC,60.0,5.594,5.598,5.598,5.58,15.100000000000001,151,8.45,0.0084,0.0085,0.0169,0.0435,0.07,0.51,MIN_PROFIT_TP_HIT,84.57
TRUMP_USDT,1m,Maker 0.00% / Taker 0.01%,0.0,0.01,1,2,310,LONG,2026-01-06 14:50:59 UTC,2026-01-06 14:52:59 UTC,120.0,5.584,5.55,5.588,5.551,15.100000000000001,151,8.43,0.0084,0.0084,0.0168,-0.5302,-0.61,-6.29,STOP_LOSS_HIT,84.04
TRUMP_USDT,1m,Maker 0.00% / Taker 0.01%,0.0,0.01,1,2,311,SHORT,2026-01-06 15:24:59 UTC,2026-01-06 15:25:59 UTC,60.0,5.582,5.578,5.578,5.6,15.100000000000001,151,8.43,0.0084,0.0084,0.0169,0.0435,0.07,0.52,MIN_PROFIT_TP_HIT,84.08
TRUMP_USDT,1m,Maker 0.00% / Taker 0.01%,0.0,0.01,1,2,312,LONG,2026-01-06 15:41:59 UTC,2026-01-06 15:42:59 UTC,60.0,5.51,5.499,5.514,5.5,15.3,153,8.43,0.0084,0.0084,0.0168,-0.1851,-0.2,-2.2,STOP_LOSS_HIT,83.9
TRUMP_USDT,1m,Maker 0.00% / Taker 0.01%,0.0,0.01,1,2,313,SHORT,2026-01-06 15:57:59 UTC,2026-01-06 16:00:59 UTC,180.0,5.504,5.528,5.5,5.527,15.200000000000001,152,8.37,0.0084,0.0084,0.0168,-0.3816,-0.44,-4.56,STOP_LOSS_HIT,83.51
TRUMP_USDT,1m,Maker 0.00% / Taker 0.01%,0.0,0.01,1,2,314,LONG,2026-01-06 17:21:59 UTC,2026-01-06 17:22:59 UTC,60.0,5.428,5.432,5.432,5.408,15.4,154,8.36,0.0084,0.0084,0.0167,0.0449,0.07,0.54,MIN_PROFIT_TP_HIT,83.56
TRUMP_USDT,1m,Maker 0.00% / Taker 0.01%,0.0,0.01,1,2,315,LONG,2026-01-06 17:42:59 UTC,2026-01-06 17:45:59 UTC,180.0,5.416,5.394,5.42,5.395,15.4,154,8.34,0.0083,0.0083,0.0166,-0.3554,-0.41,-4.26,STOP_LOSS_HIT,83.2
TRUMP_USDT,1m,Maker 0.00% / Taker 0.01%,0.0,0.01,1,2,316,LONG,2026-01-06 18:48:59 UTC,2026-01-06 18:50:59 UTC,120.0,5.412,5.394,5.416,5.395,15.4,154,8.33,0.0083,0.0083,0.0166,-0.2938,-0.33,-3.53,STOP_LOSS_HIT,82.91
TRUMP_USDT,1m,Maker 0.00% / Taker 0.01%,0.0,0.01,1,2,317,SHORT,2026-01-06 19:54:59 UTC,2026-01-06 19:58:59 UTC,240.0,5.383,5.379,5.379,5.392,15.4,154,8.29,0.0083,0.0083,0.0166,0.045,0.07,0.54,MIN_PROFIT_TP_HIT,82.96
TRUMP_USDT,1m,Maker 0.00% / Taker 0.01%,0.0,0.01,1,2,318,SHORT,2026-01-06 20:04:59 UTC,2026-01-06 20:09:59 UTC,300.0,5.403,5.399,5.399,5.42,15.4,154,8.32,0.0083,0.0083,0.0166,0.045,0.07,0.54,MIN_PROFIT_TP_HIT,83.0
TRUMP_USDT,1m,Maker 0.00% / Taker 0.01%,0.0,0.01,1,2,319,LONG,2026-01-06 21:02:59 UTC,2026-01-06 21:04:59 UTC,120.0,5.422,5.411,5.426,5.412,15.3,153,8.3,0.0083,0.0083,0.0166,-0.1849,-0.2,-2.23,STOP_LOSS_HIT,82.82
TRUMP_USDT,1m,Maker 0.00% / Taker 0.01%,0.0,0.01,1,2,320,LONG,2026-01-06 21:11:59 UTC,2026-01-06 21:12:59 UTC,60.0,5.411,5.415,5.415,5.401,15.3,153,8.28,0.0083,0.0083,0.0166,0.0446,0.07,0.54,MIN_PROFIT_TP_HIT,82.86
TRUMP_USDT,1m,Maker 0.00% / Taker 0.01%,0.0,0.01,1,2,321,LONG,2026-01-06 22:38:59 UTC,2026-01-06 22:40:59 UTC,120.0,5.429,5.433,5.433,5.416,15.3,153,8.31,0.0083,0.0083,0.0166,0.0446,0.07,0.54,MIN_PROFIT_TP_HIT,82.9
TRUMP_USDT,1m,Maker 0.00% / Taker 0.01%,0.0,0.01,1,2,322,LONG,2026-01-06 23:08:59 UTC,2026-01-06 23:10:59 UTC,120.0,5.46,5.464,5.464,5.453,15.200000000000001,152,8.3,0.0083,0.0083,0.0166,0.0442,0.07,0.53,MIN_PROFIT_TP_HIT,82.95
TRUMP_USDT,1m,Maker 0.00% / Taker 0.01%,0.0,0.01,1,2,323,SHORT,2026-01-06 23:17:59 UTC,2026-01-06 23:22:59 UTC,300.0,5.467,5.463,5.463,5.479,15.200000000000001,152,8.31,0.0083,0.0083,0.0166,0.0442,0.07,0.53,MIN_PROFIT_TP_HIT,82.99
TRUMP_USDT,1m,Maker 0.00% / Taker 0.01%,0.0,0.01,1,2,324,SHORT,2026-01-06 23:46:59 UTC,2026-01-06 23:59:59 UTC,780.0,5.472,5.485,5.468,5.484,15.200000000000001,152,8.32,0.0083,0.0083,0.0167,-0.2143,-0.24,-2.58,STOP_LOSS_HIT,82.78
TRUMP_USDT,1m,Maker 0.00% / Taker 0.01%,0.0,0.01,1,2,325,SHORT,2026-01-07 00:01:59 UTC,2026-01-07 00:07:59 UTC,360.0,5.465,5.461,5.461,5.477,15.100000000000001,151,8.25,0.0083,0.0082,0.0165,0.0439,0.07,0.53,MIN_PROFIT_TP_HIT,82.82
TRUMP_USDT,1m,Maker 0.00% / Taker 0.01%,0.0,0.01,1,2,326,SHORT,2026-01-07 00:17:59 UTC,2026-01-07 00:18:59 UTC,60.0,5.451,5.447,5.447,5.463,15.200000000000001,152,8.29,0.0083,0.0083,0.0166,0.0442,0.07,0.53,MIN_PROFIT_TP_HIT,82.87
TRUMP_USDT,1m,Maker 0.00% / Taker 0.01%,0.0,0.01,1,2,327,SHORT,2026-01-07 01:00:59 UTC,2026-01-07 01:16:59 UTC,960.0,5.431,5.427,5.427,5.456,15.3,153,8.31,0.0083,0.0083,0.0166,0.0446,0.07,0.54,MIN_PROFIT_TP_HIT,82.91
TRUMP_USDT,1m,Maker 0.00% / Taker 0.01%,0.0,0.01,1,2,328,SHORT,2026-01-07 01:28:59 UTC,2026-01-07 01:29:59 UTC,60.0,5.446,5.442,5.442,5.45,15.200000000000001,152,8.28,0.0083,0.0083,0.0165,0.0443,0.07,0.53,MIN_PROFIT_TP_HIT,82.96
TRUMP_USDT,1m,Maker 0.00% / Taker 0.01%,0.0,0.01,1,2,329,SHORT,2026-01-07 02:07:59 UTC,2026-01-07 02:19:59 UTC,720.0,5.433,5.429,5.429,5.445,15.3,153,8.31,0.0083,0.0083,0.0166,0.0446,0.07,0.54,MIN_PROFIT_TP_HIT,83.0
TRUMP_USDT,1m,Maker 0.00% / Taker 0.01%,0.0,0.01,1,2,330,SHORT,2026-01-07 02:41:59 UTC,2026-01-07 02:56:59 UTC,900.0,5.449,5.465,5.445,5.464,15.200000000000001,152,8.28,0.0083,0.0083,0.0166,-0.2598,-0.29,-3.14,STOP_LOSS_HIT,82.74
TRUMP_USDT,1m,Maker 0.00% / Taker 0.01%,0.0,0.01,1,2,331,LONG,2026-01-07 02:57:59 UTC,2026-01-07 03:00:59 UTC,180.0,5.469,5.473,5.473,5.454,15.100000000000001,151,8.26,0.0083,0.0083,0.0165,0.0439,0.07,0.53,MIN_PROFIT_TP_HIT,82.78
TRUMP_USDT,1m,Maker 0.00% / Taker 0.01%,0.0,0.01,1,2,332,SHORT,2026-01-07 04:08:59 UTC,2026-01-07 04:10:59 UTC,120.0,5.466,5.462,5.462,5.484,15.100000000000001,151,8.25,0.0083,0.0082,0.0165,0.0439,0.07,0.53,MIN_PROFIT_TP_HIT,82.83
TRUMP_USDT,1m,Maker 0.00% / Taker 0.01%,0.0,0.01,1,2,333,LONG,2026-01-07 04:12:59 UTC,2026-01-07 04:13:59 UTC,60.0,5.465,5.469,5.469,5.455,15.200000000000001,152,8.31,0.0083,0.0083,0.0166,0.0442,0.07,0.53,MIN_PROFIT_TP_HIT,82.87
TRUMP_USDT,1m,Maker 0.00% / Taker 0.01%,0.0,0.01,1,2,334,LONG,2026-01-07 04:14:59 UTC,2026-01-07 04:17:59 UTC,180.0,5.468,5.458,5.472,5.459,15.200000000000001,152,8.31,0.0083,0.0083,0.0166,-0.1686,-0.18,-2.03,STOP_LOSS_HIT,82.7
TRUMP_USDT,1m,Maker 0.00% / Taker 0.01%,0.0,0.01,1,2,335,SHORT,2026-01-07 04:18:59 UTC,2026-01-07 04:19:59 UTC,60.0,5.458,5.454,5.454,5.473,15.200000000000001,152,8.3,0.0083,0.0083,0.0166,0.0442,0.07,0.53,MIN_PROFIT_TP_HIT,82.75
TRUMP_USDT,1m,Maker 0.00% / Taker 0.01%,0.0,0.01,1,2,336,LONG,2026-01-07 05:02:59 UTC,2026-01-07 05:04:59 UTC,120.0,5.452,5.442,5.456,5.443,15.200000000000001,152,8.29,0.0083,0.0083,0.0166,-0.1686,-0.18,-2.03,STOP_LOSS_HIT,82.58
TRUMP_USDT,1m,Maker 0.00% / Taker 0.01%,0.0,0.01,1,2,337,LONG,2026-01-07 05:05:59 UTC,2026-01-07 05:08:59 UTC,180.0,5.447,5.451,5.451,5.44,15.200000000000001,152,8.28,0.0083,0.0083,0.0166,0.0442,0.07,0.53,MIN_PROFIT_TP_HIT,82.62
TRUMP_USDT,1m,Maker 0.00% / Taker 0.01%,0.0,0.01,1,2,338,LONG,2026-01-07 05:41:59 UTC,2026-01-07 05:43:59 UTC,120.0,5.469,5.473,5.473,5.457,15.100000000000001,151,8.26,0.0083,0.0083,0.0165,0.0439,0.07,0.53,MIN_PROFIT_TP_HIT,82.67
TRUMP_USDT,1m,Maker 0.00% / Taker 0.01%,0.0,0.01,1,2,339,LONG,2026-01-07 05:47:59 UTC,2026-01-07 05:53:59 UTC,360.0,5.471,5.475,5.475,5.459,15.100000000000001,151,8.26,0.0083,0.0083,0.0165,0.0439,0.07,0.53,MIN_PROFIT_TP_HIT,82.71
TRUMP_USDT,1m,Maker 0.00% / Taker 0.01%,0.0,0.01,1,2,340,LONG,2026-01-07 05:54:59 UTC,2026-01-07 06:00:59 UTC,360.0,5.484,5.488,5.488,5.468,15.100000000000001,151,8.28,0.0083,0.0083,0.0166,0.0438,0.07,0.53,MIN_PROFIT_TP_HIT,82.76
TRUMP_USDT,1m,Maker 0.00% / Taker 0.01%,0.0,0.01,1,2,341,LONG,2026-01-07 06:10:59 UTC,2026-01-07 06:12:59 UTC,120.0,5.476,5.47,5.48,5.471,15.100000000000001,151,8.27,0.0083,0.0083,0.0165,-0.1071,-0.11,-1.3,STOP_LOSS_HIT,82.65
TRUMP_USDT,1m,Maker 0.00% / Taker 0.01%,0.0,0.01,1,2,342,LONG,2026-01-07 06:36:59 UTC,2026-01-07 06:53:59 UTC,1020.0,5.473,5.463,5.477,5.464,15.100000000000001,151,8.26,0.0083,0.0082,0.0165,-0.1675,-0.18,-2.03,STOP_LOSS_HIT,82.48
TRUMP_USDT,1m,Maker 0.00% / Taker 0.01%,0.0,0.01,1,2,343,SHORT,2026-01-07 06:54:59 UTC,2026-01-07 07:01:59 UTC,420.0,5.465,5.473,5.461,5.472,15.100000000000001,151,8.25,0.0083,0.0083,0.0165,-0.1373,-0.15,-1.66,STOP_LOSS_HIT,82.34
TRUMP_USDT,1m,Maker 0.00% / Taker 0.01%,0.0,0.01,1,2,344,LONG,2026-01-07 07:02:59 UTC,2026-01-07 07:19:59 UTC,1020.0,5.479,5.483,5.483,5.467,15.0,150,8.22,0.0082,0.0082,0.0164,0.0436,0.07,0.53,MIN_PROFIT_TP_HIT,82.39
TRUMP_USDT,1m,Maker 0.00% / Taker 0.01%,0.0,0.01,1,2,345,LONG,2026-01-07 07:26:59 UTC,2026-01-07 07:30:59 UTC,240.0,5.487,5.491,5.491,5.475,15.0,150,8.23,0.0082,0.0082,0.0165,0.0435,0.07,0.53,MIN_PROFIT_TP_HIT,82.43
TRUMP_USDT,1m,Maker 0.00% / Taker 0.01%,0.0,0.01,1,2,346,SHORT,2026-01-07 07:40:59 UTC,2026-01-07 07:48:59 UTC,480.0,5.492,5.488,5.488,5.506,15.0,150,8.24,0.0082,0.0082,0.0165,0.0435,0.07,0.53,MIN_PROFIT_TP_HIT,82.47
TRUMP_USDT,1m,Maker 0.00% / Taker 0.01%,0.0,0.01,1,2,347,SHORT,2026-01-07 08:23:59 UTC,2026-01-07 08:24:59 UTC,60.0,5.514,5.51,5.51,5.523,15.0,150,8.27,0.0083,0.0083,0.0165,0.0435,0.07,0.53,MIN_PROFIT_TP_HIT,82.52
TRUMP_USDT,1m,Maker 0.00% / Taker 0.01%,0.0,0.01,1,2,348,LONG,2026-01-07 08:29:59 UTC,2026-01-07 08:31:59 UTC,120.0,5.511,5.515,5.515,5.498,15.0,150,8.27,0.0083,0.0083,0.0165,0.0435,0.07,0.53,MIN_PROFIT_TP_HIT,82.56
TRUMP_USDT,1m,Maker 0.00% / Taker 0.01%,0.0,0.01,1,2,349,LONG,2026-01-07 09:11:59 UTC,2026-01-07 09:13:59 UTC,120.0,5.504,5.494,5.508,5.495,15.0,150,8.26,0.0083,0.0082,0.0165,-0.1665,-0.18,-2.02,STOP_LOSS_HIT,82.39
TRUMP_USDT,1m,Maker 0.00% / Taker 0.01%,0.0,0.01,1,2,350,LONG,2026-01-07 09:16:59 UTC,2026-01-07 09:19:59 UTC,180.0,5.489,5.473,5.493,5.474,15.0,150,8.23,0.0082,0.0082,0.0164,-0.2564,-0.29,-3.11,STOP_LOSS_HIT,82.14
TRUMP_USDT,1m,Maker 0.00% / Taker 0.01%,0.0,0.01,1,2,351,SHORT,2026-01-07 09:51:59 UTC,2026-01-07 09:59:59 UTC,480.0,5.452,5.448,5.448,5.472,15.100000000000001,151,8.23,0.0082,0.0082,0.0165,0.0439,0.07,0.53,MIN_PROFIT_TP_HIT,82.18
TRUMP_USDT,1m,Maker 0.00% / Taker 0.01%,0.0,0.01,1,2,352,SHORT,2026-01-07 10:39:59 UTC,2026-01-07 10:42:59 UTC,180.0,5.471,5.467,5.467,5.48,15.0,150,8.21,0.0082,0.0082,0.0164,0.0436,0.07,0.53,MIN_PROFIT_TP_HIT,82.23
TRUMP_USDT,1m,Maker 0.00% / Taker 0.01%,0.0,0.01,1,2,353,LONG,2026-01-07 11:12:59 UTC,2026-01-07 11:15:59 UTC,180.0,5.505,5.509,5.509,5.492,14.9,149,8.2,0.0082,0.0082,0.0164,0.0432,0.07,0.53,MIN_PROFIT_TP_HIT,82.27
TRUMP_USDT,1m,Maker 0.00% / Taker 0.01%,0.0,0.01,1,2,354,SHORT,2026-01-07 11:24:59 UTC,2026-01-07 11:25:59 UTC,60.0,5.528,5.524,5.524,5.538,14.9,149,8.24,0.0082,0.0082,0.0165,0.0431,0.07,0.52,MIN_PROFIT_TP_HIT,82.31
TRUMP_USDT,1m,Maker 0.00% / Taker 0.01%,0.0,0.01,1,2,355,SHORT,2026-01-07 12:07:59 UTC,2026-01-07 12:17:59 UTC,600.0,5.483,5.502,5.479,5.501,15.0,150,8.22,0.0082,0.0083,0.0165,-0.3015,-0.35,-3.67,STOP_LOSS_HIT,82.01
TRUMP_USDT,1m,Maker 0.00% / Taker 0.01%,0.0,0.01,1,2,356,LONG,2026-01-07 12:28:59 UTC,2026-01-07 12:33:59 UTC,300.0,5.477,5.471,5.481,5.472,15.0,150,8.22,0.0082,0.0082,0.0164,-0.1064,-0.11,-1.3,STOP_LOSS_HIT,81.9
TRUMP_USDT,1m,Maker 0.00% / Taker 0.01%,0.0,0.01,1,2,357,LONG,2026-01-07 12:35:59 UTC,2026-01-07 12:42:59 UTC,420.0,5.482,5.469,5.486,5.47,14.9,149,8.17,0.0082,0.0081,0.0163,-0.21,-0.24,-2.57,STOP_LOSS_HIT,81.69
TRUMP_USDT,1m,Maker 0.00% / Taker 0.01%,0.0,0.01,1,2,358,SHORT,2026-01-07 13:08:59 UTC,2026-01-07 13:09:59 UTC,60.0,5.463,5.459,5.459,5.483,15.0,150,8.19,0.0082,0.0082,0.0164,0.0436,0.07,0.53,MIN_PROFIT_TP_HIT,81.74
TRUMP_USDT,1m,Maker 0.00% / Taker 0.01%,0.0,0.01,1,2,359,SHORT,2026-01-07 13:19:59 UTC,2026-01-07 13:22:59 UTC,180.0,5.477,5.473,5.473,5.482,14.9,149,8.16,0.0082,0.0082,0.0163,0.0433,0.07,0.53,MIN_PROFIT_TP_HIT,81.78
TRUMP_USDT,1m,Maker 0.00% / Taker 0.01%,0.0,0.01,1,2,360,SHORT,2026-01-07 13:28:59 UTC,2026-01-07 13:35:59 UTC,420.0,5.489,5.485,5.485,5.497,14.9,149,8.18,0.0082,0.0082,0.0164,0.0432,0.07,0.53,MIN_PROFIT_TP_HIT,81.82
TRUMP_USDT,1m,Maker 0.00% / Taker 0.01%,0.0,0.01,1,2,361,SHORT,2026-01-07 13:47:59 UTC,2026-01-07 14:01:59 UTC,840.0,5.455,5.451,5.451,5.47,15.0,150,8.18,0.0082,0.0082,0.0164,0.0436,0.07,0.53,MIN_PROFIT_TP_HIT,81.87
TRUMP_USDT,1m,Maker 0.00% / Taker 0.01%,0.0,0.01,1,2,362,SHORT,2026-01-07 14:02:59 UTC,2026-01-07 14:03:59 UTC,60.0,5.417,5.44,5.413,5.439,15.100000000000001,151,8.18,0.0082,0.0082,0.0164,-0.3637,-0.42,-4.45,STOP_LOSS_HIT,81.5
TRUMP_USDT,1m,Maker 0.00% / Taker 0.01%,0.0,0.01,1,2,363,LONG,2026-01-07 14:04:59 UTC,2026-01-07 14:28:59 UTC,1440.0,5.435,5.408,5.439,5.409,15.0,150,8.15,0.0082,0.0081,0.0163,-0.4213,-0.5,-5.17,STOP_LOSS_HIT,81.08
TRUMP_USDT,1m,Maker 0.00% / Taker 0.01%,0.0,0.01,1,2,364,SHORT,2026-01-07 14:29:59 UTC,2026-01-07 14:31:59 UTC,120.0,5.417,5.413,5.413,5.443,15.0,150,8.13,0.0081,0.0081,0.0162,0.0438,0.07,0.54,MIN_PROFIT_TP_HIT,81.13
TRUMP_USDT,1m,Maker 0.00% / Taker 0.01%,0.0,0.01,1,2,365,SHORT,2026-01-07 15:01:59 UTC,2026-01-07 15:02:59 UTC,60.0,5.427,5.423,5.423,5.458,14.9,149,8.09,0.0081,0.0081,0.0162,0.0434,0.07,0.54,MIN_PROFIT_TP_HIT,81.17
TRUMP_USDT,1m,Maker 0.00% / Taker 0.01%,0.0,0.01,1,2,366,LONG,2026-01-07 15:05:59 UTC,2026-01-07 15:07:59 UTC,120.0,5.43,5.434,5.434,5.412,14.9,149,8.09,0.0081,0.0081,0.0162,0.0434,0.07,0.54,MIN_PROFIT_TP_HIT,81.21
TRUMP_USDT,1m,Maker 0.00% / Taker 0.01%,0.0,0.01,1,2,367,SHORT,2026-01-07 15:31:59 UTC,2026-01-07 15:33:59 UTC,120.0,5.407,5.403,5.403,5.43,15.0,150,8.11,0.0081,0.0081,0.0162,0.0438,0.07,0.54,MIN_PROFIT_TP_HIT,81.26
TRUMP_USDT,1m,Maker 0.00% / Taker 0.01%,0.0,0.01,1,2,368,SHORT,2026-01-07 15:34:59 UTC,2026-01-07 16:08:59 UTC,2040.0,5.399,5.426,5.395,5.425,15.100000000000001,151,8.15,0.0082,0.0082,0.0163,-0.424,-0.5,-5.2,STOP_LOSS_HIT,80.83
TRUMP_USDT,1m,Maker 0.00% / Taker 0.01%,0.0,0.01,1,2,369,SHORT,2026-01-07 16:10:59 UTC,2026-01-07 16:12:59 UTC,120.0,5.42,5.43,5.416,5.429,14.9,149,8.08,0.0081,0.0081,0.0162,-0.1652,-0.18,-2.05,STOP_LOSS_HIT,80.67
TRUMP_USDT,1m,Maker 0.00% / Taker 0.01%,0.0,0.01,1,2,370,LONG,2026-01-07 16:28:59 UTC,2026-01-07 16:30:59 UTC,120.0,5.414,5.418,5.418,5.408,14.9,149,8.07,0.0081,0.0081,0.0161,0.0435,0.07,0.54,MIN_PROFIT_TP_HIT,80.71
TRUMP_USDT,1m,Maker 0.00% / Taker 0.01%,0.0,0.01,1,2,371,SHORT,2026-01-07 16:48:59 UTC,2026-01-07 16:49:59 UTC,60.0,5.431,5.427,5.427,5.433,14.9,149,8.09,0.0081,0.0081,0.0162,0.0434,0.07,0.54,MIN_PROFIT_TP_HIT,80.75
TRUMP_USDT,1m,Maker 0.00% / Taker 0.01%,0.0,0.01,1,2,372,LONG,2026-01-07 17:06:59 UTC,2026-01-07 17:08:59 UTC,120.0,5.438,5.442,5.442,5.42,14.9,149,8.1,0.0081,0.0081,0.0162,0.0434,0.07,0.54,MIN_PROFIT_TP_HIT,80.8
TRUMP_USDT,1m,Maker 0.00% / Taker 0.01%,0.0,0.01,1,2,373,SHORT,2026-01-07 18:16:59 UTC,2026-01-07 18:25:59 UTC,540.0,5.41,5.406,5.406,5.425,14.9,149,8.06,0.0081,0.0081,0.0161,0.0435,0.07,0.54,MIN_PROFIT_TP_HIT,80.84
TRUMP_USDT,1m,Maker 0.00% / Taker 0.01%,0.0,0.01,1,2,374,LONG,2026-01-07 18:27:59 UTC,2026-01-07 18:28:59 UTC,60.0,5.41,5.414,5.414,5.408,14.9,149,8.06,0.0081,0.0081,0.0161,0.0435,0.07,0.54,MIN_PROFIT_TP_HIT,80.89
TRUMP_USDT,1m,Maker 0.00% / Taker 0.01%,0.0,0.01,1,2,375,LONG,2026-01-07 18:31:59 UTC,2026-01-07 18:32:59 UTC,60.0,5.418,5.422,5.422,5.393,14.9,149,8.07,0.0081,0.0081,0.0162,0.0434,0.07,0.54,MIN_PROFIT_TP_HIT,80.93
TRUMP_USDT,1m,Maker 0.00% / Taker 0.01%,0.0,0.01,1,2,376,SHORT,2026-01-07 18:46:59 UTC,2026-01-07 18:54:59 UTC,480.0,5.409,5.405,5.405,5.427,15.0,150,8.11,0.0081,0.0081,0.0162,0.0438,0.07,0.54,MIN_PROFIT_TP_HIT,80.97
TRUMP_USDT,1m,Maker 0.00% / Taker 0.01%,0.0,0.01,1,2,377,SHORT,2026-01-07 19:39:59 UTC,2026-01-07 19:40:59 UTC,60.0,5.394,5.39,5.39,5.406,15.0,150,8.09,0.0081,0.0081,0.0162,0.0438,0.07,0.54,MIN_PROFIT_TP_HIT,81.02
TRUMP_USDT,1m,Maker 0.00% / Taker 0.01%,0.0,0.01,1,2,378,LONG,2026-01-07 20:16:59 UTC,2026-01-07 20:20:59 UTC,240.0,5.367,5.371,5.371,5.362,15.100000000000001,151,8.1,0.0081,0.0081,0.0162,0.0442,0.07,0.55,MIN_PROFIT_TP_HIT,81.06
TRUMP_USDT,1m,Maker 0.00% / Taker 0.01%,0.0,0.01,1,2,379,SHORT,2026-01-07 20:33:59 UTC,2026-01-07 20:34:59 UTC,60.0,5.367,5.363,5.363,5.379,15.100000000000001,151,8.1,0.0081,0.0081,0.0162,0.0442,0.07,0.55,MIN_PROFIT_TP_HIT,81.1
TRUMP_USDT,1m,Maker 0.00% / Taker 0.01%,0.0,0.01,1,2,380,SHORT,2026-01-07 21:11:59 UTC,2026-01-07 21:26:59 UTC,900.0,5.369,5.38,5.365,5.379,15.100000000000001,151,8.11,0.0081,0.0081,0.0162,-0.1823,-0.2,-2.25,STOP_LOSS_HIT,80.92
TRUMP_USDT,1m,Maker 0.00% / Taker 0.01%,0.0,0.01,1,2,381,LONG,2026-01-07 21:27:59 UTC,2026-01-07 21:29:59 UTC,120.0,5.383,5.375,5.387,5.376,15.0,150,8.07,0.0081,0.0081,0.0161,-0.1361,-0.15,-1.69,STOP_LOSS_HIT,80.79
TRUMP_USDT,1m,Maker 0.00% / Taker 0.01%,0.0,0.01,1,2,382,SHORT,2026-01-07 21:34:59 UTC,2026-01-07 21:36:59 UTC,120.0,5.381,5.377,5.377,5.396,15.0,150,8.07,0.0081,0.0081,0.0161,0.0439,0.07,0.54,MIN_PROFIT_TP_HIT,80.83
TRUMP_USDT,1m,Maker 0.00% / Taker 0.01%,0.0,0.01,1,2,383,SHORT,2026-01-07 21:37:59 UTC,2026-01-07 21:51:59 UTC,840.0,5.367,5.363,5.363,5.392,15.100000000000001,151,8.1,0.0081,0.0081,0.0162,0.0442,0.07,0.55,MIN_PROFIT_TP_HIT,80.87
TRUMP_USDT,1m,Maker 0.00% / Taker 0.01%,0.0,0.01,1,2,384,LONG,2026-01-07 21:53:59 UTC,2026-01-07 22:00:59 UTC,420.0,5.365,5.357,5.369,5.358,15.100000000000001,151,8.1,0.0081,0.0081,0.0162,-0.137,-0.15,-1.69,STOP_LOSS_HIT,80.74
TRUMP_USDT,1m,Maker 0.00% / Taker 0.01%,0.0,0.01,1,2,385,SHORT,2026-01-07 22:01:59 UTC,2026-01-07 22:04:59 UTC,180.0,5.35,5.346,5.346,5.363,15.100000000000001,151,8.08,0.0081,0.0081,0.0162,0.0442,0.07,0.55,MIN_PROFIT_TP_HIT,80.78
TRUMP_USDT,1m,Maker 0.00% / Taker 0.01%,0.0,0.01,1,2,386,LONG,2026-01-07 22:06:59 UTC,2026-01-07 22:31:59 UTC,1500.0,5.347,5.351,5.351,5.282,15.100000000000001,151,8.07,0.0081,0.0081,0.0162,0.0442,0.07,0.55,MIN_PROFIT_TP_HIT,80.83
TRUMP_USDT,1m,Maker 0.00% / Taker 0.01%,0.0,0.01,1,2,387,LONG,2026-01-07 22:32:59 UTC,2026-01-07 22:33:59 UTC,60.0,5.355,5.359,5.359,5.34,15.100000000000001,151,8.09,0.0081,0.0081,0.0162,0.0442,0.07,0.55,MIN_PROFIT_TP_HIT,80.87
TRUMP_USDT,1m,Maker 0.00% / Taker 0.01%,0.0,0.01,1,2,388,SHORT,2026-01-07 22:56:59 UTC,2026-01-07 23:00:59 UTC,240.0,5.342,5.338,5.338,5.351,15.100000000000001,151,8.07,0.0081,0.0081,0.0161,0.0443,0.07,0.55,MIN_PROFIT_TP_HIT,80.91
TRUMP_USDT,1m,Maker 0.00% / Taker 0.01%,0.0,0.01,1,2,389,SHORT,2026-01-07 23:36:59 UTC,2026-01-08 00:22:59 UTC,2760.0,5.355,5.351,5.351,5.376,15.100000000000001,151,8.09,0.0081,0.0081,0.0162,0.0442,0.07,0.55,MIN_PROFIT_TP_HIT,80.96
TRUMP_USDT,1m,Maker 0.00% / Taker 0.01%,0.0,0.01,1,2,390,SHORT,2026-01-08 00:28:59 UTC,2026-01-08 00:41:59 UTC,780.0,5.355,5.371,5.351,5.37,15.100000000000001,151,8.09,0.0081,0.0081,0.0162,-0.2578,-0.3,-3.19,STOP_LOSS_HIT,80.7
TRUMP_USDT,1m,Maker 0.00% / Taker 0.01%,0.0,0.01,1,2,391,LONG,2026-01-08 01:57:59 UTC,2026-01-08 02:00:59 UTC,180.0,5.42,5.424,5.424,5.413,14.9,149,8.08,0.0081,0.0081,0.0162,0.0434,0.07,0.54,MIN_PROFIT_TP_HIT,80.74
TRUMP_USDT,1m,Maker 0.00% / Taker 0.01%,0.0,0.01,1,2,392,LONG,2026-01-08 02:27:59 UTC,2026-01-08 02:33:59 UTC,360.0,5.399,5.386,5.403,5.387,15.0,150,8.1,0.0081,0.0081,0.0162,-0.2112,-0.24,-2.61,STOP_LOSS_HIT,80.53
TRUMP_USDT,1m,Maker 0.00% / Taker 0.01%,0.0,0.01,1,2,393,LONG,2026-01-08 03:03:59 UTC,2026-01-08 03:04:59 UTC,60.0,5.398,5.402,5.402,5.391,14.9,149,8.04,0.008,0.008,0.0161,0.0435,0.07,0.54,MIN_PROFIT_TP_HIT,80.58
TRUMP_USDT,1m,Maker 0.00% / Taker 0.01%,0.0,0.01,1,2,394,LONG,2026-01-08 04:11:59 UTC,2026-01-08 04:13:59 UTC,120.0,5.382,5.377,5.386,5.378,15.0,150,8.07,0.0081,0.0081,0.0161,-0.0911,-0.09,-1.13,STOP_LOSS_HIT,80.49
TRUMP_USDT,1m,Maker 0.00% / Taker 0.01%,0.0,0.01,1,2,395,SHORT,2026-01-08 04:37:59 UTC,2026-01-08 04:39:59 UTC,120.0,5.423,5.428,5.419,5.427,14.8,148,8.03,0.008,0.008,0.0161,-0.0901,-0.09,-1.12,STOP_LOSS_HIT,80.4
TRUMP_USDT,1m,Maker 0.00% / Taker 0.01%,0.0,0.01,1,2,396,LONG,2026-01-08 05:57:59 UTC,2026-01-08 06:00:59 UTC,180.0,5.385,5.389,5.389,5.381,14.9,149,8.02,0.008,0.008,0.0161,0.0435,0.07,0.54,MIN_PROFIT_TP_HIT,80.44
TRUMP_USDT,1m,Maker 0.00% / Taker 0.01%,0.0,0.01,1,2,397,LONG,2026-01-08 06:04:59 UTC,2026-01-08 06:05:59 UTC,60.0,5.381,5.366,5.385,5.367,14.9,149,8.02,0.008,0.008,0.016,-0.2395,-0.28,-2.99,STOP_LOSS_HIT,80.2
TRUMP_USDT,1m,Maker 0.00% / Taker 0.01%,0.0,0.01,1,2,398,SHORT,2026-01-08 06:57:59 UTC,2026-01-08 06:59:59 UTC,120.0,5.308,5.304,5.304,5.333,15.100000000000001,151,8.02,0.008,0.008,0.016,0.0444,0.08,0.55,MIN_PROFIT_TP_HIT,80.24
TRUMP_USDT,1m,Maker 0.00% / Taker 0.01%,0.0,0.01,1,2,399,LONG,2026-01-08 07:03:59 UTC,2026-01-08 07:04:59 UTC,60.0,5.304,5.308,5.308,5.257,15.100000000000001,151,8.01,0.008,0.008,0.016,0.0444,0.08,0.55,MIN_PROFIT_TP_HIT,80.29
TRUMP_USDT,1m,Maker 0.00% / Taker 0.01%,0.0,0.01,1,2,400,SHORT,2026-01-08 07:25:59 UTC,2026-01-08 07:26:59 UTC,60.0,5.344,5.34,5.34,5.364,15.0,150,8.02,0.008,0.008,0.016,0.044,0.07,0.55,MIN_PROFIT_TP_HIT,80.33
TRUMP_USDT,1m,Maker 0.00% / Taker 0.01%,0.0,0.01,1,2,401,LONG,2026-01-08 08:01:59 UTC,2026-01-08 08:23:59 UTC,1320.0,5.36,5.346,5.364,5.347,15.0,150,8.04,0.008,0.008,0.0161,-0.2261,-0.26,-2.81,STOP_LOSS_HIT,80.11
TRUMP_USDT,1m,Maker 0.00% / Taker 0.01%,0.0,0.01,1,2,402,SHORT,2026-01-08 08:30:59 UTC,2026-01-08 08:31:59 UTC,60.0,5.361,5.357,5.357,5.365,14.9,149,7.99,0.008,0.008,0.016,0.0436,0.07,0.55,MIN_PROFIT_TP_HIT,80.15
TRUMP_USDT,1m,Maker 0.00% / Taker 0.01%,0.0,0.01,1,2,403,LONG,2026-01-08 08:49:59 UTC,2026-01-08 09:01:59 UTC,720.0,5.322,5.326,5.326,5.304,15.100000000000001,151,8.04,0.008,0.008,0.0161,0.0443,0.08,0.55,MIN_PROFIT_TP_HIT,80.19
TRUMP_USDT,1m,Maker 0.00% / Taker 0.01%,0.0,0.01,1,2,404,SHORT,2026-01-08 09:47:59 UTC,2026-01-08 09:53:59 UTC,360.0,5.298,5.294,5.294,5.311,15.100000000000001,151,8.0,0.008,0.008,0.016,0.0444,0.08,0.56,MIN_PROFIT_TP_HIT,80.24
TRUMP_USDT,1m,Maker 0.00% / Taker 0.01%,0.0,0.01,1,2,405,SHORT,2026-01-08 10:29:59 UTC,2026-01-08 10:33:59 UTC,240.0,5.32,5.316,5.316,5.333,15.100000000000001,151,8.03,0.008,0.008,0.0161,0.0443,0.08,0.55,MIN_PROFIT_TP_HIT,80.28
TRUMP_USDT,1m,Maker 0.00% / Taker 0.01%,0.0,0.01,1,2,406,LONG,2026-01-08 11:10:59 UTC,2026-01-08 11:11:59 UTC,60.0,5.324,5.32,5.328,5.321,15.100000000000001,151,8.04,0.008,0.008,0.0161,-0.0765,-0.08,-0.95,STOP_LOSS_HIT,80.21
TRUMP_USDT,1m,Maker 0.00% / Taker 0.01%,0.0,0.01,1,2,407,SHORT,2026-01-08 11:43:59 UTC,2026-01-08 11:44:59 UTC,60.0,5.317,5.313,5.313,5.326,15.100000000000001,151,8.03,0.008,0.008,0.0161,0.0443,0.08,0.55,MIN_PROFIT_TP_HIT,80.25
TRUMP_USDT,1m,Maker 0.00% / Taker 0.01%,0.0,0.01,1,2,408,LONG,2026-01-08 12:05:59 UTC,2026-01-08 12:06:59 UTC,60.0,5.319,5.323,5.323,5.312,15.100000000000001,151,8.03,0.008,0.008,0.0161,0.0443,0.08,0.55,MIN_PROFIT_TP_HIT,80.29
TRUMP_USDT,1m,Maker 0.00% / Taker 0.01%,0.0,0.01,1,2,409,LONG,2026-01-08 13:16:59 UTC,2026-01-08 13:17:59 UTC,60.0,5.273,5.262,5.277,5.263,15.200000000000001,152,8.01,0.008,0.008,0.016,-0.1832,-0.21,-2.29,STOP_LOSS_HIT,80.11
TRUMP_USDT,1m,Maker 0.00% / Taker 0.01%,0.0,0.01,1,2,410,SHORT,2026-01-08 13:29:59 UTC,2026-01-08 13:30:59 UTC,60.0,5.285,5.281,5.281,5.295,15.200000000000001,152,8.03,0.008,0.008,0.0161,0.0447,0.08,0.56,MIN_PROFIT_TP_HIT,80.16
TRUMP_USDT,1m,Maker 0.00% / Taker 0.01%,0.0,0.01,1,2,411,SHORT,2026-01-08 13:48:59 UTC,2026-01-08 13:51:59 UTC,180.0,5.273,5.269,5.269,5.28,15.200000000000001,152,8.01,0.008,0.008,0.016,0.0448,0.08,0.56,MIN_PROFIT_TP_HIT,80.2
TRUMP_USDT,1m,Maker 0.00% / Taker 0.01%,0.0,0.01,1,2,412,SHORT,2026-01-08 15:14:59 UTC,2026-01-08 15:21:59 UTC,420.0,5.34,5.356,5.336,5.355,15.0,150,8.01,0.008,0.008,0.016,-0.256,-0.3,-3.2,STOP_LOSS_HIT,79.95
TRUMP_USDT,1m,Maker 0.00% / Taker 0.01%,0.0,0.01,1,2,413,SHORT,2026-01-08 15:22:59 UTC,2026-01-08 15:24:59 UTC,120.0,5.344,5.363,5.34,5.362,15.0,150,8.02,0.008,0.008,0.0161,-0.3011,-0.36,-3.76,STOP_LOSS_HIT,79.64
TRUMP_USDT,1m,Maker 0.00% / Taker 0.01%,0.0,0.01,1,2,414,LONG,2026-01-08 16:13:59 UTC,2026-01-08 16:14:59 UTC,60.0,5.381,5.371,5.385,5.372,14.8,148,7.96,0.008,0.0079,0.0159,-0.1639,-0.19,-2.06,STOP_LOSS_HIT,79.48
TRUMP_USDT,1m,Maker 0.00% / Taker 0.01%,0.0,0.01,1,2,415,SHORT,2026-01-08 16:44:59 UTC,2026-01-08 16:46:59 UTC,120.0,5.399,5.395,5.395,5.422,14.700000000000001,147,7.94,0.0079,0.0079,0.0159,0.0429,0.07,0.54,MIN_PROFIT_TP_HIT,79.52
TRUMP_USDT,1m,Maker 0.00% / Taker 0.01%,0.0,0.01,1,2,416,LONG,2026-01-08 16:58:59 UTC,2026-01-08 16:59:59 UTC,60.0,5.398,5.402,5.402,5.377,14.700000000000001,147,7.94,0.0079,0.0079,0.0159,0.0429,0.07,0.54,MIN_PROFIT_TP_HIT,79.57
TRUMP_USDT,1m,Maker 0.00% / Taker 0.01%,0.0,0.01,1,2,417,SHORT,2026-01-08 17:27:59 UTC,2026-01-08 17:28:59 UTC,60.0,5.399,5.395,5.395,5.411,14.700000000000001,147,7.94,0.0079,0.0079,0.0159,0.0429,0.07,0.54,MIN_PROFIT_TP_HIT,79.61
TRUMP_USDT,1m,Maker 0.00% / Taker 0.01%,0.0,0.01,1,2,418,LONG,2026-01-08 18:12:59 UTC,2026-01-08 18:15:59 UTC,180.0,5.411,5.398,5.415,5.399,14.700000000000001,147,7.95,0.008,0.0079,0.0159,-0.207,-0.24,-2.6,STOP_LOSS_HIT,79.4
TRUMP_USDT,1m,Maker 0.00% / Taker 0.01%,0.0,0.01,1,2,419,LONG,2026-01-08 18:18:59 UTC,2026-01-08 18:19:59 UTC,60.0,5.398,5.402,5.402,5.385,14.700000000000001,147,7.94,0.0079,0.0079,0.0159,0.0429,0.07,0.54,MIN_PROFIT_TP_HIT,79.44
TRUMP_USDT,1m,Maker 0.00% / Taker 0.01%,0.0,0.01,1,2,420,SHORT,2026-01-08 18:23:59 UTC,2026-01-08 18:24:59 UTC,60.0,5.397,5.393,5.393,5.412,14.700000000000001,147,7.93,0.0079,0.0079,0.0159,0.0429,0.07,0.54,MIN_PROFIT_TP_HIT,79.49
TRUMP_USDT,1m,Maker 0.00% / Taker 0.01%,0.0,0.01,1,2,421,SHORT,2026-01-08 18:35:59 UTC,2026-01-08 18:37:59 UTC,120.0,5.39,5.386,5.386,5.407,14.700000000000001,147,7.92,0.0079,0.0079,0.0158,0.043,0.07,0.54,MIN_PROFIT_TP_HIT,79.53
TRUMP_USDT,1m,Maker 0.00% / Taker 0.01%,0.0,0.01,1,2,422,SHORT,2026-01-08 19:36:59 UTC,2026-01-08 19:43:59 UTC,420.0,5.386,5.382,5.382,5.398,14.8,148,7.97,0.008,0.008,0.0159,0.0433,0.07,0.54,MIN_PROFIT_TP_HIT,79.57
TRUMP_USDT,1m,Maker 0.00% / Taker 0.01%,0.0,0.01,1,2,423,LONG,2026-01-08 19:51:59 UTC,2026-01-08 19:56:59 UTC,300.0,5.381,5.368,5.385,5.369,14.8,148,7.96,0.008,0.0079,0.0159,-0.2083,-0.24,-2.62,STOP_LOSS_HIT,79.37
TRUMP_USDT,1m,Maker 0.00% / Taker 0.01%,0.0,0.01,1,2,424,SHORT,2026-01-08 21:26:59 UTC,2026-01-08 21:33:59 UTC,420.0,5.385,5.393,5.381,5.392,14.700000000000001,147,7.92,0.0079,0.0079,0.0158,-0.1334,-0.15,-1.69,STOP_LOSS_HIT,79.23
TRUMP_USDT,1m,Maker 0.00% / Taker 0.01%,0.0,0.01,1,2,425,SHORT,2026-01-08 22:05:59 UTC,2026-01-08 22:13:59 UTC,480.0,5.394,5.405,5.39,5.404,14.700000000000001,147,7.93,0.0079,0.0079,0.0159,-0.1776,-0.2,-2.24,STOP_LOSS_HIT,79.05
TRUMP_USDT,1m,Maker 0.00% / Taker 0.01%,0.0,0.01,1,2,426,LONG,2026-01-08 22:14:59 UTC,2026-01-08 22:15:59 UTC,60.0,5.399,5.389,5.403,5.39,14.600000000000001,146,7.88,0.0079,0.0079,0.0158,-0.1618,-0.19,-2.05,STOP_LOSS_HIT,78.89
TRUMP_USDT,1m,Maker 0.00% / Taker 0.01%,0.0,0.01,1,2,427,LONG,2026-01-08 23:15:59 UTC,2026-01-08 23:21:59 UTC,360.0,5.378,5.382,5.382,5.371,14.700000000000001,147,7.91,0.0079,0.0079,0.0158,0.043,0.07,0.54,MIN_PROFIT_TP_HIT,78.94
TRUMP_USDT,1m,Maker 0.00% / Taker 0.01%,0.0,0.01,1,2,428,SHORT,2026-01-08 23:34:59 UTC,2026-01-08 23:37:59 UTC,180.0,5.362,5.374,5.358,5.373,14.700000000000001,147,7.88,0.0079,0.0079,0.0158,-0.1922,-0.22,-2.44,STOP_LOSS_HIT,78.74
TRUMP_USDT,1m,Maker 0.00% / Taker 0.01%,0.0,0.01,1,2,429,LONG,2026-01-09 00:30:59 UTC,2026-01-09 00:38:59 UTC,480.0,5.371,5.375,5.375,5.362,14.700000000000001,147,7.9,0.0079,0.0079,0.0158,0.043,0.07,0.54,MIN_PROFIT_TP_HIT,78.79
TRUMP_USDT,1m,Maker 0.00% / Taker 0.01%,0.0,0.01,1,2,430,SHORT,2026-01-09 00:54:59 UTC,2026-01-09 00:57:59 UTC,180.0,5.368,5.376,5.364,5.375,14.700000000000001,147,7.89,0.0079,0.0079,0.0158,-0.1334,-0.15,-1.69,STOP_LOSS_HIT,78.65
TRUMP_USDT,1m,Maker 0.00% / Taker 0.01%,0.0,0.01,1,2,431,LONG,2026-01-09 01:29:59 UTC,2026-01-09 01:30:59 UTC,60.0,5.402,5.406,5.406,5.376,14.600000000000001,146,7.89,0.0079,0.0079,0.0158,0.0426,0.07,0.54,MIN_PROFIT_TP_HIT,78.7
TRUMP_USDT,1m,Maker 0.00% / Taker 0.01%,0.0,0.01,1,2,432,LONG,2026-01-09 01:39:59 UTC,2026-01-09 02:04:59 UTC,1500.0,5.349,5.353,5.353,5.336,14.700000000000001,147,7.86,0.0079,0.0079,0.0157,0.0431,0.07,0.55,MIN_PROFIT_TP_HIT,78.74
TRUMP_USDT,1m,Maker 0.00% / Taker 0.01%,0.0,0.01,1,2,433,LONG,2026-01-09 02:05:59 UTC,2026-01-09 02:06:59 UTC,60.0,5.361,5.365,5.365,5.352,14.700000000000001,147,7.88,0.0079,0.0079,0.0158,0.043,0.07,0.55,MIN_PROFIT_TP_HIT,78.78
TRUMP_USDT,1m,Maker 0.00% / Taker 0.01%,0.0,0.01,1,2,434,SHORT,2026-01-09 02:26:59 UTC,2026-01-09 02:27:59 UTC,60.0,5.368,5.364,5.364,5.377,14.700000000000001,147,7.89,0.0079,0.0079,0.0158,0.043,0.07,0.55,MIN_PROFIT_TP_HIT,78.83
TRUMP_USDT,1m,Maker 0.00% / Taker 0.01%,0.0,0.01,1,2,435,SHORT,2026-01-09 02:40:59 UTC,2026-01-09 02:53:59 UTC,780.0,5.356,5.352,5.352,5.364,14.700000000000001,147,7.87,0.0079,0.0079,0.0157,0.0431,0.07,0.55,MIN_PROFIT_TP_HIT,78.87
TRUMP_USDT,1m,Maker 0.00% / Taker 0.01%,0.0,0.01,1,2,436,SHORT,2026-01-09 03:13:59 UTC,2026-01-09 03:14:59 UTC,60.0,5.364,5.369,5.36,5.368,14.700000000000001,147,7.89,0.0079,0.0079,0.0158,-0.0893,-0.09,-1.13,STOP_LOSS_HIT,78.78
TRUMP_USDT,1m,Maker 0.00% / Taker 0.01%,0.0,0.01,1,2,437,LONG,2026-01-09 03:30:59 UTC,2026-01-09 03:32:59 UTC,120.0,5.352,5.356,5.356,5.34,14.700000000000001,147,7.87,0.0079,0.0079,0.0157,0.0431,0.07,0.55,MIN_PROFIT_TP_HIT,78.82
TRUMP_USDT,1m,Maker 0.00% / Taker 0.01%,0.0,0.01,1,2,438,LONG,2026-01-09 03:47:59 UTC,2026-01-09 03:48:59 UTC,60.0,5.373,5.377,5.377,5.36,14.700000000000001,147,7.9,0.0079,0.0079,0.0158,0.043,0.07,0.54,MIN_PROFIT_TP_HIT,78.87
TRUMP_USDT,1m,Maker 0.00% / Taker 0.01%,0.0,0.01,1,2,439,SHORT,2026-01-09 03:58:59 UTC,2026-01-09 04:10:59 UTC,720.0,5.38,5.376,5.376,5.401,14.700000000000001,147,7.91,0.0079,0.0079,0.0158,0.043,0.07,0.54,MIN_PROFIT_TP_HIT,78.91
TRUMP_USDT,1m,Maker 0.00% / Taker 0.01%,0.0,0.01,1,2,440,SHORT,2026-01-09 05:06:59 UTC,2026-01-09 05:07:59 UTC,60.0,5.378,5.374,5.374,5.385,14.700000000000001,147,7.91,0.0079,0.0079,0.0158,0.043,0.07,0.54,MIN_PROFIT_TP_HIT,78.95
TRUMP_USDT,1m,Maker 0.00% / Taker 0.01%,0.0,0.01,1,2,441,LONG,2026-01-09 05:10:59 UTC,2026-01-09 05:16:59 UTC,360.0,5.372,5.376,5.376,5.364,14.700000000000001,147,7.9,0.0079,0.0079,0.0158,0.043,0.07,0.54,MIN_PROFIT_TP_HIT,78.99
TRUMP_USDT,1m,Maker 0.00% / Taker 0.01%,0.0,0.01,1,2,442,SHORT,2026-01-09 05:21:59 UTC,2026-01-09 05:25:59 UTC,240.0,5.366,5.376,5.362,5.375,14.700000000000001,147,7.89,0.0079,0.0079,0.0158,-0.1628,-0.19,-2.06,STOP_LOSS_HIT,78.83
TRUMP_USDT,1m,Maker 0.00% / Taker 0.01%,0.0,0.01,1,2,443,LONG,2026-01-09 05:53:59 UTC,2026-01-09 05:56:59 UTC,180.0,5.375,5.379,5.379,5.368,14.700000000000001,147,7.9,0.0079,0.0079,0.0158,0.043,0.07,0.54,MIN_PROFIT_TP_HIT,78.87
TRUMP_USDT,1m,Maker 0.00% / Taker 0.01%,0.0,0.01,1,2,444,SHORT,2026-01-09 06:19:59 UTC,2026-01-09 06:30:59 UTC,660.0,5.367,5.363,5.363,5.379,14.700000000000001,147,7.89,0.0079,0.0079,0.0158,0.043,0.07,0.55,MIN_PROFIT_TP_HIT,78.92
TRUMP_USDT,1m,Maker 0.00% / Taker 0.01%,0.0,0.01,1,2,445,SHORT,2026-01-09 06:31:59 UTC,2026-01-09 06:32:59 UTC,60.0,5.361,5.357,5.357,5.369,14.700000000000001,147,7.88,0.0079,0.0079,0.0158,0.043,0.07,0.55,MIN_PROFIT_TP_HIT,78.96
TRUMP_USDT,1m,Maker 0.00% / Taker 0.01%,0.0,0.01,1,2,446,LONG,2026-01-09 07:08:59 UTC,2026-01-09 07:33:59 UTC,1500.0,5.365,5.351,5.369,5.352,14.700000000000001,147,7.89,0.0079,0.0079,0.0158,-0.2216,-0.26,-2.81,STOP_LOSS_HIT,78.74
TRUMP_USDT,1m,Maker 0.00% / Taker 0.01%,0.0,0.01,1,2,447,SHORT,2026-01-09 07:41:59 UTC,2026-01-09 07:45:59 UTC,240.0,5.359,5.355,5.355,5.366,14.700000000000001,147,7.88,0.0079,0.0079,0.0157,0.0431,0.07,0.55,MIN_PROFIT_TP_HIT,78.78
TRUMP_USDT,1m,Maker 0.00% / Taker 0.01%,0.0,0.01,1,2,448,SHORT,2026-01-09 08:02:59 UTC,2026-01-09 08:04:59 UTC,120.0,5.345,5.341,5.341,5.357,14.700000000000001,147,7.86,0.0079,0.0079,0.0157,0.0431,0.07,0.55,MIN_PROFIT_TP_HIT,78.82
TRUMP_USDT,1m,Maker 0.00% / Taker 0.01%,0.0,0.01,1,2,449,SHORT,2026-01-09 08:05:59 UTC,2026-01-09 08:10:59 UTC,300.0,5.342,5.358,5.338,5.357,14.8,148,7.91,0.0079,0.0079,0.0158,-0.2526,-0.3,-3.2,STOP_LOSS_HIT,78.57
TRUMP_USDT,1m,Maker 0.00% / Taker 0.01%,0.0,0.01,1,2,450,SHORT,2026-01-09 08:12:59 UTC,2026-01-09 08:28:59 UTC,960.0,5.351,5.347,5.347,5.358,14.700000000000001,147,7.87,0.0079,0.0079,0.0157,0.0431,0.07,0.55,MIN_PROFIT_TP_HIT,78.62
TRUMP_USDT,1m,Maker 0.00% / Taker 0.01%,0.0,0.01,1,2,451,LONG,2026-01-09 09:22:59 UTC,2026-01-09 09:26:59 UTC,240.0,5.343,5.347,5.347,5.315,14.700000000000001,147,7.85,0.0079,0.0079,0.0157,0.0431,0.07,0.55,MIN_PROFIT_TP_HIT,78.66
TRUMP_USDT,1m,Maker 0.00% / Taker 0.01%,0.0,0.01,1,2,452,SHORT,2026-01-09 09:46:59 UTC,2026-01-09 10:05:59 UTC,1140.0,5.341,5.351,5.337,5.35,14.700000000000001,147,7.85,0.0079,0.0079,0.0157,-0.1627,-0.19,-2.07,STOP_LOSS_HIT,78.5
TRUMP_USDT,1m,Maker 0.00% / Taker 0.01%,0.0,0.01,1,2,453,SHORT,2026-01-09 10:10:59 UTC,2026-01-09 10:20:59 UTC,600.0,5.354,5.35,5.35,5.358,14.700000000000001,147,7.87,0.0079,0.0079,0.0157,0.0431,0.07,0.55,MIN_PROFIT_TP_HIT,78.54
TRUMP_USDT,1m,Maker 0.00% / Taker 0.01%,0.0,0.01,1,2,454,SHORT,2026-01-09 10:36:59 UTC,2026-01-09 10:38:59 UTC,120.0,5.346,5.351,5.342,5.35,14.700000000000001,147,7.86,0.0079,0.0079,0.0157,-0.0892,-0.09,-1.14,STOP_LOSS_HIT,78.45
TRUMP_USDT,1m,Maker 0.00% / Taker 0.01%,0.0,0.01,1,2,455,LONG,2026-01-09 11:02:59 UTC,2026-01-09 11:08:59 UTC,360.0,5.369,5.357,5.373,5.358,14.600000000000001,146,7.84,0.0078,0.0078,0.0157,-0.1909,-0.22,-2.43,STOP_LOSS_HIT,78.26
TRUMP_USDT,1m,Maker 0.00% / Taker 0.01%,0.0,0.01,1,2,456,LONG,2026-01-09 11:12:59 UTC,2026-01-09 11:14:59 UTC,120.0,5.359,5.363,5.363,5.354,14.600000000000001,146,7.82,0.0078,0.0078,0.0157,0.0427,0.07,0.55,MIN_PROFIT_TP_HIT,78.3
TRUMP_USDT,1m,Maker 0.00% / Taker 0.01%,0.0,0.01,1,2,457,LONG,2026-01-09 11:49:59 UTC,2026-01-09 11:54:59 UTC,300.0,5.356,5.35,5.36,5.351,14.600000000000001,146,7.82,0.0078,0.0078,0.0156,-0.1032,-0.11,-1.32,STOP_LOSS_HIT,78.2
TRUMP_USDT,1m,Maker 0.00% / Taker 0.01%,0.0,0.01,1,2,458,LONG,2026-01-09 11:59:59 UTC,2026-01-09 12:10:59 UTC,660.0,5.348,5.337,5.352,5.338,14.600000000000001,146,7.81,0.0078,0.0078,0.0156,-0.1762,-0.21,-2.26,STOP_LOSS_HIT,78.02
TRUMP_USDT,1m,Maker 0.00% / Taker 0.01%,0.0,0.01,1,2,459,LONG,2026-01-09 12:17:59 UTC,2026-01-09 12:18:59 UTC,60.0,5.325,5.329,5.329,5.323,14.700000000000001,147,7.83,0.0078,0.0078,0.0157,0.0431,0.08,0.55,MIN_PROFIT_TP_HIT,78.07
TRUMP_USDT,1m,Maker 0.00% / Taker 0.01%,0.0,0.01,1,2,460,SHORT,2026-01-09 12:36:59 UTC,2026-01-09 12:39:59 UTC,180.0,5.326,5.33,5.322,5.329,14.700000000000001,147,7.83,0.0078,0.0078,0.0157,-0.0745,-0.08,-0.95,STOP_LOSS_HIT,77.99
TRUMP_USDT,1m,Maker 0.00% / Taker 0.01%,0.0,0.01,1,2,461,SHORT,2026-01-09 13:31:59 UTC,2026-01-09 14:09:59 UTC,2280.0,5.337,5.333,5.333,5.372,14.600000000000001,146,7.79,0.0078,0.0078,0.0156,0.0428,0.07,0.55,MIN_PROFIT_TP_HIT,78.03
TRUMP_USDT,1m,Maker 0.00% / Taker 0.01%,0.0,0.01,1,2,462,SHORT,2026-01-09 14:32:59 UTC,2026-01-09 14:33:59 UTC,60.0,5.323,5.319,5.319,5.337,14.700000000000001,147,7.82,0.0078,0.0078,0.0156,0.0432,0.08,0.55,MIN_PROFIT_TP_HIT,78.08
TRUMP_USDT,1m,Maker 0.00% / Taker 0.01%,0.0,0.01,1,2,463,LONG,2026-01-09 14:34:59 UTC,2026-01-09 14:35:59 UTC,60.0,5.321,5.316,5.325,5.317,14.700000000000001,147,7.82,0.0078,0.0078,0.0156,-0.0891,-0.09,-1.14,STOP_LOSS_HIT,77.99
TRUMP_USDT,1m,Maker 0.00% / Taker 0.01%,0.0,0.01,1,2,464,LONG,2026-01-09 14:46:59 UTC,2026-01-09 14:47:59 UTC,60.0,5.327,5.331,5.331,5.307,14.600000000000001,146,7.78,0.0078,0.0078,0.0156,0.0428,0.08,0.55,MIN_PROFIT_TP_HIT,78.03
TRUMP_USDT,1m,Maker 0.00% / Taker 0.01%,0.0,0.01,1,2,465,LONG,2026-01-09 15:03:59 UTC,2026-01-09 15:06:59 UTC,180.0,5.339,5.323,5.343,5.324,14.600000000000001,146,7.79,0.0078,0.0078,0.0156,-0.2492,-0.3,-3.2,STOP_LOSS_HIT,77.78
TRUMP_USDT,1m,Maker 0.00% / Taker 0.01%,0.0,0.01,1,2,466,SHORT,2026-01-09 15:07:59 UTC,2026-01-09 15:08:59 UTC,60.0,5.325,5.321,5.321,5.35,14.600000000000001,146,7.77,0.0078,0.0078,0.0155,0.0429,0.08,0.55,MIN_PROFIT_TP_HIT,77.82
TRUMP_USDT,1m,Maker 0.00% / Taker 0.01%,0.0,0.01,1,2,467,LONG,2026-01-09 15:19:59 UTC,2026-01-09 15:21:59 UTC,120.0,5.346,5.35,5.35,5.332,14.600000000000001,146,7.81,0.0078,0.0078,0.0156,0.0428,0.07,0.55,MIN_PROFIT_TP_HIT,77.87
TRUMP_USDT,1m,Maker 0.00% / Taker 0.01%,0.0,0.01,1,2,468,LONG,2026-01-09 17:15:59 UTC,2026-01-09 17:23:59 UTC,480.0,5.404,5.408,5.408,5.391,14.4,144,7.78,0.0078,0.0078,0.0156,0.042,0.07,0.54,MIN_PROFIT_TP_HIT,77.91
TRUMP_USDT,1m,Maker 0.00% / Taker 0.01%,0.0,0.01,1,2,469,SHORT,2026-01-09 17:54:59 UTC,2026-01-09 17:57:59 UTC,180.0,5.422,5.43,5.418,5.429,14.4,144,7.81,0.0078,0.0078,0.0156,-0.1308,-0.15,-1.68,STOP_LOSS_HIT,77.78
TRUMP_USDT,1m,Maker 0.00% / Taker 0.01%,0.0,0.01,1,2,470,LONG,2026-01-09 18:19:59 UTC,2026-01-09 18:22:59 UTC,180.0,5.404,5.394,5.408,5.395,14.4,144,7.78,0.0078,0.0078,0.0155,-0.1595,-0.19,-2.05,STOP_LOSS_HIT,77.62
TRUMP_USDT,1m,Maker 0.00% / Taker 0.01%,0.0,0.01,1,2,471,LONG,2026-01-09 18:25:59 UTC,2026-01-09 18:27:59 UTC,120.0,5.404,5.396,5.408,5.397,14.4,144,7.78,0.0078,0.0078,0.0156,-0.1308,-0.15,-1.68,STOP_LOSS_HIT,77.49
TRUMP_USDT,1m,Maker 0.00% / Taker 0.01%,0.0,0.01,1,2,472,LONG,2026-01-09 18:33:59 UTC,2026-01-09 18:35:59 UTC,120.0,5.415,5.419,5.419,5.397,14.3,143,7.74,0.0077,0.0077,0.0155,0.0417,0.07,0.54,MIN_PROFIT_TP_HIT,77.53
TRUMP_USDT,1m,Maker 0.00% / Taker 0.01%,0.0,0.01,1,2,473,LONG,2026-01-09 19:15:59 UTC,2026-01-09 19:16:59 UTC,60.0,5.421,5.415,5.425,5.416,14.3,143,7.75,0.0078,0.0077,0.0155,-0.1013,-0.11,-1.31,STOP_LOSS_HIT,77.43
TRUMP_USDT,1m,Maker 0.00% / Taker 0.01%,0.0,0.01,1,2,474,SHORT,2026-01-09 19:46:59 UTC,2026-01-09 19:48:59 UTC,120.0,5.41,5.406,5.406,5.437,14.3,143,7.74,0.0077,0.0077,0.0155,0.0417,0.07,0.54,MIN_PROFIT_TP_HIT,77.47
TRUMP_USDT,1m,Maker 0.00% / Taker 0.01%,0.0,0.01,1,2,475,SHORT,2026-01-09 20:12:59 UTC,2026-01-09 20:15:59 UTC,180.0,5.409,5.42,5.405,5.419,14.3,143,7.73,0.0077,0.0078,0.0155,-0.1728,-0.2,-2.23,STOP_LOSS_HIT,77.3
TRUMP_USDT,1m,Maker 0.00% / Taker 0.01%,0.0,0.01,1,2,476,SHORT,2026-01-09 20:52:59 UTC,2026-01-09 20:54:59 UTC,120.0,5.445,5.441,5.441,5.455,14.200000000000001,142,7.73,0.0077,0.0077,0.0155,0.0413,0.07,0.53,MIN_PROFIT_TP_HIT,77.34
TRUMP_USDT,1m,Maker 0.00% / Taker 0.01%,0.0,0.01,1,2,477,SHORT,2026-01-09 21:11:59 UTC,2026-01-09 21:15:59 UTC,240.0,5.432,5.428,5.428,5.45,14.200000000000001,142,7.71,0.0077,0.0077,0.0154,0.0414,0.07,0.54,MIN_PROFIT_TP_HIT,77.38
TRUMP_USDT,1m,Maker 0.00% / Taker 0.01%,0.0,0.01,1,2,478,SHORT,2026-01-09 21:30:59 UTC,2026-01-09 22:01:59 UTC,1860.0,5.421,5.435,5.417,5.434,14.3,143,7.75,0.0078,0.0078,0.0155,-0.2157,-0.26,-2.78,STOP_LOSS_HIT,77.16
TRUMP_USDT,1m,Maker 0.00% / Taker 0.01%,0.0,0.01,1,2,479,SHORT,2026-01-09 23:27:59 UTC,2026-01-09 23:29:59 UTC,120.0,5.468,5.464,5.464,5.496,14.100000000000001,141,7.71,0.0077,0.0077,0.0154,0.041,0.07,0.53,MIN_PROFIT_TP_HIT,77.21
TRUMP_USDT,1m,Maker 0.00% / Taker 0.01%,0.0,0.01,1,2,480,LONG,2026-01-09 23:34:59 UTC,2026-01-09 23:35:59 UTC,60.0,5.456,5.45,5.46,5.451,14.200000000000001,142,7.75,0.0077,0.0077,0.0155,-0.1007,-0.11,-1.3,STOP_LOSS_HIT,77.1
TRUMP_USDT,1m,Maker 0.00% / Taker 0.01%,0.0,0.01,1,2,481,SHORT,2026-01-10 00:01:59 UTC,2026-01-10 00:03:59 UTC,120.0,5.437,5.433,5.433,5.444,14.200000000000001,142,7.72,0.0077,0.0077,0.0154,0.0414,0.07,0.54,MIN_PROFIT_TP_HIT,77.15
TRUMP_USDT,1m,Maker 0.00% / Taker 0.01%,0.0,0.01,1,2,482,LONG,2026-01-10 00:11:59 UTC,2026-01-10 00:13:59 UTC,120.0,5.421,5.417,5.425,5.418,14.200000000000001,142,7.7,0.0077,0.0077,0.0154,-0.0722,-0.07,-0.94,STOP_LOSS_HIT,77.07
TRUMP_USDT,1m,Maker 0.00% / Taker 0.01%,0.0,0.01,1,2,483,SHORT,2026-01-10 01:23:59 UTC,2026-01-10 01:25:59 UTC,120.0,5.475,5.481,5.471,5.48,14.100000000000001,141,7.72,0.0077,0.0077,0.0154,-0.1,-0.11,-1.3,STOP_LOSS_HIT,76.97
TRUMP_USDT,1m,Maker 0.00% / Taker 0.01%,0.0,0.01,1,2,484,SHORT,2026-01-10 01:52:59 UTC,2026-01-10 01:55:59 UTC,180.0,5.46,5.456,5.456,5.467,14.100000000000001,141,7.7,0.0077,0.0077,0.0154,0.041,0.07,0.53,MIN_PROFIT_TP_HIT,77.01
TRUMP_USDT,1m,Maker 0.00% / Taker 0.01%,0.0,0.01,1,2,485,SHORT,2026-01-10 02:05:59 UTC,2026-01-10 02:12:59 UTC,420.0,5.448,5.458,5.444,5.457,14.100000000000001,141,7.68,0.0077,0.0077,0.0154,-0.1564,-0.18,-2.04,STOP_LOSS_HIT,76.86
TRUMP_USDT,1m,Maker 0.00% / Taker 0.01%,0.0,0.01,1,2,486,SHORT,2026-01-10 02:14:59 UTC,2026-01-10 02:15:59 UTC,60.0,5.452,5.448,5.448,5.457,14.100000000000001,141,7.69,0.0077,0.0077,0.0154,0.041,0.07,0.53,MIN_PROFIT_TP_HIT,76.9
TRUMP_USDT,1m,Maker 0.00% / Taker 0.01%,0.0,0.01,1,2,487,LONG,2026-01-10 02:21:59 UTC,2026-01-10 02:23:59 UTC,120.0,5.436,5.44,5.44,5.429,14.100000000000001,141,7.66,0.0077,0.0077,0.0153,0.0411,0.07,0.54,MIN_PROFIT_TP_HIT,76.94
TRUMP_USDT,1m,Maker 0.00% / Taker 0.01%,0.0,0.01,1,2,488,LONG,2026-01-10 02:39:59 UTC,2026-01-10 02:40:59 UTC,60.0,5.423,5.419,5.427,5.42,14.200000000000001,142,7.7,0.0077,0.0077,0.0154,-0.0722,-0.07,-0.94,STOP_LOSS_HIT,76.87
TRUMP_USDT,1m,Maker 0.00% / Taker 0.01%,0.0,0.01,1,2,489,SHORT,2026-01-10 03:28:59 UTC,2026-01-10 03:31:59 UTC,180.0,5.382,5.378,5.378,5.391,14.3,143,7.7,0.0077,0.0077,0.0154,0.0418,0.07,0.54,MIN_PROFIT_TP_HIT,76.91
TRUMP_USDT,1m,Maker 0.00% / Taker 0.01%,0.0,0.01,1,2,490,SHORT,2026-01-10 03:32:59 UTC,2026-01-10 03:34:59 UTC,120.0,5.369,5.365,5.365,5.381,14.3,143,7.68,0.0077,0.0077,0.0153,0.0419,0.07,0.55,MIN_PROFIT_TP_HIT,76.95
TRUMP_USDT,1m,Maker 0.00% / Taker 0.01%,0.0,0.01,1,2,491,LONG,2026-01-10 03:36:59 UTC,2026-01-10 03:41:59 UTC,300.0,5.37,5.374,5.374,5.358,14.3,143,7.68,0.0077,0.0077,0.0154,0.0418,0.07,0.54,MIN_PROFIT_TP_HIT,76.99
TRUMP_USDT,1m,Maker 0.00% / Taker 0.01%,0.0,0.01,1,2,492,LONG,2026-01-10 04:51:59 UTC,2026-01-10 04:55:59 UTC,240.0,5.375,5.379,5.379,5.368,14.3,143,7.69,0.0077,0.0077,0.0154,0.0418,0.07,0.54,MIN_PROFIT_TP_HIT,77.04
TRUMP_USDT,1m,Maker 0.00% / Taker 0.01%,0.0,0.01,1,2,493,LONG,2026-01-10 05:01:59 UTC,2026-01-10 05:08:59 UTC,420.0,5.383,5.387,5.387,5.373,14.3,143,7.7,0.0077,0.0077,0.0154,0.0418,0.07,0.54,MIN_PROFIT_TP_HIT,77.08
TRUMP_USDT,1m,Maker 0.00% / Taker 0.01%,0.0,0.01,1,2,494,LONG,2026-01-10 05:39:59 UTC,2026-01-10 06:16:59 UTC,2220.0,5.407,5.393,5.411,5.394,14.3,143,7.73,0.0077,0.0077,0.0154,-0.2156,-0.26,-2.79,STOP_LOSS_HIT,76.86
TRUMP_USDT,1m,Maker 0.00% / Taker 0.01%,0.0,0.01,1,2,495,SHORT,2026-01-10 07:26:59 UTC,2026-01-10 07:28:59 UTC,120.0,5.423,5.419,5.419,5.433,14.200000000000001,142,7.7,0.0077,0.0077,0.0154,0.0414,0.07,0.54,MIN_PROFIT_TP_HIT,76.9
TRUMP_USDT,1m,Maker 0.00% / Taker 0.01%,0.0,0.01,1,2,496,LONG,2026-01-10 07:46:59 UTC,2026-01-10 08:13:59 UTC,1620.0,5.434,5.424,5.438,5.425,14.200000000000001,142,7.72,0.0077,0.0077,0.0154,-0.1574,-0.18,-2.04,STOP_LOSS_HIT,76.75
TRUMP_USDT,1m,Maker 0.00% / Taker 0.01%,0.0,0.01,1,2,497,LONG,2026-01-10 08:55:59 UTC,2026-01-10 09:02:59 UTC,420.0,5.426,5.43,5.43,5.417,14.100000000000001,141,7.65,0.0077,0.0077,0.0153,0.0411,0.07,0.54,MIN_PROFIT_TP_HIT,76.79
TRUMP_USDT,1m,Maker 0.00% / Taker 0.01%,0.0,0.01,1,2,498,SHORT,2026-01-10 09:04:59 UTC,2026-01-10 09:30:59 UTC,1560.0,5.423,5.419,5.419,5.435,14.200000000000001,142,7.7,0.0077,0.0077,0.0154,0.0414,0.07,0.54,MIN_PROFIT_TP_HIT,76.83
TRUMP_USDT,1m,Maker 0.00% / Taker 0.01%,0.0,0.01,1,2,499,LONG,2026-01-10 09:48:59 UTC,2026-01-10 10:02:59 UTC,840.0,5.428,5.41,5.432,5.411,14.200000000000001,142,7.71,0.0077,0.0077,0.0154,-0.271,-0.33,-3.52,STOP_LOSS_HIT,76.56
TRUMP_USDT,1m,Maker 0.00% / Taker 0.01%,0.0,0.01,1,2,500,LONG,2026-01-10 10:42:59 UTC,2026-01-10 10:53:59 UTC,660.0,5.413,5.405,5.417,5.406,14.100000000000001,141,7.63,0.0076,0.0076,0.0153,-0.1281,-0.15,-1.68,STOP_LOSS_HIT,76.43
TRUMP_USDT,1m,Maker 0.00% / Taker 0.01%,0.0,0.01,1,2,501,SHORT,2026-01-10 11:01:59 UTC,2026-01-10 11:06:59 UTC,300.0,5.402,5.398,5.398,5.409,14.100000000000001,141,7.62,0.0076,0.0076,0.0152,0.0412,0.07,0.54,MIN_PROFIT_TP_HIT,76.47
TRUMP_USDT,1m,Maker 0.00% / Taker 0.01%,0.0,0.01,1,2,502,LONG,2026-01-10 11:08:59 UTC,2026-01-10 11:13:59 UTC,300.0,5.405,5.399,5.409,5.4,14.100000000000001,141,7.62,0.0076,0.0076,0.0152,-0.0998,-0.11,-1.31,STOP_LOSS_HIT,76.37
TRUMP_USDT,1m,Maker 0.00% / Taker 0.01%,0.0,0.01,1,2,503,SHORT,2026-01-10 11:25:59 UTC,2026-01-10 11:30:59 UTC,300.0,5.393,5.399,5.389,5.398,14.200000000000001,142,7.66,0.0077,0.0077,0.0153,-0.1005,-0.11,-1.31,STOP_LOSS_HIT,76.27
TRUMP_USDT,1m,Maker 0.00% / Taker 0.01%,0.0,0.01,1,2,504,SHORT,2026-01-10 11:43:59 UTC,2026-01-10 11:55:59 UTC,720.0,5.399,5.395,5.395,5.404,14.100000000000001,141,7.61,0.0076,0.0076,0.0152,0.0412,0.07,0.54,MIN_PROFIT_TP_HIT,76.31
TRUMP_USDT,1m,Maker 0.00% / Taker 0.01%,0.0,0.01,1,2,505,LONG,2026-01-10 11:58:59 UTC,2026-01-10 12:05:59 UTC,420.0,5.406,5.41,5.41,5.399,14.100000000000001,141,7.62,0.0076,0.0076,0.0153,0.0411,0.07,0.54,MIN_PROFIT_TP_HIT,76.35
TRUMP_USDT,1m,Maker 0.00% / Taker 0.01%,0.0,0.01,1,2,506,LONG,2026-01-10 12:21:59 UTC,2026-01-10 12:30:59 UTC,540.0,5.42,5.424,5.424,5.408,14.100000000000001,141,7.64,0.0076,0.0076,0.0153,0.0411,0.07,0.54,MIN_PROFIT_TP_HIT,76.39
TRUMP_USDT,1m,Maker 0.00% / Taker 0.01%,0.0,0.01,1,2,507,LONG,2026-01-10 12:46:59 UTC,2026-01-10 12:49:59 UTC,180.0,5.415,5.41,5.419,5.411,14.100000000000001,141,7.64,0.0076,0.0076,0.0153,-0.0858,-0.09,-1.12,STOP_LOSS_HIT,76.31
TRUMP_USDT,1m,Maker 0.00% / Taker 0.01%,0.0,0.01,1,2,508,SHORT,2026-01-10 12:59:59 UTC,2026-01-10 13:08:59 UTC,540.0,5.419,5.429,5.415,5.428,14.100000000000001,141,7.64,0.0076,0.0077,0.0153,-0.1563,-0.18,-2.05,STOP_LOSS_HIT,76.15
TRUMP_USDT,1m,Maker 0.00% / Taker 0.01%,0.0,0.01,1,2,509,SHORT,2026-01-10 13:44:59 UTC,2026-01-10 13:46:59 UTC,120.0,5.452,5.448,5.448,5.459,14.0,140,7.63,0.0076,0.0076,0.0153,0.0407,0.07,0.53,MIN_PROFIT_TP_HIT,76.19
TRUMP_USDT,1m,Maker 0.00% / Taker 0.01%,0.0,0.01,1,2,510,SHORT,2026-01-10 14:12:59 UTC,2026-01-10 14:28:59 UTC,960.0,5.441,5.437,5.437,5.458,14.0,140,7.62,0.0076,0.0076,0.0152,0.0408,0.07,0.54,MIN_PROFIT_TP_HIT,76.23
TRUMP_USDT,1m,Maker 0.00% / Taker 0.01%,0.0,0.01,1,2,511,LONG,2026-01-10 14:31:59 UTC,2026-01-10 14:38:59 UTC,420.0,5.439,5.443,5.443,5.43,14.0,140,7.61,0.0076,0.0076,0.0152,0.0408,0.07,0.54,MIN_PROFIT_TP_HIT,76.27
TRUMP_USDT,1m,Maker 0.00% / Taker 0.01%,0.0,0.01,1,2,512,SHORT,2026-01-10 14:40:59 UTC,2026-01-10 14:41:59 UTC,60.0,5.443,5.448,5.439,5.447,14.0,140,7.62,0.0076,0.0076,0.0152,-0.0852,-0.09,-1.12,STOP_LOSS_HIT,76.19
TRUMP_USDT,1m,Maker 0.00% / Taker 0.01%,0.0,0.01,1,2,513,LONG,2026-01-10 15:04:59 UTC,2026-01-10 15:05:59 UTC,60.0,5.437,5.429,5.441,5.43,14.0,140,7.61,0.0076,0.0076,0.0152,-0.1272,-0.15,-1.67,STOP_LOSS_HIT,76.06
TRUMP_USDT,1m,Maker 0.00% / Taker 0.01%,0.0,0.01,1,2,514,LONG,2026-01-10 15:35:59 UTC,2026-01-10 15:41:59 UTC,360.0,5.426,5.42,5.43,5.421,14.0,140,7.6,0.0076,0.0076,0.0152,-0.0992,-0.11,-1.31,STOP_LOSS_HIT,75.96
TRUMP_USDT,1m,Maker 0.00% / Taker 0.01%,0.0,0.01,1,2,515,SHORT,2026-01-10 15:42:59 UTC,2026-01-10 15:46:59 UTC,240.0,5.419,5.415,5.415,5.431,14.0,140,7.59,0.0076,0.0076,0.0152,0.0408,0.07,0.54,MIN_PROFIT_TP_HIT,76.0
TRUMP_USDT,1m,Maker 0.00% / Taker 0.01%,0.0,0.01,1,2,516,LONG,2026-01-10 16:03:59 UTC,2026-01-10 16:04:59 UTC,60.0,5.42,5.424,5.424,5.407,14.0,140,7.59,0.0076,0.0076,0.0152,0.0408,0.07,0.54,MIN_PROFIT_TP_HIT,76.04
TRUMP_USDT,1m,Maker 0.00% / Taker 0.01%,0.0,0.01,1,2,517,SHORT,2026-01-10 16:59:59 UTC,2026-01-10 17:01:59 UTC,120.0,5.394,5.4,5.39,5.399,14.100000000000001,141,7.61,0.0076,0.0076,0.0152,-0.0998,-0.11,-1.31,STOP_LOSS_HIT,75.94
TRUMP_USDT,1m,Maker 0.00% / Taker 0.01%,0.0,0.01,1,2,518,SHORT,2026-01-10 17:32:59 UTC,2026-01-10 17:46:59 UTC,840.0,5.396,5.392,5.392,5.403,14.100000000000001,141,7.61,0.0076,0.0076,0.0152,0.0412,0.07,0.54,MIN_PROFIT_TP_HIT,75.98
TRUMP_USDT,1m,Maker 0.00% / Taker 0.01%,0.0,0.01,1,2,519,SHORT,2026-01-10 17:47:59 UTC,2026-01-10 17:48:59 UTC,60.0,5.396,5.392,5.392,5.4,14.100000000000001,141,7.61,0.0076,0.0076,0.0152,0.0412,0.07,0.54,MIN_PROFIT_TP_HIT,76.03
TRUMP_USDT,1m,Maker 0.00% / Taker 0.01%,0.0,0.01,1,2,520,LONG,2026-01-10 17:50:59 UTC,2026-01-10 18:05:59 UTC,900.0,5.405,5.386,5.409,5.387,14.100000000000001,141,7.62,0.0076,0.0076,0.0152,-0.2831,-0.35,-3.71,STOP_LOSS_HIT,75.74
TRUMP_USDT,1m,Maker 0.00% / Taker 0.01%,0.0,0.01,1,2,521,SHORT,2026-01-10 18:06:59 UTC,2026-01-10 18:08:59 UTC,120.0,5.383,5.379,5.379,5.395,14.100000000000001,141,7.59,0.0076,0.0076,0.0152,0.0412,0.07,0.54,MIN_PROFIT_TP_HIT,75.78
TRUMP_USDT,1m,Maker 0.00% / Taker 0.01%,0.0,0.01,1,2,522,SHORT,2026-01-10 19:04:59 UTC,2026-01-10 19:06:59 UTC,120.0,5.394,5.4,5.39,5.399,14.0,140,7.55,0.0076,0.0076,0.0151,-0.0991,-0.11,-1.31,STOP_LOSS_HIT,75.68
TRUMP_USDT,1m,Maker 0.00% / Taker 0.01%,0.0,0.01,1,2,523,SHORT,2026-01-10 19:42:59 UTC,2026-01-10 19:45:59 UTC,180.0,5.411,5.407,5.407,5.416,14.0,140,7.58,0.0076,0.0076,0.0151,0.0409,0.07,0.54,MIN_PROFIT_TP_HIT,75.73
TRUMP_USDT,1m,Maker 0.00% / Taker 0.01%,0.0,0.01,1,2,524,LONG,2026-01-10 20:31:59 UTC,2026-01-10 20:34:59 UTC,180.0,5.437,5.428,5.441,5.429,13.9,139,7.56,0.0076,0.0075,0.0151,-0.1402,-0.17,-1.86,STOP_LOSS_HIT,75.59
TRUMP_USDT,1m,Maker 0.00% / Taker 0.01%,0.0,0.01,1,2,525,LONG,2026-01-10 20:42:59 UTC,2026-01-10 20:43:59 UTC,60.0,5.442,5.43,5.446,5.431,13.9,139,7.56,0.0076,0.0075,0.0151,-0.1819,-0.22,-2.4,STOP_LOSS_HIT,75.4
TRUMP_USDT,1m,Maker 0.00% / Taker 0.01%,0.0,0.01,1,2,526,LONG,2026-01-10 20:49:59 UTC,2026-01-10 20:56:59 UTC,420.0,5.422,5.416,5.426,5.417,13.9,139,7.54,0.0075,0.0075,0.0151,-0.0985,-0.11,-1.31,STOP_LOSS_HIT,75.31
TRUMP_USDT,1m,Maker 0.00% / Taker 0.01%,0.0,0.01,1,2,527,LONG,2026-01-10 21:07:59 UTC,2026-01-10 21:10:59 UTC,180.0,5.41,5.402,5.414,5.403,13.9,139,7.52,0.0075,0.0075,0.015,-0.1262,-0.15,-1.68,STOP_LOSS_HIT,75.18
TRUMP_USDT,1m,Maker 0.00% / Taker 0.01%,0.0,0.01,1,2,528,LONG,2026-01-10 21:41:59 UTC,2026-01-10 21:47:59 UTC,360.0,5.406,5.4,5.41,5.401,13.9,139,7.51,0.0075,0.0075,0.015,-0.0984,-0.11,-1.31,STOP_LOSS_HIT,75.08
TRUMP_USDT,1m,Maker 0.00% / Taker 0.01%,0.0,0.01,1,2,529,LONG,2026-01-10 22:08:59 UTC,2026-01-10 22:11:59 UTC,180.0,5.404,5.408,5.408,5.394,13.9,139,7.51,0.0075,0.0075,0.015,0.0406,0.07,0.54,MIN_PROFIT_TP_HIT,75.12
TRUMP_USDT,1m,Maker 0.00% / Taker 0.01%,0.0,0.01,1,2,530,SHORT,2026-01-10 22:13:59 UTC,2026-01-10 22:15:59 UTC,120.0,5.406,5.412,5.402,5.411,13.9,139,7.51,0.0075,0.0075,0.015,-0.0984,-0.11,-1.31,STOP_LOSS_HIT,75.02
TRUMP_USDT,1m,Maker 0.00% / Taker 0.01%,0.0,0.01,1,2,531,LONG,2026-01-10 22:22:59 UTC,2026-01-10 22:33:59 UTC,660.0,5.424,5.406,5.428,5.407,13.8,138,7.49,0.0075,0.0075,0.0149,-0.2633,-0.33,-3.52,STOP_LOSS_HIT,74.76
TRUMP_USDT,1m,Maker 0.00% / Taker 0.01%,0.0,0.01,1,2,532,SHORT,2026-01-10 22:42:59 UTC,2026-01-10 22:47:59 UTC,300.0,5.408,5.404,5.404,5.418,13.8,138,7.46,0.0075,0.0075,0.0149,0.0403,0.07,0.54,MIN_PROFIT_TP_HIT,74.8
TRUMP_USDT,1m,Maker 0.00% / Taker 0.01%,0.0,0.01,1,2,533,SHORT,2026-01-10 22:50:59 UTC,2026-01-10 22:53:59 UTC,180.0,5.393,5.389,5.389,5.409,13.9,139,7.5,0.0075,0.0075,0.015,0.0406,0.07,0.54,MIN_PROFIT_TP_HIT,74.84
TRUMP_USDT,1m,Maker 0.00% / Taker 0.01%,0.0,0.01,1,2,534,LONG,2026-01-10 23:29:59 UTC,2026-01-10 23:37:59 UTC,480.0,5.403,5.395,5.407,5.396,13.9,139,7.51,0.0075,0.0075,0.015,-0.1262,-0.15,-1.68,STOP_LOSS_HIT,74.71
TRUMP_USDT,1m,Maker 0.00% / Taker 0.01%,0.0,0.01,1,2,535,LONG,2026-01-11 00:03:59 UTC,2026-01-11 00:06:59 UTC,180.0,5.404,5.396,5.408,5.397,13.8,138,7.46,0.0075,0.0074,0.0149,-0.1253,-0.15,-1.68,STOP_LOSS_HIT,74.59
TRUMP_USDT,1m,Maker 0.00% / Taker 0.01%,0.0,0.01,1,2,536,SHORT,2026-01-11 00:33:59 UTC,2026-01-11 00:37:59 UTC,240.0,5.383,5.379,5.379,5.404,13.9,139,7.48,0.0075,0.0075,0.015,0.0406,0.07,0.54,MIN_PROFIT_TP_HIT,74.63
TRUMP_USDT,1m,Maker 0.00% / Taker 0.01%,0.0,0.01,1,2,537,LONG,2026-01-11 01:04:59 UTC,2026-01-11 01:07:59 UTC,180.0,5.398,5.402,5.402,5.386,13.8,138,7.45,0.0074,0.0075,0.0149,0.0403,0.07,0.54,MIN_PROFIT_TP_HIT,74.67
TRUMP_USDT,1m,Maker 0.00% / Taker 0.01%,0.0,0.01,1,2,538,SHORT,2026-01-11 01:09:59 UTC,2026-01-11 01:11:59 UTC,120.0,5.398,5.394,5.394,5.403,13.8,138,7.45,0.0074,0.0074,0.0149,0.0403,0.07,0.54,MIN_PROFIT_TP_HIT,74.71
TRUMP_USDT,1m,Maker 0.00% / Taker 0.01%,0.0,0.01,1,2,539,SHORT,2026-01-11 01:31:59 UTC,2026-01-11 01:33:59 UTC,120.0,5.387,5.383,5.383,5.39,13.9,139,7.49,0.0075,0.0075,0.015,0.0406,0.07,0.54,MIN_PROFIT_TP_HIT,74.75
TRUMP_USDT,1m,Maker 0.00% / Taker 0.01%,0.0,0.01,1,2,540,SHORT,2026-01-11 01:50:59 UTC,2026-01-11 01:55:59 UTC,300.0,5.392,5.397,5.388,5.396,13.9,139,7.49,0.0075,0.0075,0.015,-0.0845,-0.09,-1.13,STOP_LOSS_HIT,74.67
TRUMP_USDT,1m,Maker 0.00% / Taker 0.01%,0.0,0.01,1,2,541,SHORT,2026-01-11 02:18:59 UTC,2026-01-11 02:19:59 UTC,60.0,5.392,5.398,5.388,5.397,13.8,138,7.44,0.0074,0.0074,0.0149,-0.0977,-0.11,-1.31,STOP_LOSS_HIT,74.57
TRUMP_USDT,1m,Maker 0.00% / Taker 0.01%,0.0,0.01,1,2,542,LONG,2026-01-11 02:34:59 UTC,2026-01-11 02:36:59 UTC,120.0,5.397,5.401,5.401,5.388,13.8,138,7.45,0.0074,0.0075,0.0149,0.0403,0.07,0.54,MIN_PROFIT_TP_HIT,74.61
TRUMP_USDT,1m,Maker 0.00% / Taker 0.01%,0.0,0.01,1,2,543,LONG,2026-01-11 02:48:59 UTC,2026-01-11 02:50:59 UTC,120.0,5.398,5.39,5.402,5.391,13.8,138,7.45,0.0074,0.0074,0.0149,-0.1253,-0.15,-1.68,STOP_LOSS_HIT,74.48
TRUMP_USDT,1m,Maker 0.00% / Taker 0.01%,0.0,0.01,1,2,544,LONG,2026-01-11 02:51:59 UTC,2026-01-11 03:03:59 UTC,720.0,5.396,5.386,5.4,5.387,13.8,138,7.45,0.0074,0.0074,0.0149,-0.1529,-0.19,-2.05,STOP_LOSS_HIT,74.33
TRUMP_USDT,1m,Maker 0.00% / Taker 0.01%,0.0,0.01,1,2,545,LONG,2026-01-11 03:07:59 UTC,2026-01-11 03:17:59 UTC,600.0,5.388,5.392,5.392,5.38,13.8,138,7.44,0.0074,0.0074,0.0149,0.0403,0.07,0.54,MIN_PROFIT_TP_HIT,74.37
TRUMP_USDT,1m,Maker 0.00% / Taker 0.01%,0.0,0.01,1,2,546,LONG,2026-01-11 03:26:59 UTC,2026-01-11 03:52:59 UTC,1560.0,5.395,5.399,5.399,5.385,13.8,138,7.45,0.0074,0.0075,0.0149,0.0403,0.07,0.54,MIN_PROFIT_TP_HIT,74.41
TRUMP_USDT,1m,Maker 0.00% / Taker 0.01%,0.0,0.01,1,2,547,SHORT,2026-01-11 04:01:59 UTC,2026-01-11 04:06:59 UTC,300.0,5.4,5.405,5.396,5.404,13.8,138,7.45,0.0075,0.0075,0.0149,-0.0839,-0.09,-1.13,STOP_LOSS_HIT,74.33
TRUMP_USDT,1m,Maker 0.00% / Taker 0.01%,0.0,0.01,1,2,548,SHORT,2026-01-11 04:12:59 UTC,2026-01-11 04:23:59 UTC,660.0,5.393,5.403,5.389,5.402,13.8,138,7.44,0.0074,0.0075,0.0149,-0.1529,-0.19,-2.05,STOP_LOSS_HIT,74.17
TRUMP_USDT,1m,Maker 0.00% / Taker 0.01%,0.0,0.01,1,2,549,SHORT,2026-01-11 05:03:59 UTC,2026-01-11 05:12:59 UTC,540.0,5.413,5.409,5.409,5.422,13.700000000000001,137,7.42,0.0074,0.0074,0.0148,0.04,0.07,0.54,MIN_PROFIT_TP_HIT,74.21
TRUMP_USDT,1m,Maker 0.00% / Taker 0.01%,0.0,0.01,1,2,550,SHORT,2026-01-11 05:33:59 UTC,2026-01-11 05:34:59 UTC,60.0,5.418,5.42,5.414,5.419,13.700000000000001,137,7.42,0.0074,0.0074,0.0148,-0.0422,-0.04,-0.57,STOP_LOSS_HIT,74.17
TRUMP_USDT,1m,Maker 0.00% / Taker 0.01%,0.0,0.01,1,2,551,SHORT,2026-01-11 05:59:59 UTC,2026-01-11 06:05:59 UTC,360.0,5.438,5.444,5.434,5.443,13.600000000000001,136,7.4,0.0074,0.0074,0.0148,-0.0964,-0.11,-1.3,STOP_LOSS_HIT,74.08
TRUMP_USDT,1m,Maker 0.00% / Taker 0.01%,0.0,0.01,1,2,552,SHORT,2026-01-11 06:19:59 UTC,2026-01-11 06:20:59 UTC,60.0,5.445,5.441,5.441,5.451,13.600000000000001,136,7.41,0.0074,0.0074,0.0148,0.0396,0.07,0.53,MIN_PROFIT_TP_HIT,74.12
TRUMP_USDT,1m,Maker 0.00% / Taker 0.01%,0.0,0.01,1,2,553,LONG,2026-01-11 06:31:59 UTC,2026-01-11 06:33:59 UTC,120.0,5.423,5.415,5.427,5.416,13.700000000000001,137,7.43,0.0074,0.0074,0.0148,-0.1244,-0.15,-1.68,STOP_LOSS_HIT,73.99
TRUMP_USDT,1m,Maker 0.00% / Taker 0.01%,0.0,0.01,1,2,554,LONG,2026-01-11 06:38:59 UTC,2026-01-11 06:42:59 UTC,240.0,5.412,5.416,5.416,5.408,13.700000000000001,137,7.41,0.0074,0.0074,0.0148,0.04,0.07,0.54,MIN_PROFIT_TP_HIT,74.03
TRUMP_USDT,1m,Maker 0.00% / Taker 0.01%,0.0,0.01,1,2,555,LONG,2026-01-11 07:25:59 UTC,2026-01-11 07:30:59 UTC,300.0,5.427,5.431,5.431,5.42,13.600000000000001,136,7.38,0.0074,0.0074,0.0148,0.0396,0.07,0.54,MIN_PROFIT_TP_HIT,74.07
TRUMP_USDT,1m,Maker 0.00% / Taker 0.01%,0.0,0.01,1,2,556,SHORT,2026-01-11 08:18:59 UTC,2026-01-11 08:28:59 UTC,600.0,5.425,5.421,5.421,5.434,13.700000000000001,137,7.43,0.0074,0.0074,0.0149,0.0399,0.07,0.54,MIN_PROFIT_TP_HIT,74.11
TRUMP_USDT,1m,Maker 0.00% / Taker 0.01%,0.0,0.01,1,2,557,LONG,2026-01-11 08:41:59 UTC,2026-01-11 08:43:59 UTC,120.0,5.428,5.423,5.432,5.424,13.700000000000001,137,7.44,0.0074,0.0074,0.0149,-0.0834,-0.09,-1.12,STOP_LOSS_HIT,74.03
TRUMP_USDT,1m,Maker 0.00% / Taker 0.01%,0.0,0.01,1,2,558,LONG,2026-01-11 08:57:59 UTC,2026-01-11 09:01:59 UTC,240.0,5.438,5.442,5.442,5.423,13.600000000000001,136,7.4,0.0074,0.0074,0.0148,0.0396,0.07,0.54,MIN_PROFIT_TP_HIT,74.07
TRUMP_USDT,1m,Maker 0.00% / Taker 0.01%,0.0,0.01,1,2,559,LONG,2026-01-11 09:10:59 UTC,2026-01-11 09:12:59 UTC,120.0,5.449,5.453,5.453,5.44,13.600000000000001,136,7.41,0.0074,0.0074,0.0148,0.0396,0.07,0.53,MIN_PROFIT_TP_HIT,74.11
TRUMP_USDT,1m,Maker 0.00% / Taker 0.01%,0.0,0.01,1,2,560,SHORT,2026-01-11 09:17:59 UTC,2026-01-11 09:19:59 UTC,120.0,5.453,5.46,5.449,5.459,13.600000000000001,136,7.42,0.0074,0.0074,0.0148,-0.11,-0.13,-1.48,STOP_LOSS_HIT,74.0
TRUMP_USDT,1m,Maker 0.00% / Taker 0.01%,0.0,0.01,1,2,561,LONG,2026-01-11 09:45:59 UTC,2026-01-11 09:49:59 UTC,240.0,5.461,5.465,5.465,5.451,13.5,135,7.37,0.0074,0.0074,0.0148,0.0392,0.07,0.53,MIN_PROFIT_TP_HIT,74.04
TRUMP_USDT,1m,Maker 0.00% / Taker 0.01%,0.0,0.01,1,2,562,LONG,2026-01-11 10:01:59 UTC,2026-01-11 10:09:59 UTC,480.0,5.465,5.469,5.469,5.444,13.5,135,7.38,0.0074,0.0074,0.0148,0.0392,0.07,0.53,MIN_PROFIT_TP_HIT,74.07
TRUMP_USDT,1m,Maker 0.00% / Taker 0.01%,0.0,0.01,1,2,563,SHORT,2026-01-11 10:14:59 UTC,2026-01-11 10:17:59 UTC,180.0,5.484,5.48,5.48,5.492,13.5,135,7.4,0.0074,0.0074,0.0148,0.0392,0.07,0.53,MIN_PROFIT_TP_HIT,74.11
TRUMP_USDT,1m,Maker 0.00% / Taker 0.01%,0.0,0.01,1,2,564,LONG,2026-01-11 10:40:59 UTC,2026-01-11 10:58:59 UTC,1080.0,5.467,5.471,5.471,5.455,13.600000000000001,136,7.44,0.0074,0.0074,0.0149,0.0395,0.07,0.53,MIN_PROFIT_TP_HIT,74.15
TRUMP_USDT,1m,Maker 0.00% / Taker 0.01%,0.0,0.01,1,2,565,LONG,2026-01-11 11:07:59 UTC,2026-01-11 11:14:59 UTC,420.0,5.468,5.457,5.472,5.458,13.600000000000001,136,7.44,0.0074,0.0074,0.0149,-0.1645,-0.2,-2.21,STOP_LOSS_HIT,73.99
TRUMP_USDT,1m,Maker 0.00% / Taker 0.01%,0.0,0.01,1,2,566,SHORT,2026-01-11 11:49:59 UTC,2026-01-11 11:50:59 UTC,60.0,5.513,5.509,5.509,5.52,13.4,134,7.39,0.0074,0.0074,0.0148,0.0388,0.07,0.53,MIN_PROFIT_TP_HIT,74.03
TRUMP_USDT,1m,Maker 0.00% / Taker 0.01%,0.0,0.01,1,2,567,LONG,2026-01-11 11:53:59 UTC,2026-01-11 11:56:59 UTC,180.0,5.53,5.534,5.534,5.506,13.4,134,7.41,0.0074,0.0074,0.0148,0.0388,0.07,0.52,MIN_PROFIT_TP_HIT,74.07
TRUMP_USDT,1m,Maker 0.00% / Taker 0.01%,0.0,0.01,1,2,568,SHORT,2026-01-11 13:41:59 UTC,2026-01-11 13:42:59 UTC,60.0,5.581,5.577,5.577,5.612,13.3,133,7.42,0.0074,0.0074,0.0148,0.0384,0.07,0.52,MIN_PROFIT_TP_HIT,74.1
TRUMP_USDT,1m,Maker 0.00% / Taker 0.01%,0.0,0.01,1,2,569,SHORT,2026-01-11 13:51:59 UTC,2026-01-11 13:59:59 UTC,480.0,5.562,5.558,5.558,5.574,13.3,133,7.4,0.0074,0.0074,0.0148,0.0384,0.07,0.52,MIN_PROFIT_TP_HIT,74.14
TRUMP_USDT,1m,Maker 0.00% / Taker 0.01%,0.0,0.01,1,2,570,SHORT,2026-01-11 14:10:59 UTC,2026-01-11 14:11:59 UTC,60.0,5.57,5.566,5.566,5.58,13.3,133,7.41,0.0074,0.0074,0.0148,0.0384,0.07,0.52,MIN_PROFIT_TP_HIT,74.18
TRUMP_USDT,1m,Maker 0.00% / Taker 0.01%,0.0,0.01,1,2,571,SHORT,2026-01-11 14:33:59 UTC,2026-01-11 14:35:59 UTC,120.0,5.537,5.533,5.533,5.559,13.4,134,7.42,0.0074,0.0074,0.0148,0.0388,0.07,0.52,MIN_PROFIT_TP_HIT,74.22
TRUMP_USDT,1m,Maker 0.00% / Taker 0.01%,0.0,0.01,1,2,572,SHORT,2026-01-11 14:50:59 UTC,2026-01-11 14:51:59 UTC,60.0,5.546,5.554,5.542,5.553,13.4,134,7.43,0.0074,0.0074,0.0149,-0.1221,-0.14,-1.64,STOP_LOSS_HIT,74.1
TRUMP_USDT,1m,Maker 0.00% / Taker 0.01%,0.0,0.01,1,2,573,SHORT,2026-01-11 14:57:59 UTC,2026-01-11 14:59:59 UTC,120.0,5.563,5.559,5.559,5.578,13.3,133,7.4,0.0074,0.0074,0.0148,0.0384,0.07,0.52,MIN_PROFIT_TP_HIT,74.14
TRUMP_USDT,1m,Maker 0.00% / Taker 0.01%,0.0,0.01,1,2,574,SHORT,2026-01-11 15:04:59 UTC,2026-01-11 15:07:59 UTC,180.0,5.57,5.578,5.566,5.577,13.3,133,7.41,0.0074,0.0074,0.0148,-0.1212,-0.14,-1.64,STOP_LOSS_HIT,74.02
TRUMP_USDT,1m,Maker 0.00% / Taker 0.01%,0.0,0.01,1,2,575,LONG,2026-01-11 15:16:59 UTC,2026-01-11 15:17:59 UTC,60.0,5.549,5.541,5.553,5.542,13.3,133,7.38,0.0074,0.0074,0.0147,-0.1211,-0.14,-1.64,STOP_LOSS_HIT,73.89
TRUMP_USDT,1m,Maker 0.00% / Taker 0.01%,0.0,0.01,1,2,576,SHORT,2026-01-11 15:28:59 UTC,2026-01-11 15:29:59 UTC,60.0,5.533,5.529,5.529,5.548,13.4,134,7.41,0.0074,0.0074,0.0148,0.0388,0.07,0.52,MIN_PROFIT_TP_HIT,73.93
TRUMP_USDT,1m,Maker 0.00% / Taker 0.01%,0.0,0.01,1,2,577,LONG,2026-01-11 15:39:59 UTC,2026-01-11 15:42:59 UTC,180.0,5.556,5.56,5.56,5.527,13.3,133,7.39,0.0074,0.0074,0.0148,0.0384,0.07,0.52,MIN_PROFIT_TP_HIT,73.97
TRUMP_USDT,1m,Maker 0.00% / Taker 0.01%,0.0,0.01,1,2,578,LONG,2026-01-11 16:07:59 UTC,2026-01-11 16:11:59 UTC,240.0,5.52,5.51,5.524,5.511,13.4,134,7.4,0.0074,0.0074,0.0148,-0.1488,-0.18,-2.01,STOP_LOSS_HIT,73.82
TRUMP_USDT,1m,Maker 0.00% / Taker 0.01%,0.0,0.01,1,2,579,LONG,2026-01-11 16:28:59 UTC,2026-01-11 16:29:59 UTC,60.0,5.532,5.536,5.536,5.522,13.3,133,7.36,0.0074,0.0074,0.0147,0.0385,0.07,0.52,MIN_PROFIT_TP_HIT,73.86
TRUMP_USDT,1m,Maker 0.00% / Taker 0.01%,0.0,0.01,1,2,580,SHORT,2026-01-11 16:33:59 UTC,2026-01-11 16:46:59 UTC,780.0,5.537,5.533,5.533,5.549,13.3,133,7.36,0.0074,0.0074,0.0147,0.0385,0.07,0.52,MIN_PROFIT_TP_HIT,73.9
TRUMP_USDT,1m,Maker 0.00% / Taker 0.01%,0.0,0.01,1,2,581,SHORT,2026-01-11 16:47:59 UTC,2026-01-11 16:48:59 UTC,60.0,5.534,5.53,5.53,5.546,13.4,134,7.42,0.0074,0.0074,0.0148,0.0388,0.07,0.52,MIN_PROFIT_TP_HIT,73.94
TRUMP_USDT,1m,Maker 0.00% / Taker 0.01%,0.0,0.01,1,2,582,LONG,2026-01-11 17:22:59 UTC,2026-01-11 17:25:59 UTC,180.0,5.514,5.509,5.518,5.51,13.4,134,7.39,0.0074,0.0074,0.0148,-0.0818,-0.09,-1.11,STOP_LOSS_HIT,73.86
TRUMP_USDT,1m,Maker 0.00% / Taker 0.01%,0.0,0.01,1,2,583,LONG,2026-01-11 17:47:59 UTC,2026-01-11 17:49:59 UTC,120.0,5.502,5.506,5.506,5.485,13.4,134,7.37,0.0074,0.0074,0.0148,0.0388,0.07,0.53,MIN_PROFIT_TP_HIT,73.9
TRUMP_USDT,1m,Maker 0.00% / Taker 0.01%,0.0,0.01,1,2,584,SHORT,2026-01-11 18:26:59 UTC,2026-01-11 18:42:59 UTC,960.0,5.472,5.488,5.468,5.487,13.5,135,7.39,0.0074,0.0074,0.0148,-0.2308,-0.29,-3.12,STOP_LOSS_HIT,73.66
TRUMP_USDT,1m,Maker 0.00% / Taker 0.01%,0.0,0.01,1,2,585,LONG,2026-01-11 18:43:59 UTC,2026-01-11 18:46:59 UTC,180.0,5.482,5.486,5.486,5.469,13.4,134,7.35,0.0073,0.0074,0.0147,0.0389,0.07,0.53,MIN_PROFIT_TP_HIT,73.7
TRUMP_USDT,1m,Maker 0.00% / Taker 0.01%,0.0,0.01,1,2,586,LONG,2026-01-11 18:56:59 UTC,2026-01-11 19:22:59 UTC,1560.0,5.488,5.475,5.492,5.476,13.4,134,7.35,0.0074,0.0073,0.0147,-0.1889,-0.24,-2.57,STOP_LOSS_HIT,73.51
TRUMP_USDT,1m,Maker 0.00% / Taker 0.01%,0.0,0.01,1,2,587,LONG,2026-01-11 19:25:59 UTC,2026-01-11 19:28:59 UTC,180.0,5.475,5.479,5.479,5.468,13.4,134,7.34,0.0073,0.0073,0.0147,0.0389,0.07,0.53,MIN_PROFIT_TP_HIT,73.55
TRUMP_USDT,1m,Maker 0.00% / Taker 0.01%,0.0,0.01,1,2,588,LONG,2026-01-11 19:40:59 UTC,2026-01-11 19:45:59 UTC,300.0,5.482,5.471,5.486,5.472,13.4,134,7.35,0.0073,0.0073,0.0147,-0.1621,-0.2,-2.21,STOP_LOSS_HIT,73.39
TRUMP_USDT,1m,Maker 0.00% / Taker 0.01%,0.0,0.01,1,2,589,LONG,2026-01-11 20:33:59 UTC,2026-01-11 20:53:59 UTC,1200.0,5.427,5.431,5.431,5.414,13.5,135,7.33,0.0073,0.0073,0.0147,0.0393,0.07,0.54,MIN_PROFIT_TP_HIT,73.43
TRUMP_USDT,1m,Maker 0.00% / Taker 0.01%,0.0,0.01,1,2,590,SHORT,2026-01-11 20:56:59 UTC,2026-01-11 20:59:59 UTC,180.0,5.431,5.427,5.427,5.441,13.5,135,7.33,0.0073,0.0073,0.0147,0.0393,0.07,0.54,MIN_PROFIT_TP_HIT,73.47
TRUMP_USDT,1m,Maker 0.00% / Taker 0.01%,0.0,0.01,1,2,591,LONG,2026-01-11 21:07:59 UTC,2026-01-11 21:08:59 UTC,60.0,5.417,5.421,5.421,5.405,13.600000000000001,136,7.37,0.0074,0.0074,0.0147,0.0397,0.07,0.54,MIN_PROFIT_TP_HIT,73.51
TRUMP_USDT,1m,Maker 0.00% / Taker 0.01%,0.0,0.01,1,2,592,SHORT,2026-01-11 21:18:59 UTC,2026-01-11 21:22:59 UTC,240.0,5.438,5.434,5.434,5.447,13.5,135,7.34,0.0073,0.0073,0.0147,0.0393,0.07,0.54,MIN_PROFIT_TP_HIT,73.55
TRUMP_USDT,1m,Maker 0.00% / Taker 0.01%,0.0,0.01,1,2,593,SHORT,2026-01-11 21:33:59 UTC,2026-01-11 21:43:59 UTC,600.0,5.426,5.439,5.422,5.438,13.600000000000001,136,7.38,0.0074,0.0074,0.0148,-0.1916,-0.24,-2.6,STOP_LOSS_HIT,73.36
TRUMP_USDT,1m,Maker 0.00% / Taker 0.01%,0.0,0.01,1,2,594,LONG,2026-01-11 22:06:59 UTC,2026-01-11 22:11:59 UTC,300.0,5.426,5.408,5.43,5.409,13.5,135,7.33,0.0073,0.0073,0.0146,-0.2576,-0.33,-3.52,STOP_LOSS_HIT,73.1
TRUMP_USDT,1m,Maker 0.00% / Taker 0.01%,0.0,0.01,1,2,595,LONG,2026-01-11 22:42:59 UTC,2026-01-11 22:59:59 UTC,1020.0,5.422,5.407,5.426,5.408,13.5,135,7.32,0.0073,0.0073,0.0146,-0.2171,-0.28,-2.97,STOP_LOSS_HIT,72.88
TRUMP_USDT,1m,Maker 0.00% / Taker 0.01%,0.0,0.01,1,2,596,SHORT,2026-01-11 23:21:59 UTC,2026-01-11 23:25:59 UTC,240.0,5.429,5.425,5.425,5.442,13.4,134,7.27,0.0073,0.0073,0.0145,0.0391,0.07,0.54,MIN_PROFIT_TP_HIT,72.92
TRUMP_USDT,1m,Maker 0.00% / Taker 0.01%,0.0,0.01,1,2,597,LONG,2026-01-12 00:37:59 UTC,2026-01-12 00:38:59 UTC,60.0,5.441,5.425,5.445,5.426,13.4,134,7.29,0.0073,0.0073,0.0146,-0.229,-0.29,-3.14,STOP_LOSS_HIT,72.69
TRUMP_USDT,1m,Maker 0.00% / Taker 0.01%,0.0,0.01,1,2,598,LONG,2026-01-12 00:40:59 UTC,2026-01-12 00:43:59 UTC,180.0,5.433,5.414,5.437,5.415,13.4,134,7.28,0.0073,0.0073,0.0145,-0.2691,-0.35,-3.7,STOP_LOSS_HIT,72.42
TRUMP_USDT,1m,Maker 0.00% / Taker 0.01%,0.0,0.01,1,2,599,LONG,2026-01-12 00:47:59 UTC,2026-01-12 00:48:59 UTC,60.0,5.421,5.416,5.425,5.417,13.4,134,7.26,0.0073,0.0073,0.0145,-0.0815,-0.09,-1.12,STOP_LOSS_HIT,72.34
TRUMP_USDT,1m,Maker 0.00% / Taker 0.01%,0.0,0.01,1,2,600,LONG,2026-01-12 00:53:59 UTC,2026-01-12 00:54:59 UTC,60.0,5.395,5.399,5.399,5.369,13.4,134,7.23,0.0072,0.0072,0.0145,0.0391,0.07,0.54,MIN_PROFIT_TP_HIT,72.38
TRUMP_USDT,1m,Maker 0.00% / Taker 0.01%,0.0,0.01,1,2,601,SHORT,2026-01-12 01:01:59 UTC,2026-01-12 01:03:59 UTC,120.0,5.444,5.462,5.44,5.461,13.3,133,7.24,0.0072,0.0073,0.0145,-0.2539,-0.33,-3.51,STOP_LOSS_HIT,72.13
TRUMP_USDT,1m,Maker 0.00% / Taker 0.01%,0.0,0.01,1,2,602,SHORT,2026-01-12 01:07:59 UTC,2026-01-12 01:13:59 UTC,360.0,5.462,5.458,5.458,5.479,13.200000000000001,132,7.21,0.0072,0.0072,0.0144,0.0384,0.07,0.53,MIN_PROFIT_TP_HIT,72.17
TRUMP_USDT,1m,Maker 0.00% / Taker 0.01%,0.0,0.01,1,2,603,SHORT,2026-01-12 01:14:59 UTC,2026-01-12 01:15:59 UTC,60.0,5.462,5.458,5.458,5.489,13.200000000000001,132,7.21,0.0072,0.0072,0.0144,0.0384,0.07,0.53,MIN_PROFIT_TP_HIT,72.2
TRUMP_USDT,1m,Maker 0.00% / Taker 0.01%,0.0,0.01,1,2,604,LONG,2026-01-12 01:31:59 UTC,2026-01-12 01:32:59 UTC,60.0,5.476,5.48,5.48,5.464,13.200000000000001,132,7.23,0.0072,0.0072,0.0145,0.0383,0.07,0.53,MIN_PROFIT_TP_HIT,72.24
TRUMP_USDT,1m,Maker 0.00% / Taker 0.01%,0.0,0.01,1,2,605,SHORT,2026-01-12 02:09:59 UTC,2026-01-12 02:11:59 UTC,120.0,5.472,5.468,5.468,5.484,13.200000000000001,132,7.22,0.0072,0.0072,0.0144,0.0384,0.07,0.53,MIN_PROFIT_TP_HIT,72.28
TRUMP_USDT,1m,Maker 0.00% / Taker 0.01%,0.0,0.01,1,2,606,SHORT,2026-01-12 02:38:59 UTC,2026-01-12 02:39:59 UTC,60.0,5.474,5.47,5.47,5.481,13.200000000000001,132,7.23,0.0072,0.0072,0.0144,0.0384,0.07,0.53,MIN_PROFIT_TP_HIT,72.32
TRUMP_USDT,1m,Maker 0.00% / Taker 0.01%,0.0,0.01,1,2,607,LONG,2026-01-12 02:46:59 UTC,2026-01-12 02:47:59 UTC,60.0,5.483,5.487,5.487,5.472,13.200000000000001,132,7.24,0.0072,0.0072,0.0145,0.0383,0.07,0.53,MIN_PROFIT_TP_HIT,72.36
TRUMP_USDT,1m,Maker 0.00% / Taker 0.01%,0.0,0.01,1,2,608,LONG,2026-01-12 03:21:59 UTC,2026-01-12 03:25:59 UTC,240.0,5.506,5.51,5.51,5.496,13.100000000000001,131,7.21,0.0072,0.0072,0.0144,0.038,0.07,0.53,MIN_PROFIT_TP_HIT,72.4
TRUMP_USDT,1m,Maker 0.00% / Taker 0.01%,0.0,0.01,1,2,609,LONG,2026-01-12 03:38:59 UTC,2026-01-12 03:40:59 UTC,120.0,5.478,5.482,5.482,5.472,13.200000000000001,132,7.23,0.0072,0.0072,0.0145,0.0383,0.07,0.53,MIN_PROFIT_TP_HIT,72.43
TRUMP_USDT,1m,Maker 0.00% / Taker 0.01%,0.0,0.01,1,2,610,LONG,2026-01-12 04:05:59 UTC,2026-01-12 04:06:59 UTC,60.0,5.455,5.459,5.459,5.445,13.3,133,7.26,0.0073,0.0073,0.0145,0.0387,0.07,0.53,MIN_PROFIT_TP_HIT,72.47
TRUMP_USDT,1m,Maker 0.00% / Taker 0.01%,0.0,0.01,1,2,611,SHORT,2026-01-12 04:37:59 UTC,2026-01-12 04:38:59 UTC,60.0,5.482,5.487,5.478,5.486,13.200000000000001,132,7.24,0.0072,0.0072,0.0145,-0.0805,-0.09,-1.11,STOP_LOSS_HIT,72.39
TRUMP_USDT,1m,Maker 0.00% / Taker 0.01%,0.0,0.01,1,2,612,SHORT,2026-01-12 05:01:59 UTC,2026-01-12 05:02:59 UTC,60.0,5.47,5.477,5.466,5.476,13.200000000000001,132,7.22,0.0072,0.0072,0.0145,-0.1069,-0.13,-1.48,STOP_LOSS_HIT,72.29
TRUMP_USDT,1m,Maker 0.00% / Taker 0.01%,0.0,0.01,1,2,613,LONG,2026-01-12 05:04:59 UTC,2026-01-12 05:08:59 UTC,240.0,5.48,5.484,5.484,5.47,13.200000000000001,132,7.23,0.0072,0.0072,0.0145,0.0383,0.07,0.53,MIN_PROFIT_TP_HIT,72.32
TRUMP_USDT,1m,Maker 0.00% / Taker 0.01%,0.0,0.01,1,2,614,LONG,2026-01-12 05:17:59 UTC,2026-01-12 05:19:59 UTC,120.0,5.478,5.482,5.482,5.469,13.200000000000001,132,7.23,0.0072,0.0072,0.0145,0.0383,0.07,0.53,MIN_PROFIT_TP_HIT,72.36
TRUMP_USDT,1m,Maker 0.00% / Taker 0.01%,0.0,0.01,1,2,615,LONG,2026-01-12 05:40:59 UTC,2026-01-12 05:43:59 UTC,180.0,5.478,5.47,5.482,5.471,13.200000000000001,132,7.23,0.0072,0.0072,0.0145,-0.1201,-0.15,-1.66,STOP_LOSS_HIT,72.24
TRUMP_USDT,1m,Maker 0.00% / Taker 0.01%,0.0,0.01,1,2,616,SHORT,2026-01-12 06:36:59 UTC,2026-01-12 06:38:59 UTC,120.0,5.447,5.443,5.443,5.457,13.3,133,7.24,0.0072,0.0072,0.0145,0.0387,0.07,0.53,MIN_PROFIT_TP_HIT,72.28
TRUMP_USDT,1m,Maker 0.00% / Taker 0.01%,0.0,0.01,1,2,617,LONG,2026-01-12 07:04:59 UTC,2026-01-12 07:06:59 UTC,120.0,5.465,5.469,5.469,5.455,13.200000000000001,132,7.21,0.0072,0.0072,0.0144,0.0384,0.07,0.53,MIN_PROFIT_TP_HIT,72.32
TRUMP_USDT,1m,Maker 0.00% / Taker 0.01%,0.0,0.01,1,2,618,SHORT,2026-01-12 07:08:59 UTC,2026-01-12 07:11:59 UTC,180.0,5.463,5.459,5.459,5.474,13.200000000000001,132,7.21,0.0072,0.0072,0.0144,0.0384,0.07,0.53,MIN_PROFIT_TP_HIT,72.36
TRUMP_USDT,1m,Maker 0.00% / Taker 0.01%,0.0,0.01,1,2,619,SHORT,2026-01-12 07:32:59 UTC,2026-01-12 07:35:59 UTC,180.0,5.43,5.426,5.426,5.442,13.3,133,7.22,0.0072,0.0072,0.0144,0.0388,0.07,0.54,MIN_PROFIT_TP_HIT,72.4
TRUMP_USDT,1m,Maker 0.00% / Taker 0.01%,0.0,0.01,1,2,620,LONG,2026-01-12 08:35:59 UTC,2026-01-12 08:36:59 UTC,60.0,5.418,5.41,5.422,5.411,13.4,134,7.26,0.0073,0.0072,0.0145,-0.1217,-0.15,-1.68,STOP_LOSS_HIT,72.27
TRUMP_USDT,1m,Maker 0.00% / Taker 0.01%,0.0,0.01,1,2,621,LONG,2026-01-12 08:39:59 UTC,2026-01-12 08:45:59 UTC,360.0,5.422,5.388,5.426,5.389,13.3,133,7.21,0.0072,0.0072,0.0144,-0.4666,-0.63,-6.47,STOP_LOSS_HIT,71.81
TRUMP_USDT,1m,Maker 0.00% / Taker 0.01%,0.0,0.01,1,2,622,SHORT,2026-01-12 09:03:59 UTC,2026-01-12 09:38:59 UTC,2100.0,5.396,5.392,5.392,5.429,13.3,133,7.18,0.0072,0.0072,0.0143,0.0389,0.07,0.54,MIN_PROFIT_TP_HIT,71.85
TRUMP_USDT,1m,Maker 0.00% / Taker 0.01%,0.0,0.01,1,2,623,SHORT,2026-01-12 09:39:59 UTC,2026-01-12 09:53:59 UTC,840.0,5.39,5.386,5.386,5.408,13.3,133,7.17,0.0072,0.0072,0.0143,0.0389,0.07,0.54,MIN_PROFIT_TP_HIT,71.89
TRUMP_USDT,1m,Maker 0.00% / Taker 0.01%,0.0,0.01,1,2,624,LONG,2026-01-12 10:38:59 UTC,2026-01-12 10:47:59 UTC,540.0,5.366,5.352,5.37,5.353,13.4,134,7.19,0.0072,0.0072,0.0144,-0.202,-0.26,-2.81,STOP_LOSS_HIT,71.68
TRUMP_USDT,1m,Maker 0.00% / Taker 0.01%,0.0,0.01,1,2,625,SHORT,2026-01-12 11:28:59 UTC,2026-01-12 11:33:59 UTC,300.0,5.36,5.369,5.356,5.368,13.4,134,7.18,0.0072,0.0072,0.0144,-0.135,-0.17,-1.88,STOP_LOSS_HIT,71.55
TRUMP_USDT,1m,Maker 0.00% / Taker 0.01%,0.0,0.01,1,2,626,SHORT,2026-01-12 11:37:59 UTC,2026-01-12 11:38:59 UTC,60.0,5.368,5.364,5.364,5.389,13.3,133,7.14,0.0071,0.0071,0.0143,0.0389,0.07,0.55,MIN_PROFIT_TP_HIT,71.59
TRUMP_USDT,1m,Maker 0.00% / Taker 0.01%,0.0,0.01,1,2,627,LONG,2026-01-12 11:41:59 UTC,2026-01-12 11:46:59 UTC,300.0,5.368,5.372,5.372,5.363,13.3,133,7.14,0.0071,0.0071,0.0143,0.0389,0.07,0.55,MIN_PROFIT_TP_HIT,71.63
TRUMP_USDT,1m,Maker 0.00% / Taker 0.01%,0.0,0.01,1,2,628,SHORT,2026-01-12 11:47:59 UTC,2026-01-12 12:37:59 UTC,3000.0,5.366,5.362,5.362,5.387,13.3,133,7.14,0.0071,0.0071,0.0143,0.0389,0.07,0.55,MIN_PROFIT_TP_HIT,71.67
TRUMP_USDT,1m,Maker 0.00% / Taker 0.01%,0.0,0.01,1,2,629,LONG,2026-01-12 13:04:59 UTC,2026-01-12 13:07:59 UTC,180.0,5.361,5.353,5.365,5.354,13.4,134,7.18,0.0072,0.0072,0.0144,-0.1216,-0.15,-1.69,STOP_LOSS_HIT,71.54
TRUMP_USDT,1m,Maker 0.00% / Taker 0.01%,0.0,0.01,1,2,630,SHORT,2026-01-12 13:44:59 UTC,2026-01-12 13:46:59 UTC,120.0,5.334,5.33,5.33,5.341,13.4,134,7.15,0.0071,0.0071,0.0143,0.0393,0.07,0.55,MIN_PROFIT_TP_HIT,71.58
TRUMP_USDT,1m,Maker 0.00% / Taker 0.01%,0.0,0.01,1,2,631,SHORT,2026-01-12 13:50:59 UTC,2026-01-12 13:51:59 UTC,60.0,5.335,5.34,5.331,5.339,13.4,134,7.15,0.0071,0.0072,0.0143,-0.0813,-0.09,-1.14,STOP_LOSS_HIT,71.5
TRUMP_USDT,1m,Maker 0.00% / Taker 0.01%,0.0,0.01,1,2,632,LONG,2026-01-12 14:02:59 UTC,2026-01-12 14:06:59 UTC,240.0,5.332,5.336,5.336,5.322,13.4,134,7.14,0.0071,0.0072,0.0143,0.0393,0.08,0.55,MIN_PROFIT_TP_HIT,71.54
TRUMP_USDT,1m,Maker 0.00% / Taker 0.01%,0.0,0.01,1,2,633,SHORT,2026-01-12 14:18:59 UTC,2026-01-12 14:19:59 UTC,60.0,5.328,5.324,5.324,5.356,13.4,134,7.14,0.0071,0.0071,0.0143,0.0393,0.08,0.55,MIN_PROFIT_TP_HIT,71.58
TRUMP_USDT,1m,Maker 0.00% / Taker 0.01%,0.0,0.01,1,2,634,LONG,2026-01-12 15:36:59 UTC,2026-01-12 15:37:59 UTC,60.0,5.368,5.372,5.372,5.353,13.3,133,7.14,0.0071,0.0071,0.0143,0.0389,0.07,0.55,MIN_PROFIT_TP_HIT,71.62
TRUMP_USDT,1m,Maker 0.00% / Taker 0.01%,0.0,0.01,1,2,635,LONG,2026-01-12 16:02:59 UTC,2026-01-12 16:03:59 UTC,60.0,5.375,5.365,5.379,5.366,13.3,133,7.15,0.0071,0.0071,0.0143,-0.1473,-0.19,-2.06,STOP_LOSS_HIT,71.47
TRUMP_USDT,1m,Maker 0.00% / Taker 0.01%,0.0,0.01,1,2,636,SHORT,2026-01-12 16:58:59 UTC,2026-01-12 16:59:59 UTC,60.0,5.405,5.401,5.401,5.412,13.200000000000001,132,7.13,0.0071,0.0071,0.0143,0.0385,0.07,0.54,MIN_PROFIT_TP_HIT,71.51
TRUMP_USDT,1m,Maker 0.00% / Taker 0.01%,0.0,0.01,1,2,637,LONG,2026-01-12 17:25:59 UTC,2026-01-12 17:30:59 UTC,300.0,5.378,5.367,5.382,5.368,13.3,133,7.15,0.0072,0.0071,0.0143,-0.1606,-0.2,-2.25,STOP_LOSS_HIT,71.35
TRUMP_USDT,1m,Maker 0.00% / Taker 0.01%,0.0,0.01,1,2,638,LONG,2026-01-12 17:55:59 UTC,2026-01-12 18:08:59 UTC,780.0,5.38,5.384,5.384,5.371,13.3,133,7.16,0.0072,0.0072,0.0143,0.0389,0.07,0.54,MIN_PROFIT_TP_HIT,71.39
TRUMP_USDT,1m,Maker 0.00% / Taker 0.01%,0.0,0.01,1,2,639,LONG,2026-01-12 18:09:59 UTC,2026-01-12 18:10:59 UTC,60.0,5.391,5.395,5.395,5.381,13.200000000000001,132,7.12,0.0071,0.0071,0.0142,0.0386,0.07,0.54,MIN_PROFIT_TP_HIT,71.43
TRUMP_USDT,1m,Maker 0.00% / Taker 0.01%,0.0,0.01,1,2,640,SHORT,2026-01-12 18:12:59 UTC,2026-01-12 18:20:59 UTC,480.0,5.395,5.403,5.391,5.402,13.200000000000001,132,7.12,0.0071,0.0071,0.0143,-0.1199,-0.15,-1.68,STOP_LOSS_HIT,71.31
TRUMP_USDT,1m,Maker 0.00% / Taker 0.01%,0.0,0.01,1,2,641,LONG,2026-01-12 19:17:59 UTC,2026-01-12 19:31:59 UTC,840.0,5.387,5.391,5.391,5.375,13.200000000000001,132,7.11,0.0071,0.0071,0.0142,0.0386,0.07,0.54,MIN_PROFIT_TP_HIT,71.35
TRUMP_USDT,1m,Maker 0.00% / Taker 0.01%,0.0,0.01,1,2,642,SHORT,2026-01-12 19:56:59 UTC,2026-01-12 20:01:59 UTC,300.0,5.386,5.382,5.382,5.392,13.200000000000001,132,7.11,0.0071,0.0071,0.0142,0.0386,0.07,0.54,MIN_PROFIT_TP_HIT,71.39
TRUMP_USDT,1m,Maker 0.00% / Taker 0.01%,0.0,0.01,1,2,643,LONG,2026-01-12 20:04:59 UTC,2026-01-12 20:06:59 UTC,120.0,5.398,5.402,5.402,5.388,13.200000000000001,132,7.13,0.0071,0.0071,0.0143,0.0385,0.07,0.54,MIN_PROFIT_TP_HIT,71.42
TRUMP_USDT,1m,Maker 0.00% / Taker 0.01%,0.0,0.01,1,2,644,LONG,2026-01-12 21:03:59 UTC,2026-01-12 21:06:59 UTC,180.0,5.362,5.366,5.366,5.358,13.3,133,7.13,0.0071,0.0071,0.0143,0.0389,0.07,0.55,MIN_PROFIT_TP_HIT,71.46
TRUMP_USDT,1m,Maker 0.00% / Taker 0.01%,0.0,0.01,1,2,645,SHORT,2026-01-12 21:44:59 UTC,2026-01-12 21:45:59 UTC,60.0,5.343,5.339,5.339,5.355,13.4,134,7.16,0.0072,0.0072,0.0143,0.0393,0.07,0.55,MIN_PROFIT_TP_HIT,71.5
TRUMP_USDT,1m,Maker 0.00% / Taker 0.01%,0.0,0.01,1,2,646,SHORT,2026-01-12 22:11:59 UTC,2026-01-12 22:13:59 UTC,120.0,5.364,5.374,5.36,5.373,13.3,133,7.13,0.0071,0.0071,0.0143,-0.1473,-0.19,-2.06,STOP_LOSS_HIT,71.35
TRUMP_USDT,1m,Maker 0.00% / Taker 0.01%,0.0,0.01,1,2,647,SHORT,2026-01-12 22:16:59 UTC,2026-01-12 22:28:59 UTC,720.0,5.357,5.353,5.353,5.371,13.3,133,7.12,0.0071,0.0071,0.0142,0.039,0.07,0.55,MIN_PROFIT_TP_HIT,71.39
TRUMP_USDT,1m,Maker 0.00% / Taker 0.01%,0.0,0.01,1,2,648,LONG,2026-01-12 23:07:59 UTC,2026-01-12 23:16:59 UTC,540.0,5.342,5.346,5.346,5.331,13.4,134,7.16,0.0072,0.0072,0.0143,0.0393,0.07,0.55,MIN_PROFIT_TP_HIT,71.43
TRUMP_USDT,1m,Maker 0.00% / Taker 0.01%,0.0,0.01,1,2,649,LONG,2026-01-12 23:37:59 UTC,2026-01-12 23:41:59 UTC,240.0,5.346,5.35,5.35,5.34,13.4,134,7.16,0.0072,0.0072,0.0143,0.0393,0.07,0.55,MIN_PROFIT_TP_HIT,71.47
TRUMP_USDT,1m,Maker 0.00% / Taker 0.01%,0.0,0.01,1,2,650,SHORT,2026-01-12 23:58:59 UTC,2026-01-13 00:01:59 UTC,180.0,5.341,5.346,5.337,5.345,13.4,134,7.16,0.0072,0.0072,0.0143,-0.0813,-0.09,-1.14,STOP_LOSS_HIT,71.39
TRUMP_USDT,1m,Maker 0.00% / Taker 0.01%,0.0,0.01,1,2,651,LONG,2026-01-13 00:04:59 UTC,2026-01-13 00:06:59 UTC,120.0,5.356,5.36,5.36,5.349,13.3,133,7.12,0.0071,0.0071,0.0143,0.0389,0.07,0.55,MIN_PROFIT_TP_HIT,71.43
TRUMP_USDT,1m,Maker 0.00% / Taker 0.01%,0.0,0.01,1,2,652,SHORT,2026-01-13 00:08:59 UTC,2026-01-13 00:23:59 UTC,900.0,5.352,5.368,5.348,5.367,13.3,133,7.12,0.0071,0.0071,0.0143,-0.2271,-0.3,-3.19,STOP_LOSS_HIT,71.2
TRUMP_USDT,1m,Maker 0.00% / Taker 0.01%,0.0,0.01,1,2,653,LONG,2026-01-13 00:35:59 UTC,2026-01-13 00:37:59 UTC,120.0,5.367,5.371,5.371,5.351,13.3,133,7.14,0.0071,0.0071,0.0143,0.0389,0.07,0.55,MIN_PROFIT_TP_HIT,71.24
TRUMP_USDT,1m,Maker 0.00% / Taker 0.01%,0.0,0.01,1,2,654,LONG,2026-01-13 01:06:59 UTC,2026-01-13 01:08:59 UTC,120.0,5.376,5.38,5.38,5.367,13.3,133,7.15,0.0072,0.0072,0.0143,0.0389,0.07,0.54,MIN_PROFIT_TP_HIT,71.28
TRUMP_USDT,1m,Maker 0.00% / Taker 0.01%,0.0,0.01,1,2,655,LONG,2026-01-13 01:17:59 UTC,2026-01-13 01:34:59 UTC,1020.0,5.384,5.37,5.388,5.371,13.200000000000001,132,7.11,0.0071,0.0071,0.0142,-0.199,-0.26,-2.8,STOP_LOSS_HIT,71.08
TRUMP_USDT,1m,Maker 0.00% / Taker 0.01%,0.0,0.01,1,2,656,LONG,2026-01-13 01:36:59 UTC,2026-01-13 01:37:59 UTC,60.0,5.364,5.359,5.368,5.36,13.3,133,7.13,0.0071,0.0071,0.0143,-0.0808,-0.09,-1.13,STOP_LOSS_HIT,71.0
TRUMP_USDT,1m,Maker 0.00% / Taker 0.01%,0.0,0.01,1,2,657,LONG,2026-01-13 02:31:59 UTC,2026-01-13 02:44:59 UTC,780.0,5.374,5.363,5.378,5.364,13.200000000000001,132,7.09,0.0071,0.0071,0.0142,-0.1594,-0.2,-2.25,STOP_LOSS_HIT,70.84
TRUMP_USDT,1m,Maker 0.00% / Taker 0.01%,0.0,0.01,1,2,658,SHORT,2026-01-13 03:08:59 UTC,2026-01-13 03:10:59 UTC,120.0,5.348,5.358,5.344,5.357,13.200000000000001,132,7.06,0.0071,0.0071,0.0141,-0.1461,-0.19,-2.07,STOP_LOSS_HIT,70.7
TRUMP_USDT,1m,Maker 0.00% / Taker 0.01%,0.0,0.01,1,2,659,SHORT,2026-01-13 03:40:59 UTC,2026-01-13 03:46:59 UTC,360.0,5.364,5.36,5.36,5.371,13.200000000000001,132,7.08,0.0071,0.0071,0.0142,0.0386,0.07,0.55,MIN_PROFIT_TP_HIT,70.73
TRUMP_USDT,1m,Maker 0.00% / Taker 0.01%,0.0,0.01,1,2,660,SHORT,2026-01-13 04:01:59 UTC,2026-01-13 04:05:59 UTC,240.0,5.36,5.368,5.356,5.367,13.200000000000001,132,7.08,0.0071,0.0071,0.0142,-0.1198,-0.15,-1.69,STOP_LOSS_HIT,70.61
TRUMP_USDT,1m,Maker 0.00% / Taker 0.01%,0.0,0.01,1,2,661,LONG,2026-01-13 04:12:59 UTC,2026-01-13 04:22:59 UTC,600.0,5.367,5.371,5.371,5.358,13.200000000000001,132,7.08,0.0071,0.0071,0.0142,0.0386,0.07,0.55,MIN_PROFIT_TP_HIT,70.65
TRUMP_USDT,1m,Maker 0.00% / Taker 0.01%,0.0,0.01,1,2,662,SHORT,2026-01-13 04:27:59 UTC,2026-01-13 04:32:59 UTC,300.0,5.361,5.357,5.357,5.368,13.200000000000001,132,7.08,0.0071,0.0071,0.0141,0.0387,0.07,0.55,MIN_PROFIT_TP_HIT,70.69
TRUMP_USDT,1m,Maker 0.00% / Taker 0.01%,0.0,0.01,1,2,663,LONG,2026-01-13 04:38:59 UTC,2026-01-13 04:41:59 UTC,180.0,5.358,5.362,5.362,5.348,13.200000000000001,132,7.07,0.0071,0.0071,0.0142,0.0386,0.07,0.55,MIN_PROFIT_TP_HIT,70.73
TRUMP_USDT,1m,Maker 0.00% / Taker 0.01%,0.0,0.01,1,2,664,LONG,2026-01-13 05:10:59 UTC,2026-01-13 05:12:59 UTC,120.0,5.383,5.387,5.387,5.373,13.100000000000001,131,7.05,0.0071,0.0071,0.0141,0.0383,0.07,0.54,MIN_PROFIT_TP_HIT,70.77
TRUMP_USDT,1m,Maker 0.00% / Taker 0.01%,0.0,0.01,1,2,665,SHORT,2026-01-13 05:22:59 UTC,2026-01-13 05:32:59 UTC,600.0,5.395,5.391,5.391,5.406,13.100000000000001,131,7.07,0.0071,0.0071,0.0141,0.0383,0.07,0.54,MIN_PROFIT_TP_HIT,70.81
TRUMP_USDT,1m,Maker 0.00% / Taker 0.01%,0.0,0.01,1,2,666,LONG,2026-01-13 06:09:59 UTC,2026-01-13 06:19:59 UTC,600.0,5.379,5.37,5.383,5.371,13.200000000000001,132,7.1,0.0071,0.0071,0.0142,-0.133,-0.17,-1.87,STOP_LOSS_HIT,70.67
TRUMP_USDT,1m,Maker 0.00% / Taker 0.01%,0.0,0.01,1,2,667,SHORT,2026-01-13 06:20:59 UTC,2026-01-13 06:29:59 UTC,540.0,5.375,5.371,5.371,5.386,13.100000000000001,131,7.04,0.007,0.007,0.0141,0.0383,0.07,0.54,MIN_PROFIT_TP_HIT,70.71
TRUMP_USDT,1m,Maker 0.00% / Taker 0.01%,0.0,0.01,1,2,668,SHORT,2026-01-13 06:30:59 UTC,2026-01-13 06:50:59 UTC,1200.0,5.371,5.382,5.367,5.381,13.200000000000001,132,7.09,0.0071,0.0071,0.0142,-0.1594,-0.2,-2.25,STOP_LOSS_HIT,70.55
TRUMP_USDT,1m,Maker 0.00% / Taker 0.01%,0.0,0.01,1,2,669,SHORT,2026-01-13 07:25:59 UTC,2026-01-13 07:26:59 UTC,60.0,5.39,5.386,5.386,5.395,13.100000000000001,131,7.06,0.0071,0.0071,0.0141,0.0383,0.07,0.54,MIN_PROFIT_TP_HIT,70.59
TRUMP_USDT,1m,Maker 0.00% / Taker 0.01%,0.0,0.01,1,2,670,LONG,2026-01-13 07:53:59 UTC,2026-01-13 08:00:59 UTC,420.0,5.399,5.403,5.403,5.389,13.100000000000001,131,7.07,0.0071,0.0071,0.0142,0.0382,0.07,0.54,MIN_PROFIT_TP_HIT,70.63
TRUMP_USDT,1m,Maker 0.00% / Taker 0.01%,0.0,0.01,1,2,671,LONG,2026-01-13 08:01:59 UTC,2026-01-13 08:02:59 UTC,60.0,5.403,5.407,5.407,5.394,13.100000000000001,131,7.08,0.0071,0.0071,0.0142,0.0382,0.07,0.54,MIN_PROFIT_TP_HIT,70.67
TRUMP_USDT,1m,Maker 0.00% / Taker 0.01%,0.0,0.01,1,2,672,LONG,2026-01-13 08:38:59 UTC,2026-01-13 08:51:59 UTC,780.0,5.427,5.431,5.431,5.415,13.0,130,7.06,0.0071,0.0071,0.0141,0.0379,0.07,0.54,MIN_PROFIT_TP_HIT,70.71
TRUMP_USDT,1m,Maker 0.00% / Taker 0.01%,0.0,0.01,1,2,673,SHORT,2026-01-13 09:23:59 UTC,2026-01-13 09:26:59 UTC,180.0,5.445,5.458,5.441,5.457,13.0,130,7.08,0.0071,0.0071,0.0142,-0.1832,-0.24,-2.59,STOP_LOSS_HIT,70.52
TRUMP_USDT,1m,Maker 0.00% / Taker 0.01%,0.0,0.01,1,2,674,LONG,2026-01-13 09:44:59 UTC,2026-01-13 09:45:59 UTC,60.0,5.457,5.461,5.461,5.439,12.9,129,7.04,0.007,0.007,0.0141,0.0375,0.07,0.53,MIN_PROFIT_TP_HIT,70.56
TRUMP_USDT,1m,Maker 0.00% / Taker 0.01%,0.0,0.01,1,2,675,SHORT,2026-01-13 09:52:59 UTC,2026-01-13 09:53:59 UTC,60.0,5.439,5.435,5.435,5.468,13.0,130,7.07,0.0071,0.0071,0.0141,0.0379,0.07,0.54,MIN_PROFIT_TP_HIT,70.6
TRUMP_USDT,1m,Maker 0.00% / Taker 0.01%,0.0,0.01,1,2,676,LONG,2026-01-13 09:56:59 UTC,2026-01-13 10:00:59 UTC,240.0,5.429,5.433,5.433,5.417,13.0,130,7.06,0.0071,0.0071,0.0141,0.0379,0.07,0.54,MIN_PROFIT_TP_HIT,70.64
TRUMP_USDT,1m,Maker 0.00% / Taker 0.01%,0.0,0.01,1,2,677,SHORT,2026-01-13 10:27:59 UTC,2026-01-13 10:32:59 UTC,300.0,5.429,5.425,5.425,5.445,13.0,130,7.06,0.0071,0.0071,0.0141,0.0379,0.07,0.54,MIN_PROFIT_TP_HIT,70.67
TRUMP_USDT,1m,Maker 0.00% / Taker 0.01%,0.0,0.01,1,2,678,LONG,2026-01-13 10:59:59 UTC,2026-01-13 11:02:59 UTC,180.0,5.439,5.429,5.443,5.43,13.0,130,7.07,0.0071,0.0071,0.0141,-0.1441,-0.18,-2.04,STOP_LOSS_HIT,70.53
TRUMP_USDT,1m,Maker 0.00% / Taker 0.01%,0.0,0.01,1,2,679,SHORT,2026-01-13 12:22:59 UTC,2026-01-13 12:23:59 UTC,60.0,5.507,5.503,5.503,5.521,12.8,128,7.05,0.007,0.007,0.0141,0.0371,0.07,0.53,MIN_PROFIT_TP_HIT,70.57
TRUMP_USDT,1m,Maker 0.00% / Taker 0.01%,0.0,0.01,1,2,680,LONG,2026-01-13 12:58:59 UTC,2026-01-13 12:59:59 UTC,60.0,5.483,5.487,5.487,5.476,12.9,129,7.07,0.0071,0.0071,0.0142,0.0374,0.07,0.53,MIN_PROFIT_TP_HIT,70.6
TRUMP_USDT,1m,Maker 0.00% / Taker 0.01%,0.0,0.01,1,2,681,SHORT,2026-01-13 13:02:59 UTC,2026-01-13 13:11:59 UTC,540.0,5.486,5.482,5.482,5.496,12.9,129,7.08,0.0071,0.0071,0.0141,0.0375,0.07,0.53,MIN_PROFIT_TP_HIT,70.64
TRUMP_USDT,1m,Maker 0.00% / Taker 0.01%,0.0,0.01,1,2,682,SHORT,2026-01-13 13:34:59 UTC,2026-01-13 13:39:59 UTC,300.0,5.491,5.487,5.487,5.512,12.9,129,7.08,0.0071,0.0071,0.0142,0.0374,0.07,0.53,MIN_PROFIT_TP_HIT,70.68
TRUMP_USDT,1m,Maker 0.00% / Taker 0.01%,0.0,0.01,1,2,683,LONG,2026-01-13 13:54:59 UTC,2026-01-13 14:04:59 UTC,600.0,5.508,5.512,5.512,5.492,12.8,128,7.05,0.0071,0.0071,0.0141,0.0371,0.07,0.53,MIN_PROFIT_TP_HIT,70.72
TRUMP_USDT,1m,Maker 0.00% / Taker 0.01%,0.0,0.01,1,2,684,LONG,2026-01-13 14:31:59 UTC,2026-01-13 14:34:59 UTC,180.0,5.533,5.537,5.537,5.518,12.8,128,7.08,0.0071,0.0071,0.0142,0.037,0.07,0.52,MIN_PROFIT_TP_HIT,70.75
TRUMP_USDT,1m,Maker 0.00% / Taker 0.01%,0.0,0.01,1,2,685,LONG,2026-01-13 15:34:59 UTC,2026-01-13 15:36:59 UTC,120.0,5.549,5.553,5.553,5.532,12.8,128,7.1,0.0071,0.0071,0.0142,0.037,0.07,0.52,MIN_PROFIT_TP_HIT,70.79
TRUMP_USDT,1m,Maker 0.00% / Taker 0.01%,0.0,0.01,1,2,686,LONG,2026-01-13 16:41:59 UTC,2026-01-13 16:45:59 UTC,240.0,5.539,5.543,5.543,5.521,12.8,128,7.09,0.0071,0.0071,0.0142,0.037,0.07,0.52,MIN_PROFIT_TP_HIT,70.83
TRUMP_USDT,1m,Maker 0.00% / Taker 0.01%,0.0,0.01,1,2,687,SHORT,2026-01-13 16:48:59 UTC,2026-01-13 16:50:59 UTC,120.0,5.57,5.566,5.566,5.577,12.700000000000001,127,7.07,0.0071,0.0071,0.0141,0.0367,0.07,0.52,MIN_PROFIT_TP_HIT,70.86
TRUMP_USDT,1m,Maker 0.00% / Taker 0.01%,0.0,0.01,1,2,688,SHORT,2026-01-13 18:03:59 UTC,2026-01-13 18:12:59 UTC,540.0,5.55,5.562,5.546,5.561,12.8,128,7.1,0.0071,0.0071,0.0142,-0.1678,-0.22,-2.36,STOP_LOSS_HIT,70.7
TRUMP_USDT,1m,Maker 0.00% / Taker 0.01%,0.0,0.01,1,2,689,LONG,2026-01-13 18:14:59 UTC,2026-01-13 18:31:59 UTC,1020.0,5.561,5.565,5.565,5.552,12.700000000000001,127,7.06,0.0071,0.0071,0.0141,0.0367,0.07,0.52,MIN_PROFIT_TP_HIT,70.73
TRUMP_USDT,1m,Maker 0.00% / Taker 0.01%,0.0,0.01,1,2,690,LONG,2026-01-13 18:32:59 UTC,2026-01-13 18:36:59 UTC,240.0,5.567,5.571,5.571,5.555,12.700000000000001,127,7.07,0.0071,0.0071,0.0141,0.0367,0.07,0.52,MIN_PROFIT_TP_HIT,70.77
TRUMP_USDT,1m,Maker 0.00% / Taker 0.01%,0.0,0.01,1,2,691,LONG,2026-01-13 19:11:59 UTC,2026-01-13 19:16:59 UTC,300.0,5.561,5.565,5.565,5.55,12.700000000000001,127,7.06,0.0071,0.0071,0.0141,0.0367,0.07,0.52,MIN_PROFIT_TP_HIT,70.81
TRUMP_USDT,1m,Maker 0.00% / Taker 0.01%,0.0,0.01,1,2,692,SHORT,2026-01-13 19:18:59 UTC,2026-01-13 19:21:59 UTC,180.0,5.563,5.571,5.559,5.57,12.700000000000001,127,7.07,0.0071,0.0071,0.0141,-0.1157,-0.14,-1.64,STOP_LOSS_HIT,70.69
TRUMP_USDT,1m,Maker 0.00% / Taker 0.01%,0.0,0.01,1,2,693,SHORT,2026-01-13 20:17:59 UTC,2026-01-13 20:20:59 UTC,180.0,5.57,5.58,5.566,5.579,12.700000000000001,127,7.07,0.0071,0.0071,0.0142,-0.1412,-0.18,-2.0,STOP_LOSS_HIT,70.55
TRUMP_USDT,1m,Maker 0.00% / Taker 0.01%,0.0,0.01,1,2,694,LONG,2026-01-13 20:29:59 UTC,2026-01-13 20:30:59 UTC,60.0,5.586,5.572,5.59,5.573,12.600000000000001,126,7.04,0.007,0.007,0.0141,-0.1905,-0.25,-2.71,STOP_LOSS_HIT,70.36
TRUMP_USDT,1m,Maker 0.00% / Taker 0.01%,0.0,0.01,1,2,695,SHORT,2026-01-13 21:01:59 UTC,2026-01-13 21:08:59 UTC,420.0,5.567,5.563,5.563,5.585,12.600000000000001,126,7.01,0.007,0.007,0.014,0.0364,0.07,0.52,MIN_PROFIT_TP_HIT,70.39
TRUMP_USDT,1m,Maker 0.00% / Taker 0.01%,0.0,0.01,1,2,696,LONG,2026-01-13 21:13:59 UTC,2026-01-13 21:16:59 UTC,180.0,5.569,5.573,5.573,5.554,12.600000000000001,126,7.02,0.007,0.007,0.014,0.0364,0.07,0.52,MIN_PROFIT_TP_HIT,70.43
TRUMP_USDT,1m,Maker 0.00% / Taker 0.01%,0.0,0.01,1,2,697,LONG,2026-01-13 22:03:59 UTC,2026-01-13 22:07:59 UTC,240.0,5.575,5.579,5.579,5.562,12.600000000000001,126,7.02,0.007,0.007,0.0141,0.0363,0.07,0.52,MIN_PROFIT_TP_HIT,70.47
TRUMP_USDT,1m,Maker 0.00% / Taker 0.01%,0.0,0.01,1,2,698,LONG,2026-01-13 22:52:59 UTC,2026-01-13 23:00:59 UTC,480.0,5.648,5.652,5.652,5.635,12.5,125,7.06,0.0071,0.0071,0.0141,0.0359,0.07,0.51,MIN_PROFIT_TP_HIT,70.5
TRUMP_USDT,1m,Maker 0.00% / Taker 0.01%,0.0,0.01,1,2,699,LONG,2026-01-13 23:25:59 UTC,2026-01-13 23:49:59 UTC,1440.0,5.655,5.659,5.659,5.638,12.5,125,7.07,0.0071,0.0071,0.0141,0.0359,0.07,0.51,MIN_PROFIT_TP_HIT,70.54
TRUMP_USDT,1m,Maker 0.00% / Taker 0.01%,0.0,0.01,1,2,700,LONG,2026-01-13 23:56:59 UTC,2026-01-14 00:00:59 UTC,240.0,5.666,5.67,5.67,5.654,12.4,124,7.03,0.007,0.007,0.0141,0.0355,0.07,0.51,MIN_PROFIT_TP_HIT,70.57
TRUMP_USDT,1m,Maker 0.00% / Taker 0.01%,0.0,0.01,1,2,701,LONG,2026-01-14 00:52:59 UTC,2026-01-14 00:53:59 UTC,60.0,5.718,5.722,5.722,5.705,12.3,123,7.03,0.007,0.007,0.0141,0.0351,0.07,0.5,MIN_PROFIT_TP_HIT,70.61
TRUMP_USDT,1m,Maker 0.00% / Taker 0.01%,0.0,0.01,1,2,702,LONG,2026-01-14 01:32:59 UTC,2026-01-14 01:33:59 UTC,60.0,5.715,5.708,5.719,5.709,12.4,124,7.09,0.0071,0.0071,0.0142,-0.101,-0.12,-1.42,STOP_LOSS_HIT,70.51
TRUMP_USDT,1m,Maker 0.00% / Taker 0.01%,0.0,0.01,1,2,703,LONG,2026-01-14 02:44:59 UTC,2026-01-14 02:49:59 UTC,300.0,5.707,5.711,5.711,5.698,12.4,124,7.08,0.0071,0.0071,0.0142,0.0354,0.07,0.5,MIN_PROFIT_TP_HIT,70.54
TRUMP_USDT,1m,Maker 0.00% / Taker 0.01%,0.0,0.01,1,2,704,LONG,2026-01-14 02:50:59 UTC,2026-01-14 02:52:59 UTC,120.0,5.699,5.703,5.703,5.684,12.4,124,7.07,0.0071,0.0071,0.0141,0.0355,0.07,0.5,MIN_PROFIT_TP_HIT,70.58
TRUMP_USDT,1m,Maker 0.00% / Taker 0.01%,0.0,0.01,1,2,705,SHORT,2026-01-14 03:52:59 UTC,2026-01-14 03:56:59 UTC,240.0,5.745,5.767,5.741,5.766,12.3,123,7.07,0.0071,0.0071,0.0142,-0.2848,-0.38,-4.03,STOP_LOSS_HIT,70.29
TRUMP_USDT,1m,Maker 0.00% / Taker 0.01%,0.0,0.01,1,2,706,SHORT,2026-01-14 04:42:59 UTC,2026-01-14 04:44:59 UTC,120.0,5.733,5.729,5.729,5.762,12.3,123,7.05,0.0071,0.007,0.0141,0.0351,0.07,0.5,MIN_PROFIT_TP_HIT,70.33
TRUMP_USDT,1m,Maker 0.00% / Taker 0.01%,0.0,0.01,1,2,707,SHORT,2026-01-14 05:06:59 UTC,2026-01-14 05:09:59 UTC,180.0,5.733,5.729,5.729,5.742,12.3,123,7.05,0.0071,0.007,0.0141,0.0351,0.07,0.5,MIN_PROFIT_TP_HIT,70.36
TRUMP_USDT,1m,Maker 0.00% / Taker 0.01%,0.0,0.01,1,2,708,SHORT,2026-01-14 05:23:59 UTC,2026-01-14 05:59:59 UTC,2160.0,5.71,5.706,5.706,5.735,12.3,123,7.02,0.007,0.007,0.014,0.0352,0.07,0.5,MIN_PROFIT_TP_HIT,70.4
TRUMP_USDT,1m,Maker 0.00% / Taker 0.01%,0.0,0.01,1,2,709,LONG,2026-01-14 06:04:59 UTC,2026-01-14 06:05:59 UTC,60.0,5.697,5.692,5.701,5.693,12.4,124,7.06,0.0071,0.0071,0.0141,-0.0761,-0.09,-1.08,STOP_LOSS_HIT,70.32
TRUMP_USDT,1m,Maker 0.00% / Taker 0.01%,0.0,0.01,1,2,710,LONG,2026-01-14 06:12:59 UTC,2026-01-14 06:35:59 UTC,1380.0,5.693,5.661,5.697,5.662,12.4,124,7.06,0.0071,0.007,0.0141,-0.4109,-0.56,-5.82,STOP_LOSS_HIT,69.91
TRUMP_USDT,1m,Maker 0.00% / Taker 0.01%,0.0,0.01,1,2,711,LONG,2026-01-14 07:47:59 UTC,2026-01-14 07:50:59 UTC,180.0,5.699,5.688,5.703,5.689,12.3,123,7.01,0.007,0.007,0.014,-0.1493,-0.19,-2.13,STOP_LOSS_HIT,69.76
TRUMP_USDT,1m,Maker 0.00% / Taker 0.01%,0.0,0.01,1,2,712,SHORT,2026-01-14 08:31:59 UTC,2026-01-14 08:39:59 UTC,480.0,5.699,5.695,5.695,5.711,12.200000000000001,122,6.95,0.007,0.0069,0.0139,0.0349,0.07,0.5,MIN_PROFIT_TP_HIT,69.8
TRUMP_USDT,1m,Maker 0.00% / Taker 0.01%,0.0,0.01,1,2,713,LONG,2026-01-14 08:52:59 UTC,2026-01-14 08:53:59 UTC,60.0,5.696,5.7,5.7,5.691,12.3,123,7.01,0.007,0.007,0.014,0.0352,0.07,0.5,MIN_PROFIT_TP_HIT,69.83
TRUMP_USDT,1m,Maker 0.00% / Taker 0.01%,0.0,0.01,1,2,714,SHORT,2026-01-14 08:55:59 UTC,2026-01-14 08:59:59 UTC,240.0,5.696,5.692,5.692,5.703,12.3,123,7.01,0.007,0.007,0.014,0.0352,0.07,0.5,MIN_PROFIT_TP_HIT,69.87
TRUMP_USDT,1m,Maker 0.00% / Taker 0.01%,0.0,0.01,1,2,715,SHORT,2026-01-14 09:00:59 UTC,2026-01-14 09:01:59 UTC,60.0,5.688,5.684,5.684,5.701,12.3,123,7.0,0.007,0.007,0.014,0.0352,0.07,0.5,MIN_PROFIT_TP_HIT,69.9
TRUMP_USDT,1m,Maker 0.00% / Taker 0.01%,0.0,0.01,1,2,716,LONG,2026-01-14 09:02:59 UTC,2026-01-14 09:05:59 UTC,180.0,5.696,5.686,5.7,5.687,12.3,123,7.01,0.007,0.007,0.014,-0.137,-0.18,-1.96,STOP_LOSS_HIT,69.77
TRUMP_USDT,1m,Maker 0.00% / Taker 0.01%,0.0,0.01,1,2,717,LONG,2026-01-14 09:11:59 UTC,2026-01-14 09:16:59 UTC,300.0,5.695,5.699,5.699,5.682,12.3,123,7.0,0.007,0.007,0.014,0.0352,0.07,0.5,MIN_PROFIT_TP_HIT,69.8
TRUMP_USDT,1m,Maker 0.00% / Taker 0.01%,0.0,0.01,1,2,718,LONG,2026-01-14 09:25:59 UTC,2026-01-14 09:29:59 UTC,240.0,5.705,5.695,5.709,5.696,12.200000000000001,122,6.96,0.007,0.0069,0.0139,-0.1359,-0.18,-1.95,STOP_LOSS_HIT,69.67
TRUMP_USDT,1m,Maker 0.00% / Taker 0.01%,0.0,0.01,1,2,719,LONG,2026-01-14 10:21:59 UTC,2026-01-14 10:30:59 UTC,540.0,5.683,5.687,5.687,5.649,12.3,123,6.99,0.007,0.007,0.014,0.0352,0.07,0.5,MIN_PROFIT_TP_HIT,69.7
TRUMP_USDT,1m,Maker 0.00% / Taker 0.01%,0.0,0.01,1,2,720,SHORT,2026-01-14 10:43:59 UTC,2026-01-14 10:55:59 UTC,720.0,5.676,5.672,5.672,5.688,12.3,123,6.98,0.007,0.007,0.014,0.0352,0.07,0.5,MIN_PROFIT_TP_HIT,69.74
TRUMP_USDT,1m,Maker 0.00% / Taker 0.01%,0.0,0.01,1,2,721,LONG,2026-01-14 11:56:59 UTC,2026-01-14 12:02:59 UTC,360.0,5.643,5.631,5.647,5.632,12.4,124,7.0,0.007,0.007,0.014,-0.1628,-0.21,-2.33,STOP_LOSS_HIT,69.57
TRUMP_USDT,1m,Maker 0.00% / Taker 0.01%,0.0,0.01,1,2,722,SHORT,2026-01-14 12:10:59 UTC,2026-01-14 12:32:59 UTC,1320.0,5.653,5.649,5.649,5.668,12.3,123,6.95,0.007,0.0069,0.0139,0.0353,0.07,0.51,MIN_PROFIT_TP_HIT,69.61
TRUMP_USDT,1m,Maker 0.00% / Taker 0.01%,0.0,0.01,1,2,723,SHORT,2026-01-14 12:41:59 UTC,2026-01-14 12:44:59 UTC,180.0,5.658,5.654,5.654,5.665,12.3,123,6.96,0.007,0.007,0.0139,0.0353,0.07,0.51,MIN_PROFIT_TP_HIT,69.64
TRUMP_USDT,1m,Maker 0.00% / Taker 0.01%,0.0,0.01,1,2,724,LONG,2026-01-14 13:03:59 UTC,2026-01-14 13:04:59 UTC,60.0,5.646,5.641,5.65,5.642,12.3,123,6.94,0.0069,0.0069,0.0139,-0.0754,-0.09,-1.09,STOP_LOSS_HIT,69.57
TRUMP_USDT,1m,Maker 0.00% / Taker 0.01%,0.0,0.01,1,2,725,LONG,2026-01-14 13:08:59 UTC,2026-01-14 13:12:59 UTC,240.0,5.645,5.649,5.649,5.638,12.3,123,6.94,0.0069,0.0069,0.0139,0.0353,0.07,0.51,MIN_PROFIT_TP_HIT,69.6
TRUMP_USDT,1m,Maker 0.00% / Taker 0.01%,0.0,0.01,1,2,726,LONG,2026-01-14 13:21:59 UTC,2026-01-14 13:23:59 UTC,120.0,5.658,5.662,5.662,5.645,12.3,123,6.96,0.007,0.007,0.0139,0.0353,0.07,0.51,MIN_PROFIT_TP_HIT,69.64
TRUMP_USDT,1m,Maker 0.00% / Taker 0.01%,0.0,0.01,1,2,727,SHORT,2026-01-14 13:25:59 UTC,2026-01-14 13:28:59 UTC,180.0,5.644,5.658,5.64,5.657,12.3,123,6.94,0.0069,0.007,0.0139,-0.1861,-0.25,-2.68,STOP_LOSS_HIT,69.45
TRUMP_USDT,1m,Maker 0.00% / Taker 0.01%,0.0,0.01,1,2,728,SHORT,2026-01-14 14:18:59 UTC,2026-01-14 14:21:59 UTC,180.0,5.654,5.665,5.65,5.664,12.3,123,6.95,0.007,0.007,0.0139,-0.1492,-0.19,-2.15,STOP_LOSS_HIT,69.3
TRUMP_USDT,1m,Maker 0.00% / Taker 0.01%,0.0,0.01,1,2,729,LONG,2026-01-14 14:47:59 UTC,2026-01-14 14:48:59 UTC,60.0,5.695,5.699,5.699,5.661,12.200000000000001,122,6.95,0.0069,0.007,0.0139,0.0349,0.07,0.5,MIN_PROFIT_TP_HIT,69.34
TRUMP_USDT,1m,Maker 0.00% / Taker 0.01%,0.0,0.01,1,2,730,SHORT,2026-01-14 14:55:59 UTC,2026-01-14 14:56:59 UTC,60.0,5.697,5.693,5.693,5.704,12.200000000000001,122,6.95,0.007,0.0069,0.0139,0.0349,0.07,0.5,MIN_PROFIT_TP_HIT,69.37
TRUMP_USDT,1m,Maker 0.00% / Taker 0.01%,0.0,0.01,1,2,731,SHORT,2026-01-14 15:52:59 UTC,2026-01-14 16:01:59 UTC,540.0,5.649,5.675,5.645,5.674,12.3,123,6.95,0.0069,0.007,0.0139,-0.3337,-0.46,-4.8,STOP_LOSS_HIT,69.04
TRUMP_USDT,1m,Maker 0.00% / Taker 0.01%,0.0,0.01,1,2,732,SHORT,2026-01-14 16:05:59 UTC,2026-01-14 16:06:59 UTC,60.0,5.675,5.671,5.671,5.687,12.200000000000001,122,6.92,0.0069,0.0069,0.0138,0.035,0.07,0.5,MIN_PROFIT_TP_HIT,69.08
TRUMP_USDT,1m,Maker 0.00% / Taker 0.01%,0.0,0.01,1,2,733,SHORT,2026-01-14 16:35:59 UTC,2026-01-14 17:24:59 UTC,2940.0,5.665,5.661,5.661,5.699,12.200000000000001,122,6.91,0.0069,0.0069,0.0138,0.035,0.07,0.51,MIN_PROFIT_TP_HIT,69.11
TRUMP_USDT,1m,Maker 0.00% / Taker 0.01%,0.0,0.01,1,2,734,LONG,2026-01-14 17:32:59 UTC,2026-01-14 17:33:59 UTC,60.0,5.652,5.644,5.656,5.645,12.200000000000001,122,6.9,0.0069,0.0069,0.0138,-0.1114,-0.14,-1.62,STOP_LOSS_HIT,69.0
TRUMP_USDT,1m,Maker 0.00% / Taker 0.01%,0.0,0.01,1,2,735,LONG,2026-01-14 17:56:59 UTC,2026-01-14 17:57:59 UTC,60.0,5.626,5.621,5.63,5.622,12.3,123,6.92,0.0069,0.0069,0.0138,-0.0753,-0.09,-1.09,STOP_LOSS_HIT,68.92
TRUMP_USDT,1m,Maker 0.00% / Taker 0.01%,0.0,0.01,1,2,736,SHORT,2026-01-14 18:22:59 UTC,2026-01-14 18:23:59 UTC,60.0,5.617,5.613,5.613,5.627,12.3,123,6.91,0.0069,0.0069,0.0138,0.0354,0.07,0.51,MIN_PROFIT_TP_HIT,68.96
TRUMP_USDT,1m,Maker 0.00% / Taker 0.01%,0.0,0.01,1,2,737,SHORT,2026-01-14 19:31:59 UTC,2026-01-14 19:32:59 UTC,60.0,5.59,5.586,5.586,5.615,12.3,123,6.88,0.0069,0.0069,0.0137,0.0355,0.07,0.52,MIN_PROFIT_TP_HIT,68.99
TRUMP_USDT,1m,Maker 0.00% / Taker 0.01%,0.0,0.01,1,2,738,LONG,2026-01-14 19:37:59 UTC,2026-01-14 19:38:59 UTC,60.0,5.582,5.586,5.586,5.574,12.4,124,6.92,0.0069,0.0069,0.0138,0.0358,0.07,0.52,MIN_PROFIT_TP_HIT,69.03
TRUMP_USDT,1m,Maker 0.00% / Taker 0.01%,0.0,0.01,1,2,739,SHORT,2026-01-14 19:42:59 UTC,2026-01-14 19:52:59 UTC,600.0,5.596,5.592,5.592,5.619,12.3,123,6.88,0.0069,0.0069,0.0138,0.0354,0.07,0.51,MIN_PROFIT_TP_HIT,69.07
TRUMP_USDT,1m,Maker 0.00% / Taker 0.01%,0.0,0.01,1,2,740,SHORT,2026-01-14 19:53:59 UTC,2026-01-14 19:54:59 UTC,60.0,5.592,5.588,5.588,5.602,12.4,124,6.93,0.0069,0.0069,0.0139,0.0357,0.07,0.52,MIN_PROFIT_TP_HIT,69.1
TRUMP_USDT,1m,Maker 0.00% / Taker 0.01%,0.0,0.01,1,2,741,LONG,2026-01-14 20:05:59 UTC,2026-01-14 20:06:59 UTC,60.0,5.606,5.61,5.61,5.588,12.3,123,6.9,0.0069,0.0069,0.0138,0.0354,0.07,0.51,MIN_PROFIT_TP_HIT,69.14
TRUMP_USDT,1m,Maker 0.00% / Taker 0.01%,0.0,0.01,1,2,742,LONG,2026-01-14 20:18:59 UTC,2026-01-14 20:23:59 UTC,300.0,5.6,5.604,5.604,5.588,12.3,123,6.89,0.0069,0.0069,0.0138,0.0354,0.07,0.51,MIN_PROFIT_TP_HIT,69.17
TRUMP_USDT,1m,Maker 0.00% / Taker 0.01%,0.0,0.01,1,2,743,SHORT,2026-01-14 20:41:59 UTC,2026-01-14 20:43:59 UTC,120.0,5.591,5.587,5.587,5.634,12.4,124,6.93,0.0069,0.0069,0.0139,0.0357,0.07,0.52,MIN_PROFIT_TP_HIT,69.21
TRUMP_USDT,1m,Maker 0.00% / Taker 0.01%,0.0,0.01,1,2,744,LONG,2026-01-14 21:06:59 UTC,2026-01-14 21:16:59 UTC,600.0,5.592,5.579,5.596,5.58,12.4,124,6.93,0.0069,0.0069,0.0139,-0.1751,-0.23,-2.52,STOP_LOSS_HIT,69.03
TRUMP_USDT,1m,Maker 0.00% / Taker 0.01%,0.0,0.01,1,2,745,SHORT,2026-01-14 21:42:59 UTC,2026-01-14 21:50:59 UTC,480.0,5.574,5.585,5.57,5.584,12.4,124,6.91,0.0069,0.0069,0.0138,-0.1502,-0.2,-2.17,STOP_LOSS_HIT,68.88
TRUMP_USDT,1m,Maker 0.00% / Taker 0.01%,0.0,0.01,1,2,746,LONG,2026-01-14 22:00:59 UTC,2026-01-14 22:01:59 UTC,60.0,5.589,5.593,5.593,5.568,12.3,123,6.87,0.0069,0.0069,0.0138,0.0354,0.07,0.52,MIN_PROFIT_TP_HIT,68.92
TRUMP_USDT,1m,Maker 0.00% / Taker 0.01%,0.0,0.01,1,2,747,LONG,2026-01-14 22:09:59 UTC,2026-01-14 22:13:59 UTC,240.0,5.598,5.602,5.602,5.585,12.3,123,6.89,0.0069,0.0069,0.0138,0.0354,0.07,0.51,MIN_PROFIT_TP_HIT,68.95
TRUMP_USDT,1m,Maker 0.00% / Taker 0.01%,0.0,0.01,1,2,748,LONG,2026-01-14 23:13:59 UTC,2026-01-14 23:15:59 UTC,120.0,5.575,5.579,5.579,5.563,12.4,124,6.91,0.0069,0.0069,0.0138,0.0358,0.07,0.52,MIN_PROFIT_TP_HIT,68.99
TRUMP_USDT,1m,Maker 0.00% / Taker 0.01%,0.0,0.01,1,2,749,LONG,2026-01-15 00:00:59 UTC,2026-01-15 00:03:59 UTC,180.0,5.554,5.547,5.558,5.548,12.4,124,6.89,0.0069,0.0069,0.0138,-0.1006,-0.13,-1.46,STOP_LOSS_HIT,68.89
TRUMP_USDT,1m,Maker 0.00% / Taker 0.01%,0.0,0.01,1,2,750,SHORT,2026-01-15 00:45:59 UTC,2026-01-15 00:46:59 UTC,60.0,5.553,5.549,5.549,5.562,12.4,124,6.89,0.0069,0.0069,0.0138,0.0358,0.07,0.52,MIN_PROFIT_TP_HIT,68.92
TRUMP_USDT,1m,Maker 0.00% / Taker 0.01%,0.0,0.01,1,2,751,LONG,2026-01-15 00:49:59 UTC,2026-01-15 01:01:59 UTC,720.0,5.544,5.523,5.548,5.524,12.4,124,6.87,0.0069,0.0068,0.0137,-0.2741,-0.38,-3.99,STOP_LOSS_HIT,68.65
TRUMP_USDT,1m,Maker 0.00% / Taker 0.01%,0.0,0.01,1,2,752,SHORT,2026-01-15 02:18:59 UTC,2026-01-15 02:20:59 UTC,120.0,5.503,5.499,5.499,5.52,12.5,125,6.88,0.0069,0.0069,0.0138,0.0362,0.07,0.53,MIN_PROFIT_TP_HIT,68.69
TRUMP_USDT,1m,Maker 0.00% / Taker 0.01%,0.0,0.01,1,2,753,LONG,2026-01-15 03:15:59 UTC,2026-01-15 03:16:59 UTC,60.0,5.472,5.476,5.476,5.467,12.600000000000001,126,6.89,0.0069,0.0069,0.0138,0.0366,0.07,0.53,MIN_PROFIT_TP_HIT,68.72
TRUMP_USDT,1m,Maker 0.00% / Taker 0.01%,0.0,0.01,1,2,754,LONG,2026-01-15 03:23:59 UTC,2026-01-15 03:24:59 UTC,60.0,5.451,5.455,5.455,5.429,12.600000000000001,126,6.87,0.0069,0.0069,0.0137,0.0367,0.07,0.53,MIN_PROFIT_TP_HIT,68.76
TRUMP_USDT,1m,Maker 0.00% / Taker 0.01%,0.0,0.01,1,2,755,LONG,2026-01-15 03:25:59 UTC,2026-01-15 03:27:59 UTC,120.0,5.451,5.426,5.455,5.427,12.600000000000001,126,6.87,0.0069,0.0068,0.0137,-0.3287,-0.46,-4.79,STOP_LOSS_HIT,68.43
TRUMP_USDT,1m,Maker 0.00% / Taker 0.01%,0.0,0.01,1,2,756,LONG,2026-01-15 03:32:59 UTC,2026-01-15 03:34:59 UTC,120.0,5.434,5.438,5.438,5.419,12.600000000000001,126,6.85,0.0068,0.0069,0.0137,0.0367,0.07,0.54,MIN_PROFIT_TP_HIT,68.47
TRUMP_USDT,1m,Maker 0.00% / Taker 0.01%,0.0,0.01,1,2,757,LONG,2026-01-15 04:02:59 UTC,2026-01-15 04:03:59 UTC,60.0,5.452,5.456,5.456,5.441,12.600000000000001,126,6.87,0.0069,0.0069,0.0137,0.0367,0.07,0.53,MIN_PROFIT_TP_HIT,68.5
TRUMP_USDT,1m,Maker 0.00% / Taker 0.01%,0.0,0.01,1,2,758,LONG,2026-01-15 04:21:59 UTC,2026-01-15 04:24:59 UTC,180.0,5.471,5.475,5.475,5.458,12.5,125,6.84,0.0068,0.0068,0.0137,0.0363,0.07,0.53,MIN_PROFIT_TP_HIT,68.54
TRUMP_USDT,1m,Maker 0.00% / Taker 0.01%,0.0,0.01,1,2,759,SHORT,2026-01-15 04:34:59 UTC,2026-01-15 04:36:59 UTC,120.0,5.478,5.474,5.474,5.492,12.5,125,6.85,0.0068,0.0068,0.0137,0.0363,0.07,0.53,MIN_PROFIT_TP_HIT,68.58
TRUMP_USDT,1m,Maker 0.00% / Taker 0.01%,0.0,0.01,1,2,760,LONG,2026-01-15 04:39:59 UTC,2026-01-15 04:44:59 UTC,300.0,5.466,5.47,5.47,5.462,12.5,125,6.83,0.0068,0.0068,0.0137,0.0363,0.07,0.53,MIN_PROFIT_TP_HIT,68.61
TRUMP_USDT,1m,Maker 0.00% / Taker 0.01%,0.0,0.01,1,2,761,LONG,2026-01-15 05:00:59 UTC,2026-01-15 05:01:59 UTC,60.0,5.473,5.477,5.477,5.466,12.5,125,6.84,0.0068,0.0068,0.0137,0.0363,0.07,0.53,MIN_PROFIT_TP_HIT,68.65
TRUMP_USDT,1m,Maker 0.00% / Taker 0.01%,0.0,0.01,1,2,762,SHORT,2026-01-15 05:27:59 UTC,2026-01-15 05:30:59 UTC,180.0,5.47,5.478,5.466,5.477,12.600000000000001,126,6.89,0.0069,0.0069,0.0138,-0.1146,-0.15,-1.66,STOP_LOSS_HIT,68.54
TRUMP_USDT,1m,Maker 0.00% / Taker 0.01%,0.0,0.01,1,2,763,LONG,2026-01-15 05:49:59 UTC,2026-01-15 06:00:59 UTC,660.0,5.48,5.47,5.484,5.471,12.5,125,6.85,0.0069,0.0068,0.0137,-0.1387,-0.18,-2.02,STOP_LOSS_HIT,68.4
TRUMP_USDT,1m,Maker 0.00% / Taker 0.01%,0.0,0.01,1,2,764,LONG,2026-01-15 07:04:59 UTC,2026-01-15 07:17:59 UTC,780.0,5.466,5.47,5.47,5.459,12.5,125,6.83,0.0068,0.0068,0.0137,0.0363,0.07,0.53,MIN_PROFIT_TP_HIT,68.43
TRUMP_USDT,1m,Maker 0.00% / Taker 0.01%,0.0,0.01,1,2,765,SHORT,2026-01-15 07:19:59 UTC,2026-01-15 07:23:59 UTC,240.0,5.466,5.477,5.462,5.476,12.5,125,6.83,0.0068,0.0068,0.0137,-0.1512,-0.2,-2.21,STOP_LOSS_HIT,68.28
TRUMP_USDT,1m,Maker 0.00% / Taker 0.01%,0.0,0.01,1,2,766,SHORT,2026-01-15 07:41:59 UTC,2026-01-15 07:51:59 UTC,600.0,5.495,5.491,5.491,5.507,12.4,124,6.81,0.0068,0.0068,0.0136,0.036,0.07,0.53,MIN_PROFIT_TP_HIT,68.32
TRUMP_USDT,1m,Maker 0.00% / Taker 0.01%,0.0,0.01,1,2,767,SHORT,2026-01-15 08:06:59 UTC,2026-01-15 08:08:59 UTC,120.0,5.488,5.484,5.484,5.493,12.4,124,6.81,0.0068,0.0068,0.0136,0.036,0.07,0.53,MIN_PROFIT_TP_HIT,68.35
TRUMP_USDT,1m,Maker 0.00% / Taker 0.01%,0.0,0.01,1,2,768,LONG,2026-01-15 08:48:59 UTC,2026-01-15 08:50:59 UTC,120.0,5.482,5.486,5.486,5.478,12.5,125,6.85,0.0069,0.0069,0.0137,0.0363,0.07,0.53,MIN_PROFIT_TP_HIT,68.39
TRUMP_USDT,1m,Maker 0.00% / Taker 0.01%,0.0,0.01,1,2,769,SHORT,2026-01-15 08:52:59 UTC,2026-01-15 08:56:59 UTC,240.0,5.485,5.491,5.481,5.49,12.5,125,6.86,0.0069,0.0069,0.0137,-0.0887,-0.11,-1.29,STOP_LOSS_HIT,68.3
TRUMP_USDT,1m,Maker 0.00% / Taker 0.01%,0.0,0.01,1,2,770,LONG,2026-01-15 08:57:59 UTC,2026-01-15 09:01:59 UTC,240.0,5.494,5.486,5.498,5.487,12.4,124,6.81,0.0068,0.0068,0.0136,-0.1128,-0.15,-1.66,STOP_LOSS_HIT,68.19
TRUMP_USDT,1m,Maker 0.00% / Taker 0.01%,0.0,0.01,1,2,771,SHORT,2026-01-15 09:30:59 UTC,2026-01-15 09:31:00 UTC,0.1,5.489,5.491,5.485,5.49,12.4,124,6.81,0.0068,0.0068,0.0136,-0.0384,-0.04,-0.56,STOP_LOSS_HIT,68.15
TRUMP_USDT,1m,Maker 0.00% / Taker 0.01%,0.0,0.01,1,2,772,LONG,2026-01-15 09:39:59 UTC,2026-01-15 09:42:59 UTC,180.0,5.504,5.508,5.508,5.487,12.4,124,6.82,0.0068,0.0068,0.0137,0.0359,0.07,0.53,MIN_PROFIT_TP_HIT,68.19
TRUMP_USDT,1m,Maker 0.00% / Taker 0.01%,0.0,0.01,1,2,773,SHORT,2026-01-15 10:36:59 UTC,2026-01-15 10:41:59 UTC,300.0,5.498,5.494,5.494,5.505,12.4,124,6.82,0.0068,0.0068,0.0136,0.036,0.07,0.53,MIN_PROFIT_TP_HIT,68.22
TRUMP_USDT,1m,Maker 0.00% / Taker 0.01%,0.0,0.01,1,2,774,LONG,2026-01-15 11:02:59 UTC,2026-01-15 11:07:59 UTC,300.0,5.508,5.499,5.512,5.5,12.4,124,6.83,0.0068,0.0068,0.0136,-0.1252,-0.16,-1.83,STOP_LOSS_HIT,68.1
TRUMP_USDT,1m,Maker 0.00% / Taker 0.01%,0.0,0.01,1,2,775,LONG,2026-01-15 11:24:59 UTC,2026-01-15 11:26:59 UTC,120.0,5.503,5.5,5.507,5.501,12.4,124,6.82,0.0068,0.0068,0.0136,-0.0508,-0.05,-0.75,STOP_LOSS_HIT,68.05
TRUMP_USDT,1m,Maker 0.00% / Taker 0.01%,0.0,0.01,1,2,776,LONG,2026-01-15 12:44:59 UTC,2026-01-15 12:49:59 UTC,300.0,5.467,5.471,5.471,5.46,12.4,124,6.78,0.0068,0.0068,0.0136,0.036,0.07,0.53,MIN_PROFIT_TP_HIT,68.08
TRUMP_USDT,1m,Maker 0.00% / Taker 0.01%,0.0,0.01,1,2,777,SHORT,2026-01-15 12:56:59 UTC,2026-01-15 12:57:59 UTC,60.0,5.48,5.486,5.476,5.485,12.4,124,6.8,0.0068,0.0068,0.0136,-0.088,-0.11,-1.29,STOP_LOSS_HIT,67.99
TRUMP_USDT,1m,Maker 0.00% / Taker 0.01%,0.0,0.01,1,2,778,SHORT,2026-01-15 13:15:59 UTC,2026-01-15 13:31:59 UTC,960.0,5.477,5.473,5.473,5.484,12.4,124,6.79,0.0068,0.0068,0.0136,0.036,0.07,0.53,MIN_PROFIT_TP_HIT,68.03
TRUMP_USDT,1m,Maker 0.00% / Taker 0.01%,0.0,0.01,1,2,779,SHORT,2026-01-15 13:44:59 UTC,2026-01-15 13:48:59 UTC,240.0,5.474,5.485,5.47,5.484,12.4,124,6.79,0.0068,0.0068,0.0136,-0.15,-0.2,-2.21,STOP_LOSS_HIT,67.88
TRUMP_USDT,1m,Maker 0.00% / Taker 0.01%,0.0,0.01,1,2,780,LONG,2026-01-15 14:03:59 UTC,2026-01-15 14:23:59 UTC,1200.0,5.481,5.466,5.485,5.467,12.4,124,6.8,0.0068,0.0068,0.0136,-0.1996,-0.27,-2.94,STOP_LOSS_HIT,67.68
TRUMP_USDT,1m,Maker 0.00% / Taker 0.01%,0.0,0.01,1,2,781,LONG,2026-01-15 14:34:59 UTC,2026-01-15 14:39:59 UTC,300.0,5.45,5.434,5.454,5.435,12.4,124,6.76,0.0068,0.0067,0.0135,-0.2119,-0.29,-3.14,STOP_LOSS_HIT,67.47
TRUMP_USDT,1m,Maker 0.00% / Taker 0.01%,0.0,0.01,1,2,782,SHORT,2026-01-15 14:46:59 UTC,2026-01-15 14:47:59 UTC,60.0,5.423,5.419,5.419,5.44,12.4,124,6.72,0.0067,0.0067,0.0134,0.0362,0.07,0.54,MIN_PROFIT_TP_HIT,67.5
TRUMP_USDT,1m,Maker 0.00% / Taker 0.01%,0.0,0.01,1,2,783,LONG,2026-01-15 15:18:59 UTC,2026-01-15 15:23:59 UTC,300.0,5.454,5.436,5.458,5.437,12.4,124,6.76,0.0068,0.0067,0.0135,-0.2367,-0.33,-3.5,STOP_LOSS_HIT,67.27
TRUMP_USDT,1m,Maker 0.00% / Taker 0.01%,0.0,0.01,1,2,784,SHORT,2026-01-15 15:39:59 UTC,2026-01-15 15:40:59 UTC,60.0,5.409,5.405,5.405,5.431,12.4,124,6.71,0.0067,0.0067,0.0134,0.0362,0.07,0.54,MIN_PROFIT_TP_HIT,67.3
TRUMP_USDT,1m,Maker 0.00% / Taker 0.01%,0.0,0.01,1,2,785,SHORT,2026-01-15 16:02:59 UTC,2026-01-15 16:04:59 UTC,120.0,5.4,5.418,5.396,5.417,12.5,125,6.75,0.0067,0.0068,0.0135,-0.2385,-0.33,-3.53,STOP_LOSS_HIT,67.07
TRUMP_USDT,1m,Maker 0.00% / Taker 0.01%,0.0,0.01,1,2,786,SHORT,2026-01-15 16:50:59 UTC,2026-01-15 16:55:59 UTC,300.0,5.404,5.417,5.4,5.416,12.4,124,6.7,0.0067,0.0067,0.0134,-0.1746,-0.24,-2.61,STOP_LOSS_HIT,66.89
TRUMP_USDT,1m,Maker 0.00% / Taker 0.01%,0.0,0.01,1,2,787,LONG,2026-01-15 17:38:59 UTC,2026-01-15 17:42:59 UTC,240.0,5.408,5.412,5.412,5.393,12.4,124,6.71,0.0067,0.0067,0.0134,0.0362,0.07,0.54,MIN_PROFIT_TP_HIT,66.93
TRUMP_USDT,1m,Maker 0.00% / Taker 0.01%,0.0,0.01,1,2,788,LONG,2026-01-15 18:43:59 UTC,2026-01-15 18:44:59 UTC,60.0,5.353,5.357,5.357,5.335,12.5,125,6.69,0.0067,0.0067,0.0134,0.0366,0.07,0.55,MIN_PROFIT_TP_HIT,66.96
TRUMP_USDT,1m,Maker 0.00% / Taker 0.01%,0.0,0.01,1,2,789,LONG,2026-01-15 19:04:59 UTC,2026-01-15 19:05:59 UTC,60.0,5.326,5.33,5.33,5.303,12.600000000000001,126,6.71,0.0067,0.0067,0.0134,0.037,0.08,0.55,MIN_PROFIT_TP_HIT,67.0
TRUMP_USDT,1m,Maker 0.00% / Taker 0.01%,0.0,0.01,1,2,790,SHORT,2026-01-15 19:21:59 UTC,2026-01-15 19:23:59 UTC,120.0,5.342,5.338,5.338,5.354,12.5,125,6.68,0.0067,0.0067,0.0133,0.0366,0.07,0.55,MIN_PROFIT_TP_HIT,67.04
TRUMP_USDT,1m,Maker 0.00% / Taker 0.01%,0.0,0.01,1,2,791,SHORT,2026-01-15 19:36:59 UTC,2026-01-15 19:37:59 UTC,60.0,5.337,5.333,5.333,5.349,12.600000000000001,126,6.72,0.0067,0.0067,0.0134,0.037,0.07,0.55,MIN_PROFIT_TP_HIT,67.07
TRUMP_USDT,1m,Maker 0.00% / Taker 0.01%,0.0,0.01,1,2,792,SHORT,2026-01-15 19:48:59 UTC,2026-01-15 19:54:59 UTC,360.0,5.352,5.348,5.348,5.363,12.5,125,6.69,0.0067,0.0067,0.0134,0.0366,0.07,0.55,MIN_PROFIT_TP_HIT,67.11
TRUMP_USDT,1m,Maker 0.00% / Taker 0.01%,0.0,0.01,1,2,793,SHORT,2026-01-15 20:37:59 UTC,2026-01-15 20:38:59 UTC,60.0,5.341,5.337,5.337,5.35,12.600000000000001,126,6.73,0.0067,0.0067,0.0135,0.0369,0.07,0.55,MIN_PROFIT_TP_HIT,67.15
TRUMP_USDT,1m,Maker 0.00% / Taker 0.01%,0.0,0.01,1,2,794,LONG,2026-01-15 21:02:59 UTC,2026-01-15 21:17:59 UTC,900.0,5.343,5.347,5.347,5.331,12.600000000000001,126,6.73,0.0067,0.0067,0.0135,0.0369,0.07,0.55,MIN_PROFIT_TP_HIT,67.19
TRUMP_USDT,1m,Maker 0.00% / Taker 0.01%,0.0,0.01,1,2,795,LONG,2026-01-15 21:18:59 UTC,2026-01-15 21:21:59 UTC,180.0,5.345,5.349,5.349,5.33,12.600000000000001,126,6.73,0.0067,0.0067,0.0135,0.0369,0.07,0.55,MIN_PROFIT_TP_HIT,67.22
TRUMP_USDT,1m,Maker 0.00% / Taker 0.01%,0.0,0.01,1,2,796,LONG,2026-01-15 21:38:59 UTC,2026-01-15 21:47:59 UTC,540.0,5.352,5.356,5.356,5.343,12.600000000000001,126,6.74,0.0067,0.0067,0.0135,0.0369,0.07,0.55,MIN_PROFIT_TP_HIT,67.26
TRUMP_USDT,1m,Maker 0.00% / Taker 0.01%,0.0,0.01,1,2,797,SHORT,2026-01-15 21:49:59 UTC,2026-01-15 21:53:59 UTC,240.0,5.354,5.35,5.35,5.361,12.600000000000001,126,6.75,0.0067,0.0067,0.0135,0.0369,0.07,0.55,MIN_PROFIT_TP_HIT,67.3
TRUMP_USDT,1m,Maker 0.00% / Taker 0.01%,0.0,0.01,1,2,798,SHORT,2026-01-15 23:18:59 UTC,2026-01-15 23:19:59 UTC,60.0,5.367,5.37,5.363,5.369,12.5,125,6.71,0.0067,0.0067,0.0134,-0.0509,-0.06,-0.76,STOP_LOSS_HIT,67.24
TRUMP_USDT,1m,Maker 0.00% / Taker 0.01%,0.0,0.01,1,2,799,SHORT,2026-01-15 23:22:59 UTC,2026-01-15 23:29:59 UTC,420.0,5.362,5.358,5.358,5.371,12.5,125,6.7,0.0067,0.0067,0.0134,0.0366,0.07,0.55,MIN_PROFIT_TP_HIT,67.28
TRUMP_USDT,1m,Maker 0.00% / Taker 0.01%,0.0,0.01,1,2,800,LONG,2026-01-15 23:33:59 UTC,2026-01-15 23:49:59 UTC,960.0,5.357,5.361,5.361,5.341,12.600000000000001,126,6.75,0.0067,0.0068,0.0135,0.0369,0.07,0.55,MIN_PROFIT_TP_HIT,67.32
TRUMP_USDT,1m,Maker 0.00% / Taker 0.01%,0.0,0.01,1,2,801,SHORT,2026-01-15 23:52:59 UTC,2026-01-15 23:55:59 UTC,180.0,5.365,5.361,5.361,5.37,12.5,125,6.71,0.0067,0.0067,0.0134,0.0366,0.07,0.55,MIN_PROFIT_TP_HIT,67.36
TRUMP_USDT,1m,Maker 0.00% / Taker 0.01%,0.0,0.01,1,2,802,LONG,2026-01-16 00:16:59 UTC,2026-01-16 00:21:59 UTC,300.0,5.369,5.373,5.373,5.36,12.5,125,6.71,0.0067,0.0067,0.0134,0.0366,0.07,0.54,MIN_PROFIT_TP_HIT,67.39
TRUMP_USDT,1m,Maker 0.00% / Taker 0.01%,0.0,0.01,1,2,803,LONG,2026-01-16 01:00:59 UTC,2026-01-16 01:05:59 UTC,300.0,5.373,5.367,5.377,5.368,12.5,125,6.72,0.0067,0.0067,0.0134,-0.0884,-0.11,-1.32,STOP_LOSS_HIT,67.3
TRUMP_USDT,1m,Maker 0.00% / Taker 0.01%,0.0,0.01,1,2,804,SHORT,2026-01-16 01:10:59 UTC,2026-01-16 01:31:59 UTC,1260.0,5.359,5.37,5.355,5.369,12.600000000000001,126,6.75,0.0068,0.0068,0.0135,-0.1521,-0.21,-2.25,STOP_LOSS_HIT,67.15
TRUMP_USDT,1m,Maker 0.00% / Taker 0.01%,0.0,0.01,1,2,805,SHORT,2026-01-16 01:59:59 UTC,2026-01-16 02:03:59 UTC,240.0,5.363,5.359,5.359,5.368,12.5,125,6.7,0.0067,0.0067,0.0134,0.0366,0.07,0.55,MIN_PROFIT_TP_HIT,67.19
TRUMP_USDT,1m,Maker 0.00% / Taker 0.01%,0.0,0.01,1,2,806,SHORT,2026-01-16 02:21:59 UTC,2026-01-16 02:26:59 UTC,300.0,5.348,5.358,5.344,5.357,12.600000000000001,126,6.74,0.0067,0.0068,0.0135,-0.1395,-0.19,-2.07,STOP_LOSS_HIT,67.05
TRUMP_USDT,1m,Maker 0.00% / Taker 0.01%,0.0,0.01,1,2,807,LONG,2026-01-16 02:27:59 UTC,2026-01-16 02:28:59 UTC,60.0,5.359,5.363,5.363,5.347,12.5,125,6.7,0.0067,0.0067,0.0134,0.0366,0.07,0.55,MIN_PROFIT_TP_HIT,67.08
TRUMP_USDT,1m,Maker 0.00% / Taker 0.01%,0.0,0.01,1,2,808,SHORT,2026-01-16 02:31:59 UTC,2026-01-16 02:33:59 UTC,120.0,5.359,5.355,5.355,5.368,12.5,125,6.7,0.0067,0.0067,0.0134,0.0366,0.07,0.55,MIN_PROFIT_TP_HIT,67.12
TRUMP_USDT,1m,Maker 0.00% / Taker 0.01%,0.0,0.01,1,2,809,LONG,2026-01-16 02:50:59 UTC,2026-01-16 02:55:59 UTC,300.0,5.356,5.36,5.36,5.345,12.5,125,6.7,0.0067,0.0067,0.0134,0.0366,0.07,0.55,MIN_PROFIT_TP_HIT,67.16
TRUMP_USDT,1m,Maker 0.00% / Taker 0.01%,0.0,0.01,1,2,810,LONG,2026-01-16 03:14:59 UTC,2026-01-16 03:15:59 UTC,60.0,5.368,5.362,5.372,5.363,12.5,125,6.71,0.0067,0.0067,0.0134,-0.0884,-0.11,-1.32,STOP_LOSS_HIT,67.07
TRUMP_USDT,1m,Maker 0.00% / Taker 0.01%,0.0,0.01,1,2,811,LONG,2026-01-16 03:23:59 UTC,2026-01-16 03:31:59 UTC,480.0,5.37,5.36,5.374,5.361,12.5,125,6.71,0.0067,0.0067,0.0134,-0.1384,-0.19,-2.06,STOP_LOSS_HIT,66.93
TRUMP_USDT,1m,Maker 0.00% / Taker 0.01%,0.0,0.01,1,2,812,LONG,2026-01-16 03:54:59 UTC,2026-01-16 03:56:59 UTC,120.0,5.354,5.348,5.358,5.349,12.5,125,6.69,0.0067,0.0067,0.0134,-0.0884,-0.11,-1.32,STOP_LOSS_HIT,66.84
TRUMP_USDT,1m,Maker 0.00% / Taker 0.01%,0.0,0.01,1,2,813,SHORT,2026-01-16 04:29:59 UTC,2026-01-16 04:34:59 UTC,300.0,5.34,5.336,5.336,5.349,12.5,125,6.67,0.0067,0.0067,0.0133,0.0367,0.07,0.55,MIN_PROFIT_TP_HIT,66.88
TRUMP_USDT,1m,Maker 0.00% / Taker 0.01%,0.0,0.01,1,2,814,SHORT,2026-01-16 04:49:59 UTC,2026-01-16 04:51:59 UTC,120.0,5.316,5.312,5.312,5.328,12.600000000000001,126,6.7,0.0067,0.0067,0.0134,0.037,0.08,0.55,MIN_PROFIT_TP_HIT,66.92
TRUMP_USDT,1m,Maker 0.00% / Taker 0.01%,0.0,0.01,1,2,815,SHORT,2026-01-16 05:49:59 UTC,2026-01-16 05:50:59 UTC,60.0,5.355,5.36,5.351,5.359,12.5,125,6.69,0.0067,0.0067,0.0134,-0.0759,-0.09,-1.13,STOP_LOSS_HIT,66.84
TRUMP_USDT,1m,Maker 0.00% / Taker 0.01%,0.0,0.01,1,2,816,SHORT,2026-01-16 07:07:59 UTC,2026-01-16 07:09:59 UTC,120.0,5.352,5.357,5.348,5.356,12.5,125,6.69,0.0067,0.0067,0.0134,-0.0759,-0.09,-1.13,STOP_LOSS_HIT,66.76
TRUMP_USDT,1m,Maker 0.00% / Taker 0.01%,0.0,0.01,1,2,817,SHORT,2026-01-16 07:23:59 UTC,2026-01-16 07:28:59 UTC,300.0,5.352,5.348,5.348,5.359,12.5,125,6.69,0.0067,0.0067,0.0134,0.0366,0.07,0.55,MIN_PROFIT_TP_HIT,66.8
TRUMP_USDT,1m,Maker 0.00% / Taker 0.01%,0.0,0.01,1,2,818,LONG,2026-01-16 07:32:59 UTC,2026-01-16 07:40:59 UTC,480.0,5.352,5.344,5.356,5.345,12.5,125,6.69,0.0067,0.0067,0.0134,-0.1134,-0.15,-1.69,STOP_LOSS_HIT,66.69
TRUMP_USDT,1m,Maker 0.00% / Taker 0.01%,0.0,0.01,1,2,819,LONG,2026-01-16 07:46:59 UTC,2026-01-16 07:52:59 UTC,360.0,5.351,5.355,5.355,5.346,12.5,125,6.69,0.0067,0.0067,0.0134,0.0366,0.07,0.55,MIN_PROFIT_TP_HIT,66.72
TRUMP_USDT,1m,Maker 0.00% / Taker 0.01%,0.0,0.01,1,2,820,SHORT,2026-01-16 07:57:59 UTC,2026-01-16 07:58:59 UTC,60.0,5.363,5.368,5.359,5.367,12.4,124,6.65,0.0067,0.0067,0.0133,-0.0753,-0.09,-1.13,STOP_LOSS_HIT,66.65
TRUMP_USDT,1m,Maker 0.00% / Taker 0.01%,0.0,0.01,1,2,821,LONG,2026-01-16 08:20:59 UTC,2026-01-16 08:29:59 UTC,540.0,5.408,5.412,5.412,5.396,12.3,123,6.65,0.0067,0.0067,0.0133,0.0359,0.07,0.54,MIN_PROFIT_TP_HIT,66.69
TRUMP_USDT,1m,Maker 0.00% / Taker 0.01%,0.0,0.01,1,2,822,LONG,2026-01-16 08:31:59 UTC,2026-01-16 08:33:59 UTC,120.0,5.412,5.416,5.416,5.395,12.3,123,6.66,0.0067,0.0067,0.0133,0.0359,0.07,0.54,MIN_PROFIT_TP_HIT,66.72
TRUMP_USDT,1m,Maker 0.00% / Taker 0.01%,0.0,0.01,1,2,823,SHORT,2026-01-16 08:35:59 UTC,2026-01-16 08:38:59 UTC,180.0,5.414,5.41,5.41,5.418,12.3,123,6.66,0.0067,0.0067,0.0133,0.0359,0.07,0.54,MIN_PROFIT_TP_HIT,66.76
TRUMP_USDT,1m,Maker 0.00% / Taker 0.01%,0.0,0.01,1,2,824,LONG,2026-01-16 08:41:59 UTC,2026-01-16 08:43:59 UTC,120.0,5.421,5.425,5.425,5.407,12.3,123,6.67,0.0067,0.0067,0.0133,0.0359,0.07,0.54,MIN_PROFIT_TP_HIT,66.79
TRUMP_USDT,1m,Maker 0.00% / Taker 0.01%,0.0,0.01,1,2,825,LONG,2026-01-16 08:55:59 UTC,2026-01-16 08:58:59 UTC,180.0,5.404,5.408,5.408,5.4,12.4,124,6.7,0.0067,0.0067,0.0134,0.0362,0.07,0.54,MIN_PROFIT_TP_HIT,66.83
TRUMP_USDT,1m,Maker 0.00% / Taker 0.01%,0.0,0.01,1,2,826,SHORT,2026-01-16 09:31:59 UTC,2026-01-16 09:33:59 UTC,120.0,5.418,5.426,5.414,5.425,12.3,123,6.66,0.0067,0.0067,0.0133,-0.1117,-0.15,-1.68,STOP_LOSS_HIT,66.72
TRUMP_USDT,1m,Maker 0.00% / Taker 0.01%,0.0,0.01,1,2,827,SHORT,2026-01-16 09:36:59 UTC,2026-01-16 09:38:59 UTC,120.0,5.426,5.431,5.422,5.43,12.3,123,6.67,0.0067,0.0067,0.0134,-0.0749,-0.09,-1.12,STOP_LOSS_HIT,66.64
TRUMP_USDT,1m,Maker 0.00% / Taker 0.01%,0.0,0.01,1,2,828,LONG,2026-01-16 10:19:59 UTC,2026-01-16 10:20:59 UTC,60.0,5.398,5.402,5.402,5.397,12.3,123,6.64,0.0066,0.0066,0.0133,0.0359,0.07,0.54,MIN_PROFIT_TP_HIT,66.68
TRUMP_USDT,1m,Maker 0.00% / Taker 0.01%,0.0,0.01,1,2,829,SHORT,2026-01-16 10:51:59 UTC,2026-01-16 10:56:59 UTC,300.0,5.393,5.399,5.389,5.398,12.4,124,6.69,0.0067,0.0067,0.0134,-0.0878,-0.11,-1.31,STOP_LOSS_HIT,66.59
TRUMP_USDT,1m,Maker 0.00% / Taker 0.01%,0.0,0.01,1,2,830,LONG,2026-01-16 11:06:59 UTC,2026-01-16 11:08:59 UTC,120.0,5.403,5.398,5.407,5.399,12.3,123,6.65,0.0066,0.0066,0.0133,-0.0748,-0.09,-1.13,STOP_LOSS_HIT,66.52
TRUMP_USDT,1m,Maker 0.00% / Taker 0.01%,0.0,0.01,1,2,831,LONG,2026-01-16 12:00:59 UTC,2026-01-16 12:02:59 UTC,120.0,5.4,5.404,5.404,5.39,12.3,123,6.64,0.0066,0.0066,0.0133,0.0359,0.07,0.54,MIN_PROFIT_TP_HIT,66.55
TRUMP_USDT,1m,Maker 0.00% / Taker 0.01%,0.0,0.01,1,2,832,SHORT,2026-01-16 12:03:59 UTC,2026-01-16 12:04:59 UTC,60.0,5.396,5.392,5.392,5.4,12.3,123,6.64,0.0066,0.0066,0.0133,0.0359,0.07,0.54,MIN_PROFIT_TP_HIT,66.59
TRUMP_USDT,1m,Maker 0.00% / Taker 0.01%,0.0,0.01,1,2,833,LONG,2026-01-16 12:34:59 UTC,2026-01-16 12:41:59 UTC,420.0,5.376,5.38,5.38,5.363,12.4,124,6.67,0.0067,0.0067,0.0133,0.0363,0.07,0.54,MIN_PROFIT_TP_HIT,66.62
TRUMP_USDT,1m,Maker 0.00% / Taker 0.01%,0.0,0.01,1,2,834,SHORT,2026-01-16 13:02:59 UTC,2026-01-16 13:03:59 UTC,60.0,5.375,5.38,5.371,5.379,12.4,124,6.67,0.0067,0.0067,0.0133,-0.0753,-0.09,-1.13,STOP_LOSS_HIT,66.55
TRUMP_USDT,1m,Maker 0.00% / Taker 0.01%,0.0,0.01,1,2,835,SHORT,2026-01-16 13:47:59 UTC,2026-01-16 13:54:59 UTC,420.0,5.369,5.375,5.365,5.374,12.4,124,6.66,0.0067,0.0067,0.0133,-0.0877,-0.11,-1.32,STOP_LOSS_HIT,66.46
TRUMP_USDT,1m,Maker 0.00% / Taker 0.01%,0.0,0.01,1,2,836,LONG,2026-01-16 14:10:59 UTC,2026-01-16 14:11:59 UTC,60.0,5.369,5.366,5.373,5.367,12.4,124,6.66,0.0067,0.0067,0.0133,-0.0505,-0.06,-0.76,STOP_LOSS_HIT,66.41
TRUMP_USDT,1m,Maker 0.00% / Taker 0.01%,0.0,0.01,1,2,837,LONG,2026-01-16 14:38:59 UTC,2026-01-16 14:39:59 UTC,60.0,5.382,5.374,5.386,5.375,12.3,123,6.62,0.0066,0.0066,0.0132,-0.1116,-0.15,-1.69,STOP_LOSS_HIT,66.3
TRUMP_USDT,1m,Maker 0.00% / Taker 0.01%,0.0,0.01,1,2,838,LONG,2026-01-16 15:24:59 UTC,2026-01-16 15:25:59 UTC,60.0,5.349,5.353,5.353,5.328,12.4,124,6.63,0.0066,0.0066,0.0133,0.0363,0.07,0.55,MIN_PROFIT_TP_HIT,66.33
TRUMP_USDT,1m,Maker 0.00% / Taker 0.01%,0.0,0.01,1,2,839,LONG,2026-01-16 15:35:59 UTC,2026-01-16 15:37:59 UTC,120.0,5.318,5.322,5.322,5.294,12.5,125,6.65,0.0066,0.0067,0.0133,0.0367,0.08,0.55,MIN_PROFIT_TP_HIT,66.37
TRUMP_USDT,1m,Maker 0.00% / Taker 0.01%,0.0,0.01,1,2,840,SHORT,2026-01-16 16:22:59 UTC,2026-01-16 16:30:59 UTC,480.0,5.35,5.346,5.346,5.357,12.4,124,6.63,0.0066,0.0066,0.0133,0.0363,0.07,0.55,MIN_PROFIT_TP_HIT,66.41
TRUMP_USDT,1m,Maker 0.00% / Taker 0.01%,0.0,0.01,1,2,841,LONG,2026-01-16 16:37:59 UTC,2026-01-16 16:41:59 UTC,240.0,5.359,5.363,5.363,5.344,12.4,124,6.65,0.0066,0.0067,0.0133,0.0363,0.07,0.55,MIN_PROFIT_TP_HIT,66.44
TRUMP_USDT,1m,Maker 0.00% / Taker 0.01%,0.0,0.01,1,2,842,SHORT,2026-01-16 16:52:59 UTC,2026-01-16 16:54:59 UTC,120.0,5.374,5.37,5.37,5.383,12.4,124,6.66,0.0067,0.0067,0.0133,0.0363,0.07,0.54,MIN_PROFIT_TP_HIT,66.48
TRUMP_USDT,1m,Maker 0.00% / Taker 0.01%,0.0,0.01,1,2,843,LONG,2026-01-16 16:59:59 UTC,2026-01-16 17:06:59 UTC,420.0,5.366,5.356,5.37,5.357,12.4,124,6.65,0.0067,0.0066,0.0133,-0.1373,-0.19,-2.06,STOP_LOSS_HIT,66.34
TRUMP_USDT,1m,Maker 0.00% / Taker 0.01%,0.0,0.01,1,2,844,LONG,2026-01-16 17:08:59 UTC,2026-01-16 17:12:59 UTC,240.0,5.357,5.352,5.361,5.353,12.4,124,6.64,0.0066,0.0066,0.0133,-0.0753,-0.09,-1.13,STOP_LOSS_HIT,66.27
TRUMP_USDT,1m,Maker 0.00% / Taker 0.01%,0.0,0.01,1,2,845,SHORT,2026-01-16 17:20:59 UTC,2026-01-16 17:24:59 UTC,240.0,5.354,5.35,5.35,5.359,12.4,124,6.64,0.0066,0.0066,0.0133,0.0363,0.07,0.55,MIN_PROFIT_TP_HIT,66.3
TRUMP_USDT,1m,Maker 0.00% / Taker 0.01%,0.0,0.01,1,2,846,SHORT,2026-01-16 17:34:59 UTC,2026-01-16 17:36:59 UTC,120.0,5.361,5.357,5.357,5.363,12.4,124,6.65,0.0066,0.0066,0.0133,0.0363,0.07,0.55,MIN_PROFIT_TP_HIT,66.34
TRUMP_USDT,1m,Maker 0.00% / Taker 0.01%,0.0,0.01,1,2,847,LONG,2026-01-16 18:04:59 UTC,2026-01-16 18:05:59 UTC,60.0,5.356,5.36,5.36,5.347,12.4,124,6.64,0.0066,0.0066,0.0133,0.0363,0.07,0.55,MIN_PROFIT_TP_HIT,66.38
TRUMP_USDT,1m,Maker 0.00% / Taker 0.01%,0.0,0.01,1,2,848,SHORT,2026-01-16 18:27:59 UTC,2026-01-16 18:33:59 UTC,360.0,5.358,5.354,5.354,5.365,12.4,124,6.64,0.0066,0.0066,0.0133,0.0363,0.07,0.55,MIN_PROFIT_TP_HIT,66.41
TRUMP_USDT,1m,Maker 0.00% / Taker 0.01%,0.0,0.01,1,2,849,LONG,2026-01-16 18:42:59 UTC,2026-01-16 18:48:59 UTC,360.0,5.351,5.343,5.355,5.344,12.4,124,6.64,0.0066,0.0066,0.0133,-0.1125,-0.15,-1.69,STOP_LOSS_HIT,66.3
TRUMP_USDT,1m,Maker 0.00% / Taker 0.01%,0.0,0.01,1,2,850,SHORT,2026-01-16 19:10:59 UTC,2026-01-16 19:21:59 UTC,660.0,5.323,5.319,5.319,5.333,12.5,125,6.65,0.0067,0.0066,0.0133,0.0367,0.08,0.55,MIN_PROFIT_TP_HIT,66.34
TRUMP_USDT,1m,Maker 0.00% / Taker 0.01%,0.0,0.01,1,2,851,SHORT,2026-01-16 19:52:59 UTC,2026-01-16 20:01:59 UTC,540.0,5.345,5.341,5.341,5.353,12.4,124,6.63,0.0066,0.0066,0.0133,0.0363,0.07,0.55,MIN_PROFIT_TP_HIT,66.37
TRUMP_USDT,1m,Maker 0.00% / Taker 0.01%,0.0,0.01,1,2,852,SHORT,2026-01-16 20:21:59 UTC,2026-01-16 20:25:59 UTC,240.0,5.354,5.36,5.35,5.359,12.4,124,6.64,0.0066,0.0066,0.0133,-0.0877,-0.11,-1.32,STOP_LOSS_HIT,66.29
TRUMP_USDT,1m,Maker 0.00% / Taker 0.01%,0.0,0.01,1,2,853,SHORT,2026-01-16 20:48:59 UTC,2026-01-16 20:51:59 UTC,180.0,5.396,5.403,5.392,5.402,12.3,123,6.64,0.0066,0.0066,0.0133,-0.0994,-0.13,-1.5,STOP_LOSS_HIT,66.19
TRUMP_USDT,1m,Maker 0.00% / Taker 0.01%,0.0,0.01,1,2,854,SHORT,2026-01-16 21:05:59 UTC,2026-01-16 21:10:59 UTC,300.0,5.399,5.404,5.395,5.403,12.3,123,6.64,0.0066,0.0066,0.0133,-0.0748,-0.09,-1.13,STOP_LOSS_HIT,66.11
TRUMP_USDT,1m,Maker 0.00% / Taker 0.01%,0.0,0.01,1,2,855,LONG,2026-01-16 21:11:59 UTC,2026-01-16 21:14:59 UTC,180.0,5.401,5.395,5.405,5.396,12.200000000000001,122,6.59,0.0066,0.0066,0.0132,-0.0864,-0.11,-1.31,STOP_LOSS_HIT,66.03
TRUMP_USDT,1m,Maker 0.00% / Taker 0.01%,0.0,0.01,1,2,856,SHORT,2026-01-16 22:29:59 UTC,2026-01-16 22:30:59 UTC,60.0,5.372,5.368,5.368,5.376,12.3,123,6.61,0.0066,0.0066,0.0132,0.036,0.07,0.54,MIN_PROFIT_TP_HIT,66.06
TRUMP_USDT,1m,Maker 0.00% / Taker 0.01%,0.0,0.01,1,2,857,SHORT,2026-01-16 23:24:59 UTC,2026-01-16 23:32:59 UTC,480.0,5.399,5.395,5.395,5.406,12.200000000000001,122,6.59,0.0066,0.0066,0.0132,0.0356,0.07,0.54,MIN_PROFIT_TP_HIT,66.1
TRUMP_USDT,1m,Maker 0.00% / Taker 0.01%,0.0,0.01,1,2,858,LONG,2026-01-16 23:52:59 UTC,2026-01-17 00:00:59 UTC,480.0,5.382,5.386,5.386,5.378,12.3,123,6.62,0.0066,0.0066,0.0132,0.036,0.07,0.54,MIN_PROFIT_TP_HIT,66.13
TRUMP_USDT,1m,Maker 0.00% / Taker 0.01%,0.0,0.01,1,2,859,LONG,2026-01-17 00:16:59 UTC,2026-01-17 00:45:59 UTC,1740.0,5.376,5.38,5.38,5.364,12.3,123,6.61,0.0066,0.0066,0.0132,0.036,0.07,0.54,MIN_PROFIT_TP_HIT,66.17
TRUMP_USDT,1m,Maker 0.00% / Taker 0.01%,0.0,0.01,1,2,860,LONG,2026-01-17 01:07:59 UTC,2026-01-17 01:23:59 UTC,960.0,5.383,5.387,5.387,5.371,12.3,123,6.62,0.0066,0.0066,0.0132,0.036,0.07,0.54,MIN_PROFIT_TP_HIT,66.21
TRUMP_USDT,1m,Maker 0.00% / Taker 0.01%,0.0,0.01,1,2,861,LONG,2026-01-17 01:44:59 UTC,2026-01-17 01:49:59 UTC,300.0,5.382,5.386,5.386,5.377,12.3,123,6.62,0.0066,0.0066,0.0132,0.036,0.07,0.54,MIN_PROFIT_TP_HIT,66.24
TRUMP_USDT,1m,Maker 0.00% / Taker 0.01%,0.0,0.01,1,2,862,LONG,2026-01-17 02:59:59 UTC,2026-01-17 03:10:59 UTC,660.0,5.379,5.383,5.383,5.372,12.3,123,6.62,0.0066,0.0066,0.0132,0.036,0.07,0.54,MIN_PROFIT_TP_HIT,66.28
TRUMP_USDT,1m,Maker 0.00% / Taker 0.01%,0.0,0.01,1,2,863,LONG,2026-01-17 03:11:59 UTC,2026-01-17 03:32:59 UTC,1260.0,5.384,5.371,5.388,5.372,12.3,123,6.62,0.0066,0.0066,0.0132,-0.1731,-0.24,-2.61,STOP_LOSS_HIT,66.1
TRUMP_USDT,1m,Maker 0.00% / Taker 0.01%,0.0,0.01,1,2,864,SHORT,2026-01-17 03:46:59 UTC,2026-01-17 04:08:59 UTC,1320.0,5.369,5.365,5.365,5.376,12.3,123,6.6,0.0066,0.0066,0.0132,0.036,0.07,0.55,MIN_PROFIT_TP_HIT,66.14
TRUMP_USDT,1m,Maker 0.00% / Taker 0.01%,0.0,0.01,1,2,865,LONG,2026-01-17 04:18:59 UTC,2026-01-17 04:29:59 UTC,660.0,5.368,5.372,5.372,5.362,12.3,123,6.6,0.0066,0.0066,0.0132,0.036,0.07,0.55,MIN_PROFIT_TP_HIT,66.18
TRUMP_USDT,1m,Maker 0.00% / Taker 0.01%,0.0,0.01,1,2,866,SHORT,2026-01-17 04:34:59 UTC,2026-01-17 04:35:59 UTC,60.0,5.37,5.366,5.366,5.374,12.3,123,6.61,0.0066,0.0066,0.0132,0.036,0.07,0.54,MIN_PROFIT_TP_HIT,66.21
TRUMP_USDT,1m,Maker 0.00% / Taker 0.01%,0.0,0.01,1,2,867,LONG,2026-01-17 04:40:59 UTC,2026-01-17 04:47:59 UTC,420.0,5.369,5.373,5.373,5.362,12.3,123,6.6,0.0066,0.0066,0.0132,0.036,0.07,0.54,MIN_PROFIT_TP_HIT,66.25
TRUMP_USDT,1m,Maker 0.00% / Taker 0.01%,0.0,0.01,1,2,868,SHORT,2026-01-17 05:47:59 UTC,2026-01-17 05:51:59 UTC,240.0,5.381,5.377,5.377,5.386,12.3,123,6.62,0.0066,0.0066,0.0132,0.036,0.07,0.54,MIN_PROFIT_TP_HIT,66.28
TRUMP_USDT,1m,Maker 0.00% / Taker 0.01%,0.0,0.01,1,2,869,SHORT,2026-01-17 05:52:59 UTC,2026-01-17 06:01:59 UTC,540.0,5.369,5.365,5.365,5.381,12.3,123,6.6,0.0066,0.0066,0.0132,0.036,0.07,0.55,MIN_PROFIT_TP_HIT,66.32
TRUMP_USDT,1m,Maker 0.00% / Taker 0.01%,0.0,0.01,1,2,870,LONG,2026-01-17 06:19:59 UTC,2026-01-17 06:37:59 UTC,1080.0,5.371,5.375,5.375,5.366,12.3,123,6.61,0.0066,0.0066,0.0132,0.036,0.07,0.54,MIN_PROFIT_TP_HIT,66.36
TRUMP_USDT,1m,Maker 0.00% / Taker 0.01%,0.0,0.01,1,2,871,SHORT,2026-01-17 07:30:59 UTC,2026-01-17 07:31:59 UTC,60.0,5.376,5.378,5.372,5.377,12.3,123,6.61,0.0066,0.0066,0.0132,-0.0378,-0.04,-0.57,STOP_LOSS_HIT,66.32
TRUMP_USDT,1m,Maker 0.00% / Taker 0.01%,0.0,0.01,1,2,872,LONG,2026-01-17 07:42:59 UTC,2026-01-17 07:45:59 UTC,180.0,5.384,5.379,5.388,5.38,12.3,123,6.62,0.0066,0.0066,0.0132,-0.0747,-0.09,-1.13,STOP_LOSS_HIT,66.24
TRUMP_USDT,1m,Maker 0.00% / Taker 0.01%,0.0,0.01,1,2,873,SHORT,2026-01-17 07:46:59 UTC,2026-01-17 07:56:59 UTC,600.0,5.38,5.376,5.376,5.385,12.3,123,6.62,0.0066,0.0066,0.0132,0.036,0.07,0.54,MIN_PROFIT_TP_HIT,66.28
TRUMP_USDT,1m,Maker 0.00% / Taker 0.01%,0.0,0.01,1,2,874,LONG,2026-01-17 08:17:59 UTC,2026-01-17 08:24:59 UTC,420.0,5.386,5.379,5.39,5.38,12.3,123,6.62,0.0066,0.0066,0.0132,-0.0993,-0.13,-1.5,STOP_LOSS_HIT,66.18
TRUMP_USDT,1m,Maker 0.00% / Taker 0.01%,0.0,0.01,1,2,875,SHORT,2026-01-17 08:33:59 UTC,2026-01-17 08:54:59 UTC,1260.0,5.376,5.372,5.372,5.386,12.3,123,6.61,0.0066,0.0066,0.0132,0.036,0.07,0.54,MIN_PROFIT_TP_HIT,66.22
TRUMP_USDT,1m,Maker 0.00% / Taker 0.01%,0.0,0.01,1,2,876,SHORT,2026-01-17 09:02:59 UTC,2026-01-17 09:06:59 UTC,240.0,5.374,5.384,5.37,5.383,12.3,123,6.61,0.0066,0.0066,0.0132,-0.1362,-0.19,-2.06,STOP_LOSS_HIT,66.08
TRUMP_USDT,1m,Maker 0.00% / Taker 0.01%,0.0,0.01,1,2,877,SHORT,2026-01-17 09:08:59 UTC,2026-01-17 09:15:59 UTC,420.0,5.373,5.369,5.369,5.38,12.3,123,6.61,0.0066,0.0066,0.0132,0.036,0.07,0.54,MIN_PROFIT_TP_HIT,66.12
TRUMP_USDT,1m,Maker 0.00% / Taker 0.01%,0.0,0.01,1,2,878,LONG,2026-01-17 09:18:59 UTC,2026-01-17 09:22:59 UTC,240.0,5.373,5.367,5.377,5.368,12.3,123,6.61,0.0066,0.0066,0.0132,-0.087,-0.11,-1.32,STOP_LOSS_HIT,66.03
TRUMP_USDT,1m,Maker 0.00% / Taker 0.01%,0.0,0.01,1,2,879,SHORT,2026-01-17 09:32:59 UTC,2026-01-17 09:40:59 UTC,480.0,5.362,5.371,5.358,5.37,12.3,123,6.6,0.0066,0.0066,0.0132,-0.1239,-0.17,-1.88,STOP_LOSS_HIT,65.9
TRUMP_USDT,1m,Maker 0.00% / Taker 0.01%,0.0,0.01,1,2,880,LONG,2026-01-17 10:05:59 UTC,2026-01-17 10:20:59 UTC,900.0,5.377,5.381,5.381,5.367,12.3,123,6.61,0.0066,0.0066,0.0132,0.036,0.07,0.54,MIN_PROFIT_TP_HIT,65.94
TRUMP_USDT,1m,Maker 0.00% / Taker 0.01%,0.0,0.01,1,2,881,SHORT,2026-01-17 10:47:59 UTC,2026-01-17 11:01:59 UTC,840.0,5.364,5.36,5.36,5.371,12.3,123,6.6,0.0066,0.0066,0.0132,0.036,0.07,0.55,MIN_PROFIT_TP_HIT,65.98
TRUMP_USDT,1m,Maker 0.00% / Taker 0.01%,0.0,0.01,1,2,882,LONG,2026-01-17 11:15:59 UTC,2026-01-17 11:19:59 UTC,240.0,5.369,5.373,5.373,5.356,12.3,123,6.6,0.0066,0.0066,0.0132,0.036,0.07,0.54,MIN_PROFIT_TP_HIT,66.01
TRUMP_USDT,1m,Maker 0.00% / Taker 0.01%,0.0,0.01,1,2,883,LONG,2026-01-17 12:16:59 UTC,2026-01-17 12:20:59 UTC,240.0,5.369,5.362,5.373,5.363,12.3,123,6.6,0.0066,0.0066,0.0132,-0.0993,-0.13,-1.5,STOP_LOSS_HIT,65.91
TRUMP_USDT,1m,Maker 0.00% / Taker 0.01%,0.0,0.01,1,2,884,SHORT,2026-01-17 12:46:59 UTC,2026-01-17 12:56:59 UTC,600.0,5.365,5.361,5.361,5.375,12.3,123,6.6,0.0066,0.0066,0.0132,0.036,0.07,0.55,MIN_PROFIT_TP_HIT,65.95
TRUMP_USDT,1m,Maker 0.00% / Taker 0.01%,0.0,0.01,1,2,885,SHORT,2026-01-17 12:57:59 UTC,2026-01-17 13:03:59 UTC,360.0,5.358,5.366,5.354,5.365,12.3,123,6.59,0.0066,0.0066,0.0132,-0.1116,-0.15,-1.69,STOP_LOSS_HIT,65.84
TRUMP_USDT,1m,Maker 0.00% / Taker 0.01%,0.0,0.01,1,2,886,LONG,2026-01-17 13:12:59 UTC,2026-01-17 13:17:59 UTC,300.0,5.37,5.374,5.374,5.363,12.3,123,6.61,0.0066,0.0066,0.0132,0.036,0.07,0.54,MIN_PROFIT_TP_HIT,65.87
TRUMP_USDT,1m,Maker 0.00% / Taker 0.01%,0.0,0.01,1,2,887,SHORT,2026-01-17 13:23:59 UTC,2026-01-17 13:40:59 UTC,1020.0,5.37,5.383,5.366,5.382,12.3,123,6.61,0.0066,0.0066,0.0132,-0.1731,-0.24,-2.62,STOP_LOSS_HIT,65.7
TRUMP_USDT,1m,Maker 0.00% / Taker 0.01%,0.0,0.01,1,2,888,LONG,2026-01-17 13:55:59 UTC,2026-01-17 13:58:59 UTC,180.0,5.379,5.383,5.383,5.37,12.200000000000001,122,6.56,0.0066,0.0066,0.0131,0.0357,0.07,0.54,MIN_PROFIT_TP_HIT,65.74
TRUMP_USDT,1m,Maker 0.00% / Taker 0.01%,0.0,0.01,1,2,889,SHORT,2026-01-17 14:13:59 UTC,2026-01-17 14:16:59 UTC,180.0,5.394,5.408,5.39,5.407,12.200000000000001,122,6.58,0.0066,0.0066,0.0132,-0.184,-0.26,-2.8,STOP_LOSS_HIT,65.55
TRUMP_USDT,1m,Maker 0.00% / Taker 0.01%,0.0,0.01,1,2,890,LONG,2026-01-17 14:53:59 UTC,2026-01-17 14:54:59 UTC,60.0,5.418,5.422,5.422,5.413,12.100000000000001,121,6.56,0.0066,0.0066,0.0131,0.0353,0.07,0.54,MIN_PROFIT_TP_HIT,65.59
TRUMP_USDT,1m,Maker 0.00% / Taker 0.01%,0.0,0.01,1,2,891,LONG,2026-01-17 15:02:59 UTC,2026-01-17 15:06:59 UTC,240.0,5.422,5.426,5.426,5.412,12.100000000000001,121,6.56,0.0066,0.0066,0.0131,0.0353,0.07,0.54,MIN_PROFIT_TP_HIT,65.62
TRUMP_USDT,1m,Maker 0.00% / Taker 0.01%,0.0,0.01,1,2,892,SHORT,2026-01-17 15:15:59 UTC,2026-01-17 15:17:59 UTC,120.0,5.451,5.447,5.447,5.462,12.0,120,6.54,0.0065,0.0065,0.0131,0.0349,0.07,0.53,MIN_PROFIT_TP_HIT,65.66
TRUMP_USDT,1m,Maker 0.00% / Taker 0.01%,0.0,0.01,1,2,893,SHORT,2026-01-17 15:18:59 UTC,2026-01-17 15:20:59 UTC,120.0,5.44,5.436,5.436,5.469,12.100000000000001,121,6.58,0.0066,0.0066,0.0132,0.0352,0.07,0.54,MIN_PROFIT_TP_HIT,65.69
TRUMP_USDT,1m,Maker 0.00% / Taker 0.01%,0.0,0.01,1,2,894,LONG,2026-01-17 15:35:59 UTC,2026-01-17 15:45:59 UTC,600.0,5.443,5.447,5.447,5.433,12.100000000000001,121,6.59,0.0066,0.0066,0.0132,0.0352,0.07,0.53,MIN_PROFIT_TP_HIT,65.73
TRUMP_USDT,1m,Maker 0.00% / Taker 0.01%,0.0,0.01,1,2,895,SHORT,2026-01-17 16:08:59 UTC,2026-01-17 16:13:59 UTC,300.0,5.445,5.441,5.441,5.454,12.100000000000001,121,6.59,0.0066,0.0066,0.0132,0.0352,0.07,0.53,MIN_PROFIT_TP_HIT,65.76
TRUMP_USDT,1m,Maker 0.00% / Taker 0.01%,0.0,0.01,1,2,896,LONG,2026-01-17 17:11:59 UTC,2026-01-17 17:19:59 UTC,480.0,5.403,5.407,5.407,5.39,12.200000000000001,122,6.59,0.0066,0.0066,0.0132,0.0356,0.07,0.54,MIN_PROFIT_TP_HIT,65.8
TRUMP_USDT,1m,Maker 0.00% / Taker 0.01%,0.0,0.01,1,2,897,LONG,2026-01-17 17:20:59 UTC,2026-01-17 18:06:59 UTC,2760.0,5.41,5.394,5.414,5.395,12.200000000000001,122,6.6,0.0066,0.0066,0.0132,-0.2084,-0.3,-3.16,STOP_LOSS_HIT,65.59
TRUMP_USDT,1m,Maker 0.00% / Taker 0.01%,0.0,0.01,1,2,898,SHORT,2026-01-17 18:22:59 UTC,2026-01-17 18:24:59 UTC,120.0,5.409,5.414,5.405,5.413,12.100000000000001,121,6.54,0.0065,0.0066,0.0131,-0.0736,-0.09,-1.12,STOP_LOSS_HIT,65.52
TRUMP_USDT,1m,Maker 0.00% / Taker 0.01%,0.0,0.01,1,2,899,LONG,2026-01-17 18:35:59 UTC,2026-01-17 18:37:59 UTC,120.0,5.382,5.386,5.386,5.361,12.200000000000001,122,6.57,0.0066,0.0066,0.0131,0.0357,0.07,0.54,MIN_PROFIT_TP_HIT,65.55
TRUMP_USDT,1m,Maker 0.00% / Taker 0.01%,0.0,0.01,1,2,900,LONG,2026-01-17 19:00:59 UTC,2026-01-17 19:22:59 UTC,1320.0,5.365,5.351,5.369,5.352,12.200000000000001,122,6.55,0.0065,0.0065,0.0131,-0.1839,-0.26,-2.81,STOP_LOSS_HIT,65.37
TRUMP_USDT,1m,Maker 0.00% / Taker 0.01%,0.0,0.01,1,2,901,LONG,2026-01-17 19:34:59 UTC,2026-01-17 19:37:59 UTC,180.0,5.357,5.361,5.361,5.352,12.200000000000001,122,6.54,0.0065,0.0065,0.0131,0.0357,0.07,0.55,MIN_PROFIT_TP_HIT,65.4
TRUMP_USDT,1m,Maker 0.00% / Taker 0.01%,0.0,0.01,1,2,902,SHORT,2026-01-17 19:52:59 UTC,2026-01-17 19:58:59 UTC,360.0,5.349,5.36,5.345,5.359,12.200000000000001,122,6.53,0.0065,0.0065,0.0131,-0.1473,-0.21,-2.26,STOP_LOSS_HIT,65.26
TRUMP_USDT,1m,Maker 0.00% / Taker 0.01%,0.0,0.01,1,2,903,SHORT,2026-01-17 20:17:59 UTC,2026-01-17 20:18:59 UTC,60.0,5.356,5.361,5.352,5.36,12.200000000000001,122,6.53,0.0065,0.0065,0.0131,-0.0741,-0.09,-1.13,STOP_LOSS_HIT,65.18
TRUMP_USDT,1m,Maker 0.00% / Taker 0.01%,0.0,0.01,1,2,904,SHORT,2026-01-17 21:51:59 UTC,2026-01-17 21:56:59 UTC,300.0,5.335,5.339,5.331,5.338,12.200000000000001,122,6.51,0.0065,0.0065,0.013,-0.0618,-0.07,-0.95,STOP_LOSS_HIT,65.12
TRUMP_USDT,1m,Maker 0.00% / Taker 0.01%,0.0,0.01,1,2,905,SHORT,2026-01-17 22:02:59 UTC,2026-01-17 22:04:59 UTC,120.0,5.343,5.349,5.339,5.348,12.200000000000001,122,6.52,0.0065,0.0065,0.013,-0.0862,-0.11,-1.32,STOP_LOSS_HIT,65.04
TRUMP_USDT,1m,Maker 0.00% / Taker 0.01%,0.0,0.01,1,2,906,LONG,2026-01-17 22:17:59 UTC,2026-01-17 22:20:59 UTC,180.0,5.35,5.339,5.354,5.34,12.200000000000001,122,6.53,0.0065,0.0065,0.013,-0.1472,-0.21,-2.26,STOP_LOSS_HIT,64.89
TRUMP_USDT,1m,Maker 0.00% / Taker 0.01%,0.0,0.01,1,2,907,LONG,2026-01-17 22:39:59 UTC,2026-01-17 22:42:59 UTC,180.0,5.281,5.285,5.285,5.252,12.3,123,6.5,0.0065,0.0065,0.013,0.0362,0.08,0.56,MIN_PROFIT_TP_HIT,64.92
TRUMP_USDT,1m,Maker 0.00% / Taker 0.01%,0.0,0.01,1,2,908,SHORT,2026-01-18 00:01:59 UTC,2026-01-18 00:05:59 UTC,240.0,5.304,5.312,5.3,5.311,12.200000000000001,122,6.47,0.0065,0.0065,0.013,-0.1106,-0.15,-1.71,STOP_LOSS_HIT,64.81
TRUMP_USDT,1m,Maker 0.00% / Taker 0.01%,0.0,0.01,1,2,909,SHORT,2026-01-18 00:39:59 UTC,2026-01-18 00:40:59 UTC,60.0,5.317,5.313,5.313,5.325,12.200000000000001,122,6.49,0.0065,0.0065,0.013,0.0358,0.08,0.55,MIN_PROFIT_TP_HIT,64.85
TRUMP_USDT,1m,Maker 0.00% / Taker 0.01%,0.0,0.01,1,2,910,LONG,2026-01-18 00:48:59 UTC,2026-01-18 00:50:59 UTC,120.0,5.306,5.31,5.31,5.3,12.200000000000001,122,6.47,0.0065,0.0065,0.013,0.0358,0.08,0.55,MIN_PROFIT_TP_HIT,64.89
TRUMP_USDT,1m,Maker 0.00% / Taker 0.01%,0.0,0.01,1,2,911,LONG,2026-01-18 00:55:59 UTC,2026-01-18 00:56:59 UTC,60.0,5.304,5.308,5.308,5.302,12.200000000000001,122,6.47,0.0065,0.0065,0.0129,0.0359,0.08,0.55,MIN_PROFIT_TP_HIT,64.92
TRUMP_USDT,1m,Maker 0.00% / Taker 0.01%,0.0,0.01,1,2,912,SHORT,2026-01-18 01:08:59 UTC,2026-01-18 01:11:59 UTC,180.0,5.295,5.291,5.291,5.315,12.3,123,6.51,0.0065,0.0065,0.013,0.0362,0.08,0.56,MIN_PROFIT_TP_HIT,64.96
TRUMP_USDT,1m,Maker 0.00% / Taker 0.01%,0.0,0.01,1,2,913,LONG,2026-01-18 01:17:59 UTC,2026-01-18 01:18:59 UTC,60.0,5.287,5.291,5.291,5.274,12.3,123,6.5,0.0065,0.0065,0.013,0.0362,0.08,0.56,MIN_PROFIT_TP_HIT,64.99
TRUMP_USDT,1m,Maker 0.00% / Taker 0.01%,0.0,0.01,1,2,914,SHORT,2026-01-18 01:34:59 UTC,2026-01-18 01:44:59 UTC,600.0,5.286,5.282,5.282,5.297,12.3,123,6.5,0.0065,0.0065,0.013,0.0362,0.08,0.56,MIN_PROFIT_TP_HIT,65.03
TRUMP_USDT,1m,Maker 0.00% / Taker 0.01%,0.0,0.01,1,2,915,SHORT,2026-01-18 01:52:59 UTC,2026-01-18 01:54:59 UTC,120.0,5.282,5.278,5.278,5.286,12.3,123,6.5,0.0065,0.0065,0.013,0.0362,0.08,0.56,MIN_PROFIT_TP_HIT,65.07
TRUMP_USDT,1m,Maker 0.00% / Taker 0.01%,0.0,0.01,1,2,916,LONG,2026-01-18 02:16:59 UTC,2026-01-18 02:19:59 UTC,180.0,5.296,5.288,5.3,5.289,12.3,123,6.51,0.0065,0.0065,0.013,-0.1114,-0.15,-1.71,STOP_LOSS_HIT,64.95
TRUMP_USDT,1m,Maker 0.00% / Taker 0.01%,0.0,0.01,1,2,917,LONG,2026-01-18 02:32:59 UTC,2026-01-18 02:35:59 UTC,180.0,5.28,5.284,5.284,5.275,12.3,123,6.49,0.0065,0.0065,0.013,0.0362,0.08,0.56,MIN_PROFIT_TP_HIT,64.99
TRUMP_USDT,1m,Maker 0.00% / Taker 0.01%,0.0,0.01,1,2,918,LONG,2026-01-18 03:29:59 UTC,2026-01-18 03:31:59 UTC,120.0,5.289,5.293,5.293,5.28,12.3,123,6.51,0.0065,0.0065,0.013,0.0362,0.08,0.56,MIN_PROFIT_TP_HIT,65.03
TRUMP_USDT,1m,Maker 0.00% / Taker 0.01%,0.0,0.01,1,2,919,SHORT,2026-01-18 03:35:59 UTC,2026-01-18 03:36:59 UTC,60.0,5.294,5.299,5.29,5.298,12.3,123,6.51,0.0065,0.0065,0.013,-0.0745,-0.09,-1.14,STOP_LOSS_HIT,64.95
TRUMP_USDT,1m,Maker 0.00% / Taker 0.01%,0.0,0.01,1,2,920,SHORT,2026-01-18 04:32:59 UTC,2026-01-18 04:34:59 UTC,120.0,5.266,5.274,5.262,5.273,12.3,123,6.48,0.0065,0.0065,0.013,-0.1114,-0.15,-1.72,STOP_LOSS_HIT,64.84
TRUMP_USDT,1m,Maker 0.00% / Taker 0.01%,0.0,0.01,1,2,921,LONG,2026-01-18 04:57:59 UTC,2026-01-18 05:00:59 UTC,180.0,5.281,5.277,5.285,5.278,12.3,123,6.5,0.0065,0.0065,0.013,-0.0622,-0.08,-0.96,STOP_LOSS_HIT,64.78
TRUMP_USDT,1m,Maker 0.00% / Taker 0.01%,0.0,0.01,1,2,922,SHORT,2026-01-18 05:08:59 UTC,2026-01-18 05:11:59 UTC,180.0,5.276,5.283,5.272,5.282,12.3,123,6.49,0.0065,0.0065,0.013,-0.0991,-0.13,-1.53,STOP_LOSS_HIT,64.68
TRUMP_USDT,1m,Maker 0.00% / Taker 0.01%,0.0,0.01,1,2,923,SHORT,2026-01-18 05:40:59 UTC,2026-01-18 05:41:59 UTC,60.0,5.281,5.283,5.277,5.282,12.200000000000001,122,6.44,0.0064,0.0064,0.0129,-0.0373,-0.04,-0.58,STOP_LOSS_HIT,64.64
TRUMP_USDT,1m,Maker 0.00% / Taker 0.01%,0.0,0.01,1,2,924,LONG,2026-01-18 05:45:59 UTC,2026-01-18 05:48:59 UTC,180.0,5.29,5.281,5.294,5.282,12.200000000000001,122,6.45,0.0065,0.0064,0.0129,-0.1227,-0.17,-1.9,STOP_LOSS_HIT,64.52
TRUMP_USDT,1m,Maker 0.00% / Taker 0.01%,0.0,0.01,1,2,925,LONG,2026-01-18 06:15:59 UTC,2026-01-18 06:16:59 UTC,60.0,5.289,5.283,5.293,5.284,12.200000000000001,122,6.45,0.0065,0.0064,0.0129,-0.0861,-0.11,-1.33,STOP_LOSS_HIT,64.43
TRUMP_USDT,1m,Maker 0.00% / Taker 0.01%,0.0,0.01,1,2,926,SHORT,2026-01-18 06:17:59 UTC,2026-01-18 06:22:59 UTC,300.0,5.282,5.29,5.278,5.289,12.200000000000001,122,6.44,0.0064,0.0065,0.0129,-0.1105,-0.15,-1.71,STOP_LOSS_HIT,64.32
TRUMP_USDT,1m,Maker 0.00% / Taker 0.01%,0.0,0.01,1,2,927,SHORT,2026-01-18 06:24:59 UTC,2026-01-18 06:25:59 UTC,60.0,5.286,5.282,5.282,5.293,12.200000000000001,122,6.45,0.0064,0.0064,0.0129,0.0359,0.08,0.56,MIN_PROFIT_TP_HIT,64.36
TRUMP_USDT,1m,Maker 0.00% / Taker 0.01%,0.0,0.01,1,2,928,SHORT,2026-01-18 06:39:59 UTC,2026-01-18 07:00:59 UTC,1260.0,5.278,5.274,5.274,5.288,12.200000000000001,122,6.44,0.0064,0.0064,0.0129,0.0359,0.08,0.56,MIN_PROFIT_TP_HIT,64.4
TRUMP_USDT,1m,Maker 0.00% / Taker 0.01%,0.0,0.01,1,2,929,SHORT,2026-01-18 07:01:59 UTC,2026-01-18 07:06:59 UTC,300.0,5.271,5.267,5.267,5.276,12.200000000000001,122,6.43,0.0064,0.0064,0.0129,0.0359,0.08,0.56,MIN_PROFIT_TP_HIT,64.43
TRUMP_USDT,1m,Maker 0.00% / Taker 0.01%,0.0,0.01,1,2,930,SHORT,2026-01-18 07:58:59 UTC,2026-01-18 08:03:59 UTC,300.0,5.26,5.256,5.256,5.267,12.200000000000001,122,6.42,0.0064,0.0064,0.0128,0.036,0.08,0.56,MIN_PROFIT_TP_HIT,64.47
TRUMP_USDT,1m,Maker 0.00% / Taker 0.01%,0.0,0.01,1,2,931,LONG,2026-01-18 08:23:59 UTC,2026-01-18 08:35:59 UTC,720.0,5.264,5.268,5.268,5.255,12.200000000000001,122,6.42,0.0064,0.0064,0.0128,0.036,0.08,0.56,MIN_PROFIT_TP_HIT,64.5
TRUMP_USDT,1m,Maker 0.00% / Taker 0.01%,0.0,0.01,1,2,932,LONG,2026-01-18 08:42:59 UTC,2026-01-18 08:43:59 UTC,60.0,5.271,5.265,5.275,5.266,12.200000000000001,122,6.43,0.0064,0.0064,0.0129,-0.0861,-0.11,-1.34,STOP_LOSS_HIT,64.42
TRUMP_USDT,1m,Maker 0.00% / Taker 0.01%,0.0,0.01,1,2,933,SHORT,2026-01-18 09:27:59 UTC,2026-01-18 09:54:59 UTC,1620.0,5.251,5.262,5.247,5.261,12.3,123,6.46,0.0065,0.0065,0.0129,-0.1482,-0.21,-2.3,STOP_LOSS_HIT,64.27
TRUMP_USDT,1m,Maker 0.00% / Taker 0.01%,0.0,0.01,1,2,934,SHORT,2026-01-18 09:57:59 UTC,2026-01-18 10:01:59 UTC,240.0,5.261,5.257,5.257,5.266,12.200000000000001,122,6.42,0.0064,0.0064,0.0128,0.036,0.08,0.56,MIN_PROFIT_TP_HIT,64.3
TRUMP_USDT,1m,Maker 0.00% / Taker 0.01%,0.0,0.01,1,2,935,SHORT,2026-01-18 10:11:59 UTC,2026-01-18 10:15:59 UTC,240.0,5.256,5.262,5.252,5.261,12.200000000000001,122,6.41,0.0064,0.0064,0.0128,-0.086,-0.11,-1.34,STOP_LOSS_HIT,64.22
TRUMP_USDT,1m,Maker 0.00% / Taker 0.01%,0.0,0.01,1,2,936,LONG,2026-01-18 10:43:59 UTC,2026-01-18 10:46:59 UTC,180.0,5.264,5.268,5.268,5.257,12.200000000000001,122,6.42,0.0064,0.0064,0.0128,0.036,0.08,0.56,MIN_PROFIT_TP_HIT,64.25
TRUMP_USDT,1m,Maker 0.00% / Taker 0.01%,0.0,0.01,1,2,937,SHORT,2026-01-18 10:51:59 UTC,2026-01-18 10:52:59 UTC,60.0,5.274,5.277,5.27,5.276,12.200000000000001,122,6.43,0.0064,0.0064,0.0129,-0.0495,-0.06,-0.77,STOP_LOSS_HIT,64.21
TRUMP_USDT,1m,Maker 0.00% / Taker 0.01%,0.0,0.01,1,2,938,SHORT,2026-01-18 11:17:59 UTC,2026-01-18 11:18:59 UTC,60.0,5.267,5.263,5.263,5.274,12.200000000000001,122,6.43,0.0064,0.0064,0.0128,0.036,0.08,0.56,MIN_PROFIT_TP_HIT,64.24
TRUMP_USDT,1m,Maker 0.00% / Taker 0.01%,0.0,0.01,1,2,939,LONG,2026-01-18 11:31:59 UTC,2026-01-18 11:32:59 UTC,60.0,5.259,5.263,5.263,5.254,12.200000000000001,122,6.42,0.0064,0.0064,0.0128,0.036,0.08,0.56,MIN_PROFIT_TP_HIT,64.28
TRUMP_USDT,1m,Maker 0.00% / Taker 0.01%,0.0,0.01,1,2,940,LONG,2026-01-18 12:35:59 UTC,2026-01-18 12:37:59 UTC,120.0,5.239,5.243,5.243,5.235,12.3,123,6.44,0.0064,0.0064,0.0129,0.0363,0.08,0.56,MIN_PROFIT_TP_HIT,64.31
TRUMP_USDT,1m,Maker 0.00% / Taker 0.01%,0.0,0.01,1,2,941,SHORT,2026-01-18 12:40:59 UTC,2026-01-18 12:43:59 UTC,180.0,5.235,5.231,5.231,5.244,12.3,123,6.44,0.0064,0.0064,0.0129,0.0363,0.08,0.56,MIN_PROFIT_TP_HIT,64.35
TRUMP_USDT,1m,Maker 0.00% / Taker 0.01%,0.0,0.01,1,2,942,SHORT,2026-01-18 13:01:59 UTC,2026-01-18 13:04:59 UTC,180.0,5.224,5.22,5.22,5.236,12.3,123,6.43,0.0064,0.0064,0.0128,0.0364,0.08,0.57,MIN_PROFIT_TP_HIT,64.39
TRUMP_USDT,1m,Maker 0.00% / Taker 0.01%,0.0,0.01,1,2,943,SHORT,2026-01-18 13:19:59 UTC,2026-01-18 13:21:59 UTC,120.0,5.221,5.217,5.217,5.234,12.3,123,6.42,0.0064,0.0064,0.0128,0.0364,0.08,0.57,MIN_PROFIT_TP_HIT,64.42
TRUMP_USDT,1m,Maker 0.00% / Taker 0.01%,0.0,0.01,1,2,944,SHORT,2026-01-18 13:32:59 UTC,2026-01-18 13:39:59 UTC,420.0,5.224,5.22,5.22,5.233,12.3,123,6.43,0.0064,0.0064,0.0128,0.0364,0.08,0.57,MIN_PROFIT_TP_HIT,64.46
TRUMP_USDT,1m,Maker 0.00% / Taker 0.01%,0.0,0.01,1,2,945,LONG,2026-01-18 13:41:59 UTC,2026-01-18 13:54:59 UTC,780.0,5.23,5.219,5.234,5.22,12.3,123,6.43,0.0064,0.0064,0.0129,-0.1482,-0.21,-2.3,STOP_LOSS_HIT,64.31
TRUMP_USDT,1m,Maker 0.00% / Taker 0.01%,0.0,0.01,1,2,946,SHORT,2026-01-18 13:56:59 UTC,2026-01-18 13:57:59 UTC,60.0,5.216,5.212,5.212,5.229,12.3,123,6.42,0.0064,0.0064,0.0128,0.0364,0.08,0.57,MIN_PROFIT_TP_HIT,64.35
TRUMP_USDT,1m,Maker 0.00% / Taker 0.01%,0.0,0.01,1,2,947,LONG,2026-01-18 15:30:59 UTC,2026-01-18 15:35:59 UTC,300.0,5.179,5.166,5.183,5.167,12.4,124,6.42,0.0064,0.0064,0.0128,-0.174,-0.25,-2.71,STOP_LOSS_HIT,64.17
TRUMP_USDT,1m,Maker 0.00% / Taker 0.01%,0.0,0.01,1,2,948,SHORT,2026-01-18 15:42:59 UTC,2026-01-18 15:50:59 UTC,480.0,5.167,5.163,5.163,5.177,12.4,124,6.41,0.0064,0.0064,0.0128,0.0368,0.08,0.57,MIN_PROFIT_TP_HIT,64.21
TRUMP_USDT,1m,Maker 0.00% / Taker 0.01%,0.0,0.01,1,2,949,SHORT,2026-01-18 16:07:59 UTC,2026-01-18 16:08:59 UTC,60.0,5.193,5.189,5.189,5.2,12.4,124,6.44,0.0064,0.0064,0.0129,0.0367,0.08,0.57,MIN_PROFIT_TP_HIT,64.25
TRUMP_USDT,1m,Maker 0.00% / Taker 0.01%,0.0,0.01,1,2,950,LONG,2026-01-18 16:51:59 UTC,2026-01-18 16:57:59 UTC,360.0,5.173,5.167,5.177,5.168,12.4,124,6.41,0.0064,0.0064,0.0128,-0.0872,-0.12,-1.36,STOP_LOSS_HIT,64.16
TRUMP_USDT,1m,Maker 0.00% / Taker 0.01%,0.0,0.01,1,2,951,SHORT,2026-01-18 17:07:59 UTC,2026-01-18 17:08:59 UTC,60.0,5.167,5.173,5.163,5.172,12.4,124,6.41,0.0064,0.0064,0.0128,-0.0872,-0.12,-1.36,STOP_LOSS_HIT,64.07
TRUMP_USDT,1m,Maker 0.00% / Taker 0.01%,0.0,0.01,1,2,952,SHORT,2026-01-18 17:27:59 UTC,2026-01-18 17:28:59 UTC,60.0,5.159,5.155,5.155,5.172,12.4,124,6.4,0.0064,0.0064,0.0128,0.0368,0.08,0.58,MIN_PROFIT_TP_HIT,64.11
TRUMP_USDT,1m,Maker 0.00% / Taker 0.01%,0.0,0.01,1,2,953,LONG,2026-01-18 17:42:59 UTC,2026-01-18 17:47:59 UTC,300.0,5.161,5.165,5.165,5.146,12.4,124,6.4,0.0064,0.0064,0.0128,0.0368,0.08,0.57,MIN_PROFIT_TP_HIT,64.15
TRUMP_USDT,1m,Maker 0.00% / Taker 0.01%,0.0,0.01,1,2,954,LONG,2026-01-18 17:48:59 UTC,2026-01-18 17:59:59 UTC,660.0,5.168,5.172,5.172,5.155,12.4,124,6.41,0.0064,0.0064,0.0128,0.0368,0.08,0.57,MIN_PROFIT_TP_HIT,64.18
TRUMP_USDT,1m,Maker 0.00% / Taker 0.01%,0.0,0.01,1,2,955,LONG,2026-01-18 18:00:59 UTC,2026-01-18 18:10:59 UTC,600.0,5.168,5.172,5.172,5.158,12.4,124,6.41,0.0064,0.0064,0.0128,0.0368,0.08,0.57,MIN_PROFIT_TP_HIT,64.22
TRUMP_USDT,1m,Maker 0.00% / Taker 0.01%,0.0,0.01,1,2,956,SHORT,2026-01-18 18:25:59 UTC,2026-01-18 18:27:59 UTC,120.0,5.17,5.175,5.166,5.174,12.4,124,6.41,0.0064,0.0064,0.0128,-0.0748,-0.1,-1.17,STOP_LOSS_HIT,64.14
TRUMP_USDT,1m,Maker 0.00% / Taker 0.01%,0.0,0.01,1,2,957,SHORT,2026-01-18 18:36:59 UTC,2026-01-18 18:38:59 UTC,120.0,5.192,5.188,5.188,5.205,12.4,124,6.44,0.0064,0.0064,0.0129,0.0367,0.08,0.57,MIN_PROFIT_TP_HIT,64.18
TRUMP_USDT,1m,Maker 0.00% / Taker 0.01%,0.0,0.01,1,2,958,LONG,2026-01-18 19:25:59 UTC,2026-01-18 19:28:59 UTC,180.0,5.193,5.197,5.197,5.184,12.4,124,6.44,0.0064,0.0064,0.0129,0.0367,0.08,0.57,MIN_PROFIT_TP_HIT,64.22
TRUMP_USDT,1m,Maker 0.00% / Taker 0.01%,0.0,0.01,1,2,959,LONG,2026-01-18 19:50:59 UTC,2026-01-18 20:04:59 UTC,840.0,5.174,5.178,5.178,5.165,12.4,124,6.42,0.0064,0.0064,0.0128,0.0368,0.08,0.57,MIN_PROFIT_TP_HIT,64.25
TRUMP_USDT,1m,Maker 0.00% / Taker 0.01%,0.0,0.01,1,2,960,LONG,2026-01-18 20:12:59 UTC,2026-01-18 20:18:59 UTC,360.0,5.179,5.183,5.183,5.174,12.4,124,6.42,0.0064,0.0064,0.0128,0.0368,0.08,0.57,MIN_PROFIT_TP_HIT,64.29
TRUMP_USDT,1m,Maker 0.00% / Taker 0.01%,0.0,0.01,1,2,961,SHORT,2026-01-18 20:29:59 UTC,2026-01-18 20:31:59 UTC,120.0,5.19,5.186,5.186,5.195,12.4,124,6.44,0.0064,0.0064,0.0129,0.0367,0.08,0.57,MIN_PROFIT_TP_HIT,64.33
TRUMP_USDT,1m,Maker 0.00% / Taker 0.01%,0.0,0.01,1,2,962,SHORT,2026-01-18 20:46:59 UTC,2026-01-18 20:52:59 UTC,360.0,5.188,5.194,5.184,5.193,12.4,124,6.43,0.0064,0.0064,0.0129,-0.0873,-0.12,-1.36,STOP_LOSS_HIT,64.24
TRUMP_USDT,1m,Maker 0.00% / Taker 0.01%,0.0,0.01,1,2,963,LONG,2026-01-18 21:14:59 UTC,2026-01-18 21:45:59 UTC,1860.0,5.191,5.195,5.195,5.178,12.4,124,6.44,0.0064,0.0064,0.0129,0.0367,0.08,0.57,MIN_PROFIT_TP_HIT,64.28
TRUMP_USDT,1m,Maker 0.00% / Taker 0.01%,0.0,0.01,1,2,964,LONG,2026-01-18 22:17:59 UTC,2026-01-18 22:22:59 UTC,300.0,5.193,5.188,5.197,5.189,12.4,124,6.44,0.0064,0.0064,0.0129,-0.0749,-0.1,-1.16,STOP_LOSS_HIT,64.2
TRUMP_USDT,1m,Maker 0.00% / Taker 0.01%,0.0,0.01,1,2,965,SHORT,2026-01-18 22:23:59 UTC,2026-01-18 22:56:59 UTC,1980.0,5.187,5.198,5.183,5.197,12.4,124,6.43,0.0064,0.0064,0.0129,-0.1493,-0.21,-2.32,STOP_LOSS_HIT,64.05
TRUMP_USDT,1m,Maker 0.00% / Taker 0.01%,0.0,0.01,1,2,966,SHORT,2026-01-18 22:58:59 UTC,2026-01-18 23:03:59 UTC,300.0,5.193,5.189,5.189,5.198,12.3,123,6.39,0.0064,0.0064,0.0128,0.0364,0.08,0.57,MIN_PROFIT_TP_HIT,64.09
TRUMP_USDT,1m,Maker 0.00% / Taker 0.01%,0.0,0.01,1,2,967,LONG,2026-01-18 23:06:59 UTC,2026-01-18 23:07:59 UTC,60.0,5.174,5.178,5.178,5.161,12.4,124,6.42,0.0064,0.0064,0.0128,0.0368,0.08,0.57,MIN_PROFIT_TP_HIT,64.13
TRUMP_USDT,1m,Maker 0.00% / Taker 0.01%,0.0,0.01,1,2,968,SHORT,2026-01-18 23:41:59 UTC,2026-01-18 23:46:59 UTC,300.0,5.117,5.113,5.113,5.153,12.5,125,6.4,0.0064,0.0064,0.0128,0.0372,0.08,0.58,MIN_PROFIT_TP_HIT,64.16
TRUMP_USDT,1m,Maker 0.00% / Taker 0.01%,0.0,0.01,1,2,969,LONG,2026-01-19 00:41:59 UTC,2026-01-19 00:42:59 UTC,60.0,4.956,4.959,4.959,4.906,12.9,129,6.39,0.0064,0.0064,0.0128,0.0259,0.06,0.41,MIN_PROFIT_TP_HIT,64.19
TRUMP_USDT,1m,Maker 0.00% / Taker 0.01%,0.0,0.01,1,2,970,SHORT,2026-01-19 01:01:59 UTC,2026-01-19 01:10:59 UTC,540.0,4.929,4.967,4.926,4.966,13.0,130,6.41,0.0064,0.0065,0.0129,-0.5069,-0.77,-7.91,STOP_LOSS_HIT,63.68
TRUMP_USDT,1m,Maker 0.00% / Taker 0.01%,0.0,0.01,1,2,971,SHORT,2026-01-19 01:13:59 UTC,2026-01-19 01:15:59 UTC,120.0,4.956,4.966,4.953,4.965,12.8,128,6.34,0.0063,0.0064,0.0127,-0.1407,-0.2,-2.22,STOP_LOSS_HIT,63.54
TRUMP_USDT,1m,Maker 0.00% / Taker 0.01%,0.0,0.01,1,2,972,SHORT,2026-01-19 01:42:59 UTC,2026-01-19 01:46:59 UTC,240.0,4.947,4.944,4.944,4.965,12.8,128,6.33,0.0063,0.0063,0.0127,0.0257,0.06,0.41,MIN_PROFIT_TP_HIT,63.57
TRUMP_USDT,1m,Maker 0.00% / Taker 0.01%,0.0,0.01,1,2,973,LONG,2026-01-19 01:51:59 UTC,2026-01-19 01:53:59 UTC,120.0,4.947,4.95,4.95,4.931,12.8,128,6.33,0.0063,0.0063,0.0127,0.0257,0.06,0.41,MIN_PROFIT_TP_HIT,63.59
TRUMP_USDT,1m,Maker 0.00% / Taker 0.01%,0.0,0.01,1,2,974,LONG,2026-01-19 02:11:59 UTC,2026-01-19 02:19:59 UTC,480.0,4.958,4.961,4.961,4.938,12.8,128,6.35,0.0063,0.0064,0.0127,0.0257,0.06,0.41,MIN_PROFIT_TP_HIT,63.62
TRUMP_USDT,1m,Maker 0.00% / Taker 0.01%,0.0,0.01,1,2,975,LONG,2026-01-19 02:51:59 UTC,2026-01-19 02:53:59 UTC,120.0,4.956,4.959,4.959,4.939,12.8,128,6.34,0.0063,0.0063,0.0127,0.0257,0.06,0.41,MIN_PROFIT_TP_HIT,63.64
TRUMP_USDT,1m,Maker 0.00% / Taker 0.01%,0.0,0.01,1,2,976,LONG,2026-01-19 03:16:59 UTC,2026-01-19 03:21:59 UTC,300.0,4.962,4.954,4.965,4.955,12.8,128,6.35,0.0064,0.0063,0.0127,-0.1151,-0.16,-1.81,STOP_LOSS_HIT,63.53
TRUMP_USDT,1m,Maker 0.00% / Taker 0.01%,0.0,0.01,1,2,977,SHORT,2026-01-19 03:23:59 UTC,2026-01-19 03:34:59 UTC,660.0,4.947,4.944,4.944,4.962,12.8,128,6.33,0.0063,0.0063,0.0127,0.0257,0.06,0.41,MIN_PROFIT_TP_HIT,63.56
TRUMP_USDT,1m,Maker 0.00% / Taker 0.01%,0.0,0.01,1,2,978,SHORT,2026-01-19 03:58:59 UTC,2026-01-19 04:00:59 UTC,120.0,4.951,4.948,4.948,4.956,12.8,128,6.34,0.0063,0.0063,0.0127,0.0257,0.06,0.41,MIN_PROFIT_TP_HIT,63.58
TRUMP_USDT,1m,Maker 0.00% / Taker 0.01%,0.0,0.01,1,2,979,LONG,2026-01-19 04:06:59 UTC,2026-01-19 04:10:59 UTC,240.0,4.96,4.963,4.963,4.943,12.8,128,6.35,0.0063,0.0064,0.0127,0.0257,0.06,0.4,MIN_PROFIT_TP_HIT,63.61
TRUMP_USDT,1m,Maker 0.00% / Taker 0.01%,0.0,0.01,1,2,980,SHORT,2026-01-19 04:12:59 UTC,2026-01-19 04:15:59 UTC,180.0,4.948,4.945,4.945,4.96,12.9,129,6.38,0.0064,0.0064,0.0128,0.0259,0.06,0.41,MIN_PROFIT_TP_HIT,63.63
TRUMP_USDT,1m,Maker 0.00% / Taker 0.01%,0.0,0.01,1,2,981,SHORT,2026-01-19 04:31:59 UTC,2026-01-19 04:32:59 UTC,60.0,4.951,4.954,4.948,4.953,12.9,129,6.39,0.0064,0.0064,0.0128,-0.0515,-0.06,-0.81,STOP_LOSS_HIT,63.58
TRUMP_USDT,1m,Maker 0.00% / Taker 0.01%,0.0,0.01,1,2,982,SHORT,2026-01-19 04:46:59 UTC,2026-01-19 04:57:59 UTC,660.0,4.935,4.932,4.932,4.947,12.9,129,6.37,0.0064,0.0064,0.0127,0.026,0.06,0.41,MIN_PROFIT_TP_HIT,63.61
TRUMP_USDT,1m,Maker 0.00% / Taker 0.01%,0.0,0.01,1,2,983,SHORT,2026-01-19 05:25:59 UTC,2026-01-19 05:29:59 UTC,240.0,4.936,4.933,4.933,4.946,12.9,129,6.37,0.0064,0.0064,0.0127,0.026,0.06,0.41,MIN_PROFIT_TP_HIT,63.63
TRUMP_USDT,1m,Maker 0.00% / Taker 0.01%,0.0,0.01,1,2,984,LONG,2026-01-19 05:31:59 UTC,2026-01-19 05:34:59 UTC,180.0,4.951,4.937,4.954,4.938,12.9,129,6.39,0.0064,0.0064,0.0128,-0.1934,-0.28,-3.03,STOP_LOSS_HIT,63.44
TRUMP_USDT,1m,Maker 0.00% / Taker 0.01%,0.0,0.01,1,2,985,SHORT,2026-01-19 06:04:59 UTC,2026-01-19 06:08:59 UTC,240.0,4.938,4.935,4.935,4.947,12.8,128,6.32,0.0063,0.0063,0.0126,0.0258,0.06,0.41,MIN_PROFIT_TP_HIT,63.47
TRUMP_USDT,1m,Maker 0.00% / Taker 0.01%,0.0,0.01,1,2,986,LONG,2026-01-19 06:18:59 UTC,2026-01-19 06:19:59 UTC,60.0,4.944,4.947,4.947,4.927,12.8,128,6.33,0.0063,0.0063,0.0127,0.0257,0.06,0.41,MIN_PROFIT_TP_HIT,63.49
TRUMP_USDT,1m,Maker 0.00% / Taker 0.01%,0.0,0.01,1,2,987,SHORT,2026-01-19 06:48:59 UTC,2026-01-19 06:50:59 UTC,120.0,4.94,4.937,4.937,4.951,12.9,129,6.37,0.0064,0.0064,0.0127,0.026,0.06,0.41,MIN_PROFIT_TP_HIT,63.52
TRUMP_USDT,1m,Maker 0.00% / Taker 0.01%,0.0,0.01,1,2,988,LONG,2026-01-19 07:15:59 UTC,2026-01-19 07:17:59 UTC,120.0,4.954,4.957,4.957,4.949,12.8,128,6.34,0.0063,0.0063,0.0127,0.0257,0.06,0.41,MIN_PROFIT_TP_HIT,63.54
TRUMP_USDT,1m,Maker 0.00% / Taker 0.01%,0.0,0.01,1,2,989,SHORT,2026-01-19 07:22:59 UTC,2026-01-19 07:24:59 UTC,120.0,4.959,4.956,4.956,4.976,12.8,128,6.35,0.0063,0.0063,0.0127,0.0257,0.06,0.41,MIN_PROFIT_TP_HIT,63.57
TRUMP_USDT,1m,Maker 0.00% / Taker 0.01%,0.0,0.01,1,2,990,SHORT,2026-01-19 07:39:59 UTC,2026-01-19 07:48:59 UTC,540.0,4.95,4.956,4.947,4.955,12.8,128,6.34,0.0063,0.0063,0.0127,-0.0895,-0.12,-1.41,STOP_LOSS_HIT,63.48
TRUMP_USDT,1m,Maker 0.00% / Taker 0.01%,0.0,0.01,1,2,991,LONG,2026-01-19 08:16:59 UTC,2026-01-19 08:17:59 UTC,60.0,4.975,4.978,4.978,4.961,12.8,128,6.37,0.0064,0.0064,0.0127,0.0257,0.06,0.4,MIN_PROFIT_TP_HIT,63.51
TRUMP_USDT,1m,Maker 0.00% / Taker 0.01%,0.0,0.01,1,2,992,SHORT,2026-01-19 09:20:59 UTC,2026-01-19 09:24:59 UTC,240.0,4.957,4.962,4.954,4.961,12.8,128,6.34,0.0063,0.0064,0.0127,-0.0767,-0.1,-1.21,STOP_LOSS_HIT,63.43
TRUMP_USDT,1m,Maker 0.00% / Taker 0.01%,0.0,0.01,1,2,993,LONG,2026-01-19 09:26:59 UTC,2026-01-19 09:27:59 UTC,60.0,4.962,4.965,4.965,4.957,12.8,128,6.35,0.0064,0.0064,0.0127,0.0257,0.06,0.4,MIN_PROFIT_TP_HIT,63.45
TRUMP_USDT,1m,Maker 0.00% / Taker 0.01%,0.0,0.01,1,2,994,LONG,2026-01-19 09:34:59 UTC,2026-01-19 09:39:59 UTC,300.0,4.97,4.973,4.973,4.961,12.8,128,6.36,0.0064,0.0064,0.0127,0.0257,0.06,0.4,MIN_PROFIT_TP_HIT,63.48
TRUMP_USDT,1m,Maker 0.00% / Taker 0.01%,0.0,0.01,1,2,995,SHORT,2026-01-19 09:41:59 UTC,2026-01-19 09:43:59 UTC,120.0,4.971,4.968,4.968,4.979,12.8,128,6.36,0.0064,0.0064,0.0127,0.0257,0.06,0.4,MIN_PROFIT_TP_HIT,63.51
TRUMP_USDT,1m,Maker 0.00% / Taker 0.01%,0.0,0.01,1,2,996,LONG,2026-01-19 09:59:59 UTC,2026-01-19 10:00:59 UTC,60.0,4.967,4.962,4.97,4.963,12.8,128,6.36,0.0064,0.0064,0.0127,-0.0767,-0.1,-1.21,STOP_LOSS_HIT,63.43
TRUMP_USDT,1m,Maker 0.00% / Taker 0.01%,0.0,0.01,1,2,997,SHORT,2026-01-19 10:09:59 UTC,2026-01-19 10:11:59 UTC,120.0,4.962,4.968,4.959,4.967,12.8,128,6.35,0.0064,0.0064,0.0127,-0.0895,-0.12,-1.41,STOP_LOSS_HIT,63.34
TRUMP_USDT,1m,Maker 0.00% / Taker 0.01%,0.0,0.01,1,2,998,SHORT,2026-01-19 10:33:59 UTC,2026-01-19 10:49:59 UTC,960.0,4.97,4.967,4.967,4.977,12.700000000000001,127,6.31,0.0063,0.0063,0.0126,0.0255,0.06,0.4,MIN_PROFIT_TP_HIT,63.36
TRUMP_USDT,1m,Maker 0.00% / Taker 0.01%,0.0,0.01,1,2,999,SHORT,2026-01-19 10:59:59 UTC,2026-01-19 11:02:59 UTC,180.0,4.972,4.976,4.969,4.975,12.700000000000001,127,6.31,0.0063,0.0063,0.0126,-0.0634,-0.08,-1.0,STOP_LOSS_HIT,63.3
TRUMP_USDT,1m,Maker 0.00% / Taker 0.01%,0.0,0.01,1,2,1000,LONG,2026-01-19 11:16:59 UTC,2026-01-19 11:17:59 UTC,60.0,4.978,4.981,4.981,4.972,12.700000000000001,127,6.32,0.0063,0.0063,0.0126,0.0255,0.06,0.4,MIN_PROFIT_TP_HIT,63.33
TRUMP_USDT,1m,Maker 0.00% / Taker 0.01%,0.0,0.01,1,2,1001,LONG,2026-01-19 11:27:59 UTC,2026-01-19 11:39:59 UTC,720.0,4.985,4.988,4.988,4.974,12.700000000000001,127,6.33,0.0063,0.0063,0.0127,0.0254,0.06,0.4,MIN_PROFIT_TP_HIT,63.35
TRUMP_USDT,1m,Maker 0.00% / Taker 0.01%,0.0,0.01,1,2,1002,LONG,2026-01-19 11:56:59 UTC,2026-01-19 12:01:59 UTC,300.0,4.966,4.958,4.969,4.959,12.8,128,6.36,0.0064,0.0063,0.0127,-0.1151,-0.16,-1.81,STOP_LOSS_HIT,63.24
TRUMP_USDT,1m,Maker 0.00% / Taker 0.01%,0.0,0.01,1,2,1003,LONG,2026-01-19 12:18:59 UTC,2026-01-19 12:27:59 UTC,540.0,4.966,4.956,4.969,4.957,12.700000000000001,127,6.31,0.0063,0.0063,0.0126,-0.1396,-0.2,-2.21,STOP_LOSS_HIT,63.1
TRUMP_USDT,1m,Maker 0.00% / Taker 0.01%,0.0,0.01,1,2,1004,SHORT,2026-01-19 12:36:59 UTC,2026-01-19 12:38:59 UTC,120.0,4.96,4.957,4.957,4.968,12.700000000000001,127,6.3,0.0063,0.0063,0.0126,0.0255,0.06,0.4,MIN_PROFIT_TP_HIT,63.12
TRUMP_USDT,1m,Maker 0.00% / Taker 0.01%,0.0,0.01,1,2,1005,LONG,2026-01-19 12:42:59 UTC,2026-01-19 12:49:59 UTC,420.0,4.966,4.956,4.969,4.957,12.700000000000001,127,6.31,0.0063,0.0063,0.0126,-0.1396,-0.2,-2.21,STOP_LOSS_HIT,62.98
TRUMP_USDT,1m,Maker 0.00% / Taker 0.01%,0.0,0.01,1,2,1006,SHORT,2026-01-19 12:52:59 UTC,2026-01-19 13:09:59 UTC,1020.0,4.951,4.964,4.948,4.963,12.700000000000001,127,6.29,0.0063,0.0063,0.0126,-0.1777,-0.26,-2.83,STOP_LOSS_HIT,62.81
TRUMP_USDT,1m,Maker 0.00% / Taker 0.01%,0.0,0.01,1,2,1007,SHORT,2026-01-19 13:11:59 UTC,2026-01-19 13:25:59 UTC,840.0,4.96,4.967,4.957,4.966,12.700000000000001,127,6.3,0.0063,0.0063,0.0126,-0.1015,-0.14,-1.61,STOP_LOSS_HIT,62.7
TRUMP_USDT,1m,Maker 0.00% / Taker 0.01%,0.0,0.01,1,2,1008,SHORT,2026-01-19 13:39:59 UTC,2026-01-19 13:41:59 UTC,120.0,4.958,4.955,4.955,4.968,12.600000000000001,126,6.25,0.0062,0.0062,0.0125,0.0253,0.06,0.41,MIN_PROFIT_TP_HIT,62.73
TRUMP_USDT,1m,Maker 0.00% / Taker 0.01%,0.0,0.01,1,2,1009,LONG,2026-01-19 13:46:59 UTC,2026-01-19 13:47:59 UTC,60.0,4.956,4.948,4.959,4.949,12.700000000000001,127,6.29,0.0063,0.0063,0.0126,-0.1142,-0.16,-1.81,STOP_LOSS_HIT,62.62
TRUMP_USDT,1m,Maker 0.00% / Taker 0.01%,0.0,0.01,1,2,1010,LONG,2026-01-19 14:31:59 UTC,2026-01-19 14:32:59 UTC,60.0,4.965,4.968,4.968,4.956,12.600000000000001,126,6.26,0.0063,0.0063,0.0125,0.0253,0.06,0.4,MIN_PROFIT_TP_HIT,62.64
TRUMP_USDT,1m,Maker 0.00% / Taker 0.01%,0.0,0.01,1,2,1011,LONG,2026-01-19 15:11:59 UTC,2026-01-19 15:13:59 UTC,120.0,4.993,4.987,4.996,4.988,12.5,125,6.24,0.0062,0.0062,0.0125,-0.0875,-0.12,-1.4,STOP_LOSS_HIT,62.55
TRUMP_USDT,1m,Maker 0.00% / Taker 0.01%,0.0,0.01,1,2,1012,SHORT,2026-01-19 16:29:59 UTC,2026-01-19 16:31:59 UTC,120.0,5.007,5.003,5.003,5.011,12.5,125,6.26,0.0063,0.0063,0.0125,0.0375,0.08,0.6,MIN_PROFIT_TP_HIT,62.59
TRUMP_USDT,1m,Maker 0.00% / Taker 0.01%,0.0,0.01,1,2,1013,LONG,2026-01-19 17:05:59 UTC,2026-01-19 17:19:59 UTC,840.0,4.998,4.983,5.001,4.984,12.5,125,6.25,0.0062,0.0062,0.0125,-0.2,-0.3,-3.2,STOP_LOSS_HIT,62.39
TRUMP_USDT,1m,Maker 0.00% / Taker 0.01%,0.0,0.01,1,2,1014,SHORT,2026-01-19 17:29:59 UTC,2026-01-19 17:40:59 UTC,660.0,4.975,4.986,4.972,4.985,12.5,125,6.22,0.0062,0.0062,0.0125,-0.15,-0.22,-2.41,STOP_LOSS_HIT,62.24
TRUMP_USDT,1m,Maker 0.00% / Taker 0.01%,0.0,0.01,1,2,1015,SHORT,2026-01-19 18:03:59 UTC,2026-01-19 18:05:59 UTC,120.0,4.993,4.99,4.99,5.003,12.5,125,6.24,0.0062,0.0062,0.0125,0.025,0.06,0.4,MIN_PROFIT_TP_HIT,62.27
TRUMP_USDT,1m,Maker 0.00% / Taker 0.01%,0.0,0.01,1,2,1016,LONG,2026-01-19 18:17:59 UTC,2026-01-19 18:38:59 UTC,1260.0,4.996,4.999,4.999,4.989,12.5,125,6.25,0.0062,0.0062,0.0125,0.025,0.06,0.4,MIN_PROFIT_TP_HIT,62.29
TRUMP_USDT,1m,Maker 0.00% / Taker 0.01%,0.0,0.01,1,2,1017,LONG,2026-01-19 18:50:59 UTC,2026-01-19 18:54:59 UTC,240.0,4.995,4.998,4.998,4.991,12.5,125,6.24,0.0062,0.0062,0.0125,0.025,0.06,0.4,MIN_PROFIT_TP_HIT,62.32
TRUMP_USDT,1m,Maker 0.00% / Taker 0.01%,0.0,0.01,1,2,1018,LONG,2026-01-19 19:02:59 UTC,2026-01-19 19:03:59 UTC,60.0,5.004,4.998,5.007,4.999,12.5,125,6.25,0.0063,0.0062,0.0125,-0.0875,-0.12,-1.4,STOP_LOSS_HIT,62.23
TRUMP_USDT,1m,Maker 0.00% / Taker 0.01%,0.0,0.01,1,2,1019,LONG,2026-01-19 19:12:59 UTC,2026-01-19 19:16:59 UTC,240.0,5.007,5.011,5.011,5.0,12.4,124,6.21,0.0062,0.0062,0.0124,0.0372,0.08,0.6,MIN_PROFIT_TP_HIT,62.27
TRUMP_USDT,1m,Maker 0.00% / Taker 0.01%,0.0,0.01,1,2,1020,LONG,2026-01-19 19:50:59 UTC,2026-01-19 19:53:59 UTC,180.0,5.02,5.012,5.024,5.013,12.4,124,6.22,0.0062,0.0062,0.0124,-0.1116,-0.16,-1.79,STOP_LOSS_HIT,62.15
TRUMP_USDT,1m,Maker 0.00% / Taker 0.01%,0.0,0.01,1,2,1021,SHORT,2026-01-19 20:33:59 UTC,2026-01-19 20:35:59 UTC,120.0,5.018,5.014,5.014,5.03,12.4,124,6.22,0.0062,0.0062,0.0124,0.0372,0.08,0.6,MIN_PROFIT_TP_HIT,62.19
TRUMP_USDT,1m,Maker 0.00% / Taker 0.01%,0.0,0.01,1,2,1022,LONG,2026-01-19 20:53:59 UTC,2026-01-19 20:57:59 UTC,240.0,5.02,5.024,5.024,5.013,12.4,124,6.22,0.0062,0.0062,0.0125,0.0371,0.08,0.6,MIN_PROFIT_TP_HIT,62.23
TRUMP_USDT,1m,Maker 0.00% / Taker 0.01%,0.0,0.01,1,2,1023,SHORT,2026-01-19 21:12:59 UTC,2026-01-19 21:17:59 UTC,300.0,5.01,5.006,5.006,5.019,12.4,124,6.21,0.0062,0.0062,0.0124,0.0372,0.08,0.6,MIN_PROFIT_TP_HIT,62.27
TRUMP_USDT,1m,Maker 0.00% / Taker 0.01%,0.0,0.01,1,2,1024,LONG,2026-01-19 23:01:59 UTC,2026-01-19 23:09:59 UTC,480.0,4.988,4.991,4.991,4.969,12.5,125,6.24,0.0062,0.0062,0.0125,0.025,0.06,0.4,MIN_PROFIT_TP_HIT,62.29
TRUMP_USDT,1m,Maker 0.00% / Taker 0.01%,0.0,0.01,1,2,1025,SHORT,2026-01-19 23:11:59 UTC,2026-01-19 23:15:59 UTC,240.0,4.988,4.985,4.985,4.998,12.5,125,6.24,0.0062,0.0062,0.0125,0.025,0.06,0.4,MIN_PROFIT_TP_HIT,62.32
TRUMP_USDT,1m,Maker 0.00% / Taker 0.01%,0.0,0.01,1,2,1026,SHORT,2026-01-19 23:34:59 UTC,2026-01-19 23:36:59 UTC,120.0,5.008,5.013,5.004,5.012,12.4,124,6.21,0.0062,0.0062,0.0124,-0.0744,-0.1,-1.2,STOP_LOSS_HIT,62.24
TRUMP_USDT,1m,Maker 0.00% / Taker 0.01%,0.0,0.01,1,2,1027,SHORT,2026-01-20 00:23:59 UTC,2026-01-20 00:25:59 UTC,120.0,5.002,4.998,4.998,5.007,12.4,124,6.2,0.0062,0.0062,0.0124,0.0372,0.08,0.6,MIN_PROFIT_TP_HIT,62.28
TRUMP_USDT,1m,Maker 0.00% / Taker 0.01%,0.0,0.01,1,2,1028,SHORT,2026-01-20 00:34:59 UTC,2026-01-20 00:35:59 UTC,60.0,4.998,5.006,4.994,5.005,12.5,125,6.25,0.0062,0.0063,0.0125,-0.1125,-0.16,-1.8,STOP_LOSS_HIT,62.17
TRUMP_USDT,1m,Maker 0.00% / Taker 0.01%,0.0,0.01,1,2,1029,SHORT,2026-01-20 00:38:59 UTC,2026-01-20 00:49:59 UTC,660.0,5.003,4.999,4.999,5.01,12.4,124,6.2,0.0062,0.0062,0.0124,0.0372,0.08,0.6,MIN_PROFIT_TP_HIT,62.2
TRUMP_USDT,1m,Maker 0.00% / Taker 0.01%,0.0,0.01,1,2,1030,LONG,2026-01-20 00:58:59 UTC,2026-01-20 00:59:59 UTC,60.0,4.989,4.992,4.992,4.979,12.5,125,6.24,0.0062,0.0062,0.0125,0.025,0.06,0.4,MIN_PROFIT_TP_HIT,62.23
TRUMP_USDT,1m,Maker 0.00% / Taker 0.01%,0.0,0.01,1,2,1031,SHORT,2026-01-20 01:15:59 UTC,2026-01-20 01:16:59 UTC,60.0,4.987,4.984,4.984,4.991,12.5,125,6.23,0.0062,0.0062,0.0125,0.025,0.06,0.4,MIN_PROFIT_TP_HIT,62.25
TRUMP_USDT,1m,Maker 0.00% / Taker 0.01%,0.0,0.01,1,2,1032,SHORT,2026-01-20 02:00:59 UTC,2026-01-20 02:04:59 UTC,240.0,4.983,4.98,4.98,4.988,12.5,125,6.23,0.0062,0.0062,0.0125,0.025,0.06,0.4,MIN_PROFIT_TP_HIT,62.28
TRUMP_USDT,1m,Maker 0.00% / Taker 0.01%,0.0,0.01,1,2,1033,SHORT,2026-01-20 02:29:59 UTC,2026-01-20 02:33:59 UTC,240.0,4.982,4.979,4.979,4.99,12.5,125,6.23,0.0062,0.0062,0.0125,0.025,0.06,0.4,MIN_PROFIT_TP_HIT,62.3
TRUMP_USDT,1m,Maker 0.00% / Taker 0.01%,0.0,0.01,1,2,1034,SHORT,2026-01-20 03:10:59 UTC,2026-01-20 03:20:59 UTC,600.0,4.988,4.985,4.985,4.995,12.5,125,6.24,0.0062,0.0062,0.0125,0.025,0.06,0.4,MIN_PROFIT_TP_HIT,62.33
TRUMP_USDT,1m,Maker 0.00% / Taker 0.01%,0.0,0.01,1,2,1035,SHORT,2026-01-20 03:21:59 UTC,2026-01-20 03:26:59 UTC,300.0,4.983,4.98,4.98,4.989,12.5,125,6.23,0.0062,0.0062,0.0125,0.025,0.06,0.4,MIN_PROFIT_TP_HIT,62.35
TRUMP_USDT,1m,Maker 0.00% / Taker 0.01%,0.0,0.01,1,2,1036,LONG,2026-01-20 03:27:59 UTC,2026-01-20 03:31:59 UTC,240.0,4.987,4.981,4.99,4.982,12.5,125,6.23,0.0062,0.0062,0.0125,-0.0875,-0.12,-1.4,STOP_LOSS_HIT,62.27
TRUMP_USDT,1m,Maker 0.00% / Taker 0.01%,0.0,0.01,1,2,1037,LONG,2026-01-20 03:38:59 UTC,2026-01-20 03:40:59 UTC,120.0,4.989,4.992,4.992,4.976,12.5,125,6.24,0.0062,0.0062,0.0125,0.025,0.06,0.4,MIN_PROFIT_TP_HIT,62.29
TRUMP_USDT,1m,Maker 0.00% / Taker 0.01%,0.0,0.01,1,2,1038,SHORT,2026-01-20 03:50:59 UTC,2026-01-20 03:51:59 UTC,60.0,4.999,5.002,4.995,5.001,12.5,125,6.25,0.0062,0.0063,0.0125,-0.05,-0.06,-0.8,STOP_LOSS_HIT,62.24
TRUMP_USDT,1m,Maker 0.00% / Taker 0.01%,0.0,0.01,1,2,1039,LONG,2026-01-20 04:34:59 UTC,2026-01-20 04:35:59 UTC,60.0,5.002,4.996,5.006,4.997,12.4,124,6.2,0.0062,0.0062,0.0124,-0.0868,-0.12,-1.4,STOP_LOSS_HIT,62.15
TRUMP_USDT,1m,Maker 0.00% / Taker 0.01%,0.0,0.01,1,2,1040,SHORT,2026-01-20 05:05:59 UTC,2026-01-20 05:06:59 UTC,60.0,4.994,4.991,4.991,5.003,12.4,124,6.19,0.0062,0.0062,0.0124,0.0248,0.06,0.4,MIN_PROFIT_TP_HIT,62.18
TRUMP_USDT,1m,Maker 0.00% / Taker 0.01%,0.0,0.01,1,2,1041,LONG,2026-01-20 06:09:59 UTC,2026-01-20 06:12:59 UTC,180.0,4.986,4.981,4.989,4.982,12.5,125,6.23,0.0062,0.0062,0.0125,-0.075,-0.1,-1.2,STOP_LOSS_HIT,62.1
TRUMP_USDT,1m,Maker 0.00% / Taker 0.01%,0.0,0.01,1,2,1042,LONG,2026-01-20 06:17:59 UTC,2026-01-20 06:18:59 UTC,60.0,4.971,4.974,4.974,4.962,12.5,125,6.21,0.0062,0.0062,0.0124,0.0251,0.06,0.4,MIN_PROFIT_TP_HIT,62.13
TRUMP_USDT,1m,Maker 0.00% / Taker 0.01%,0.0,0.01,1,2,1043,LONG,2026-01-20 06:25:59 UTC,2026-01-20 06:28:59 UTC,180.0,4.997,5.0,5.0,4.971,12.4,124,6.2,0.0062,0.0062,0.0124,0.0248,0.06,0.4,MIN_PROFIT_TP_HIT,62.15
TRUMP_USDT,1m,Maker 0.00% / Taker 0.01%,0.0,0.01,1,2,1044,LONG,2026-01-20 06:34:59 UTC,2026-01-20 06:58:59 UTC,1440.0,4.997,4.972,5.0,4.973,12.4,124,6.2,0.0062,0.0062,0.0124,-0.3224,-0.5,-5.2,STOP_LOSS_HIT,61.83
TRUMP_USDT,1m,Maker 0.00% / Taker 0.01%,0.0,0.01,1,2,1045,LONG,2026-01-20 07:10:59 UTC,2026-01-20 07:14:59 UTC,240.0,4.983,4.986,4.986,4.973,12.4,124,6.18,0.0062,0.0062,0.0124,0.0248,0.06,0.4,MIN_PROFIT_TP_HIT,61.86
TRUMP_USDT,1m,Maker 0.00% / Taker 0.01%,0.0,0.01,1,2,1046,SHORT,2026-01-20 07:17:59 UTC,2026-01-20 07:18:59 UTC,60.0,4.988,4.985,4.985,4.999,12.4,124,6.19,0.0062,0.0062,0.0124,0.0248,0.06,0.4,MIN_PROFIT_TP_HIT,61.88
TRUMP_USDT,1m,Maker 0.00% / Taker 0.01%,0.0,0.01,1,2,1047,SHORT,2026-01-20 08:09:59 UTC,2026-01-20 08:11:59 UTC,120.0,4.952,4.949,4.949,4.957,12.5,125,6.19,0.0062,0.0062,0.0124,0.0251,0.06,0.41,MIN_PROFIT_TP_HIT,61.91
TRUMP_USDT,1m,Maker 0.00% / Taker 0.01%,0.0,0.01,1,2,1048,LONG,2026-01-20 08:15:59 UTC,2026-01-20 08:18:59 UTC,180.0,4.942,4.945,4.945,4.922,12.5,125,6.18,0.0062,0.0062,0.0124,0.0251,0.06,0.41,MIN_PROFIT_TP_HIT,61.93
TRUMP_USDT,1m,Maker 0.00% / Taker 0.01%,0.0,0.01,1,2,1049,SHORT,2026-01-20 08:24:59 UTC,2026-01-20 08:26:59 UTC,120.0,4.95,4.947,4.947,4.956,12.5,125,6.19,0.0062,0.0062,0.0124,0.0251,0.06,0.41,MIN_PROFIT_TP_HIT,61.96
TRUMP_USDT,1m,Maker 0.00% / Taker 0.01%,0.0,0.01,1,2,1050,SHORT,2026-01-20 09:31:59 UTC,2026-01-20 09:42:59 UTC,660.0,4.926,4.923,4.923,4.935,12.600000000000001,126,6.21,0.0062,0.0062,0.0124,0.0254,0.06,0.41,MIN_PROFIT_TP_HIT,61.98
TRUMP_USDT,1m,Maker 0.00% / Taker 0.01%,0.0,0.01,1,2,1051,SHORT,2026-01-20 09:54:59 UTC,2026-01-20 10:03:59 UTC,540.0,4.928,4.938,4.925,4.937,12.600000000000001,126,6.21,0.0062,0.0062,0.0124,-0.1384,-0.2,-2.23,STOP_LOSS_HIT,61.84
TRUMP_USDT,1m,Maker 0.00% / Taker 0.01%,0.0,0.01,1,2,1052,LONG,2026-01-20 10:04:59 UTC,2026-01-20 10:09:59 UTC,300.0,4.943,4.946,4.946,4.93,12.5,125,6.18,0.0062,0.0062,0.0124,0.0251,0.06,0.41,MIN_PROFIT_TP_HIT,61.87
TRUMP_USDT,1m,Maker 0.00% / Taker 0.01%,0.0,0.01,1,2,1053,SHORT,2026-01-20 10:11:59 UTC,2026-01-20 10:14:59 UTC,180.0,4.952,4.96,4.949,4.959,12.5,125,6.19,0.0062,0.0062,0.0124,-0.1124,-0.16,-1.82,STOP_LOSS_HIT,61.76
TRUMP_USDT,1m,Maker 0.00% / Taker 0.01%,0.0,0.01,1,2,1054,LONG,2026-01-20 10:21:59 UTC,2026-01-20 10:29:59 UTC,480.0,4.96,4.952,4.963,4.953,12.5,125,6.2,0.0062,0.0062,0.0124,-0.1124,-0.16,-1.81,STOP_LOSS_HIT,61.64
TRUMP_USDT,1m,Maker 0.00% / Taker 0.01%,0.0,0.01,1,2,1055,SHORT,2026-01-20 10:39:59 UTC,2026-01-20 10:42:59 UTC,180.0,4.947,4.944,4.944,4.954,12.5,125,6.18,0.0062,0.0062,0.0124,0.0251,0.06,0.41,MIN_PROFIT_TP_HIT,61.67
TRUMP_USDT,1m,Maker 0.00% / Taker 0.01%,0.0,0.01,1,2,1056,LONG,2026-01-20 11:18:59 UTC,2026-01-20 11:20:59 UTC,120.0,4.94,4.934,4.943,4.935,12.5,125,6.18,0.0062,0.0062,0.0123,-0.0873,-0.12,-1.41,STOP_LOSS_HIT,61.58
TRUMP_USDT,1m,Maker 0.00% / Taker 0.01%,0.0,0.01,1,2,1057,SHORT,2026-01-20 11:54:59 UTC,2026-01-20 12:00:59 UTC,360.0,4.921,4.918,4.918,4.931,12.5,125,6.15,0.0062,0.0061,0.0123,0.0252,0.06,0.41,MIN_PROFIT_TP_HIT,61.61
TRUMP_USDT,1m,Maker 0.00% / Taker 0.01%,0.0,0.01,1,2,1058,LONG,2026-01-20 12:02:59 UTC,2026-01-20 12:39:59 UTC,2220.0,4.926,4.929,4.929,4.914,12.5,125,6.16,0.0062,0.0062,0.0123,0.0252,0.06,0.41,MIN_PROFIT_TP_HIT,61.63
TRUMP_USDT,1m,Maker 0.00% / Taker 0.01%,0.0,0.01,1,2,1059,SHORT,2026-01-20 12:41:59 UTC,2026-01-20 12:46:59 UTC,300.0,4.929,4.934,4.926,4.933,12.5,125,6.16,0.0062,0.0062,0.0123,-0.0748,-0.1,-1.21,STOP_LOSS_HIT,61.56
TRUMP_USDT,1m,Maker 0.00% / Taker 0.01%,0.0,0.01,1,2,1060,SHORT,2026-01-20 12:52:59 UTC,2026-01-20 12:58:59 UTC,360.0,4.932,4.929,4.929,4.938,12.5,125,6.17,0.0062,0.0062,0.0123,0.0252,0.06,0.41,MIN_PROFIT_TP_HIT,61.58
TRUMP_USDT,1m,Maker 0.00% / Taker 0.01%,0.0,0.01,1,2,1061,LONG,2026-01-20 13:02:59 UTC,2026-01-20 13:04:59 UTC,120.0,4.922,4.914,4.925,4.915,12.5,125,6.15,0.0062,0.0061,0.0123,-0.1123,-0.16,-1.83,STOP_LOSS_HIT,61.47
TRUMP_USDT,1m,Maker 0.00% / Taker 0.01%,0.0,0.01,1,2,1062,SHORT,2026-01-20 13:24:59 UTC,2026-01-20 13:29:59 UTC,300.0,4.906,4.903,4.903,4.919,12.5,125,6.13,0.0061,0.0061,0.0123,0.0252,0.06,0.41,MIN_PROFIT_TP_HIT,61.49
TRUMP_USDT,1m,Maker 0.00% / Taker 0.01%,0.0,0.01,1,2,1063,SHORT,2026-01-20 14:24:59 UTC,2026-01-20 14:26:59 UTC,120.0,4.93,4.927,4.927,4.939,12.5,125,6.16,0.0062,0.0062,0.0123,0.0252,0.06,0.41,MIN_PROFIT_TP_HIT,61.52
TRUMP_USDT,1m,Maker 0.00% / Taker 0.01%,0.0,0.01,1,2,1064,SHORT,2026-01-20 14:32:59 UTC,2026-01-20 14:35:59 UTC,180.0,4.928,4.939,4.925,4.938,12.5,125,6.16,0.0062,0.0062,0.0123,-0.1498,-0.22,-2.43,STOP_LOSS_HIT,61.37
TRUMP_USDT,1m,Maker 0.00% / Taker 0.01%,0.0,0.01,1,2,1065,SHORT,2026-01-20 14:37:59 UTC,2026-01-20 14:38:59 UTC,60.0,4.95,4.96,4.947,4.959,12.4,124,6.14,0.0061,0.0062,0.0123,-0.1363,-0.2,-2.22,STOP_LOSS_HIT,61.23
TRUMP_USDT,1m,Maker 0.00% / Taker 0.01%,0.0,0.01,1,2,1066,LONG,2026-01-20 15:11:59 UTC,2026-01-20 15:12:59 UTC,60.0,4.922,4.925,4.925,4.912,12.4,124,6.1,0.0061,0.0061,0.0122,0.025,0.06,0.41,MIN_PROFIT_TP_HIT,61.26
TRUMP_USDT,1m,Maker 0.00% / Taker 0.01%,0.0,0.01,1,2,1067,SHORT,2026-01-20 15:52:59 UTC,2026-01-20 15:54:59 UTC,120.0,4.927,4.932,4.924,4.931,12.4,124,6.11,0.0061,0.0061,0.0122,-0.0742,-0.1,-1.21,STOP_LOSS_HIT,61.18
TRUMP_USDT,1m,Maker 0.00% / Taker 0.01%,0.0,0.01,1,2,1068,SHORT,2026-01-20 16:52:59 UTC,2026-01-20 16:55:59 UTC,180.0,4.879,4.876,4.876,4.891,12.5,125,6.1,0.0061,0.0061,0.0122,0.0253,0.06,0.41,MIN_PROFIT_TP_HIT,61.21
TRUMP_USDT,1m,Maker 0.00% / Taker 0.01%,0.0,0.01,1,2,1069,LONG,2026-01-20 17:05:59 UTC,2026-01-20 17:06:59 UTC,60.0,4.89,4.893,4.893,4.877,12.5,125,6.11,0.0061,0.0061,0.0122,0.0253,0.06,0.41,MIN_PROFIT_TP_HIT,61.24
TRUMP_USDT,1m,Maker 0.00% / Taker 0.01%,0.0,0.01,1,2,1070,SHORT,2026-01-20 17:34:59 UTC,2026-01-20 17:36:59 UTC,120.0,4.864,4.861,4.861,4.878,12.600000000000001,126,6.13,0.0061,0.0061,0.0123,0.0255,0.06,0.42,MIN_PROFIT_TP_HIT,61.26
TRUMP_USDT,1m,Maker 0.00% / Taker 0.01%,0.0,0.01,1,2,1071,SHORT,2026-01-20 17:45:59 UTC,2026-01-20 17:46:59 UTC,60.0,4.849,4.846,4.846,4.869,12.600000000000001,126,6.11,0.0061,0.0061,0.0122,0.0256,0.06,0.42,MIN_PROFIT_TP_HIT,61.29
TRUMP_USDT,1m,Maker 0.00% / Taker 0.01%,0.0,0.01,1,2,1072,SHORT,2026-01-20 18:21:59 UTC,2026-01-20 18:23:59 UTC,120.0,4.844,4.841,4.841,4.855,12.700000000000001,127,6.15,0.0062,0.0061,0.0123,0.0258,0.06,0.42,MIN_PROFIT_TP_HIT,61.31
TRUMP_USDT,1m,Maker 0.00% / Taker 0.01%,0.0,0.01,1,2,1073,LONG,2026-01-20 19:47:59 UTC,2026-01-20 19:50:59 UTC,180.0,4.851,4.854,4.854,4.833,12.600000000000001,126,6.11,0.0061,0.0061,0.0122,0.0256,0.06,0.42,MIN_PROFIT_TP_HIT,61.34
TRUMP_USDT,1m,Maker 0.00% / Taker 0.01%,0.0,0.01,1,2,1074,LONG,2026-01-20 19:53:59 UTC,2026-01-20 20:00:59 UTC,420.0,4.859,4.849,4.862,4.85,12.600000000000001,126,6.12,0.0061,0.0061,0.0122,-0.1382,-0.21,-2.26,STOP_LOSS_HIT,61.2
TRUMP_USDT,1m,Maker 0.00% / Taker 0.01%,0.0,0.01,1,2,1075,SHORT,2026-01-20 21:41:59 UTC,2026-01-20 21:44:59 UTC,180.0,4.835,4.832,4.832,4.845,12.700000000000001,127,6.14,0.0061,0.0061,0.0123,0.0258,0.06,0.42,MIN_PROFIT_TP_HIT,61.23
TRUMP_USDT,1m,Maker 0.00% / Taker 0.01%,0.0,0.01,1,2,1076,LONG,2026-01-20 21:58:59 UTC,2026-01-20 22:02:59 UTC,240.0,4.838,4.832,4.841,4.833,12.700000000000001,127,6.14,0.0061,0.0061,0.0123,-0.0885,-0.12,-1.44,STOP_LOSS_HIT,61.14
TRUMP_USDT,1m,Maker 0.00% / Taker 0.01%,0.0,0.01,1,2,1077,SHORT,2026-01-20 22:10:59 UTC,2026-01-20 22:13:59 UTC,180.0,4.831,4.828,4.828,4.835,12.700000000000001,127,6.14,0.0061,0.0061,0.0123,0.0258,0.06,0.42,MIN_PROFIT_TP_HIT,61.16
TRUMP_USDT,1m,Maker 0.00% / Taker 0.01%,0.0,0.01,1,2,1078,LONG,2026-01-20 22:29:59 UTC,2026-01-20 22:30:59 UTC,60.0,4.835,4.838,4.838,4.831,12.700000000000001,127,6.14,0.0061,0.0061,0.0123,0.0258,0.06,0.42,MIN_PROFIT_TP_HIT,61.19
TRUMP_USDT,1m,Maker 0.00% / Taker 0.01%,0.0,0.01,1,2,1079,SHORT,2026-01-20 22:34:59 UTC,2026-01-20 22:45:59 UTC,660.0,4.786,4.834,4.783,4.833,12.8,128,6.13,0.0061,0.0062,0.0123,-0.6267,-1.0,-10.23,STOP_LOSS_HIT,60.56
TRUMP_USDT,1m,Maker 0.00% / Taker 0.01%,0.0,0.01,1,2,1080,SHORT,2026-01-20 23:16:59 UTC,2026-01-20 23:17:59 UTC,60.0,4.821,4.818,4.818,4.827,12.600000000000001,126,6.07,0.0061,0.0061,0.0121,0.0257,0.06,0.42,MIN_PROFIT_TP_HIT,60.59
TRUMP_USDT,1m,Maker 0.00% / Taker 0.01%,0.0,0.01,1,2,1081,LONG,2026-01-20 23:52:59 UTC,2026-01-21 00:00:59 UTC,480.0,4.833,4.836,4.836,4.824,12.5,125,6.04,0.006,0.006,0.0121,0.0254,0.06,0.42,MIN_PROFIT_TP_HIT,60.61
TRUMP_USDT,1m,Maker 0.00% / Taker 0.01%,0.0,0.01,1,2,1082,LONG,2026-01-21 00:02:59 UTC,2026-01-21 00:21:59 UTC,1140.0,4.848,4.851,4.851,4.83,12.5,125,6.06,0.0061,0.0061,0.0121,0.0254,0.06,0.42,MIN_PROFIT_TP_HIT,60.64
TRUMP_USDT,1m,Maker 0.00% / Taker 0.01%,0.0,0.01,1,2,1083,LONG,2026-01-21 00:48:59 UTC,2026-01-21 00:53:59 UTC,300.0,4.889,4.892,4.892,4.871,12.4,124,6.06,0.0061,0.0061,0.0121,0.0251,0.06,0.41,MIN_PROFIT_TP_HIT,60.66
TRUMP_USDT,1m,Maker 0.00% / Taker 0.01%,0.0,0.01,1,2,1084,LONG,2026-01-21 01:24:59 UTC,2026-01-21 01:29:59 UTC,300.0,4.9,4.903,4.903,4.893,12.4,124,6.08,0.0061,0.0061,0.0122,0.025,0.06,0.41,MIN_PROFIT_TP_HIT,60.69
TRUMP_USDT,1m,Maker 0.00% / Taker 0.01%,0.0,0.01,1,2,1085,SHORT,2026-01-21 02:29:59 UTC,2026-01-21 02:31:59 UTC,120.0,4.91,4.907,4.907,4.92,12.4,124,6.09,0.0061,0.0061,0.0122,0.025,0.06,0.41,MIN_PROFIT_TP_HIT,60.71
TRUMP_USDT,1m,Maker 0.00% / Taker 0.01%,0.0,0.01,1,2,1086,SHORT,2026-01-21 02:32:59 UTC,2026-01-21 02:34:59 UTC,120.0,4.906,4.903,4.903,4.919,12.4,124,6.08,0.0061,0.0061,0.0122,0.025,0.06,0.41,MIN_PROFIT_TP_HIT,60.74
TRUMP_USDT,1m,Maker 0.00% / Taker 0.01%,0.0,0.01,1,2,1087,LONG,2026-01-21 02:41:59 UTC,2026-01-21 02:50:59 UTC,540.0,4.904,4.893,4.907,4.894,12.4,124,6.08,0.0061,0.0061,0.0121,-0.1485,-0.22,-2.44,STOP_LOSS_HIT,60.59
TRUMP_USDT,1m,Maker 0.00% / Taker 0.01%,0.0,0.01,1,2,1088,SHORT,2026-01-21 02:51:59 UTC,2026-01-21 02:55:59 UTC,240.0,4.893,4.903,4.89,4.902,12.4,124,6.07,0.0061,0.0061,0.0121,-0.1361,-0.2,-2.24,STOP_LOSS_HIT,60.45
TRUMP_USDT,1m,Maker 0.00% / Taker 0.01%,0.0,0.01,1,2,1089,SHORT,2026-01-21 02:57:59 UTC,2026-01-21 03:01:59 UTC,240.0,4.901,4.906,4.898,4.905,12.3,123,6.03,0.006,0.006,0.0121,-0.0736,-0.1,-1.22,STOP_LOSS_HIT,60.38
TRUMP_USDT,1m,Maker 0.00% / Taker 0.01%,0.0,0.01,1,2,1090,LONG,2026-01-21 03:23:59 UTC,2026-01-21 03:30:59 UTC,420.0,4.91,4.902,4.913,4.903,12.3,123,6.04,0.006,0.006,0.0121,-0.1105,-0.16,-1.83,STOP_LOSS_HIT,60.27
TRUMP_USDT,1m,Maker 0.00% / Taker 0.01%,0.0,0.01,1,2,1091,SHORT,2026-01-21 03:31:59 UTC,2026-01-21 03:39:59 UTC,480.0,4.895,4.892,4.892,4.905,12.3,123,6.02,0.006,0.006,0.012,0.0249,0.06,0.41,MIN_PROFIT_TP_HIT,60.29
TRUMP_USDT,1m,Maker 0.00% / Taker 0.01%,0.0,0.01,1,2,1092,SHORT,2026-01-21 03:40:59 UTC,2026-01-21 03:41:59 UTC,60.0,4.898,4.895,4.895,4.909,12.3,123,6.02,0.006,0.006,0.012,0.0249,0.06,0.41,MIN_PROFIT_TP_HIT,60.32
TRUMP_USDT,1m,Maker 0.00% / Taker 0.01%,0.0,0.01,1,2,1093,SHORT,2026-01-21 04:07:59 UTC,2026-01-21 04:25:59 UTC,1080.0,4.898,4.906,4.895,4.905,12.3,123,6.02,0.006,0.006,0.0121,-0.1105,-0.16,-1.83,STOP_LOSS_HIT,60.21
TRUMP_USDT,1m,Maker 0.00% / Taker 0.01%,0.0,0.01,1,2,1094,LONG,2026-01-21 04:40:59 UTC,2026-01-21 04:42:59 UTC,120.0,4.918,4.921,4.921,4.906,12.200000000000001,122,6.0,0.006,0.006,0.012,0.0246,0.06,0.41,MIN_PROFIT_TP_HIT,60.23
TRUMP_USDT,1m,Maker 0.00% / Taker 0.01%,0.0,0.01,1,2,1095,LONG,2026-01-21 05:01:59 UTC,2026-01-21 05:08:59 UTC,420.0,4.939,4.942,4.942,4.922,12.200000000000001,122,6.03,0.006,0.006,0.0121,0.0245,0.06,0.41,MIN_PROFIT_TP_HIT,60.26
TRUMP_USDT,1m,Maker 0.00% / Taker 0.01%,0.0,0.01,1,2,1096,SHORT,2026-01-21 05:17:59 UTC,2026-01-21 05:19:59 UTC,120.0,4.93,4.927,4.927,4.942,12.200000000000001,122,6.01,0.006,0.006,0.012,0.0246,0.06,0.41,MIN_PROFIT_TP_HIT,60.28
TRUMP_USDT,1m,Maker 0.00% / Taker 0.01%,0.0,0.01,1,2,1097,LONG,2026-01-21 05:48:59 UTC,2026-01-21 06:23:59 UTC,2100.0,4.934,4.937,4.937,4.922,12.200000000000001,122,6.02,0.006,0.006,0.012,0.0246,0.06,0.41,MIN_PROFIT_TP_HIT,60.31
TRUMP_USDT,1m,Maker 0.00% / Taker 0.01%,0.0,0.01,1,2,1098,LONG,2026-01-21 06:44:59 UTC,2026-01-21 06:45:59 UTC,60.0,4.913,4.908,4.916,4.909,12.3,123,6.04,0.006,0.006,0.0121,-0.0736,-0.1,-1.22,STOP_LOSS_HIT,60.23
TRUMP_USDT,1m,Maker 0.00% / Taker 0.01%,0.0,0.01,1,2,1099,SHORT,2026-01-21 07:17:59 UTC,2026-01-21 07:31:59 UTC,840.0,4.934,4.931,4.931,4.939,12.200000000000001,122,6.02,0.006,0.006,0.012,0.0246,0.06,0.41,MIN_PROFIT_TP_HIT,60.26
TRUMP_USDT,1m,Maker 0.00% / Taker 0.01%,0.0,0.01,1,2,1100,LONG,2026-01-21 08:00:59 UTC,2026-01-21 08:01:59 UTC,60.0,4.926,4.929,4.929,4.917,12.200000000000001,122,6.01,0.006,0.006,0.012,0.0246,0.06,0.41,MIN_PROFIT_TP_HIT,60.28
TRUMP_USDT,1m,Maker 0.00% / Taker 0.01%,0.0,0.01,1,2,1101,SHORT,2026-01-21 09:37:59 UTC,2026-01-21 09:42:59 UTC,300.0,4.908,4.905,4.905,4.912,12.3,123,6.04,0.006,0.006,0.0121,0.0248,0.06,0.41,MIN_PROFIT_TP_HIT,60.31
TRUMP_USDT,1m,Maker 0.00% / Taker 0.01%,0.0,0.01,1,2,1102,LONG,2026-01-21 09:52:59 UTC,2026-01-21 09:55:59 UTC,180.0,4.91,4.897,4.913,4.898,12.3,123,6.04,0.006,0.006,0.0121,-0.172,-0.26,-2.85,STOP_LOSS_HIT,60.14
TRUMP_USDT,1m,Maker 0.00% / Taker 0.01%,0.0,0.01,1,2,1103,LONG,2026-01-21 10:20:59 UTC,2026-01-21 10:23:59 UTC,180.0,4.924,4.917,4.927,4.918,12.200000000000001,122,6.01,0.006,0.006,0.012,-0.0974,-0.14,-1.62,STOP_LOSS_HIT,60.04
TRUMP_USDT,1m,Maker 0.00% / Taker 0.01%,0.0,0.01,1,2,1104,LONG,2026-01-21 10:25:59 UTC,2026-01-21 10:27:59 UTC,120.0,4.918,4.914,4.921,4.915,12.200000000000001,122,6.0,0.006,0.006,0.012,-0.0608,-0.08,-1.01,STOP_LOSS_HIT,59.98
TRUMP_USDT,1m,Maker 0.00% / Taker 0.01%,0.0,0.01,1,2,1105,SHORT,2026-01-21 10:43:59 UTC,2026-01-21 11:00:59 UTC,1020.0,4.905,4.914,4.902,4.913,12.200000000000001,122,5.98,0.006,0.006,0.012,-0.1218,-0.18,-2.04,STOP_LOSS_HIT,59.86
TRUMP_USDT,1m,Maker 0.00% / Taker 0.01%,0.0,0.01,1,2,1106,LONG,2026-01-21 11:08:59 UTC,2026-01-21 11:13:59 UTC,300.0,4.91,4.913,4.913,4.905,12.200000000000001,122,5.99,0.006,0.006,0.012,0.0246,0.06,0.41,MIN_PROFIT_TP_HIT,59.88
TRUMP_USDT,1m,Maker 0.00% / Taker 0.01%,0.0,0.01,1,2,1107,SHORT,2026-01-21 11:51:59 UTC,2026-01-21 11:55:59 UTC,240.0,4.869,4.866,4.866,4.874,12.3,123,5.99,0.006,0.006,0.012,0.0249,0.06,0.42,MIN_PROFIT_TP_HIT,59.91
TRUMP_USDT,1m,Maker 0.00% / Taker 0.01%,0.0,0.01,1,2,1108,LONG,2026-01-21 12:14:59 UTC,2026-01-21 12:18:59 UTC,240.0,4.853,4.842,4.856,4.843,12.3,123,5.97,0.006,0.006,0.0119,-0.1472,-0.23,-2.47,STOP_LOSS_HIT,59.76
TRUMP_USDT,1m,Maker 0.00% / Taker 0.01%,0.0,0.01,1,2,1109,SHORT,2026-01-21 12:22:59 UTC,2026-01-21 12:24:59 UTC,120.0,4.83,4.846,4.827,4.845,12.4,124,5.99,0.006,0.006,0.012,-0.2104,-0.33,-3.51,STOP_LOSS_HIT,59.55
TRUMP_USDT,1m,Maker 0.00% / Taker 0.01%,0.0,0.01,1,2,1110,SHORT,2026-01-21 12:43:59 UTC,2026-01-21 12:44:59 UTC,60.0,4.865,4.87,4.862,4.869,12.200000000000001,122,5.94,0.0059,0.0059,0.0119,-0.0729,-0.1,-1.23,STOP_LOSS_HIT,59.47
TRUMP_USDT,1m,Maker 0.00% / Taker 0.01%,0.0,0.01,1,2,1111,LONG,2026-01-21 13:05:59 UTC,2026-01-21 13:06:59 UTC,60.0,4.879,4.882,4.882,4.868,12.200000000000001,122,5.95,0.006,0.006,0.0119,0.0247,0.06,0.41,MIN_PROFIT_TP_HIT,59.5
TRUMP_USDT,1m,Maker 0.00% / Taker 0.01%,0.0,0.01,1,2,1112,SHORT,2026-01-21 14:16:59 UTC,2026-01-21 14:18:59 UTC,120.0,4.91,4.907,4.907,4.927,12.100000000000001,121,5.94,0.0059,0.0059,0.0119,0.0244,0.06,0.41,MIN_PROFIT_TP_HIT,59.52
TRUMP_USDT,1m,Maker 0.00% / Taker 0.01%,0.0,0.01,1,2,1113,SHORT,2026-01-21 14:19:59 UTC,2026-01-21 14:20:59 UTC,60.0,4.908,4.905,4.905,4.918,12.100000000000001,121,5.94,0.0059,0.0059,0.0119,0.0244,0.06,0.41,MIN_PROFIT_TP_HIT,59.55
TRUMP_USDT,1m,Maker 0.00% / Taker 0.01%,0.0,0.01,1,2,1114,LONG,2026-01-21 14:31:59 UTC,2026-01-21 14:32:59 UTC,60.0,4.918,4.921,4.921,4.89,12.100000000000001,121,5.95,0.006,0.006,0.0119,0.0244,0.06,0.41,MIN_PROFIT_TP_HIT,59.57
TRUMP_USDT,1m,Maker 0.00% / Taker 0.01%,0.0,0.01,1,2,1115,SHORT,2026-01-21 14:49:59 UTC,2026-01-21 14:50:59 UTC,60.0,4.921,4.918,4.918,4.934,12.100000000000001,121,5.95,0.006,0.006,0.0119,0.0244,0.06,0.41,MIN_PROFIT_TP_HIT,59.6
TRUMP_USDT,1m,Maker 0.00% / Taker 0.01%,0.0,0.01,1,2,1116,LONG,2026-01-21 15:23:59 UTC,2026-01-21 15:28:59 UTC,300.0,4.931,4.918,4.934,4.919,12.100000000000001,121,5.97,0.006,0.006,0.0119,-0.1692,-0.26,-2.84,STOP_LOSS_HIT,59.43
TRUMP_USDT,1m,Maker 0.00% / Taker 0.01%,0.0,0.01,1,2,1117,SHORT,2026-01-21 15:53:59 UTC,2026-01-21 15:55:59 UTC,120.0,4.937,4.934,4.934,4.95,12.0,120,5.92,0.0059,0.0059,0.0118,0.0242,0.06,0.41,MIN_PROFIT_TP_HIT,59.45
TRUMP_USDT,1m,Maker 0.00% / Taker 0.01%,0.0,0.01,1,2,1118,LONG,2026-01-21 16:40:59 UTC,2026-01-21 16:41:59 UTC,60.0,4.85,4.853,4.853,4.84,12.3,123,5.97,0.006,0.006,0.0119,0.025,0.06,0.42,MIN_PROFIT_TP_HIT,59.48
TRUMP_USDT,1m,Maker 0.00% / Taker 0.01%,0.0,0.01,1,2,1119,SHORT,2026-01-21 18:17:59 UTC,2026-01-21 18:20:59 UTC,180.0,4.847,4.844,4.844,4.857,12.3,123,5.96,0.006,0.006,0.0119,0.025,0.06,0.42,MIN_PROFIT_TP_HIT,59.5
TRUMP_USDT,1m,Maker 0.00% / Taker 0.01%,0.0,0.01,1,2,1120,LONG,2026-01-21 18:48:59 UTC,2026-01-21 19:01:59 UTC,780.0,4.862,4.865,4.865,4.845,12.200000000000001,122,5.93,0.0059,0.0059,0.0119,0.0247,0.06,0.42,MIN_PROFIT_TP_HIT,59.53
TRUMP_USDT,1m,Maker 0.00% / Taker 0.01%,0.0,0.01,1,2,1121,SHORT,2026-01-21 19:32:59 UTC,2026-01-21 19:33:59 UTC,60.0,4.906,4.903,4.903,4.926,12.100000000000001,121,5.94,0.0059,0.0059,0.0119,0.0244,0.06,0.41,MIN_PROFIT_TP_HIT,59.55
TRUMP_USDT,1m,Maker 0.00% / Taker 0.01%,0.0,0.01,1,2,1122,SHORT,2026-01-21 20:20:59 UTC,2026-01-21 20:21:59 UTC,60.0,4.909,4.906,4.906,4.93,12.100000000000001,121,5.94,0.0059,0.0059,0.0119,0.0244,0.06,0.41,MIN_PROFIT_TP_HIT,59.58
TRUMP_USDT,1m,Maker 0.00% / Taker 0.01%,0.0,0.01,1,2,1123,LONG,2026-01-21 21:04:59 UTC,2026-01-21 21:07:59 UTC,180.0,4.962,4.965,4.965,4.937,12.0,120,5.95,0.006,0.006,0.0119,0.0241,0.06,0.4,MIN_PROFIT_TP_HIT,59.6
TRUMP_USDT,1m,Maker 0.00% / Taker 0.01%,0.0,0.01,1,2,1124,SHORT,2026-01-21 21:08:59 UTC,2026-01-21 21:10:59 UTC,120.0,4.957,4.954,4.954,4.964,12.0,120,5.95,0.0059,0.0059,0.0119,0.0241,0.06,0.41,MIN_PROFIT_TP_HIT,59.62
TRUMP_USDT,1m,Maker 0.00% / Taker 0.01%,0.0,0.01,1,2,1125,LONG,2026-01-21 21:43:59 UTC,2026-01-21 21:47:59 UTC,240.0,4.964,4.967,4.967,4.951,12.0,120,5.96,0.006,0.006,0.0119,0.0241,0.06,0.4,MIN_PROFIT_TP_HIT,59.65
TRUMP_USDT,1m,Maker 0.00% / Taker 0.01%,0.0,0.01,1,2,1126,LONG,2026-01-21 22:55:59 UTC,2026-01-21 22:56:59 UTC,60.0,4.961,4.964,4.964,4.949,12.0,120,5.95,0.006,0.006,0.0119,0.0241,0.06,0.4,MIN_PROFIT_TP_HIT,59.67
TRUMP_USDT,1m,Maker 0.00% / Taker 0.01%,0.0,0.01,1,2,1127,SHORT,2026-01-21 23:31:59 UTC,2026-01-21 23:33:59 UTC,120.0,4.956,4.953,4.953,4.965,12.0,120,5.95,0.0059,0.0059,0.0119,0.0241,0.06,0.41,MIN_PROFIT_TP_HIT,59.7
TRUMP_USDT,1m,Maker 0.00% / Taker 0.01%,0.0,0.01,1,2,1128,SHORT,2026-01-21 23:40:59 UTC,2026-01-21 23:42:59 UTC,120.0,4.937,4.934,4.934,4.954,12.100000000000001,121,5.97,0.006,0.006,0.0119,0.0244,0.06,0.41,MIN_PROFIT_TP_HIT,59.72
TRUMP_USDT,1m,Maker 0.00% / Taker 0.01%,0.0,0.01,1,2,1129,LONG,2026-01-22 00:26:59 UTC,2026-01-22 00:35:59 UTC,540.0,4.972,4.975,4.975,4.962,12.0,120,5.97,0.006,0.006,0.0119,0.0241,0.06,0.4,MIN_PROFIT_TP_HIT,59.74
TRUMP_USDT,1m,Maker 0.00% / Taker 0.01%,0.0,0.01,1,2,1130,SHORT,2026-01-22 00:59:59 UTC,2026-01-22 01:07:59 UTC,480.0,4.962,4.959,4.959,4.972,12.0,120,5.95,0.006,0.006,0.0119,0.0241,0.06,0.4,MIN_PROFIT_TP_HIT,59.77
TRUMP_USDT,1m,Maker 0.00% / Taker 0.01%,0.0,0.01,1,2,1131,SHORT,2026-01-22 01:19:59 UTC,2026-01-22 01:41:59 UTC,1320.0,4.958,4.955,4.955,4.971,12.100000000000001,121,6.0,0.006,0.006,0.012,0.0243,0.06,0.41,MIN_PROFIT_TP_HIT,59.79
TRUMP_USDT,1m,Maker 0.00% / Taker 0.01%,0.0,0.01,1,2,1132,LONG,2026-01-22 02:02:59 UTC,2026-01-22 02:03:59 UTC,60.0,4.964,4.967,4.967,4.959,12.0,120,5.96,0.006,0.006,0.0119,0.0241,0.06,0.4,MIN_PROFIT_TP_HIT,59.82
TRUMP_USDT,1m,Maker 0.00% / Taker 0.01%,0.0,0.01,1,2,1133,LONG,2026-01-22 02:10:59 UTC,2026-01-22 02:19:59 UTC,540.0,4.96,4.963,4.963,4.953,12.100000000000001,121,6.0,0.006,0.006,0.012,0.0243,0.06,0.4,MIN_PROFIT_TP_HIT,59.84
TRUMP_USDT,1m,Maker 0.00% / Taker 0.01%,0.0,0.01,1,2,1134,LONG,2026-01-22 02:35:59 UTC,2026-01-22 02:40:59 UTC,300.0,4.961,4.964,4.964,4.946,12.100000000000001,121,6.0,0.006,0.006,0.012,0.0243,0.06,0.4,MIN_PROFIT_TP_HIT,59.87
TRUMP_USDT,1m,Maker 0.00% / Taker 0.01%,0.0,0.01,1,2,1135,SHORT,2026-01-22 03:32:59 UTC,2026-01-22 03:34:59 UTC,120.0,4.935,4.932,4.932,4.944,12.100000000000001,121,5.97,0.006,0.006,0.0119,0.0244,0.06,0.41,MIN_PROFIT_TP_HIT,59.89
TRUMP_USDT,1m,Maker 0.00% / Taker 0.01%,0.0,0.01,1,2,1136,LONG,2026-01-22 03:37:59 UTC,2026-01-22 03:40:59 UTC,180.0,4.935,4.938,4.938,4.928,12.100000000000001,121,5.97,0.006,0.006,0.0119,0.0244,0.06,0.41,MIN_PROFIT_TP_HIT,59.91
TRUMP_USDT,1m,Maker 0.00% / Taker 0.01%,0.0,0.01,1,2,1137,LONG,2026-01-22 04:18:59 UTC,2026-01-22 04:19:59 UTC,60.0,4.937,4.934,4.94,4.935,12.100000000000001,121,5.97,0.006,0.006,0.0119,-0.0482,-0.06,-0.81,STOP_LOSS_HIT,59.87
TRUMP_USDT,1m,Maker 0.00% / Taker 0.01%,0.0,0.01,1,2,1138,SHORT,2026-01-22 04:38:59 UTC,2026-01-22 04:42:59 UTC,240.0,4.936,4.933,4.933,4.94,12.100000000000001,121,5.97,0.006,0.006,0.0119,0.0244,0.06,0.41,MIN_PROFIT_TP_HIT,59.89
TRUMP_USDT,1m,Maker 0.00% / Taker 0.01%,0.0,0.01,1,2,1139,SHORT,2026-01-22 04:53:59 UTC,2026-01-22 04:59:59 UTC,360.0,4.933,4.93,4.93,4.94,12.100000000000001,121,5.97,0.006,0.006,0.0119,0.0244,0.06,0.41,MIN_PROFIT_TP_HIT,59.91
TRUMP_USDT,1m,Maker 0.00% / Taker 0.01%,0.0,0.01,1,2,1140,SHORT,2026-01-22 05:00:59 UTC,2026-01-22 05:19:59 UTC,1140.0,4.93,4.927,4.927,4.937,12.200000000000001,122,6.01,0.006,0.006,0.012,0.0246,0.06,0.41,MIN_PROFIT_TP_HIT,59.94
TRUMP_USDT,1m,Maker 0.00% / Taker 0.01%,0.0,0.01,1,2,1141,LONG,2026-01-22 05:23:59 UTC,2026-01-22 05:35:59 UTC,720.0,4.918,4.907,4.921,4.908,12.200000000000001,122,6.0,0.006,0.006,0.012,-0.1462,-0.22,-2.44,STOP_LOSS_HIT,59.79
TRUMP_USDT,1m,Maker 0.00% / Taker 0.01%,0.0,0.01,1,2,1142,SHORT,2026-01-22 06:17:59 UTC,2026-01-22 06:18:59 UTC,60.0,4.919,4.916,4.916,4.923,12.200000000000001,122,6.0,0.006,0.006,0.012,0.0246,0.06,0.41,MIN_PROFIT_TP_HIT,59.82
TRUMP_USDT,1m,Maker 0.00% / Taker 0.01%,0.0,0.01,1,2,1143,LONG,2026-01-22 06:29:59 UTC,2026-01-22 06:30:59 UTC,60.0,4.905,4.908,4.908,4.9,12.200000000000001,122,5.98,0.006,0.006,0.012,0.0246,0.06,0.41,MIN_PROFIT_TP_HIT,59.84
TRUMP_USDT,1m,Maker 0.00% / Taker 0.01%,0.0,0.01,1,2,1144,LONG,2026-01-22 07:42:59 UTC,2026-01-22 07:44:59 UTC,120.0,4.881,4.878,4.884,4.879,12.3,123,6.0,0.006,0.006,0.012,-0.0489,-0.06,-0.81,STOP_LOSS_HIT,59.79
TRUMP_USDT,1m,Maker 0.00% / Taker 0.01%,0.0,0.01,1,2,1145,SHORT,2026-01-22 08:46:59 UTC,2026-01-22 08:50:59 UTC,240.0,4.864,4.871,4.861,4.87,12.3,123,5.98,0.006,0.006,0.012,-0.0981,-0.14,-1.64,STOP_LOSS_HIT,59.7
TRUMP_USDT,1m,Maker 0.00% / Taker 0.01%,0.0,0.01,1,2,1146,LONG,2026-01-22 08:51:59 UTC,2026-01-22 08:52:59 UTC,60.0,4.869,4.872,4.872,4.86,12.3,123,5.99,0.006,0.006,0.012,0.0249,0.06,0.42,MIN_PROFIT_TP_HIT,59.72
TRUMP_USDT,1m,Maker 0.00% / Taker 0.01%,0.0,0.01,1,2,1147,LONG,2026-01-22 09:22:59 UTC,2026-01-22 09:25:59 UTC,180.0,4.873,4.869,4.876,4.87,12.3,123,5.99,0.006,0.006,0.012,-0.0612,-0.08,-1.02,STOP_LOSS_HIT,59.66
TRUMP_USDT,1m,Maker 0.00% / Taker 0.01%,0.0,0.01,1,2,1148,LONG,2026-01-22 09:39:59 UTC,2026-01-22 09:40:59 UTC,60.0,4.868,4.871,4.871,4.861,12.3,123,5.99,0.006,0.006,0.012,0.0249,0.06,0.42,MIN_PROFIT_TP_HIT,59.68
TRUMP_USDT,1m,Maker 0.00% / Taker 0.01%,0.0,0.01,1,2,1149,SHORT,2026-01-22 10:01:59 UTC,2026-01-22 10:02:59 UTC,60.0,4.886,4.883,4.883,4.89,12.200000000000001,122,5.96,0.006,0.006,0.0119,0.0247,0.06,0.41,MIN_PROFIT_TP_HIT,59.71
TRUMP_USDT,1m,Maker 0.00% / Taker 0.01%,0.0,0.01,1,2,1150,SHORT,2026-01-22 10:19:59 UTC,2026-01-22 10:29:59 UTC,600.0,4.876,4.873,4.873,4.883,12.200000000000001,122,5.95,0.0059,0.0059,0.0119,0.0247,0.06,0.42,MIN_PROFIT_TP_HIT,59.73
TRUMP_USDT,1m,Maker 0.00% / Taker 0.01%,0.0,0.01,1,2,1151,SHORT,2026-01-22 11:01:59 UTC,2026-01-22 11:04:59 UTC,180.0,4.875,4.872,4.872,4.883,12.3,123,6.0,0.006,0.006,0.012,0.0249,0.06,0.42,MIN_PROFIT_TP_HIT,59.76
TRUMP_USDT,1m,Maker 0.00% / Taker 0.01%,0.0,0.01,1,2,1152,SHORT,2026-01-22 11:12:59 UTC,2026-01-22 11:13:59 UTC,60.0,4.87,4.867,4.867,4.875,12.3,123,5.99,0.006,0.006,0.012,0.0249,0.06,0.42,MIN_PROFIT_TP_HIT,59.78
TRUMP_USDT,1m,Maker 0.00% / Taker 0.01%,0.0,0.01,1,2,1153,SHORT,2026-01-22 11:24:59 UTC,2026-01-22 11:27:59 UTC,180.0,4.861,4.858,4.858,4.871,12.3,123,5.98,0.006,0.006,0.012,0.0249,0.06,0.42,MIN_PROFIT_TP_HIT,59.81
TRUMP_USDT,1m,Maker 0.00% / Taker 0.01%,0.0,0.01,1,2,1154,LONG,2026-01-22 11:55:59 UTC,2026-01-22 12:00:59 UTC,300.0,4.861,4.856,4.864,4.857,12.3,123,5.98,0.006,0.006,0.012,-0.0735,-0.1,-1.23,STOP_LOSS_HIT,59.73
TRUMP_USDT,1m,Maker 0.00% / Taker 0.01%,0.0,0.01,1,2,1155,LONG,2026-01-22 12:48:59 UTC,2026-01-22 13:15:59 UTC,1620.0,4.858,4.861,4.861,4.851,12.3,123,5.98,0.006,0.006,0.012,0.0249,0.06,0.42,MIN_PROFIT_TP_HIT,59.76
TRUMP_USDT,1m,Maker 0.00% / Taker 0.01%,0.0,0.01,1,2,1156,LONG,2026-01-22 13:21:59 UTC,2026-01-22 13:24:59 UTC,180.0,4.86,4.863,4.863,4.853,12.3,123,5.98,0.006,0.006,0.012,0.0249,0.06,0.42,MIN_PROFIT_TP_HIT,59.78
TRUMP_USDT,1m,Maker 0.00% / Taker 0.01%,0.0,0.01,1,2,1157,SHORT,2026-01-22 13:51:59 UTC,2026-01-22 13:52:59 UTC,60.0,4.864,4.861,4.861,4.873,12.3,123,5.98,0.006,0.006,0.012,0.0249,0.06,0.42,MIN_PROFIT_TP_HIT,59.81
TRUMP_USDT,1m,Maker 0.00% / Taker 0.01%,0.0,0.01,1,2,1158,LONG,2026-01-22 13:55:59 UTC,2026-01-22 14:00:59 UTC,300.0,4.862,4.865,4.865,4.855,12.3,123,5.98,0.006,0.006,0.012,0.0249,0.06,0.42,MIN_PROFIT_TP_HIT,59.83
TRUMP_USDT,1m,Maker 0.00% / Taker 0.01%,0.0,0.01,1,2,1159,LONG,2026-01-22 14:26:59 UTC,2026-01-22 14:30:59 UTC,240.0,4.848,4.851,4.851,4.841,12.3,123,5.96,0.006,0.006,0.0119,0.025,0.06,0.42,MIN_PROFIT_TP_HIT,59.86
TRUMP_USDT,1m,Maker 0.00% / Taker 0.01%,0.0,0.01,1,2,1160,SHORT,2026-01-22 14:32:59 UTC,2026-01-22 14:35:59 UTC,180.0,4.85,4.847,4.847,4.858,12.3,123,5.97,0.006,0.006,0.0119,0.025,0.06,0.42,MIN_PROFIT_TP_HIT,59.88
TRUMP_USDT,1m,Maker 0.00% / Taker 0.01%,0.0,0.01,1,2,1161,SHORT,2026-01-22 14:56:59 UTC,2026-01-22 14:59:59 UTC,180.0,4.84,4.837,4.837,4.857,12.4,124,6.0,0.006,0.006,0.012,0.0252,0.06,0.42,MIN_PROFIT_TP_HIT,59.91
TRUMP_USDT,1m,Maker 0.00% / Taker 0.01%,0.0,0.01,1,2,1162,LONG,2026-01-22 15:42:59 UTC,2026-01-22 15:43:59 UTC,60.0,4.855,4.858,4.858,4.824,12.3,123,5.97,0.006,0.006,0.0119,0.025,0.06,0.42,MIN_PROFIT_TP_HIT,59.93
TRUMP_USDT,1m,Maker 0.00% / Taker 0.01%,0.0,0.01,1,2,1163,SHORT,2026-01-22 15:47:59 UTC,2026-01-22 15:48:59 UTC,60.0,4.868,4.865,4.865,4.873,12.3,123,5.99,0.006,0.006,0.012,0.0249,0.06,0.42,MIN_PROFIT_TP_HIT,59.96
TRUMP_USDT,1m,Maker 0.00% / Taker 0.01%,0.0,0.01,1,2,1164,SHORT,2026-01-22 16:14:59 UTC,2026-01-22 16:22:59 UTC,480.0,4.851,4.862,4.848,4.861,12.4,124,6.02,0.006,0.006,0.012,-0.1484,-0.23,-2.47,STOP_LOSS_HIT,59.81
TRUMP_USDT,1m,Maker 0.00% / Taker 0.01%,0.0,0.01,1,2,1165,LONG,2026-01-22 16:23:59 UTC,2026-01-22 16:25:59 UTC,120.0,4.862,4.865,4.865,4.848,12.3,123,5.98,0.006,0.006,0.012,0.0249,0.06,0.42,MIN_PROFIT_TP_HIT,59.84
TRUMP_USDT,1m,Maker 0.00% / Taker 0.01%,0.0,0.01,1,2,1166,LONG,2026-01-22 17:27:59 UTC,2026-01-22 17:28:59 UTC,60.0,4.877,4.871,4.88,4.872,12.3,123,6.0,0.006,0.006,0.012,-0.0858,-0.12,-1.43,STOP_LOSS_HIT,59.75
TRUMP_USDT,1m,Maker 0.00% / Taker 0.01%,0.0,0.01,1,2,1167,SHORT,2026-01-22 17:48:59 UTC,2026-01-22 17:57:59 UTC,540.0,4.887,4.897,4.884,4.896,12.200000000000001,122,5.96,0.006,0.006,0.0119,-0.1339,-0.2,-2.25,STOP_LOSS_HIT,59.62
TRUMP_USDT,1m,Maker 0.00% / Taker 0.01%,0.0,0.01,1,2,1168,LONG,2026-01-22 18:05:59 UTC,2026-01-22 18:06:59 UTC,60.0,4.891,4.888,4.894,4.889,12.200000000000001,122,5.97,0.006,0.006,0.0119,-0.0485,-0.06,-0.81,STOP_LOSS_HIT,59.57
TRUMP_USDT,1m,Maker 0.00% / Taker 0.01%,0.0,0.01,1,2,1169,LONG,2026-01-22 18:28:59 UTC,2026-01-22 18:29:59 UTC,60.0,4.892,4.89,4.895,4.891,12.200000000000001,122,5.97,0.006,0.006,0.0119,-0.0363,-0.04,-0.61,STOP_LOSS_HIT,59.53
TRUMP_USDT,1m,Maker 0.00% / Taker 0.01%,0.0,0.01,1,2,1170,SHORT,2026-01-22 18:36:59 UTC,2026-01-22 18:37:59 UTC,60.0,4.886,4.883,4.883,4.896,12.200000000000001,122,5.96,0.006,0.006,0.0119,0.0247,0.06,0.41,MIN_PROFIT_TP_HIT,59.56
TRUMP_USDT,1m,Maker 0.00% / Taker 0.01%,0.0,0.01,1,2,1171,LONG,2026-01-22 19:09:59 UTC,2026-01-22 19:18:59 UTC,540.0,4.876,4.867,4.879,4.868,12.200000000000001,122,5.95,0.0059,0.0059,0.0119,-0.1217,-0.18,-2.05,STOP_LOSS_HIT,59.43
TRUMP_USDT,1m,Maker 0.00% / Taker 0.01%,0.0,0.01,1,2,1172,SHORT,2026-01-22 19:40:59 UTC,2026-01-22 19:41:59 UTC,60.0,4.884,4.887,4.881,4.886,12.200000000000001,122,5.96,0.006,0.006,0.0119,-0.0485,-0.06,-0.81,STOP_LOSS_HIT,59.39
TRUMP_USDT,1m,Maker 0.00% / Taker 0.01%,0.0,0.01,1,2,1173,LONG,2026-01-22 19:51:59 UTC,2026-01-22 19:52:59 UTC,60.0,4.878,4.881,4.881,4.871,12.200000000000001,122,5.95,0.006,0.006,0.0119,0.0247,0.06,0.41,MIN_PROFIT_TP_HIT,59.41
TRUMP_USDT,1m,Maker 0.00% / Taker 0.01%,0.0,0.01,1,2,1174,SHORT,2026-01-22 20:07:59 UTC,2026-01-22 20:14:59 UTC,420.0,4.872,4.882,4.869,4.881,12.200000000000001,122,5.94,0.0059,0.006,0.0119,-0.1339,-0.21,-2.25,STOP_LOSS_HIT,59.28
TRUMP_USDT,1m,Maker 0.00% / Taker 0.01%,0.0,0.01,1,2,1175,SHORT,2026-01-22 20:18:59 UTC,2026-01-22 20:23:59 UTC,300.0,4.873,4.87,4.87,4.88,12.200000000000001,122,5.95,0.0059,0.0059,0.0119,0.0247,0.06,0.42,MIN_PROFIT_TP_HIT,59.3
TRUMP_USDT,1m,Maker 0.00% / Taker 0.01%,0.0,0.01,1,2,1176,LONG,2026-01-22 20:30:59 UTC,2026-01-22 20:32:59 UTC,120.0,4.863,4.866,4.866,4.854,12.200000000000001,122,5.93,0.0059,0.0059,0.0119,0.0247,0.06,0.42,MIN_PROFIT_TP_HIT,59.33
TRUMP_USDT,1m,Maker 0.00% / Taker 0.01%,0.0,0.01,1,2,1177,LONG,2026-01-22 21:08:59 UTC,2026-01-22 21:10:59 UTC,120.0,4.857,4.86,4.86,4.848,12.200000000000001,122,5.93,0.0059,0.0059,0.0119,0.0247,0.06,0.42,MIN_PROFIT_TP_HIT,59.35
TRUMP_USDT,1m,Maker 0.00% / Taker 0.01%,0.0,0.01,1,2,1178,LONG,2026-01-22 21:35:59 UTC,2026-01-22 21:40:59 UTC,300.0,4.855,4.85,4.858,4.851,12.200000000000001,122,5.92,0.0059,0.0059,0.0118,-0.0728,-0.1,-1.23,STOP_LOSS_HIT,59.28
TRUMP_USDT,1m,Maker 0.00% / Taker 0.01%,0.0,0.01,1,2,1179,SHORT,2026-01-22 21:56:59 UTC,2026-01-22 22:02:59 UTC,360.0,4.856,4.853,4.853,4.86,12.200000000000001,122,5.92,0.0059,0.0059,0.0118,0.0248,0.06,0.42,MIN_PROFIT_TP_HIT,59.3
TRUMP_USDT,1m,Maker 0.00% / Taker 0.01%,0.0,0.01,1,2,1180,LONG,2026-01-22 22:14:59 UTC,2026-01-22 22:19:59 UTC,300.0,4.859,4.848,4.862,4.849,12.200000000000001,122,5.93,0.0059,0.0059,0.0118,-0.146,-0.23,-2.46,STOP_LOSS_HIT,59.16
TRUMP_USDT,1m,Maker 0.00% / Taker 0.01%,0.0,0.01,1,2,1181,SHORT,2026-01-22 22:32:59 UTC,2026-01-22 23:01:59 UTC,1740.0,4.838,4.835,4.835,4.853,12.200000000000001,122,5.9,0.0059,0.0059,0.0118,0.0248,0.06,0.42,MIN_PROFIT_TP_HIT,59.18
TRUMP_USDT,1m,Maker 0.00% / Taker 0.01%,0.0,0.01,1,2,1182,LONG,2026-01-22 23:08:59 UTC,2026-01-22 23:09:59 UTC,60.0,4.838,4.841,4.841,4.83,12.200000000000001,122,5.9,0.0059,0.0059,0.0118,0.0248,0.06,0.42,MIN_PROFIT_TP_HIT,59.21
TRUMP_USDT,1m,Maker 0.00% / Taker 0.01%,0.0,0.01,1,2,1183,SHORT,2026-01-22 23:19:59 UTC,2026-01-22 23:20:59 UTC,60.0,4.843,4.846,4.84,4.845,12.200000000000001,122,5.91,0.0059,0.0059,0.0118,-0.0484,-0.06,-0.82,STOP_LOSS_HIT,59.16
TRUMP_USDT,1m,Maker 0.00% / Taker 0.01%,0.0,0.01,1,2,1184,LONG,2026-01-23 00:01:59 UTC,2026-01-23 00:03:59 UTC,120.0,4.845,4.836,4.848,4.837,12.200000000000001,122,5.91,0.0059,0.0059,0.0118,-0.1216,-0.19,-2.06,STOP_LOSS_HIT,59.04
TRUMP_USDT,1m,Maker 0.00% / Taker 0.01%,0.0,0.01,1,2,1185,SHORT,2026-01-23 00:13:59 UTC,2026-01-23 00:17:59 UTC,240.0,4.842,4.848,4.839,4.847,12.200000000000001,122,5.91,0.0059,0.0059,0.0118,-0.085,-0.12,-1.44,STOP_LOSS_HIT,58.95
TRUMP_USDT,1m,Maker 0.00% / Taker 0.01%,0.0,0.01,1,2,1186,SHORT,2026-01-23 00:21:59 UTC,2026-01-23 00:27:59 UTC,360.0,4.841,4.838,4.838,4.845,12.200000000000001,122,5.91,0.0059,0.0059,0.0118,0.0248,0.06,0.42,MIN_PROFIT_TP_HIT,58.98
TRUMP_USDT,1m,Maker 0.00% / Taker 0.01%,0.0,0.01,1,2,1187,LONG,2026-01-23 00:48:59 UTC,2026-01-23 00:52:59 UTC,240.0,4.838,4.841,4.841,4.833,12.200000000000001,122,5.9,0.0059,0.0059,0.0118,0.0248,0.06,0.42,MIN_PROFIT_TP_HIT,59.0
TRUMP_USDT,1m,Maker 0.00% / Taker 0.01%,0.0,0.01,1,2,1188,SHORT,2026-01-23 00:56:59 UTC,2026-01-23 00:57:59 UTC,60.0,4.843,4.84,4.84,4.847,12.200000000000001,122,5.91,0.0059,0.0059,0.0118,0.0248,0.06,0.42,MIN_PROFIT_TP_HIT,59.03
TRUMP_USDT,1m,Maker 0.00% / Taker 0.01%,0.0,0.01,1,2,1189,LONG,2026-01-23 01:21:59 UTC,2026-01-23 01:24:59 UTC,180.0,4.844,4.84,4.847,4.841,12.200000000000001,122,5.91,0.0059,0.0059,0.0118,-0.0606,-0.08,-1.03,STOP_LOSS_HIT,58.97
TRUMP_USDT,1m,Maker 0.00% / Taker 0.01%,0.0,0.01,1,2,1190,LONG,2026-01-23 01:27:59 UTC,2026-01-23 01:29:59 UTC,120.0,4.842,4.845,4.845,4.833,12.200000000000001,122,5.91,0.0059,0.0059,0.0118,0.0248,0.06,0.42,MIN_PROFIT_TP_HIT,58.99
TRUMP_USDT,1m,Maker 0.00% / Taker 0.01%,0.0,0.01,1,2,1191,LONG,2026-01-23 01:34:59 UTC,2026-01-23 02:00:59 UTC,1560.0,4.851,4.854,4.854,4.841,12.200000000000001,122,5.92,0.0059,0.0059,0.0118,0.0248,0.06,0.42,MIN_PROFIT_TP_HIT,59.01
TRUMP_USDT,1m,Maker 0.00% / Taker 0.01%,0.0,0.01,1,2,1192,LONG,2026-01-23 02:01:59 UTC,2026-01-23 02:11:59 UTC,600.0,4.856,4.859,4.859,4.847,12.200000000000001,122,5.92,0.0059,0.0059,0.0119,0.0247,0.06,0.42,MIN_PROFIT_TP_HIT,59.04
TRUMP_USDT,1m,Maker 0.00% / Taker 0.01%,0.0,0.01,1,2,1193,LONG,2026-01-23 02:36:59 UTC,2026-01-23 02:38:59 UTC,120.0,4.862,4.865,4.865,4.853,12.100000000000001,121,5.88,0.0059,0.0059,0.0118,0.0245,0.06,0.42,MIN_PROFIT_TP_HIT,59.06
TRUMP_USDT,1m,Maker 0.00% / Taker 0.01%,0.0,0.01,1,2,1194,SHORT,2026-01-23 02:41:59 UTC,2026-01-23 02:49:59 UTC,480.0,4.863,4.86,4.86,4.872,12.100000000000001,121,5.88,0.0059,0.0059,0.0118,0.0245,0.06,0.42,MIN_PROFIT_TP_HIT,59.09
TRUMP_USDT,1m,Maker 0.00% / Taker 0.01%,0.0,0.01,1,2,1195,SHORT,2026-01-23 02:50:59 UTC,2026-01-23 02:55:59 UTC,300.0,4.856,4.853,4.853,4.864,12.200000000000001,122,5.92,0.0059,0.0059,0.0118,0.0248,0.06,0.42,MIN_PROFIT_TP_HIT,59.11
TRUMP_USDT,1m,Maker 0.00% / Taker 0.01%,0.0,0.01,1,2,1196,SHORT,2026-01-23 03:32:59 UTC,2026-01-23 03:36:59 UTC,240.0,4.883,4.88,4.88,4.887,12.100000000000001,121,5.91,0.0059,0.0059,0.0118,0.0245,0.06,0.41,MIN_PROFIT_TP_HIT,59.14
TRUMP_USDT,1m,Maker 0.00% / Taker 0.01%,0.0,0.01,1,2,1197,SHORT,2026-01-23 03:46:59 UTC,2026-01-23 03:56:59 UTC,600.0,4.88,4.877,4.877,4.888,12.100000000000001,121,5.9,0.0059,0.0059,0.0118,0.0245,0.06,0.41,MIN_PROFIT_TP_HIT,59.16
TRUMP_USDT,1m,Maker 0.00% / Taker 0.01%,0.0,0.01,1,2,1198,SHORT,2026-01-23 04:16:59 UTC,2026-01-23 04:20:59 UTC,240.0,4.881,4.887,4.878,4.886,12.100000000000001,121,5.91,0.0059,0.0059,0.0118,-0.0844,-0.12,-1.43,STOP_LOSS_HIT,59.08
TRUMP_USDT,1m,Maker 0.00% / Taker 0.01%,0.0,0.01,1,2,1199,LONG,2026-01-23 04:34:59 UTC,2026-01-23 04:49:59 UTC,900.0,4.892,4.882,4.895,4.883,12.100000000000001,121,5.92,0.0059,0.0059,0.0118,-0.1328,-0.2,-2.24,STOP_LOSS_HIT,58.94
TRUMP_USDT,1m,Maker 0.00% / Taker 0.01%,0.0,0.01,1,2,1200,SHORT,2026-01-23 04:59:59 UTC,2026-01-23 05:05:59 UTC,360.0,4.88,4.877,4.877,4.885,12.100000000000001,121,5.9,0.0059,0.0059,0.0118,0.0245,0.06,0.41,MIN_PROFIT_TP_HIT,58.97
TRUMP_USDT,1m,Maker 0.00% / Taker 0.01%,0.0,0.01,1,2,1201,SHORT,2026-01-23 05:15:59 UTC,2026-01-23 05:22:59 UTC,420.0,4.873,4.87,4.87,4.878,12.100000000000001,121,5.9,0.0059,0.0059,0.0118,0.0245,0.06,0.42,MIN_PROFIT_TP_HIT,58.99
TRUMP_USDT,1m,Maker 0.00% / Taker 0.01%,0.0,0.01,1,2,1202,SHORT,2026-01-23 05:51:59 UTC,2026-01-23 05:53:59 UTC,120.0,4.859,4.856,4.856,4.871,12.100000000000001,121,5.88,0.0059,0.0059,0.0118,0.0245,0.06,0.42,MIN_PROFIT_TP_HIT,59.02
TRUMP_USDT,1m,Maker 0.00% / Taker 0.01%,0.0,0.01,1,2,1203,SHORT,2026-01-23 06:01:59 UTC,2026-01-23 06:02:59 UTC,60.0,4.869,4.872,4.866,4.871,12.100000000000001,121,5.89,0.0059,0.0059,0.0118,-0.0481,-0.06,-0.82,STOP_LOSS_HIT,58.97
TRUMP_USDT,1m,Maker 0.00% / Taker 0.01%,0.0,0.01,1,2,1204,SHORT,2026-01-23 06:07:59 UTC,2026-01-23 06:10:59 UTC,180.0,4.876,4.873,4.873,4.88,12.100000000000001,121,5.9,0.0059,0.0059,0.0118,0.0245,0.06,0.42,MIN_PROFIT_TP_HIT,58.99
TRUMP_USDT,1m,Maker 0.00% / Taker 0.01%,0.0,0.01,1,2,1205,SHORT,2026-01-23 06:25:59 UTC,2026-01-23 06:27:59 UTC,120.0,4.866,4.863,4.863,4.876,12.100000000000001,121,5.89,0.0059,0.0059,0.0118,0.0245,0.06,0.42,MIN_PROFIT_TP_HIT,59.02
TRUMP_USDT,1m,Maker 0.00% / Taker 0.01%,0.0,0.01,1,2,1206,LONG,2026-01-23 06:29:59 UTC,2026-01-23 06:30:59 UTC,60.0,4.862,4.865,4.865,4.857,12.100000000000001,121,5.88,0.0059,0.0059,0.0118,0.0245,0.06,0.42,MIN_PROFIT_TP_HIT,59.04
TRUMP_USDT,1m,Maker 0.00% / Taker 0.01%,0.0,0.01,1,2,1207,SHORT,2026-01-23 06:58:59 UTC,2026-01-23 07:09:59 UTC,660.0,4.865,4.862,4.862,4.872,12.100000000000001,121,5.89,0.0059,0.0059,0.0118,0.0245,0.06,0.42,MIN_PROFIT_TP_HIT,59.07
TRUMP_USDT,1m,Maker 0.00% / Taker 0.01%,0.0,0.01,1,2,1208,SHORT,2026-01-23 07:56:59 UTC,2026-01-23 07:58:59 UTC,120.0,4.871,4.868,4.868,4.876,12.100000000000001,121,5.89,0.0059,0.0059,0.0118,0.0245,0.06,0.42,MIN_PROFIT_TP_HIT,59.09
TRUMP_USDT,1m,Maker 0.00% / Taker 0.01%,0.0,0.01,1,2,1209,LONG,2026-01-23 08:06:59 UTC,2026-01-23 08:13:59 UTC,420.0,4.876,4.879,4.879,4.869,12.100000000000001,121,5.9,0.0059,0.0059,0.0118,0.0245,0.06,0.42,MIN_PROFIT_TP_HIT,59.12
TRUMP_USDT,1m,Maker 0.00% / Taker 0.01%,0.0,0.01,1,2,1210,SHORT,2026-01-23 08:30:59 UTC,2026-01-23 08:33:59 UTC,180.0,4.87,4.867,4.867,4.879,12.100000000000001,121,5.89,0.0059,0.0059,0.0118,0.0245,0.06,0.42,MIN_PROFIT_TP_HIT,59.14
TRUMP_USDT,1m,Maker 0.00% / Taker 0.01%,0.0,0.01,1,2,1211,SHORT,2026-01-23 08:49:59 UTC,2026-01-23 08:57:59 UTC,480.0,4.853,4.867,4.85,4.866,12.200000000000001,122,5.92,0.0059,0.0059,0.0119,-0.1827,-0.29,-3.09,STOP_LOSS_HIT,58.96
TRUMP_USDT,1m,Maker 0.00% / Taker 0.01%,0.0,0.01,1,2,1212,LONG,2026-01-23 09:01:59 UTC,2026-01-23 09:03:59 UTC,120.0,4.87,4.873,4.873,4.855,12.100000000000001,121,5.89,0.0059,0.0059,0.0118,0.0245,0.06,0.42,MIN_PROFIT_TP_HIT,58.98
TRUMP_USDT,1m,Maker 0.00% / Taker 0.01%,0.0,0.01,1,2,1213,SHORT,2026-01-23 09:44:59 UTC,2026-01-23 09:45:59 UTC,60.0,4.867,4.864,4.864,4.87,12.100000000000001,121,5.89,0.0059,0.0059,0.0118,0.0245,0.06,0.42,MIN_PROFIT_TP_HIT,59.01
TRUMP_USDT,1m,Maker 0.00% / Taker 0.01%,0.0,0.01,1,2,1214,SHORT,2026-01-23 09:58:59 UTC,2026-01-23 10:03:59 UTC,300.0,4.86,4.87,4.857,4.869,12.100000000000001,121,5.88,0.0059,0.0059,0.0118,-0.1328,-0.21,-2.26,STOP_LOSS_HIT,58.88
TRUMP_USDT,1m,Maker 0.00% / Taker 0.01%,0.0,0.01,1,2,1215,LONG,2026-01-23 10:30:59 UTC,2026-01-23 10:36:59 UTC,360.0,4.864,4.867,4.867,4.857,12.100000000000001,121,5.89,0.0059,0.0059,0.0118,0.0245,0.06,0.42,MIN_PROFIT_TP_HIT,58.9
TRUMP_USDT,1m,Maker 0.00% / Taker 0.01%,0.0,0.01,1,2,1216,LONG,2026-01-23 10:57:59 UTC,2026-01-23 11:00:59 UTC,180.0,4.867,4.86,4.87,4.861,12.100000000000001,121,5.89,0.0059,0.0059,0.0118,-0.0965,-0.14,-1.64,STOP_LOSS_HIT,58.8
TRUMP_USDT,1m,Maker 0.00% / Taker 0.01%,0.0,0.01,1,2,1217,LONG,2026-01-23 11:02:59 UTC,2026-01-23 11:03:59 UTC,60.0,4.866,4.869,4.869,4.86,12.100000000000001,121,5.89,0.0059,0.0059,0.0118,0.0245,0.06,0.42,MIN_PROFIT_TP_HIT,58.83
TRUMP_USDT,1m,Maker 0.00% / Taker 0.01%,0.0,0.01,1,2,1218,LONG,2026-01-23 11:04:59 UTC,2026-01-23 11:08:59 UTC,240.0,4.871,4.874,4.874,4.864,12.100000000000001,121,5.89,0.0059,0.0059,0.0118,0.0245,0.06,0.42,MIN_PROFIT_TP_HIT,58.85
TRUMP_USDT,1m,Maker 0.00% / Taker 0.01%,0.0,0.01,1,2,1219,LONG,2026-01-23 11:32:59 UTC,2026-01-23 11:40:59 UTC,480.0,4.876,4.879,4.879,4.869,12.100000000000001,121,5.9,0.0059,0.0059,0.0118,0.0245,0.06,0.42,MIN_PROFIT_TP_HIT,58.88
TRUMP_USDT,1m,Maker 0.00% / Taker 0.01%,0.0,0.01,1,2,1220,LONG,2026-01-23 11:41:59 UTC,2026-01-23 11:43:59 UTC,120.0,4.878,4.873,4.881,4.874,12.100000000000001,121,5.9,0.0059,0.0059,0.0118,-0.0723,-0.1,-1.22,STOP_LOSS_HIT,58.8
TRUMP_USDT,1m,Maker 0.00% / Taker 0.01%,0.0,0.01,1,2,1221,SHORT,2026-01-23 11:58:59 UTC,2026-01-23 11:59:59 UTC,60.0,4.865,4.87,4.862,4.869,12.100000000000001,121,5.89,0.0059,0.0059,0.0118,-0.0723,-0.1,-1.23,STOP_LOSS_HIT,58.73
TRUMP_USDT,1m,Maker 0.00% / Taker 0.01%,0.0,0.01,1,2,1222,SHORT,2026-01-23 12:16:59 UTC,2026-01-23 12:25:59 UTC,540.0,4.861,4.87,4.858,4.869,12.100000000000001,121,5.88,0.0059,0.0059,0.0118,-0.1207,-0.19,-2.05,STOP_LOSS_HIT,58.61
TRUMP_USDT,1m,Maker 0.00% / Taker 0.01%,0.0,0.01,1,2,1223,SHORT,2026-01-23 12:54:59 UTC,2026-01-23 13:14:59 UTC,1200.0,4.862,4.87,4.859,4.869,12.100000000000001,121,5.88,0.0059,0.0059,0.0118,-0.1086,-0.16,-1.85,STOP_LOSS_HIT,58.5
TRUMP_USDT,1m,Maker 0.00% / Taker 0.01%,0.0,0.01,1,2,1224,SHORT,2026-01-23 13:30:59 UTC,2026-01-23 13:33:59 UTC,180.0,4.861,4.869,4.858,4.868,12.0,120,5.83,0.0058,0.0058,0.0117,-0.1077,-0.16,-1.85,STOP_LOSS_HIT,58.4
TRUMP_USDT,1m,Maker 0.00% / Taker 0.01%,0.0,0.01,1,2,1225,SHORT,2026-01-23 14:16:59 UTC,2026-01-23 14:25:59 UTC,540.0,4.855,4.865,4.852,4.864,12.0,120,5.83,0.0058,0.0058,0.0117,-0.1317,-0.21,-2.26,STOP_LOSS_HIT,58.26
TRUMP_USDT,1m,Maker 0.00% / Taker 0.01%,0.0,0.01,1,2,1226,SHORT,2026-01-23 14:32:59 UTC,2026-01-23 14:34:59 UTC,120.0,4.835,4.846,4.832,4.845,12.100000000000001,121,5.85,0.0059,0.0059,0.0117,-0.1448,-0.23,-2.48,STOP_LOSS_HIT,58.12
TRUMP_USDT,1m,Maker 0.00% / Taker 0.01%,0.0,0.01,1,2,1227,LONG,2026-01-23 14:41:59 UTC,2026-01-23 14:42:59 UTC,60.0,4.833,4.836,4.836,4.802,12.0,120,5.8,0.0058,0.0058,0.0116,0.0244,0.06,0.42,MIN_PROFIT_TP_HIT,58.14
TRUMP_USDT,1m,Maker 0.00% / Taker 0.01%,0.0,0.01,1,2,1228,SHORT,2026-01-23 15:14:59 UTC,2026-01-23 15:16:59 UTC,120.0,4.826,4.823,4.823,4.839,12.0,120,5.79,0.0058,0.0058,0.0116,0.0244,0.06,0.42,MIN_PROFIT_TP_HIT,58.17
TRUMP_USDT,1m,Maker 0.00% / Taker 0.01%,0.0,0.01,1,2,1229,SHORT,2026-01-23 15:41:59 UTC,2026-01-23 15:42:59 UTC,60.0,4.858,4.864,4.855,4.863,12.0,120,5.83,0.0058,0.0058,0.0117,-0.0837,-0.12,-1.44,STOP_LOSS_HIT,58.08
TRUMP_USDT,1m,Maker 0.00% / Taker 0.01%,0.0,0.01,1,2,1230,LONG,2026-01-23 16:02:59 UTC,2026-01-23 16:04:59 UTC,120.0,4.885,4.888,4.888,4.867,11.9,119,5.81,0.0058,0.0058,0.0116,0.0241,0.06,0.41,MIN_PROFIT_TP_HIT,58.11
TRUMP_USDT,1m,Maker 0.00% / Taker 0.01%,0.0,0.01,1,2,1231,SHORT,2026-01-23 16:23:59 UTC,2026-01-23 16:27:59 UTC,240.0,4.874,4.871,4.871,4.884,11.9,119,5.8,0.0058,0.0058,0.0116,0.0241,0.06,0.42,MIN_PROFIT_TP_HIT,58.13
TRUMP_USDT,1m,Maker 0.00% / Taker 0.01%,0.0,0.01,1,2,1232,SHORT,2026-01-23 16:54:59 UTC,2026-01-23 17:00:59 UTC,360.0,4.883,4.88,4.88,4.897,11.9,119,5.81,0.0058,0.0058,0.0116,0.0241,0.06,0.41,MIN_PROFIT_TP_HIT,58.16
TRUMP_USDT,1m,Maker 0.00% / Taker 0.01%,0.0,0.01,1,2,1233,SHORT,2026-01-23 17:01:59 UTC,2026-01-23 17:05:59 UTC,240.0,4.874,4.871,4.871,4.883,11.9,119,5.8,0.0058,0.0058,0.0116,0.0241,0.06,0.42,MIN_PROFIT_TP_HIT,58.18
TRUMP_USDT,1m,Maker 0.00% / Taker 0.01%,0.0,0.01,1,2,1234,LONG,2026-01-23 17:09:59 UTC,2026-01-23 17:10:59 UTC,60.0,4.861,4.858,4.864,4.859,12.0,120,5.83,0.0058,0.0058,0.0117,-0.0477,-0.06,-0.82,STOP_LOSS_HIT,58.13
TRUMP_USDT,1m,Maker 0.00% / Taker 0.01%,0.0,0.01,1,2,1235,LONG,2026-01-23 18:33:59 UTC,2026-01-23 18:34:59 UTC,60.0,4.891,4.894,4.894,4.881,11.9,119,5.82,0.0058,0.0058,0.0116,0.0241,0.06,0.41,MIN_PROFIT_TP_HIT,58.16
TRUMP_USDT,1m,Maker 0.00% / Taker 0.01%,0.0,0.01,1,2,1236,SHORT,2026-01-23 18:47:59 UTC,2026-01-23 18:50:59 UTC,180.0,4.881,4.878,4.878,4.893,11.9,119,5.81,0.0058,0.0058,0.0116,0.0241,0.06,0.41,MIN_PROFIT_TP_HIT,58.18
TRUMP_USDT,1m,Maker 0.00% / Taker 0.01%,0.0,0.01,1,2,1237,SHORT,2026-01-23 20:12:59 UTC,2026-01-23 20:14:59 UTC,120.0,4.858,4.855,4.855,4.865,12.0,120,5.83,0.0058,0.0058,0.0117,0.0243,0.06,0.42,MIN_PROFIT_TP_HIT,58.21
TRUMP_USDT,1m,Maker 0.00% / Taker 0.01%,0.0,0.01,1,2,1238,LONG,2026-01-23 21:04:59 UTC,2026-01-23 21:06:59 UTC,120.0,4.843,4.846,4.846,4.83,12.0,120,5.81,0.0058,0.0058,0.0116,0.0244,0.06,0.42,MIN_PROFIT_TP_HIT,58.23
TRUMP_USDT,1m,Maker 0.00% / Taker 0.01%,0.0,0.01,1,2,1239,LONG,2026-01-23 21:18:59 UTC,2026-01-23 21:20:59 UTC,120.0,4.846,4.849,4.849,4.836,12.0,120,5.82,0.0058,0.0058,0.0116,0.0244,0.06,0.42,MIN_PROFIT_TP_HIT,58.25
TRUMP_USDT,1m,Maker 0.00% / Taker 0.01%,0.0,0.01,1,2,1240,LONG,2026-01-23 21:32:59 UTC,2026-01-23 21:40:59 UTC,480.0,4.844,4.847,4.847,4.84,12.0,120,5.81,0.0058,0.0058,0.0116,0.0244,0.06,0.42,MIN_PROFIT_TP_HIT,58.28
TRUMP_USDT,1m,Maker 0.00% / Taker 0.01%,0.0,0.01,1,2,1241,LONG,2026-01-23 22:02:59 UTC,2026-01-23 22:03:59 UTC,60.0,4.85,4.853,4.853,4.835,12.0,120,5.82,0.0058,0.0058,0.0116,0.0244,0.06,0.42,MIN_PROFIT_TP_HIT,58.3
TRUMP_USDT,1m,Maker 0.00% / Taker 0.01%,0.0,0.01,1,2,1242,SHORT,2026-01-23 22:05:59 UTC,2026-01-23 22:06:59 UTC,60.0,4.855,4.852,4.852,4.86,12.0,120,5.83,0.0058,0.0058,0.0116,0.0244,0.06,0.42,MIN_PROFIT_TP_HIT,58.33
TRUMP_USDT,1m,Maker 0.00% / Taker 0.01%,0.0,0.01,1,2,1243,LONG,2026-01-23 22:12:59 UTC,2026-01-23 22:27:59 UTC,900.0,4.865,4.868,4.868,4.855,12.0,120,5.84,0.0058,0.0058,0.0117,0.0243,0.06,0.42,MIN_PROFIT_TP_HIT,58.35
TRUMP_USDT,1m,Maker 0.00% / Taker 0.01%,0.0,0.01,1,2,1244,SHORT,2026-01-23 22:34:59 UTC,2026-01-23 22:35:59 UTC,60.0,4.863,4.86,4.86,4.865,12.0,120,5.84,0.0058,0.0058,0.0117,0.0243,0.06,0.42,MIN_PROFIT_TP_HIT,58.38
TRUMP_USDT,1m,Maker 0.00% / Taker 0.01%,0.0,0.01,1,2,1245,LONG,2026-01-23 22:59:59 UTC,2026-01-23 23:00:59 UTC,60.0,4.861,4.855,4.864,4.856,12.0,120,5.83,0.0058,0.0058,0.0117,-0.0837,-0.12,-1.43,STOP_LOSS_HIT,58.29
TRUMP_USDT,1m,Maker 0.00% / Taker 0.01%,0.0,0.01,1,2,1246,SHORT,2026-01-23 23:01:59 UTC,2026-01-23 23:02:59 UTC,60.0,4.858,4.855,4.855,4.863,12.0,120,5.83,0.0058,0.0058,0.0117,0.0243,0.06,0.42,MIN_PROFIT_TP_HIT,58.32
TRUMP_USDT,1m,Maker 0.00% / Taker 0.01%,0.0,0.01,1,2,1247,LONG,2026-01-23 23:04:59 UTC,2026-01-23 23:06:59 UTC,120.0,4.855,4.847,4.858,4.848,12.0,120,5.83,0.0058,0.0058,0.0116,-0.1076,-0.16,-1.85,STOP_LOSS_HIT,58.21
TRUMP_USDT,1m,Maker 0.00% / Taker 0.01%,0.0,0.01,1,2,1248,SHORT,2026-01-23 23:50:59 UTC,2026-01-23 23:51:59 UTC,60.0,4.847,4.85,4.844,4.849,12.0,120,5.82,0.0058,0.0058,0.0116,-0.0476,-0.06,-0.82,STOP_LOSS_HIT,58.16
TRUMP_USDT,1m,Maker 0.00% / Taker 0.01%,0.0,0.01,1,2,1249,LONG,2026-01-23 23:56:59 UTC,2026-01-24 00:00:59 UTC,240.0,4.855,4.85,4.858,4.851,12.0,120,5.83,0.0058,0.0058,0.0116,-0.0716,-0.1,-1.23,STOP_LOSS_HIT,58.09
TRUMP_USDT,1m,Maker 0.00% / Taker 0.01%,0.0,0.01,1,2,1250,LONG,2026-01-24 00:22:59 UTC,2026-01-24 00:35:59 UTC,780.0,4.856,4.859,4.859,4.849,12.0,120,5.83,0.0058,0.0058,0.0117,0.0243,0.06,0.42,MIN_PROFIT_TP_HIT,58.11
TRUMP_USDT,1m,Maker 0.00% / Taker 0.01%,0.0,0.01,1,2,1251,SHORT,2026-01-24 00:42:59 UTC,2026-01-24 00:47:59 UTC,300.0,4.85,4.847,4.847,4.861,12.0,120,5.82,0.0058,0.0058,0.0116,0.0244,0.06,0.42,MIN_PROFIT_TP_HIT,58.14
TRUMP_USDT,1m,Maker 0.00% / Taker 0.01%,0.0,0.01,1,2,1252,SHORT,2026-01-24 01:25:59 UTC,2026-01-24 01:32:59 UTC,420.0,4.849,4.846,4.846,4.856,12.0,120,5.82,0.0058,0.0058,0.0116,0.0244,0.06,0.42,MIN_PROFIT_TP_HIT,58.16
TRUMP_USDT,1m,Maker 0.00% / Taker 0.01%,0.0,0.01,1,2,1253,SHORT,2026-01-24 01:42:59 UTC,2026-01-24 01:43:59 UTC,60.0,4.847,4.853,4.844,4.852,12.0,120,5.82,0.0058,0.0058,0.0116,-0.0836,-0.12,-1.44,STOP_LOSS_HIT,58.08
TRUMP_USDT,1m,Maker 0.00% / Taker 0.01%,0.0,0.01,1,2,1254,LONG,2026-01-24 01:58:59 UTC,2026-01-24 02:00:59 UTC,120.0,4.858,4.852,4.861,4.853,12.0,120,5.83,0.0058,0.0058,0.0117,-0.0837,-0.12,-1.43,STOP_LOSS_HIT,58.0
TRUMP_USDT,1m,Maker 0.00% / Taker 0.01%,0.0,0.01,1,2,1255,LONG,2026-01-24 02:10:59 UTC,2026-01-24 02:39:59 UTC,1740.0,4.865,4.868,4.868,4.853,11.9,119,5.79,0.0058,0.0058,0.0116,0.0241,0.06,0.42,MIN_PROFIT_TP_HIT,58.02
TRUMP_USDT,1m,Maker 0.00% / Taker 0.01%,0.0,0.01,1,2,1256,LONG,2026-01-24 02:40:59 UTC,2026-01-24 02:47:59 UTC,420.0,4.867,4.859,4.87,4.86,11.9,119,5.79,0.0058,0.0058,0.0116,-0.1068,-0.16,-1.84,STOP_LOSS_HIT,57.91
TRUMP_USDT,1m,Maker 0.00% / Taker 0.01%,0.0,0.01,1,2,1257,LONG,2026-01-24 03:07:59 UTC,2026-01-24 03:11:59 UTC,240.0,4.868,4.871,4.871,4.859,11.9,119,5.79,0.0058,0.0058,0.0116,0.0241,0.06,0.42,MIN_PROFIT_TP_HIT,57.94
TRUMP_USDT,1m,Maker 0.00% / Taker 0.01%,0.0,0.01,1,2,1258,LONG,2026-01-24 03:12:59 UTC,2026-01-24 03:24:59 UTC,720.0,4.873,4.876,4.876,4.864,11.9,119,5.8,0.0058,0.0058,0.0116,0.0241,0.06,0.42,MIN_PROFIT_TP_HIT,57.96
TRUMP_USDT,1m,Maker 0.00% / Taker 0.01%,0.0,0.01,1,2,1259,LONG,2026-01-24 03:40:59 UTC,2026-01-24 03:49:59 UTC,540.0,4.879,4.867,4.882,4.868,11.9,119,5.81,0.0058,0.0058,0.0116,-0.1544,-0.25,-2.66,STOP_LOSS_HIT,57.81
TRUMP_USDT,1m,Maker 0.00% / Taker 0.01%,0.0,0.01,1,2,1260,SHORT,2026-01-24 05:05:59 UTC,2026-01-24 05:24:59 UTC,1140.0,4.872,4.88,4.869,4.879,11.9,119,5.8,0.0058,0.0058,0.0116,-0.1068,-0.16,-1.84,STOP_LOSS_HIT,57.7
TRUMP_USDT,1m,Maker 0.00% / Taker 0.01%,0.0,0.01,1,2,1261,LONG,2026-01-24 05:33:59 UTC,2026-01-24 05:40:59 UTC,420.0,4.885,4.88,4.888,4.881,11.8,118,5.76,0.0058,0.0058,0.0115,-0.0705,-0.1,-1.22,STOP_LOSS_HIT,57.63
TRUMP_USDT,1m,Maker 0.00% / Taker 0.01%,0.0,0.01,1,2,1262,SHORT,2026-01-24 06:05:59 UTC,2026-01-24 06:08:59 UTC,180.0,4.884,4.881,4.881,4.894,11.8,118,5.76,0.0058,0.0058,0.0115,0.0239,0.06,0.41,MIN_PROFIT_TP_HIT,57.65
TRUMP_USDT,1m,Maker 0.00% / Taker 0.01%,0.0,0.01,1,2,1263,LONG,2026-01-24 06:10:59 UTC,2026-01-24 06:14:59 UTC,240.0,4.886,4.889,4.889,4.879,11.8,118,5.77,0.0058,0.0058,0.0115,0.0239,0.06,0.41,MIN_PROFIT_TP_HIT,57.68
TRUMP_USDT,1m,Maker 0.00% / Taker 0.01%,0.0,0.01,1,2,1264,LONG,2026-01-24 06:19:59 UTC,2026-01-24 06:26:59 UTC,420.0,4.887,4.88,4.89,4.881,11.8,118,5.77,0.0058,0.0058,0.0115,-0.0941,-0.14,-1.63,STOP_LOSS_HIT,57.58
TRUMP_USDT,1m,Maker 0.00% / Taker 0.01%,0.0,0.01,1,2,1265,SHORT,2026-01-24 06:36:59 UTC,2026-01-24 06:38:59 UTC,120.0,4.887,4.891,4.884,4.89,11.8,118,5.77,0.0058,0.0058,0.0115,-0.0587,-0.08,-1.02,STOP_LOSS_HIT,57.52
TRUMP_USDT,1m,Maker 0.00% / Taker 0.01%,0.0,0.01,1,2,1266,LONG,2026-01-24 06:49:59 UTC,2026-01-24 06:51:59 UTC,120.0,4.884,4.887,4.887,4.879,11.8,118,5.76,0.0058,0.0058,0.0115,0.0239,0.06,0.41,MIN_PROFIT_TP_HIT,57.55
TRUMP_USDT,1m,Maker 0.00% / Taker 0.01%,0.0,0.01,1,2,1267,SHORT,2026-01-24 06:56:59 UTC,2026-01-24 06:59:59 UTC,180.0,4.888,4.885,4.885,4.892,11.8,118,5.77,0.0058,0.0058,0.0115,0.0239,0.06,0.41,MIN_PROFIT_TP_HIT,57.57
TRUMP_USDT,1m,Maker 0.00% / Taker 0.01%,0.0,0.01,1,2,1268,LONG,2026-01-24 07:09:59 UTC,2026-01-24 07:11:59 UTC,120.0,4.892,4.886,4.895,4.887,11.8,118,5.77,0.0058,0.0058,0.0115,-0.0823,-0.12,-1.43,STOP_LOSS_HIT,57.49
TRUMP_USDT,1m,Maker 0.00% / Taker 0.01%,0.0,0.01,1,2,1269,SHORT,2026-01-24 07:28:59 UTC,2026-01-24 07:55:59 UTC,1620.0,4.887,4.884,4.884,4.895,11.8,118,5.77,0.0058,0.0058,0.0115,0.0239,0.06,0.41,MIN_PROFIT_TP_HIT,57.51
TRUMP_USDT,1m,Maker 0.00% / Taker 0.01%,0.0,0.01,1,2,1270,LONG,2026-01-24 08:03:59 UTC,2026-01-24 08:06:59 UTC,180.0,4.888,4.885,4.891,4.886,11.8,118,5.77,0.0058,0.0058,0.0115,-0.0469,-0.06,-0.81,STOP_LOSS_HIT,57.47
TRUMP_USDT,1m,Maker 0.00% / Taker 0.01%,0.0,0.01,1,2,1271,LONG,2026-01-24 08:20:59 UTC,2026-01-24 08:26:59 UTC,360.0,4.892,4.895,4.895,4.887,11.700000000000001,117,5.72,0.0057,0.0057,0.0115,0.0236,0.06,0.41,MIN_PROFIT_TP_HIT,57.49
TRUMP_USDT,1m,Maker 0.00% / Taker 0.01%,0.0,0.01,1,2,1272,LONG,2026-01-24 08:31:59 UTC,2026-01-24 08:33:59 UTC,120.0,4.898,4.901,4.901,4.89,11.700000000000001,117,5.73,0.0057,0.0057,0.0115,0.0236,0.06,0.41,MIN_PROFIT_TP_HIT,57.51
TRUMP_USDT,1m,Maker 0.00% / Taker 0.01%,0.0,0.01,1,2,1273,SHORT,2026-01-24 08:45:59 UTC,2026-01-24 08:52:59 UTC,420.0,4.898,4.914,4.895,4.913,11.700000000000001,117,5.73,0.0057,0.0057,0.0115,-0.1987,-0.33,-3.47,STOP_LOSS_HIT,57.32
TRUMP_USDT,1m,Maker 0.00% / Taker 0.01%,0.0,0.01,1,2,1274,LONG,2026-01-24 09:08:59 UTC,2026-01-24 09:17:59 UTC,540.0,4.901,4.89,4.904,4.891,11.700000000000001,117,5.73,0.0057,0.0057,0.0115,-0.1402,-0.22,-2.44,STOP_LOSS_HIT,57.18
TRUMP_USDT,1m,Maker 0.00% / Taker 0.01%,0.0,0.01,1,2,1275,LONG,2026-01-24 09:33:59 UTC,2026-01-24 09:34:59 UTC,60.0,4.896,4.899,4.899,4.891,11.700000000000001,117,5.73,0.0057,0.0057,0.0115,0.0236,0.06,0.41,MIN_PROFIT_TP_HIT,57.2
TRUMP_USDT,1m,Maker 0.00% / Taker 0.01%,0.0,0.01,1,2,1276,LONG,2026-01-24 09:50:59 UTC,2026-01-24 10:01:59 UTC,660.0,4.907,4.91,4.91,4.895,11.700000000000001,117,5.74,0.0057,0.0057,0.0115,0.0236,0.06,0.41,MIN_PROFIT_TP_HIT,57.22
TRUMP_USDT,1m,Maker 0.00% / Taker 0.01%,0.0,0.01,1,2,1277,LONG,2026-01-24 10:02:59 UTC,2026-01-24 10:05:59 UTC,180.0,4.914,4.917,4.917,4.905,11.600000000000001,116,5.7,0.0057,0.0057,0.0114,0.0234,0.06,0.41,MIN_PROFIT_TP_HIT,57.25
TRUMP_USDT,1m,Maker 0.00% / Taker 0.01%,0.0,0.01,1,2,1278,SHORT,2026-01-24 10:07:59 UTC,2026-01-24 10:28:59 UTC,1260.0,4.91,4.907,4.907,4.925,11.700000000000001,117,5.74,0.0057,0.0057,0.0115,0.0236,0.06,0.41,MIN_PROFIT_TP_HIT,57.27
TRUMP_USDT,1m,Maker 0.00% / Taker 0.01%,0.0,0.01,1,2,1279,LONG,2026-01-24 10:44:59 UTC,2026-01-24 10:50:59 UTC,360.0,4.927,4.93,4.93,4.92,11.600000000000001,116,5.72,0.0057,0.0057,0.0114,0.0234,0.06,0.41,MIN_PROFIT_TP_HIT,57.29
TRUMP_USDT,1m,Maker 0.00% / Taker 0.01%,0.0,0.01,1,2,1280,LONG,2026-01-24 11:15:59 UTC,2026-01-24 11:16:59 UTC,60.0,4.945,4.948,4.948,4.936,11.600000000000001,116,5.74,0.0057,0.0057,0.0115,0.0233,0.06,0.41,MIN_PROFIT_TP_HIT,57.32
TRUMP_USDT,1m,Maker 0.00% / Taker 0.01%,0.0,0.01,1,2,1281,SHORT,2026-01-24 11:21:59 UTC,2026-01-24 11:22:59 UTC,60.0,4.971,4.968,4.968,4.992,11.5,115,5.72,0.0057,0.0057,0.0114,0.0231,0.06,0.4,MIN_PROFIT_TP_HIT,57.34
TRUMP_USDT,1m,Maker 0.00% / Taker 0.01%,0.0,0.01,1,2,1282,SHORT,2026-01-24 12:02:59 UTC,2026-01-24 12:23:59 UTC,1260.0,4.937,4.959,4.934,4.958,11.600000000000001,116,5.73,0.0057,0.0058,0.0115,-0.2667,-0.45,-4.66,STOP_LOSS_HIT,57.07
TRUMP_USDT,1m,Maker 0.00% / Taker 0.01%,0.0,0.01,1,2,1283,SHORT,2026-01-24 12:29:59 UTC,2026-01-24 12:31:59 UTC,120.0,4.972,4.979,4.969,4.978,11.5,115,5.72,0.0057,0.0057,0.0114,-0.0919,-0.14,-1.61,STOP_LOSS_HIT,56.98
TRUMP_USDT,1m,Maker 0.00% / Taker 0.01%,0.0,0.01,1,2,1284,LONG,2026-01-24 12:54:59 UTC,2026-01-24 12:59:59 UTC,300.0,4.997,4.985,5.0,4.986,11.4,114,5.7,0.0057,0.0057,0.0114,-0.1482,-0.24,-2.6,STOP_LOSS_HIT,56.83
TRUMP_USDT,1m,Maker 0.00% / Taker 0.01%,0.0,0.01,1,2,1285,SHORT,2026-01-24 13:00:59 UTC,2026-01-24 13:02:59 UTC,120.0,4.963,4.96,4.96,4.981,11.5,115,5.71,0.0057,0.0057,0.0114,0.0231,0.06,0.4,MIN_PROFIT_TP_HIT,56.86
TRUMP_USDT,1m,Maker 0.00% / Taker 0.01%,0.0,0.01,1,2,1286,SHORT,2026-01-24 13:44:59 UTC,2026-01-24 13:51:59 UTC,420.0,4.966,4.976,4.963,4.975,11.4,114,5.66,0.0057,0.0057,0.0113,-0.1253,-0.2,-2.21,STOP_LOSS_HIT,56.73
TRUMP_USDT,1m,Maker 0.00% / Taker 0.01%,0.0,0.01,1,2,1287,LONG,2026-01-24 13:52:59 UTC,2026-01-24 13:54:59 UTC,120.0,4.974,4.966,4.977,4.967,11.4,114,5.67,0.0057,0.0057,0.0113,-0.1025,-0.16,-1.81,STOP_LOSS_HIT,56.63
TRUMP_USDT,1m,Maker 0.00% / Taker 0.01%,0.0,0.01,1,2,1288,SHORT,2026-01-24 14:05:59 UTC,2026-01-24 14:06:59 UTC,60.0,4.975,4.978,4.972,4.977,11.4,114,5.67,0.0057,0.0057,0.0113,-0.0455,-0.06,-0.8,STOP_LOSS_HIT,56.58
TRUMP_USDT,1m,Maker 0.00% / Taker 0.01%,0.0,0.01,1,2,1289,LONG,2026-01-24 14:28:59 UTC,2026-01-24 14:29:59 UTC,60.0,4.958,4.953,4.961,4.954,11.4,114,5.65,0.0057,0.0056,0.0113,-0.0683,-0.1,-1.21,STOP_LOSS_HIT,56.51
TRUMP_USDT,1m,Maker 0.00% / Taker 0.01%,0.0,0.01,1,2,1290,SHORT,2026-01-24 14:44:59 UTC,2026-01-24 14:46:59 UTC,120.0,4.954,4.96,4.951,4.959,11.4,114,5.65,0.0056,0.0057,0.0113,-0.0797,-0.12,-1.41,STOP_LOSS_HIT,56.43
TRUMP_USDT,1m,Maker 0.00% / Taker 0.01%,0.0,0.01,1,2,1291,LONG,2026-01-24 15:27:59 UTC,2026-01-24 15:28:59 UTC,60.0,4.958,4.953,4.961,4.954,11.4,114,5.65,0.0057,0.0056,0.0113,-0.0683,-0.1,-1.21,STOP_LOSS_HIT,56.37
TRUMP_USDT,1m,Maker 0.00% / Taker 0.01%,0.0,0.01,1,2,1292,SHORT,2026-01-24 15:34:59 UTC,2026-01-24 15:37:59 UTC,180.0,4.967,4.964,4.964,4.974,11.3,113,5.61,0.0056,0.0056,0.0112,0.0227,0.06,0.4,MIN_PROFIT_TP_HIT,56.39
TRUMP_USDT,1m,Maker 0.00% / Taker 0.01%,0.0,0.01,1,2,1293,SHORT,2026-01-24 16:17:59 UTC,2026-01-24 16:18:59 UTC,60.0,4.918,4.929,4.915,4.928,11.5,115,5.66,0.0057,0.0057,0.0113,-0.1378,-0.22,-2.44,STOP_LOSS_HIT,56.25
TRUMP_USDT,1m,Maker 0.00% / Taker 0.01%,0.0,0.01,1,2,1294,LONG,2026-01-24 17:02:59 UTC,2026-01-24 17:09:59 UTC,420.0,4.929,4.921,4.932,4.922,11.4,114,5.62,0.0056,0.0056,0.0112,-0.1024,-0.16,-1.82,STOP_LOSS_HIT,56.15
TRUMP_USDT,1m,Maker 0.00% / Taker 0.01%,0.0,0.01,1,2,1295,SHORT,2026-01-24 17:36:59 UTC,2026-01-24 17:47:59 UTC,660.0,4.931,4.928,4.928,4.94,11.4,114,5.62,0.0056,0.0056,0.0112,0.023,0.06,0.41,MIN_PROFIT_TP_HIT,56.17
TRUMP_USDT,1m,Maker 0.00% / Taker 0.01%,0.0,0.01,1,2,1296,LONG,2026-01-24 18:04:59 UTC,2026-01-24 18:14:59 UTC,600.0,4.933,4.936,4.936,4.929,11.4,114,5.62,0.0056,0.0056,0.0113,0.0229,0.06,0.41,MIN_PROFIT_TP_HIT,56.19
TRUMP_USDT,1m,Maker 0.00% / Taker 0.01%,0.0,0.01,1,2,1297,LONG,2026-01-24 18:27:59 UTC,2026-01-24 18:29:59 UTC,120.0,4.934,4.937,4.937,4.93,11.4,114,5.62,0.0056,0.0056,0.0113,0.0229,0.06,0.41,MIN_PROFIT_TP_HIT,56.22
TRUMP_USDT,1m,Maker 0.00% / Taker 0.01%,0.0,0.01,1,2,1298,LONG,2026-01-24 19:23:59 UTC,2026-01-24 19:34:59 UTC,660.0,4.938,4.928,4.941,4.929,11.4,114,5.63,0.0056,0.0056,0.0112,-0.1252,-0.2,-2.22,STOP_LOSS_HIT,56.09
TRUMP_USDT,1m,Maker 0.00% / Taker 0.01%,0.0,0.01,1,2,1299,SHORT,2026-01-24 19:50:59 UTC,2026-01-24 19:57:59 UTC,420.0,4.93,4.936,4.927,4.935,11.4,114,5.62,0.0056,0.0056,0.0112,-0.0796,-0.12,-1.42,STOP_LOSS_HIT,56.01
TRUMP_USDT,1m,Maker 0.00% / Taker 0.01%,0.0,0.01,1,2,1300,LONG,2026-01-24 19:58:59 UTC,2026-01-24 20:05:59 UTC,420.0,4.936,4.939,4.939,4.929,11.3,113,5.58,0.0056,0.0056,0.0112,0.0227,0.06,0.41,MIN_PROFIT_TP_HIT,56.03
TRUMP_USDT,1m,Maker 0.00% / Taker 0.01%,0.0,0.01,1,2,1301,SHORT,2026-01-24 20:51:59 UTC,2026-01-24 21:09:59 UTC,1080.0,4.938,4.935,4.935,4.942,11.3,113,5.58,0.0056,0.0056,0.0112,0.0227,0.06,0.41,MIN_PROFIT_TP_HIT,56.06
TRUMP_USDT,1m,Maker 0.00% / Taker 0.01%,0.0,0.01,1,2,1302,SHORT,2026-01-24 21:19:59 UTC,2026-01-24 21:21:59 UTC,120.0,4.935,4.94,4.932,4.939,11.4,114,5.63,0.0056,0.0056,0.0113,-0.0683,-0.1,-1.21,STOP_LOSS_HIT,55.99
TRUMP_USDT,1m,Maker 0.00% / Taker 0.01%,0.0,0.01,1,2,1303,LONG,2026-01-24 21:36:59 UTC,2026-01-24 21:41:59 UTC,300.0,4.938,4.941,4.941,4.934,11.3,113,5.58,0.0056,0.0056,0.0112,0.0227,0.06,0.41,MIN_PROFIT_TP_HIT,56.01
TRUMP_USDT,1m,Maker 0.00% / Taker 0.01%,0.0,0.01,1,2,1304,LONG,2026-01-24 22:14:59 UTC,2026-01-24 22:30:59 UTC,960.0,4.94,4.943,4.943,4.928,11.3,113,5.58,0.0056,0.0056,0.0112,0.0227,0.06,0.41,MIN_PROFIT_TP_HIT,56.03
TRUMP_USDT,1m,Maker 0.00% / Taker 0.01%,0.0,0.01,1,2,1305,SHORT,2026-01-24 22:42:59 UTC,2026-01-24 22:55:59 UTC,780.0,4.942,4.952,4.939,4.951,11.3,113,5.58,0.0056,0.0056,0.0112,-0.1242,-0.2,-2.22,STOP_LOSS_HIT,55.91
TRUMP_USDT,1m,Maker 0.00% / Taker 0.01%,0.0,0.01,1,2,1306,SHORT,2026-01-24 23:27:59 UTC,2026-01-24 23:32:59 UTC,300.0,4.947,4.944,4.944,4.957,11.3,113,5.59,0.0056,0.0056,0.0112,0.0227,0.06,0.41,MIN_PROFIT_TP_HIT,55.93
TRUMP_USDT,1m,Maker 0.00% / Taker 0.01%,0.0,0.01,1,2,1307,SHORT,2026-01-24 23:40:59 UTC,2026-01-24 23:41:59 UTC,60.0,4.939,4.936,4.936,4.944,11.3,113,5.58,0.0056,0.0056,0.0112,0.0227,0.06,0.41,MIN_PROFIT_TP_HIT,55.96
TRUMP_USDT,1m,Maker 0.00% / Taker 0.01%,0.0,0.01,1,2,1308,LONG,2026-01-25 00:18:59 UTC,2026-01-25 00:20:59 UTC,120.0,4.943,4.937,4.946,4.938,11.3,113,5.59,0.0056,0.0056,0.0112,-0.079,-0.12,-1.41,STOP_LOSS_HIT,55.88
TRUMP_USDT,1m,Maker 0.00% / Taker 0.01%,0.0,0.01,1,2,1309,SHORT,2026-01-25 00:22:59 UTC,2026-01-25 00:25:59 UTC,180.0,4.933,4.93,4.93,4.944,11.3,113,5.57,0.0056,0.0056,0.0111,0.0228,0.06,0.41,MIN_PROFIT_TP_HIT,55.9
TRUMP_USDT,1m,Maker 0.00% / Taker 0.01%,0.0,0.01,1,2,1310,LONG,2026-01-25 00:53:59 UTC,2026-01-25 00:55:59 UTC,120.0,4.936,4.939,4.939,4.929,11.3,113,5.58,0.0056,0.0056,0.0112,0.0227,0.06,0.41,MIN_PROFIT_TP_HIT,55.92
TRUMP_USDT,1m,Maker 0.00% / Taker 0.01%,0.0,0.01,1,2,1311,LONG,2026-01-25 01:09:59 UTC,2026-01-25 01:11:59 UTC,120.0,4.937,4.931,4.94,4.932,11.3,113,5.58,0.0056,0.0056,0.0112,-0.079,-0.12,-1.42,STOP_LOSS_HIT,55.84
TRUMP_USDT,1m,Maker 0.00% / Taker 0.01%,0.0,0.01,1,2,1312,SHORT,2026-01-25 02:29:59 UTC,2026-01-25 02:32:59 UTC,180.0,4.915,4.92,4.912,4.919,11.4,114,5.6,0.0056,0.0056,0.0112,-0.0682,-0.1,-1.22,STOP_LOSS_HIT,55.78
TRUMP_USDT,1m,Maker 0.00% / Taker 0.01%,0.0,0.01,1,2,1313,SHORT,2026-01-25 02:37:59 UTC,2026-01-25 02:44:59 UTC,420.0,4.913,4.91,4.91,4.918,11.4,114,5.6,0.0056,0.0056,0.0112,0.023,0.06,0.41,MIN_PROFIT_TP_HIT,55.8
TRUMP_USDT,1m,Maker 0.00% / Taker 0.01%,0.0,0.01,1,2,1314,LONG,2026-01-25 02:47:59 UTC,2026-01-25 02:54:59 UTC,420.0,4.91,4.905,4.913,4.906,11.4,114,5.6,0.0056,0.0056,0.0112,-0.0682,-0.1,-1.22,STOP_LOSS_HIT,55.73
TRUMP_USDT,1m,Maker 0.00% / Taker 0.01%,0.0,0.01,1,2,1315,LONG,2026-01-25 03:02:59 UTC,2026-01-25 03:06:59 UTC,240.0,4.913,4.916,4.916,4.908,11.3,113,5.55,0.0056,0.0056,0.0111,0.0228,0.06,0.41,MIN_PROFIT_TP_HIT,55.75
TRUMP_USDT,1m,Maker 0.00% / Taker 0.01%,0.0,0.01,1,2,1316,SHORT,2026-01-25 03:16:59 UTC,2026-01-25 03:17:59 UTC,60.0,4.914,4.918,4.911,4.917,11.3,113,5.55,0.0056,0.0056,0.0111,-0.0563,-0.08,-1.01,STOP_LOSS_HIT,55.7
TRUMP_USDT,1m,Maker 0.00% / Taker 0.01%,0.0,0.01,1,2,1317,SHORT,2026-01-25 03:29:59 UTC,2026-01-25 03:30:59 UTC,60.0,4.908,4.905,4.905,4.913,11.3,113,5.55,0.0055,0.0055,0.0111,0.0228,0.06,0.41,MIN_PROFIT_TP_HIT,55.72
TRUMP_USDT,1m,Maker 0.00% / Taker 0.01%,0.0,0.01,1,2,1318,LONG,2026-01-25 03:50:59 UTC,2026-01-25 04:04:59 UTC,840.0,4.927,4.93,4.93,4.917,11.3,113,5.57,0.0056,0.0056,0.0111,0.0228,0.06,0.41,MIN_PROFIT_TP_HIT,55.74
TRUMP_USDT,1m,Maker 0.00% / Taker 0.01%,0.0,0.01,1,2,1319,LONG,2026-01-25 04:16:59 UTC,2026-01-25 04:30:59 UTC,840.0,4.909,4.912,4.912,4.901,11.4,114,5.6,0.0056,0.0056,0.0112,0.023,0.06,0.41,MIN_PROFIT_TP_HIT,55.77
TRUMP_USDT,1m,Maker 0.00% / Taker 0.01%,0.0,0.01,1,2,1320,LONG,2026-01-25 04:31:59 UTC,2026-01-25 04:32:59 UTC,60.0,4.916,4.919,4.919,4.908,11.3,113,5.56,0.0056,0.0056,0.0111,0.0228,0.06,0.41,MIN_PROFIT_TP_HIT,55.79
TRUMP_USDT,1m,Maker 0.00% / Taker 0.01%,0.0,0.01,1,2,1321,LONG,2026-01-25 05:27:59 UTC,2026-01-25 05:34:59 UTC,420.0,4.933,4.922,4.936,4.923,11.3,113,5.57,0.0056,0.0056,0.0111,-0.1354,-0.22,-2.43,STOP_LOSS_HIT,55.65
TRUMP_USDT,1m,Maker 0.00% / Taker 0.01%,0.0,0.01,1,2,1322,SHORT,2026-01-25 06:00:59 UTC,2026-01-25 06:06:59 UTC,360.0,4.921,4.918,4.918,4.931,11.3,113,5.56,0.0056,0.0056,0.0111,0.0228,0.06,0.41,MIN_PROFIT_TP_HIT,55.68
TRUMP_USDT,1m,Maker 0.00% / Taker 0.01%,0.0,0.01,1,2,1323,SHORT,2026-01-25 06:19:59 UTC,2026-01-25 06:29:59 UTC,600.0,4.915,4.925,4.912,4.924,11.3,113,5.55,0.0056,0.0056,0.0111,-0.1241,-0.2,-2.23,STOP_LOSS_HIT,55.55
TRUMP_USDT,1m,Maker 0.00% / Taker 0.01%,0.0,0.01,1,2,1324,LONG,2026-01-25 06:33:59 UTC,2026-01-25 06:38:59 UTC,300.0,4.927,4.922,4.93,4.923,11.3,113,5.57,0.0056,0.0056,0.0111,-0.0676,-0.1,-1.21,STOP_LOSS_HIT,55.48
TRUMP_USDT,1m,Maker 0.00% / Taker 0.01%,0.0,0.01,1,2,1325,SHORT,2026-01-25 06:43:59 UTC,2026-01-25 06:46:59 UTC,180.0,4.921,4.929,4.918,4.928,11.3,113,5.56,0.0056,0.0056,0.0111,-0.1015,-0.16,-1.83,STOP_LOSS_HIT,55.38
TRUMP_USDT,1m,Maker 0.00% / Taker 0.01%,0.0,0.01,1,2,1326,SHORT,2026-01-25 07:05:59 UTC,2026-01-25 07:06:59 UTC,60.0,4.926,4.929,4.923,4.928,11.200000000000001,112,5.52,0.0055,0.0055,0.011,-0.0446,-0.06,-0.81,STOP_LOSS_HIT,55.34
TRUMP_USDT,1m,Maker 0.00% / Taker 0.01%,0.0,0.01,1,2,1327,LONG,2026-01-25 07:17:59 UTC,2026-01-25 07:18:59 UTC,60.0,4.922,4.917,4.925,4.918,11.200000000000001,112,5.51,0.0055,0.0055,0.011,-0.067,-0.1,-1.22,STOP_LOSS_HIT,55.27
TRUMP_USDT,1m,Maker 0.00% / Taker 0.01%,0.0,0.01,1,2,1328,LONG,2026-01-25 08:14:59 UTC,2026-01-25 08:18:59 UTC,240.0,4.912,4.915,4.915,4.899,11.3,113,5.55,0.0056,0.0056,0.0111,0.0228,0.06,0.41,MIN_PROFIT_TP_HIT,55.29
TRUMP_USDT,1m,Maker 0.00% / Taker 0.01%,0.0,0.01,1,2,1329,LONG,2026-01-25 08:21:59 UTC,2026-01-25 08:24:59 UTC,180.0,4.918,4.921,4.921,4.91,11.200000000000001,112,5.51,0.0055,0.0055,0.011,0.0226,0.06,0.41,MIN_PROFIT_TP_HIT,55.32
TRUMP_USDT,1m,Maker 0.00% / Taker 0.01%,0.0,0.01,1,2,1330,SHORT,2026-01-25 08:26:59 UTC,2026-01-25 08:27:59 UTC,60.0,4.915,4.912,4.912,4.925,11.3,113,5.55,0.0056,0.0056,0.0111,0.0228,0.06,0.41,MIN_PROFIT_TP_HIT,55.34
TRUMP_USDT,1m,Maker 0.00% / Taker 0.01%,0.0,0.01,1,2,1331,LONG,2026-01-25 09:13:59 UTC,2026-01-25 09:15:59 UTC,120.0,4.884,4.887,4.887,4.879,11.3,113,5.52,0.0055,0.0055,0.011,0.0229,0.06,0.41,MIN_PROFIT_TP_HIT,55.36
TRUMP_USDT,1m,Maker 0.00% / Taker 0.01%,0.0,0.01,1,2,1332,LONG,2026-01-25 09:30:59 UTC,2026-01-25 09:32:59 UTC,120.0,4.892,4.895,4.895,4.889,11.3,113,5.53,0.0055,0.0055,0.0111,0.0228,0.06,0.41,MIN_PROFIT_TP_HIT,55.38
TRUMP_USDT,1m,Maker 0.00% / Taker 0.01%,0.0,0.01,1,2,1333,LONG,2026-01-25 09:57:59 UTC,2026-01-25 10:07:59 UTC,600.0,4.892,4.884,4.895,4.885,11.3,113,5.53,0.0055,0.0055,0.011,-0.1014,-0.16,-1.84,STOP_LOSS_HIT,55.28
TRUMP_USDT,1m,Maker 0.00% / Taker 0.01%,0.0,0.01,1,2,1334,LONG,2026-01-25 10:14:59 UTC,2026-01-25 10:16:59 UTC,120.0,4.893,4.896,4.896,4.886,11.3,113,5.53,0.0055,0.0055,0.0111,0.0228,0.06,0.41,MIN_PROFIT_TP_HIT,55.31
TRUMP_USDT,1m,Maker 0.00% / Taker 0.01%,0.0,0.01,1,2,1335,SHORT,2026-01-25 10:18:59 UTC,2026-01-25 10:23:59 UTC,300.0,4.891,4.898,4.888,4.897,11.3,113,5.53,0.0055,0.0055,0.0111,-0.0902,-0.14,-1.63,STOP_LOSS_HIT,55.22
TRUMP_USDT,1m,Maker 0.00% / Taker 0.01%,0.0,0.01,1,2,1336,LONG,2026-01-25 10:35:59 UTC,2026-01-25 10:38:59 UTC,180.0,4.892,4.889,4.895,4.89,11.3,113,5.53,0.0055,0.0055,0.0111,-0.045,-0.06,-0.81,STOP_LOSS_HIT,55.17
TRUMP_USDT,1m,Maker 0.00% / Taker 0.01%,0.0,0.01,1,2,1337,SHORT,2026-01-25 11:33:59 UTC,2026-01-25 11:39:59 UTC,360.0,4.89,4.887,4.887,4.895,11.3,113,5.53,0.0055,0.0055,0.011,0.0229,0.06,0.41,MIN_PROFIT_TP_HIT,55.19
TRUMP_USDT,1m,Maker 0.00% / Taker 0.01%,0.0,0.01,1,2,1338,SHORT,2026-01-25 11:40:59 UTC,2026-01-25 11:52:59 UTC,720.0,4.882,4.879,4.879,4.894,11.3,113,5.52,0.0055,0.0055,0.011,0.0229,0.06,0.41,MIN_PROFIT_TP_HIT,55.22
TRUMP_USDT,1m,Maker 0.00% / Taker 0.01%,0.0,0.01,1,2,1339,SHORT,2026-01-25 12:07:59 UTC,2026-01-25 12:13:59 UTC,360.0,4.886,4.893,4.883,4.892,11.3,113,5.52,0.0055,0.0055,0.0111,-0.0902,-0.14,-1.63,STOP_LOSS_HIT,55.13
TRUMP_USDT,1m,Maker 0.00% / Taker 0.01%,0.0,0.01,1,2,1340,SHORT,2026-01-25 12:19:59 UTC,2026-01-25 12:24:59 UTC,300.0,4.884,4.892,4.881,4.891,11.3,113,5.52,0.0055,0.0055,0.011,-0.1014,-0.16,-1.84,STOP_LOSS_HIT,55.02
TRUMP_USDT,1m,Maker 0.00% / Taker 0.01%,0.0,0.01,1,2,1341,SHORT,2026-01-25 12:47:59 UTC,2026-01-25 12:49:59 UTC,120.0,4.896,4.893,4.893,4.906,11.200000000000001,112,5.48,0.0055,0.0055,0.011,0.0226,0.06,0.41,MIN_PROFIT_TP_HIT,55.05
TRUMP_USDT,1m,Maker 0.00% / Taker 0.01%,0.0,0.01,1,2,1342,LONG,2026-01-25 13:11:59 UTC,2026-01-25 13:18:59 UTC,420.0,4.894,4.897,4.897,4.89,11.200000000000001,112,5.48,0.0055,0.0055,0.011,0.0226,0.06,0.41,MIN_PROFIT_TP_HIT,55.07
TRUMP_USDT,1m,Maker 0.00% / Taker 0.01%,0.0,0.01,1,2,1343,LONG,2026-01-25 13:32:59 UTC,2026-01-25 13:34:59 UTC,120.0,4.89,4.893,4.893,4.888,11.3,113,5.53,0.0055,0.0055,0.0111,0.0228,0.06,0.41,MIN_PROFIT_TP_HIT,55.09
TRUMP_USDT,1m,Maker 0.00% / Taker 0.01%,0.0,0.01,1,2,1344,SHORT,2026-01-25 13:37:59 UTC,2026-01-25 13:45:59 UTC,480.0,4.895,4.905,4.892,4.904,11.3,113,5.53,0.0055,0.0055,0.0111,-0.1241,-0.2,-2.24,STOP_LOSS_HIT,54.97
TRUMP_USDT,1m,Maker 0.00% / Taker 0.01%,0.0,0.01,1,2,1345,SHORT,2026-01-25 14:04:59 UTC,2026-01-25 14:05:59 UTC,60.0,4.901,4.898,4.898,4.909,11.200000000000001,112,5.49,0.0055,0.0055,0.011,0.0226,0.06,0.41,MIN_PROFIT_TP_HIT,54.99
TRUMP_USDT,1m,Maker 0.00% / Taker 0.01%,0.0,0.01,1,2,1346,LONG,2026-01-25 14:25:59 UTC,2026-01-25 14:26:59 UTC,60.0,4.88,4.883,4.883,4.873,11.3,113,5.51,0.0055,0.0055,0.011,0.0229,0.06,0.41,MIN_PROFIT_TP_HIT,55.01
TRUMP_USDT,1m,Maker 0.00% / Taker 0.01%,0.0,0.01,1,2,1347,LONG,2026-01-25 14:30:59 UTC,2026-01-25 14:32:59 UTC,120.0,4.881,4.869,4.884,4.87,11.3,113,5.52,0.0055,0.0055,0.011,-0.1466,-0.25,-2.66,STOP_LOSS_HIT,54.87
TRUMP_USDT,1m,Maker 0.00% / Taker 0.01%,0.0,0.01,1,2,1348,SHORT,2026-01-25 15:00:59 UTC,2026-01-25 15:03:59 UTC,180.0,4.872,4.883,4.869,4.882,11.3,113,5.51,0.0055,0.0055,0.011,-0.1353,-0.23,-2.46,STOP_LOSS_HIT,54.73
TRUMP_USDT,1m,Maker 0.00% / Taker 0.01%,0.0,0.01,1,2,1349,SHORT,2026-01-25 15:30:59 UTC,2026-01-25 15:31:59 UTC,60.0,4.875,4.872,4.872,4.881,11.200000000000001,112,5.46,0.0055,0.0055,0.0109,0.0227,0.06,0.42,MIN_PROFIT_TP_HIT,54.76
TRUMP_USDT,1m,Maker 0.00% / Taker 0.01%,0.0,0.01,1,2,1350,SHORT,2026-01-25 15:47:59 UTC,2026-01-25 15:54:59 UTC,420.0,4.866,4.863,4.863,4.876,11.3,113,5.5,0.0055,0.0055,0.011,0.0229,0.06,0.42,MIN_PROFIT_TP_HIT,54.78
TRUMP_USDT,1m,Maker 0.00% / Taker 0.01%,0.0,0.01,1,2,1351,SHORT,2026-01-25 15:55:59 UTC,2026-01-25 16:00:59 UTC,300.0,4.866,4.863,4.863,4.873,11.3,113,5.5,0.0055,0.0055,0.011,0.0229,0.06,0.42,MIN_PROFIT_TP_HIT,54.8
TRUMP_USDT,1m,Maker 0.00% / Taker 0.01%,0.0,0.01,1,2,1352,SHORT,2026-01-25 16:02:59 UTC,2026-01-25 16:03:59 UTC,60.0,4.825,4.822,4.822,4.84,11.4,114,5.5,0.0055,0.0055,0.011,0.0232,0.06,0.42,MIN_PROFIT_TP_HIT,54.82
TRUMP_USDT,1m,Maker 0.00% / Taker 0.01%,0.0,0.01,1,2,1353,LONG,2026-01-25 16:58:59 UTC,2026-01-25 16:59:59 UTC,60.0,4.814,4.817,4.817,4.807,11.4,114,5.49,0.0055,0.0055,0.011,0.0232,0.06,0.42,MIN_PROFIT_TP_HIT,54.85
TRUMP_USDT,1m,Maker 0.00% / Taker 0.01%,0.0,0.01,1,2,1354,SHORT,2026-01-25 17:08:59 UTC,2026-01-25 17:10:59 UTC,120.0,4.811,4.808,4.808,4.824,11.4,114,5.48,0.0055,0.0055,0.011,0.0232,0.06,0.42,MIN_PROFIT_TP_HIT,54.87
TRUMP_USDT,1m,Maker 0.00% / Taker 0.01%,0.0,0.01,1,2,1355,SHORT,2026-01-25 17:15:59 UTC,2026-01-25 17:19:59 UTC,240.0,4.799,4.796,4.796,4.812,11.4,114,5.47,0.0055,0.0055,0.0109,0.0233,0.06,0.43,MIN_PROFIT_TP_HIT,54.89
TRUMP_USDT,1m,Maker 0.00% / Taker 0.01%,0.0,0.01,1,2,1356,LONG,2026-01-25 17:44:59 UTC,2026-01-25 17:56:59 UTC,720.0,4.801,4.791,4.804,4.792,11.4,114,5.47,0.0055,0.0055,0.0109,-0.1249,-0.21,-2.28,STOP_LOSS_HIT,54.77
TRUMP_USDT,1m,Maker 0.00% / Taker 0.01%,0.0,0.01,1,2,1357,SHORT,2026-01-25 19:12:59 UTC,2026-01-25 19:14:59 UTC,120.0,4.743,4.74,4.74,4.766,11.5,115,5.45,0.0055,0.0055,0.0109,0.0236,0.06,0.43,MIN_PROFIT_TP_HIT,54.79
TRUMP_USDT,1m,Maker 0.00% / Taker 0.01%,0.0,0.01,1,2,1358,SHORT,2026-01-25 19:40:59 UTC,2026-01-25 19:41:59 UTC,60.0,4.725,4.734,4.722,4.733,11.600000000000001,116,5.48,0.0055,0.0055,0.011,-0.1154,-0.19,-2.1,STOP_LOSS_HIT,54.68
TRUMP_USDT,1m,Maker 0.00% / Taker 0.01%,0.0,0.01,1,2,1359,LONG,2026-01-25 20:10:59 UTC,2026-01-25 20:11:59 UTC,60.0,4.718,4.721,4.721,4.704,11.600000000000001,116,5.47,0.0055,0.0055,0.0109,0.0239,0.06,0.44,MIN_PROFIT_TP_HIT,54.7
TRUMP_USDT,1m,Maker 0.00% / Taker 0.01%,0.0,0.01,1,2,1360,SHORT,2026-01-25 20:16:59 UTC,2026-01-25 20:17:59 UTC,60.0,4.713,4.71,4.71,4.728,11.600000000000001,116,5.47,0.0055,0.0055,0.0109,0.0239,0.06,0.44,MIN_PROFIT_TP_HIT,54.72
TRUMP_USDT,1m,Maker 0.00% / Taker 0.01%,0.0,0.01,1,2,1361,SHORT,2026-01-25 20:45:59 UTC,2026-01-25 20:48:59 UTC,180.0,4.71,4.707,4.707,4.715,11.600000000000001,116,5.46,0.0055,0.0055,0.0109,0.0239,0.06,0.44,MIN_PROFIT_TP_HIT,54.75
TRUMP_USDT,1m,Maker 0.00% / Taker 0.01%,0.0,0.01,1,2,1362,LONG,2026-01-25 20:51:59 UTC,2026-01-25 20:54:59 UTC,180.0,4.728,4.731,4.731,4.719,11.600000000000001,116,5.48,0.0055,0.0055,0.011,0.0238,0.06,0.43,MIN_PROFIT_TP_HIT,54.77
TRUMP_USDT,1m,Maker 0.00% / Taker 0.01%,0.0,0.01,1,2,1363,LONG,2026-01-25 21:01:59 UTC,2026-01-25 21:02:59 UTC,60.0,4.737,4.74,4.74,4.722,11.600000000000001,116,5.49,0.0055,0.0055,0.011,0.0238,0.06,0.43,MIN_PROFIT_TP_HIT,54.8
TRUMP_USDT,1m,Maker 0.00% / Taker 0.01%,0.0,0.01,1,2,1364,SHORT,2026-01-25 21:32:59 UTC,2026-01-25 21:33:59 UTC,60.0,4.742,4.739,4.739,4.749,11.600000000000001,116,5.5,0.0055,0.0055,0.011,0.0238,0.06,0.43,MIN_PROFIT_TP_HIT,54.82
TRUMP_USDT,1m,Maker 0.00% / Taker 0.01%,0.0,0.01,1,2,1365,LONG,2026-01-25 21:35:59 UTC,2026-01-25 21:37:59 UTC,120.0,4.738,4.732,4.741,4.733,11.600000000000001,116,5.5,0.0055,0.0055,0.011,-0.0806,-0.13,-1.47,STOP_LOSS_HIT,54.74
TRUMP_USDT,1m,Maker 0.00% / Taker 0.01%,0.0,0.01,1,2,1366,SHORT,2026-01-25 22:02:59 UTC,2026-01-25 22:09:59 UTC,420.0,4.739,4.736,4.736,4.746,11.600000000000001,116,5.5,0.0055,0.0055,0.011,0.0238,0.06,0.43,MIN_PROFIT_TP_HIT,54.76
TRUMP_USDT,1m,Maker 0.00% / Taker 0.01%,0.0,0.01,1,2,1367,SHORT,2026-01-25 23:04:59 UTC,2026-01-25 23:06:59 UTC,120.0,4.742,4.739,4.739,4.746,11.5,115,5.45,0.0055,0.0054,0.0109,0.0236,0.06,0.43,MIN_PROFIT_TP_HIT,54.79
TRUMP_USDT,1m,Maker 0.00% / Taker 0.01%,0.0,0.01,1,2,1368,LONG,2026-01-25 23:29:59 UTC,2026-01-25 23:31:59 UTC,120.0,4.743,4.746,4.746,4.736,11.600000000000001,116,5.5,0.0055,0.0055,0.011,0.0238,0.06,0.43,MIN_PROFIT_TP_HIT,54.81
TRUMP_USDT,1m,Maker 0.00% / Taker 0.01%,0.0,0.01,1,2,1369,LONG,2026-01-26 00:03:59 UTC,2026-01-26 00:06:59 UTC,180.0,4.766,4.769,4.769,4.756,11.5,115,5.48,0.0055,0.0055,0.011,0.0235,0.06,0.43,MIN_PROFIT_TP_HIT,54.83
TRUMP_USDT,1m,Maker 0.00% / Taker 0.01%,0.0,0.01,1,2,1370,LONG,2026-01-26 00:21:59 UTC,2026-01-26 00:43:59 UTC,1320.0,4.783,4.757,4.786,4.758,11.5,115,5.5,0.0055,0.0055,0.011,-0.31,-0.54,-5.64,STOP_LOSS_HIT,54.52
TRUMP_USDT,1m,Maker 0.00% / Taker 0.01%,0.0,0.01,1,2,1371,SHORT,2026-01-26 00:59:59 UTC,2026-01-26 01:00:59 UTC,60.0,4.789,4.786,4.786,4.797,11.4,114,5.46,0.0055,0.0055,0.0109,0.0233,0.06,0.43,MIN_PROFIT_TP_HIT,54.55
TRUMP_USDT,1m,Maker 0.00% / Taker 0.01%,0.0,0.01,1,2,1372,LONG,2026-01-26 01:05:59 UTC,2026-01-26 01:06:59 UTC,60.0,4.804,4.807,4.807,4.791,11.4,114,5.48,0.0055,0.0055,0.011,0.0232,0.06,0.42,MIN_PROFIT_TP_HIT,54.57
TRUMP_USDT,1m,Maker 0.00% / Taker 0.01%,0.0,0.01,1,2,1373,SHORT,2026-01-26 01:37:59 UTC,2026-01-26 01:44:59 UTC,420.0,4.811,4.821,4.808,4.82,11.3,113,5.44,0.0054,0.0054,0.0109,-0.1239,-0.21,-2.28,STOP_LOSS_HIT,54.45
TRUMP_USDT,1m,Maker 0.00% / Taker 0.01%,0.0,0.01,1,2,1374,LONG,2026-01-26 01:45:59 UTC,2026-01-26 01:46:59 UTC,60.0,4.817,4.82,4.82,4.812,11.3,113,5.44,0.0054,0.0054,0.0109,0.023,0.06,0.42,MIN_PROFIT_TP_HIT,54.47
TRUMP_USDT,1m,Maker 0.00% / Taker 0.01%,0.0,0.01,1,2,1375,SHORT,2026-01-26 01:55:59 UTC,2026-01-26 01:58:59 UTC,180.0,4.812,4.809,4.809,4.823,11.3,113,5.44,0.0054,0.0054,0.0109,0.023,0.06,0.42,MIN_PROFIT_TP_HIT,54.49
TRUMP_USDT,1m,Maker 0.00% / Taker 0.01%,0.0,0.01,1,2,1376,SHORT,2026-01-26 02:02:59 UTC,2026-01-26 02:03:59 UTC,60.0,4.799,4.796,4.796,4.818,11.4,114,5.47,0.0055,0.0055,0.0109,0.0233,0.06,0.43,MIN_PROFIT_TP_HIT,54.52
TRUMP_USDT,1m,Maker 0.00% / Taker 0.01%,0.0,0.01,1,2,1377,LONG,2026-01-26 02:23:59 UTC,2026-01-26 02:27:59 UTC,240.0,4.803,4.806,4.806,4.786,11.4,114,5.48,0.0055,0.0055,0.011,0.0232,0.06,0.42,MIN_PROFIT_TP_HIT,54.54
TRUMP_USDT,1m,Maker 0.00% / Taker 0.01%,0.0,0.01,1,2,1378,SHORT,2026-01-26 02:54:59 UTC,2026-01-26 03:04:59 UTC,600.0,4.8,4.809,4.797,4.808,11.4,114,5.47,0.0055,0.0055,0.011,-0.1136,-0.19,-2.08,STOP_LOSS_HIT,54.43
TRUMP_USDT,1m,Maker 0.00% / Taker 0.01%,0.0,0.01,1,2,1379,LONG,2026-01-26 03:36:59 UTC,2026-01-26 03:38:59 UTC,120.0,4.794,4.797,4.797,4.789,11.4,114,5.47,0.0055,0.0055,0.0109,0.0233,0.06,0.43,MIN_PROFIT_TP_HIT,54.45
TRUMP_USDT,1m,Maker 0.00% / Taker 0.01%,0.0,0.01,1,2,1380,LONG,2026-01-26 03:58:59 UTC,2026-01-26 03:59:59 UTC,60.0,4.794,4.797,4.797,4.789,11.4,114,5.47,0.0055,0.0055,0.0109,0.0233,0.06,0.43,MIN_PROFIT_TP_HIT,54.47
TRUMP_USDT,1m,Maker 0.00% / Taker 0.01%,0.0,0.01,1,2,1381,LONG,2026-01-26 05:27:59 UTC,2026-01-26 05:32:59 UTC,300.0,4.828,4.831,4.831,4.821,11.3,113,5.46,0.0055,0.0055,0.0109,0.023,0.06,0.42,MIN_PROFIT_TP_HIT,54.5
TRUMP_USDT,1m,Maker 0.00% / Taker 0.01%,0.0,0.01,1,2,1382,SHORT,2026-01-26 05:48:59 UTC,2026-01-26 05:50:59 UTC,120.0,4.826,4.831,4.823,4.83,11.3,113,5.45,0.0055,0.0055,0.0109,-0.0674,-0.1,-1.24,STOP_LOSS_HIT,54.43
TRUMP_USDT,1m,Maker 0.00% / Taker 0.01%,0.0,0.01,1,2,1383,SHORT,2026-01-26 06:19:59 UTC,2026-01-26 06:30:59 UTC,660.0,4.819,4.825,4.816,4.824,11.3,113,5.45,0.0054,0.0055,0.0109,-0.0787,-0.12,-1.45,STOP_LOSS_HIT,54.35
TRUMP_USDT,1m,Maker 0.00% / Taker 0.01%,0.0,0.01,1,2,1384,LONG,2026-01-26 06:38:59 UTC,2026-01-26 06:45:59 UTC,420.0,4.826,4.829,4.829,4.82,11.3,113,5.45,0.0055,0.0055,0.0109,0.023,0.06,0.42,MIN_PROFIT_TP_HIT,54.37
TRUMP_USDT,1m,Maker 0.00% / Taker 0.01%,0.0,0.01,1,2,1385,LONG,2026-01-26 07:17:59 UTC,2026-01-26 07:18:59 UTC,60.0,4.842,4.845,4.845,4.835,11.200000000000001,112,5.42,0.0054,0.0054,0.0108,0.0228,0.06,0.42,MIN_PROFIT_TP_HIT,54.4
TRUMP_USDT,1m,Maker 0.00% / Taker 0.01%,0.0,0.01,1,2,1386,LONG,2026-01-26 07:32:59 UTC,2026-01-26 07:33:59 UTC,60.0,4.817,4.813,4.82,4.814,11.3,113,5.44,0.0054,0.0054,0.0109,-0.0561,-0.08,-1.03,STOP_LOSS_HIT,54.34
TRUMP_USDT,1m,Maker 0.00% / Taker 0.01%,0.0,0.01,1,2,1387,SHORT,2026-01-26 08:08:59 UTC,2026-01-26 08:19:59 UTC,660.0,4.83,4.827,4.827,4.844,11.3,113,5.46,0.0055,0.0055,0.0109,0.023,0.06,0.42,MIN_PROFIT_TP_HIT,54.36
TRUMP_USDT,1m,Maker 0.00% / Taker 0.01%,0.0,0.01,1,2,1388,SHORT,2026-01-26 08:53:59 UTC,2026-01-26 09:03:59 UTC,600.0,4.834,4.831,4.831,4.842,11.200000000000001,112,5.41,0.0054,0.0054,0.0108,0.0228,0.06,0.42,MIN_PROFIT_TP_HIT,54.38
TRUMP_USDT,1m,Maker 0.00% / Taker 0.01%,0.0,0.01,1,2,1389,LONG,2026-01-26 09:31:59 UTC,2026-01-26 09:32:59 UTC,60.0,4.827,4.823,4.83,4.824,11.3,113,5.45,0.0055,0.0054,0.0109,-0.0561,-0.08,-1.03,STOP_LOSS_HIT,54.33
TRUMP_USDT,1m,Maker 0.00% / Taker 0.01%,0.0,0.01,1,2,1390,SHORT,2026-01-26 09:34:59 UTC,2026-01-26 09:36:59 UTC,120.0,4.823,4.82,4.82,4.828,11.3,113,5.45,0.0054,0.0054,0.0109,0.023,0.06,0.42,MIN_PROFIT_TP_HIT,54.35
TRUMP_USDT,1m,Maker 0.00% / Taker 0.01%,0.0,0.01,1,2,1391,LONG,2026-01-26 09:42:59 UTC,2026-01-26 09:51:59 UTC,540.0,4.83,4.817,4.833,4.818,11.3,113,5.46,0.0055,0.0054,0.0109,-0.1578,-0.27,-2.89,STOP_LOSS_HIT,54.19
TRUMP_USDT,1m,Maker 0.00% / Taker 0.01%,0.0,0.01,1,2,1392,LONG,2026-01-26 10:40:59 UTC,2026-01-26 10:41:59 UTC,60.0,4.831,4.828,4.834,4.829,11.200000000000001,112,5.41,0.0054,0.0054,0.0108,-0.0444,-0.06,-0.82,STOP_LOSS_HIT,54.15
TRUMP_USDT,1m,Maker 0.00% / Taker 0.01%,0.0,0.01,1,2,1393,SHORT,2026-01-26 11:09:59 UTC,2026-01-26 11:16:59 UTC,420.0,4.821,4.818,4.818,4.826,11.200000000000001,112,5.4,0.0054,0.0054,0.0108,0.0228,0.06,0.42,MIN_PROFIT_TP_HIT,54.17
TRUMP_USDT,1m,Maker 0.00% / Taker 0.01%,0.0,0.01,1,2,1394,SHORT,2026-01-26 11:17:59 UTC,2026-01-26 11:19:59 UTC,120.0,4.817,4.814,4.814,4.826,11.200000000000001,112,5.4,0.0054,0.0054,0.0108,0.0228,0.06,0.42,MIN_PROFIT_TP_HIT,54.2
TRUMP_USDT,1m,Maker 0.00% / Taker 0.01%,0.0,0.01,1,2,1395,SHORT,2026-01-26 11:35:59 UTC,2026-01-26 11:45:59 UTC,600.0,4.81,4.807,4.807,4.815,11.3,113,5.44,0.0054,0.0054,0.0109,0.023,0.06,0.42,MIN_PROFIT_TP_HIT,54.22
TRUMP_USDT,1m,Maker 0.00% / Taker 0.01%,0.0,0.01,1,2,1396,LONG,2026-01-26 11:49:59 UTC,2026-01-26 11:50:59 UTC,60.0,4.809,4.812,4.812,4.806,11.3,113,5.43,0.0054,0.0054,0.0109,0.023,0.06,0.42,MIN_PROFIT_TP_HIT,54.24
TRUMP_USDT,1m,Maker 0.00% / Taker 0.01%,0.0,0.01,1,2,1397,SHORT,2026-01-26 12:10:59 UTC,2026-01-26 12:11:59 UTC,60.0,4.822,4.825,4.819,4.824,11.200000000000001,112,5.4,0.0054,0.0054,0.0108,-0.0444,-0.06,-0.82,STOP_LOSS_HIT,54.2
TRUMP_USDT,1m,Maker 0.00% / Taker 0.01%,0.0,0.01,1,2,1398,LONG,2026-01-26 12:35:59 UTC,2026-01-26 12:37:59 UTC,120.0,4.813,4.816,4.816,4.808,11.3,113,5.44,0.0054,0.0054,0.0109,0.023,0.06,0.42,MIN_PROFIT_TP_HIT,54.22
TRUMP_USDT,1m,Maker 0.00% / Taker 0.01%,0.0,0.01,1,2,1399,LONG,2026-01-26 12:56:59 UTC,2026-01-26 13:01:59 UTC,300.0,4.818,4.821,4.821,4.813,11.3,113,5.44,0.0054,0.0054,0.0109,0.023,0.06,0.42,MIN_PROFIT_TP_HIT,54.24
TRUMP_USDT,1m,Maker 0.00% / Taker 0.01%,0.0,0.01,1,2,1400,LONG,2026-01-26 13:02:59 UTC,2026-01-26 13:08:59 UTC,360.0,4.824,4.814,4.827,4.815,11.200000000000001,112,5.4,0.0054,0.0054,0.0108,-0.1228,-0.21,-2.27,STOP_LOSS_HIT,54.12
TRUMP_USDT,1m,Maker 0.00% / Taker 0.01%,0.0,0.01,1,2,1401,SHORT,2026-01-26 13:15:59 UTC,2026-01-26 13:18:59 UTC,180.0,4.817,4.825,4.814,4.824,11.200000000000001,112,5.4,0.0054,0.0054,0.0108,-0.1004,-0.17,-1.86,STOP_LOSS_HIT,54.02
TRUMP_USDT,1m,Maker 0.00% / Taker 0.01%,0.0,0.01,1,2,1402,LONG,2026-01-26 13:41:59 UTC,2026-01-26 13:52:59 UTC,660.0,4.825,4.819,4.828,4.82,11.200000000000001,112,5.4,0.0054,0.0054,0.0108,-0.078,-0.12,-1.44,STOP_LOSS_HIT,53.94
TRUMP_USDT,1m,Maker 0.00% / Taker 0.01%,0.0,0.01,1,2,1403,SHORT,2026-01-26 13:53:59 UTC,2026-01-26 14:01:59 UTC,480.0,4.822,4.819,4.819,4.827,11.200000000000001,112,5.4,0.0054,0.0054,0.0108,0.0228,0.06,0.42,MIN_PROFIT_TP_HIT,53.96
TRUMP_USDT,1m,Maker 0.00% / Taker 0.01%,0.0,0.01,1,2,1404,LONG,2026-01-26 14:03:59 UTC,2026-01-26 14:09:59 UTC,360.0,4.825,4.815,4.828,4.816,11.200000000000001,112,5.4,0.0054,0.0054,0.0108,-0.1228,-0.21,-2.27,STOP_LOSS_HIT,53.84
TRUMP_USDT,1m,Maker 0.00% / Taker 0.01%,0.0,0.01,1,2,1405,SHORT,2026-01-26 14:31:59 UTC,2026-01-26 14:33:59 UTC,120.0,4.809,4.806,4.806,4.816,11.200000000000001,112,5.39,0.0054,0.0054,0.0108,0.0228,0.06,0.42,MIN_PROFIT_TP_HIT,53.86
TRUMP_USDT,1m,Maker 0.00% / Taker 0.01%,0.0,0.01,1,2,1406,LONG,2026-01-26 14:35:59 UTC,2026-01-26 14:36:59 UTC,60.0,4.84,4.843,4.843,4.814,11.100000000000001,111,5.37,0.0054,0.0054,0.0107,0.0226,0.06,0.42,MIN_PROFIT_TP_HIT,53.89
TRUMP_USDT,1m,Maker 0.00% / Taker 0.01%,0.0,0.01,1,2,1407,SHORT,2026-01-26 14:38:59 UTC,2026-01-26 14:41:59 UTC,180.0,4.833,4.848,4.83,4.847,11.100000000000001,111,5.36,0.0054,0.0054,0.0107,-0.1772,-0.31,-3.3,STOP_LOSS_HIT,53.71
TRUMP_USDT,1m,Maker 0.00% / Taker 0.01%,0.0,0.01,1,2,1408,LONG,2026-01-26 15:11:59 UTC,2026-01-26 15:13:59 UTC,120.0,4.855,4.858,4.858,4.833,11.100000000000001,111,5.39,0.0054,0.0054,0.0108,0.0225,0.06,0.42,MIN_PROFIT_TP_HIT,53.73
TRUMP_USDT,1m,Maker 0.00% / Taker 0.01%,0.0,0.01,1,2,1409,SHORT,2026-01-26 16:25:59 UTC,2026-01-26 16:26:59 UTC,60.0,4.819,4.816,4.816,4.824,11.200000000000001,112,5.4,0.0054,0.0054,0.0108,0.0228,0.06,0.42,MIN_PROFIT_TP_HIT,53.75
TRUMP_USDT,1m,Maker 0.00% / Taker 0.01%,0.0,0.01,1,2,1410,SHORT,2026-01-26 16:39:59 UTC,2026-01-26 16:46:59 UTC,420.0,4.805,4.818,4.802,4.817,11.200000000000001,112,5.38,0.0054,0.0054,0.0108,-0.1564,-0.27,-2.91,STOP_LOSS_HIT,53.6
TRUMP_USDT,1m,Maker 0.00% / Taker 0.01%,0.0,0.01,1,2,1411,SHORT,2026-01-26 17:24:59 UTC,2026-01-26 17:26:59 UTC,120.0,4.806,4.803,4.803,4.815,11.200000000000001,112,5.38,0.0054,0.0054,0.0108,0.0228,0.06,0.42,MIN_PROFIT_TP_HIT,53.62
TRUMP_USDT,1m,Maker 0.00% / Taker 0.01%,0.0,0.01,1,2,1412,SHORT,2026-01-26 17:42:59 UTC,2026-01-26 17:44:59 UTC,120.0,4.808,4.811,4.805,4.81,11.200000000000001,112,5.38,0.0054,0.0054,0.0108,-0.0444,-0.06,-0.82,STOP_LOSS_HIT,53.58
TRUMP_USDT,1m,Maker 0.00% / Taker 0.01%,0.0,0.01,1,2,1413,LONG,2026-01-26 17:52:59 UTC,2026-01-26 18:00:59 UTC,480.0,4.822,4.814,4.825,4.815,11.100000000000001,111,5.35,0.0054,0.0053,0.0107,-0.0995,-0.17,-1.86,STOP_LOSS_HIT,53.48
TRUMP_USDT,1m,Maker 0.00% / Taker 0.01%,0.0,0.01,1,2,1414,SHORT,2026-01-26 18:20:59 UTC,2026-01-26 18:22:59 UTC,120.0,4.816,4.813,4.813,4.825,11.100000000000001,111,5.35,0.0053,0.0053,0.0107,0.0226,0.06,0.42,MIN_PROFIT_TP_HIT,53.5
TRUMP_USDT,1m,Maker 0.00% / Taker 0.01%,0.0,0.01,1,2,1415,LONG,2026-01-26 19:00:59 UTC,2026-01-26 19:02:59 UTC,120.0,4.838,4.841,4.841,4.83,11.100000000000001,111,5.37,0.0054,0.0054,0.0107,0.0226,0.06,0.42,MIN_PROFIT_TP_HIT,53.52
TRUMP_USDT,1m,Maker 0.00% / Taker 0.01%,0.0,0.01,1,2,1416,SHORT,2026-01-26 19:29:59 UTC,2026-01-26 19:37:59 UTC,480.0,4.824,4.832,4.821,4.831,11.100000000000001,111,5.35,0.0054,0.0054,0.0107,-0.0995,-0.17,-1.86,STOP_LOSS_HIT,53.42
TRUMP_USDT,1m,Maker 0.00% / Taker 0.01%,0.0,0.01,1,2,1417,LONG,2026-01-26 19:47:59 UTC,2026-01-26 19:52:59 UTC,300.0,4.833,4.825,4.836,4.826,11.100000000000001,111,5.36,0.0054,0.0054,0.0107,-0.0995,-0.17,-1.86,STOP_LOSS_HIT,53.32
TRUMP_USDT,1m,Maker 0.00% / Taker 0.01%,0.0,0.01,1,2,1418,SHORT,2026-01-26 19:54:59 UTC,2026-01-26 20:12:59 UTC,1080.0,4.814,4.811,4.811,4.827,11.100000000000001,111,5.34,0.0053,0.0053,0.0107,0.0226,0.06,0.42,MIN_PROFIT_TP_HIT,53.35
TRUMP_USDT,1m,Maker 0.00% / Taker 0.01%,0.0,0.01,1,2,1419,LONG,2026-01-26 20:19:59 UTC,2026-01-26 20:47:59 UTC,1680.0,4.815,4.799,4.818,4.8,11.100000000000001,111,5.34,0.0053,0.0053,0.0107,-0.1883,-0.33,-3.52,STOP_LOSS_HIT,53.16
TRUMP_USDT,1m,Maker 0.00% / Taker 0.01%,0.0,0.01,1,2,1420,LONG,2026-01-26 20:58:59 UTC,2026-01-26 21:00:59 UTC,120.0,4.796,4.79,4.799,4.791,11.100000000000001,111,5.32,0.0053,0.0053,0.0106,-0.0772,-0.13,-1.45,STOP_LOSS_HIT,53.08
TRUMP_USDT,1m,Maker 0.00% / Taker 0.01%,0.0,0.01,1,2,1421,SHORT,2026-01-26 21:17:59 UTC,2026-01-26 21:22:59 UTC,300.0,4.789,4.786,4.786,4.795,11.100000000000001,111,5.32,0.0053,0.0053,0.0106,0.0227,0.06,0.43,MIN_PROFIT_TP_HIT,53.1
TRUMP_USDT,1m,Maker 0.00% / Taker 0.01%,0.0,0.01,1,2,1422,SHORT,2026-01-26 21:23:59 UTC,2026-01-26 21:29:59 UTC,360.0,4.784,4.794,4.781,4.793,11.100000000000001,111,5.31,0.0053,0.0053,0.0106,-0.1216,-0.21,-2.29,STOP_LOSS_HIT,52.98
TRUMP_USDT,1m,Maker 0.00% / Taker 0.01%,0.0,0.01,1,2,1423,SHORT,2026-01-26 21:44:59 UTC,2026-01-26 21:51:59 UTC,420.0,4.81,4.807,4.807,4.818,11.0,110,5.29,0.0053,0.0053,0.0106,0.0224,0.06,0.42,MIN_PROFIT_TP_HIT,53.0
TRUMP_USDT,1m,Maker 0.00% / Taker 0.01%,0.0,0.01,1,2,1424,SHORT,2026-01-26 21:58:59 UTC,2026-01-26 22:04:59 UTC,360.0,4.806,4.814,4.803,4.813,11.0,110,5.29,0.0053,0.0053,0.0106,-0.0986,-0.17,-1.86,STOP_LOSS_HIT,52.91
TRUMP_USDT,1m,Maker 0.00% / Taker 0.01%,0.0,0.01,1,2,1425,LONG,2026-01-26 22:14:59 UTC,2026-01-26 22:22:59 UTC,480.0,4.811,4.8,4.814,4.801,11.0,110,5.29,0.0053,0.0053,0.0106,-0.1316,-0.23,-2.49,STOP_LOSS_HIT,52.77
TRUMP_USDT,1m,Maker 0.00% / Taker 0.01%,0.0,0.01,1,2,1426,LONG,2026-01-26 22:34:59 UTC,2026-01-26 22:52:59 UTC,1080.0,4.81,4.813,4.813,4.801,11.0,110,5.29,0.0053,0.0053,0.0106,0.0224,0.06,0.42,MIN_PROFIT_TP_HIT,52.8
TRUMP_USDT,1m,Maker 0.00% / Taker 0.01%,0.0,0.01,1,2,1427,LONG,2026-01-26 23:20:59 UTC,2026-01-26 23:21:59 UTC,60.0,4.803,4.806,4.806,4.798,11.0,110,5.28,0.0053,0.0053,0.0106,0.0224,0.06,0.42,MIN_PROFIT_TP_HIT,52.82
TRUMP_USDT,1m,Maker 0.00% / Taker 0.01%,0.0,0.01,1,2,1428,LONG,2026-01-26 23:22:59 UTC,2026-01-26 23:29:59 UTC,420.0,4.808,4.811,4.811,4.801,11.0,110,5.29,0.0053,0.0053,0.0106,0.0224,0.06,0.42,MIN_PROFIT_TP_HIT,52.84
TRUMP_USDT,1m,Maker 0.00% / Taker 0.01%,0.0,0.01,1,2,1429,SHORT,2026-01-27 00:09:59 UTC,2026-01-27 00:14:59 UTC,300.0,4.793,4.79,4.79,4.798,11.0,110,5.27,0.0053,0.0053,0.0105,0.0225,0.06,0.43,MIN_PROFIT_TP_HIT,52.86
TRUMP_USDT,1m,Maker 0.00% / Taker 0.01%,0.0,0.01,1,2,1430,LONG,2026-01-27 01:05:59 UTC,2026-01-27 01:06:59 UTC,60.0,4.795,4.79,4.798,4.791,11.0,110,5.27,0.0053,0.0053,0.0105,-0.0655,-0.1,-1.24,STOP_LOSS_HIT,52.8
TRUMP_USDT,1m,Maker 0.00% / Taker 0.01%,0.0,0.01,1,2,1431,LONG,2026-01-27 01:18:59 UTC,2026-01-27 01:20:59 UTC,120.0,4.796,4.799,4.799,4.791,11.0,110,5.28,0.0053,0.0053,0.0106,0.0224,0.06,0.43,MIN_PROFIT_TP_HIT,52.82
TRUMP_USDT,1m,Maker 0.00% / Taker 0.01%,0.0,0.01,1,2,1432,SHORT,2026-01-27 01:22:59 UTC,2026-01-27 01:29:59 UTC,420.0,4.803,4.809,4.8,4.808,11.0,110,5.28,0.0053,0.0053,0.0106,-0.0766,-0.12,-1.45,STOP_LOSS_HIT,52.74
TRUMP_USDT,1m,Maker 0.00% / Taker 0.01%,0.0,0.01,1,2,1433,LONG,2026-01-27 01:33:59 UTC,2026-01-27 01:36:59 UTC,180.0,4.818,4.807,4.821,4.808,10.9,109,5.25,0.0053,0.0052,0.0105,-0.1304,-0.23,-2.48,STOP_LOSS_HIT,52.61
TRUMP_USDT,1m,Maker 0.00% / Taker 0.01%,0.0,0.01,1,2,1434,LONG,2026-01-27 01:49:59 UTC,2026-01-27 02:01:59 UTC,720.0,4.814,4.817,4.817,4.802,10.9,109,5.25,0.0052,0.0053,0.0105,0.0222,0.06,0.42,MIN_PROFIT_TP_HIT,52.64
TRUMP_USDT,1m,Maker 0.00% / Taker 0.01%,0.0,0.01,1,2,1435,LONG,2026-01-27 02:40:59 UTC,2026-01-27 02:43:59 UTC,180.0,4.82,4.812,4.823,4.813,10.9,109,5.25,0.0053,0.0052,0.0105,-0.0977,-0.17,-1.86,STOP_LOSS_HIT,52.54
TRUMP_USDT,1m,Maker 0.00% / Taker 0.01%,0.0,0.01,1,2,1436,SHORT,2026-01-27 03:07:59 UTC,2026-01-27 03:14:59 UTC,420.0,4.812,4.809,4.809,4.819,10.9,109,5.25,0.0052,0.0052,0.0105,0.0222,0.06,0.42,MIN_PROFIT_TP_HIT,52.56
TRUMP_USDT,1m,Maker 0.00% / Taker 0.01%,0.0,0.01,1,2,1437,LONG,2026-01-27 03:37:59 UTC,2026-01-27 03:38:59 UTC,60.0,4.812,4.815,4.815,4.81,10.9,109,5.25,0.0052,0.0052,0.0105,0.0222,0.06,0.42,MIN_PROFIT_TP_HIT,52.58
TRUMP_USDT,1m,Maker 0.00% / Taker 0.01%,0.0,0.01,1,2,1438,SHORT,2026-01-27 03:47:59 UTC,2026-01-27 03:52:59 UTC,300.0,4.807,4.804,4.804,4.815,10.9,109,5.24,0.0052,0.0052,0.0105,0.0222,0.06,0.42,MIN_PROFIT_TP_HIT,52.6
TRUMP_USDT,1m,Maker 0.00% / Taker 0.01%,0.0,0.01,1,2,1439,SHORT,2026-01-27 04:41:59 UTC,2026-01-27 04:47:59 UTC,360.0,4.797,4.794,4.794,4.804,11.0,110,5.28,0.0053,0.0053,0.0106,0.0224,0.06,0.43,MIN_PROFIT_TP_HIT,52.63
TRUMP_USDT,1m,Maker 0.00% / Taker 0.01%,0.0,0.01,1,2,1440,LONG,2026-01-27 05:55:59 UTC,2026-01-27 05:56:59 UTC,60.0,4.793,4.788,4.796,4.789,11.0,110,5.27,0.0053,0.0053,0.0105,-0.0655,-0.1,-1.24,STOP_LOSS_HIT,52.56
TRUMP_USDT,1m,Maker 0.00% / Taker 0.01%,0.0,0.01,1,2,1441,LONG,2026-01-27 06:00:59 UTC,2026-01-27 06:03:59 UTC,180.0,4.793,4.796,4.796,4.786,11.0,110,5.27,0.0053,0.0053,0.0105,0.0225,0.06,0.43,MIN_PROFIT_TP_HIT,52.58
TRUMP_USDT,1m,Maker 0.00% / Taker 0.01%,0.0,0.01,1,2,1442,SHORT,2026-01-27 06:28:59 UTC,2026-01-27 06:29:59 UTC,60.0,4.781,4.778,4.778,4.786,11.0,110,5.26,0.0053,0.0053,0.0105,0.0225,0.06,0.43,MIN_PROFIT_TP_HIT,52.61
TRUMP_USDT,1m,Maker 0.00% / Taker 0.01%,0.0,0.01,1,2,1443,SHORT,2026-01-27 06:45:59 UTC,2026-01-27 07:48:59 UTC,3780.0,4.764,4.761,4.761,4.777,11.0,110,5.24,0.0052,0.0052,0.0105,0.0225,0.06,0.43,MIN_PROFIT_TP_HIT,52.63
TRUMP_USDT,1m,Maker 0.00% / Taker 0.01%,0.0,0.01,1,2,1444,LONG,2026-01-27 07:51:59 UTC,2026-01-27 08:00:59 UTC,540.0,4.764,4.767,4.767,4.756,11.0,110,5.24,0.0052,0.0052,0.0105,0.0225,0.06,0.43,MIN_PROFIT_TP_HIT,52.65
TRUMP_USDT,1m,Maker 0.00% / Taker 0.01%,0.0,0.01,1,2,1445,SHORT,2026-01-27 08:24:59 UTC,2026-01-27 09:08:59 UTC,2640.0,4.763,4.76,4.76,4.77,11.100000000000001,111,5.29,0.0053,0.0053,0.0106,0.0227,0.06,0.43,MIN_PROFIT_TP_HIT,52.67
TRUMP_USDT,1m,Maker 0.00% / Taker 0.01%,0.0,0.01,1,2,1446,LONG,2026-01-27 09:17:59 UTC,2026-01-27 09:25:59 UTC,480.0,4.765,4.768,4.768,4.759,11.100000000000001,111,5.29,0.0053,0.0053,0.0106,0.0227,0.06,0.43,MIN_PROFIT_TP_HIT,52.7
TRUMP_USDT,1m,Maker 0.00% / Taker 0.01%,0.0,0.01,1,2,1447,LONG,2026-01-27 10:34:59 UTC,2026-01-27 10:41:59 UTC,420.0,4.766,4.756,4.769,4.757,11.100000000000001,111,5.29,0.0053,0.0053,0.0106,-0.1216,-0.21,-2.3,STOP_LOSS_HIT,52.58
TRUMP_USDT,1m,Maker 0.00% / Taker 0.01%,0.0,0.01,1,2,1448,SHORT,2026-01-27 10:42:59 UTC,2026-01-27 10:54:59 UTC,720.0,4.758,4.768,4.755,4.767,11.0,110,5.23,0.0052,0.0052,0.0105,-0.1205,-0.21,-2.3,STOP_LOSS_HIT,52.46
TRUMP_USDT,1m,Maker 0.00% / Taker 0.01%,0.0,0.01,1,2,1449,SHORT,2026-01-27 11:15:59 UTC,2026-01-27 11:32:59 UTC,1020.0,4.761,4.769,4.758,4.768,11.0,110,5.24,0.0052,0.0052,0.0105,-0.0985,-0.17,-1.88,STOP_LOSS_HIT,52.36
TRUMP_USDT,1m,Maker 0.00% / Taker 0.01%,0.0,0.01,1,2,1450,SHORT,2026-01-27 11:54:59 UTC,2026-01-27 11:59:59 UTC,300.0,4.761,4.758,4.758,4.77,11.0,110,5.24,0.0052,0.0052,0.0105,0.0225,0.06,0.43,MIN_PROFIT_TP_HIT,52.38
TRUMP_USDT,1m,Maker 0.00% / Taker 0.01%,0.0,0.01,1,2,1451,LONG,2026-01-27 12:24:59 UTC,2026-01-27 12:26:59 UTC,120.0,4.759,4.753,4.762,4.754,11.0,110,5.23,0.0052,0.0052,0.0105,-0.0765,-0.13,-1.46,STOP_LOSS_HIT,52.3
TRUMP_USDT,1m,Maker 0.00% / Taker 0.01%,0.0,0.01,1,2,1452,SHORT,2026-01-27 12:27:59 UTC,2026-01-27 12:37:59 UTC,600.0,4.753,4.75,4.75,4.76,11.0,110,5.23,0.0052,0.0052,0.0105,0.0225,0.06,0.43,MIN_PROFIT_TP_HIT,52.33
TRUMP_USDT,1m,Maker 0.00% / Taker 0.01%,0.0,0.01,1,2,1453,LONG,2026-01-27 13:01:59 UTC,2026-01-27 13:09:59 UTC,480.0,4.751,4.745,4.754,4.746,11.0,110,5.23,0.0052,0.0052,0.0104,-0.0764,-0.13,-1.46,STOP_LOSS_HIT,52.25
TRUMP_USDT,1m,Maker 0.00% / Taker 0.01%,0.0,0.01,1,2,1454,LONG,2026-01-27 13:23:59 UTC,2026-01-27 13:30:59 UTC,420.0,4.741,4.734,4.744,4.735,11.0,110,5.22,0.0052,0.0052,0.0104,-0.0874,-0.15,-1.68,STOP_LOSS_HIT,52.16
TRUMP_USDT,1m,Maker 0.00% / Taker 0.01%,0.0,0.01,1,2,1455,SHORT,2026-01-27 13:40:59 UTC,2026-01-27 13:47:59 UTC,420.0,4.744,4.741,4.741,4.751,11.0,110,5.22,0.0052,0.0052,0.0104,0.0226,0.06,0.43,MIN_PROFIT_TP_HIT,52.18
TRUMP_USDT,1m,Maker 0.00% / Taker 0.01%,0.0,0.01,1,2,1456,LONG,2026-01-27 14:11:59 UTC,2026-01-27 14:12:59 UTC,60.0,4.747,4.75,4.75,4.735,11.0,110,5.22,0.0052,0.0052,0.0104,0.0226,0.06,0.43,MIN_PROFIT_TP_HIT,52.21
TRUMP_USDT,1m,Maker 0.00% / Taker 0.01%,0.0,0.01,1,2,1457,SHORT,2026-01-27 14:34:59 UTC,2026-01-27 14:36:59 UTC,120.0,4.745,4.742,4.742,4.752,11.0,110,5.22,0.0052,0.0052,0.0104,0.0226,0.06,0.43,MIN_PROFIT_TP_HIT,52.23
TRUMP_USDT,1m,Maker 0.00% / Taker 0.01%,0.0,0.01,1,2,1458,LONG,2026-01-27 14:40:59 UTC,2026-01-27 14:41:59 UTC,60.0,4.744,4.738,4.747,4.739,11.0,110,5.22,0.0052,0.0052,0.0104,-0.0764,-0.13,-1.46,STOP_LOSS_HIT,52.15
TRUMP_USDT,1m,Maker 0.00% / Taker 0.01%,0.0,0.01,1,2,1459,LONG,2026-01-27 15:03:59 UTC,2026-01-27 15:04:59 UTC,60.0,4.754,4.757,4.757,4.737,11.0,110,5.23,0.0052,0.0052,0.0105,0.0225,0.06,0.43,MIN_PROFIT_TP_HIT,52.18
TRUMP_USDT,1m,Maker 0.00% / Taker 0.01%,0.0,0.01,1,2,1460,LONG,2026-01-27 15:19:59 UTC,2026-01-27 15:21:59 UTC,120.0,4.754,4.748,4.757,4.749,11.0,110,5.23,0.0052,0.0052,0.0105,-0.0765,-0.13,-1.46,STOP_LOSS_HIT,52.1
TRUMP_USDT,1m,Maker 0.00% / Taker 0.01%,0.0,0.01,1,2,1461,SHORT,2026-01-27 16:03:59 UTC,2026-01-27 16:04:59 UTC,60.0,4.78,4.791,4.777,4.79,10.9,109,5.21,0.0052,0.0052,0.0104,-0.1303,-0.23,-2.5,STOP_LOSS_HIT,51.97
TRUMP_USDT,1m,Maker 0.00% / Taker 0.01%,0.0,0.01,1,2,1462,SHORT,2026-01-27 16:08:59 UTC,2026-01-27 16:14:59 UTC,360.0,4.793,4.812,4.79,4.811,10.8,108,5.18,0.0052,0.0052,0.0104,-0.2156,-0.4,-4.16,STOP_LOSS_HIT,51.75
TRUMP_USDT,1m,Maker 0.00% / Taker 0.01%,0.0,0.01,1,2,1463,SHORT,2026-01-27 16:16:59 UTC,2026-01-27 16:17:59 UTC,60.0,4.815,4.812,4.812,4.822,10.700000000000001,107,5.15,0.0052,0.0051,0.0103,0.0218,0.06,0.42,MIN_PROFIT_TP_HIT,51.77
TRUMP_USDT,1m,Maker 0.00% / Taker 0.01%,0.0,0.01,1,2,1464,SHORT,2026-01-27 16:33:59 UTC,2026-01-27 16:35:59 UTC,120.0,4.81,4.807,4.807,4.815,10.8,108,5.19,0.0052,0.0052,0.0104,0.022,0.06,0.42,MIN_PROFIT_TP_HIT,51.8
TRUMP_USDT,1m,Maker 0.00% / Taker 0.01%,0.0,0.01,1,2,1465,SHORT,2026-01-27 17:01:59 UTC,2026-01-27 17:03:59 UTC,120.0,4.8,4.797,4.797,4.805,10.8,108,5.18,0.0052,0.0052,0.0104,0.022,0.06,0.43,MIN_PROFIT_TP_HIT,51.82
TRUMP_USDT,1m,Maker 0.00% / Taker 0.01%,0.0,0.01,1,2,1466,SHORT,2026-01-27 17:45:59 UTC,2026-01-27 17:46:59 UTC,60.0,4.749,4.746,4.746,4.762,10.9,109,5.18,0.0052,0.0052,0.0103,0.0224,0.06,0.43,MIN_PROFIT_TP_HIT,51.84
TRUMP_USDT,1m,Maker 0.00% / Taker 0.01%,0.0,0.01,1,2,1467,LONG,2026-01-27 17:51:59 UTC,2026-01-27 18:02:59 UTC,660.0,4.749,4.752,4.752,4.741,10.9,109,5.18,0.0052,0.0052,0.0104,0.0223,0.06,0.43,MIN_PROFIT_TP_HIT,51.86
TRUMP_USDT,1m,Maker 0.00% / Taker 0.01%,0.0,0.01,1,2,1468,LONG,2026-01-27 18:13:59 UTC,2026-01-27 18:15:59 UTC,120.0,4.751,4.754,4.754,4.742,10.9,109,5.18,0.0052,0.0052,0.0104,0.0223,0.06,0.43,MIN_PROFIT_TP_HIT,51.89
TRUMP_USDT,1m,Maker 0.00% / Taker 0.01%,0.0,0.01,1,2,1469,SHORT,2026-01-27 18:34:59 UTC,2026-01-27 18:41:59 UTC,420.0,4.744,4.756,4.741,4.755,10.9,109,5.17,0.0052,0.0052,0.0104,-0.1412,-0.25,-2.73,STOP_LOSS_HIT,51.74
TRUMP_USDT,1m,Maker 0.00% / Taker 0.01%,0.0,0.01,1,2,1470,SHORT,2026-01-27 19:32:59 UTC,2026-01-27 19:43:59 UTC,660.0,4.783,4.794,4.78,4.793,10.8,108,5.17,0.0052,0.0052,0.0103,-0.1291,-0.23,-2.5,STOP_LOSS_HIT,51.62
TRUMP_USDT,1m,Maker 0.00% / Taker 0.01%,0.0,0.01,1,2,1471,LONG,2026-01-27 19:44:59 UTC,2026-01-27 19:46:59 UTC,120.0,4.796,4.799,4.799,4.784,10.8,108,5.18,0.0052,0.0052,0.0104,0.022,0.06,0.43,MIN_PROFIT_TP_HIT,51.64
TRUMP_USDT,1m,Maker 0.00% / Taker 0.01%,0.0,0.01,1,2,1472,SHORT,2026-01-27 20:00:59 UTC,2026-01-27 20:05:59 UTC,300.0,4.791,4.799,4.788,4.798,10.8,108,5.17,0.0052,0.0052,0.0104,-0.0968,-0.17,-1.87,STOP_LOSS_HIT,51.54
TRUMP_USDT,1m,Maker 0.00% / Taker 0.01%,0.0,0.01,1,2,1473,SHORT,2026-01-27 21:50:59 UTC,2026-01-27 21:56:59 UTC,360.0,4.796,4.793,4.793,4.812,10.700000000000001,107,5.13,0.0051,0.0051,0.0103,0.0218,0.06,0.43,MIN_PROFIT_TP_HIT,51.56
TRUMP_USDT,1m,Maker 0.00% / Taker 0.01%,0.0,0.01,1,2,1474,LONG,2026-01-27 22:00:59 UTC,2026-01-27 22:02:59 UTC,120.0,4.801,4.804,4.804,4.795,10.700000000000001,107,5.14,0.0051,0.0051,0.0103,0.0218,0.06,0.42,MIN_PROFIT_TP_HIT,51.58
TRUMP_USDT,1m,Maker 0.00% / Taker 0.01%,0.0,0.01,1,2,1475,SHORT,2026-01-27 22:21:59 UTC,2026-01-27 22:25:59 UTC,240.0,4.795,4.806,4.792,4.805,10.8,108,5.18,0.0052,0.0052,0.0104,-0.1292,-0.23,-2.49,STOP_LOSS_HIT,51.46
TRUMP_USDT,1m,Maker 0.00% / Taker 0.01%,0.0,0.01,1,2,1476,LONG,2026-01-27 22:57:59 UTC,2026-01-27 22:58:59 UTC,60.0,4.8,4.797,4.803,4.798,10.700000000000001,107,5.14,0.0051,0.0051,0.0103,-0.0424,-0.06,-0.82,STOP_LOSS_HIT,51.41
TRUMP_USDT,1m,Maker 0.00% / Taker 0.01%,0.0,0.01,1,2,1477,SHORT,2026-01-27 23:17:59 UTC,2026-01-27 23:22:59 UTC,300.0,4.795,4.801,4.792,4.8,10.700000000000001,107,5.13,0.0051,0.0051,0.0103,-0.0745,-0.13,-1.45,STOP_LOSS_HIT,51.34
TRUMP_USDT,1m,Maker 0.00% / Taker 0.01%,0.0,0.01,1,2,1478,LONG,2026-01-27 23:23:59 UTC,2026-01-27 23:38:59 UTC,900.0,4.801,4.804,4.804,4.794,10.700000000000001,107,5.14,0.0051,0.0051,0.0103,0.0218,0.06,0.42,MIN_PROFIT_TP_HIT,51.36
TRUMP_USDT,1m,Maker 0.00% / Taker 0.01%,0.0,0.01,1,2,1479,LONG,2026-01-27 23:39:59 UTC,2026-01-27 23:48:59 UTC,540.0,4.806,4.809,4.809,4.797,10.700000000000001,107,5.14,0.0051,0.0051,0.0103,0.0218,0.06,0.42,MIN_PROFIT_TP_HIT,51.38
TRUMP_USDT,1m,Maker 0.00% / Taker 0.01%,0.0,0.01,1,2,1480,SHORT,2026-01-28 00:17:59 UTC,2026-01-28 00:27:59 UTC,600.0,4.791,4.788,4.788,4.804,10.700000000000001,107,5.13,0.0051,0.0051,0.0102,0.0219,0.06,0.43,MIN_PROFIT_TP_HIT,51.4
TRUMP_USDT,1m,Maker 0.00% / Taker 0.01%,0.0,0.01,1,2,1481,LONG,2026-01-28 00:50:59 UTC,2026-01-28 01:10:59 UTC,1200.0,4.797,4.783,4.8,4.784,10.700000000000001,107,5.13,0.0051,0.0051,0.0103,-0.1601,-0.29,-3.12,STOP_LOSS_HIT,51.24
TRUMP_USDT,1m,Maker 0.00% / Taker 0.01%,0.0,0.01,1,2,1482,SHORT,2026-01-28 01:11:59 UTC,2026-01-28 01:22:59 UTC,660.0,4.785,4.782,4.782,4.798,10.700000000000001,107,5.12,0.0051,0.0051,0.0102,0.0219,0.06,0.43,MIN_PROFIT_TP_HIT,51.27
TRUMP_USDT,1m,Maker 0.00% / Taker 0.01%,0.0,0.01,1,2,1483,SHORT,2026-01-28 01:25:59 UTC,2026-01-28 01:27:59 UTC,120.0,4.783,4.78,4.78,4.79,10.700000000000001,107,5.12,0.0051,0.0051,0.0102,0.0219,0.06,0.43,MIN_PROFIT_TP_HIT,51.29
TRUMP_USDT,1m,Maker 0.00% / Taker 0.01%,0.0,0.01,1,2,1484,SHORT,2026-01-28 02:01:59 UTC,2026-01-28 02:07:59 UTC,360.0,4.771,4.768,4.768,4.78,10.700000000000001,107,5.1,0.0051,0.0051,0.0102,0.0219,0.06,0.43,MIN_PROFIT_TP_HIT,51.31
TRUMP_USDT,1m,Maker 0.00% / Taker 0.01%,0.0,0.01,1,2,1485,LONG,2026-01-28 02:27:59 UTC,2026-01-28 02:31:59 UTC,240.0,4.764,4.767,4.767,4.755,10.8,108,5.15,0.0051,0.0051,0.0103,0.0221,0.06,0.43,MIN_PROFIT_TP_HIT,51.33
TRUMP_USDT,1m,Maker 0.00% / Taker 0.01%,0.0,0.01,1,2,1486,SHORT,2026-01-28 02:33:59 UTC,2026-01-28 02:39:59 UTC,360.0,4.754,4.751,4.751,4.767,10.8,108,5.13,0.0051,0.0051,0.0103,0.0221,0.06,0.43,MIN_PROFIT_TP_HIT,51.35
TRUMP_USDT,1m,Maker 0.00% / Taker 0.01%,0.0,0.01,1,2,1487,SHORT,2026-01-28 02:40:59 UTC,2026-01-28 02:41:59 UTC,60.0,4.749,4.746,4.746,4.756,10.8,108,5.13,0.0051,0.0051,0.0103,0.0221,0.06,0.43,MIN_PROFIT_TP_HIT,51.38
TRUMP_USDT,1m,Maker 0.00% / Taker 0.01%,0.0,0.01,1,2,1488,LONG,2026-01-28 02:52:59 UTC,2026-01-28 02:56:59 UTC,240.0,4.741,4.744,4.744,4.734,10.8,108,5.12,0.0051,0.0051,0.0102,0.0222,0.06,0.43,MIN_PROFIT_TP_HIT,51.4
TRUMP_USDT,1m,Maker 0.00% / Taker 0.01%,0.0,0.01,1,2,1489,SHORT,2026-01-28 03:06:59 UTC,2026-01-28 03:07:59 UTC,60.0,4.755,4.752,4.752,4.757,10.8,108,5.14,0.0051,0.0051,0.0103,0.0221,0.06,0.43,MIN_PROFIT_TP_HIT,51.42
TRUMP_USDT,1m,Maker 0.00% / Taker 0.01%,0.0,0.01,1,2,1490,LONG,2026-01-28 03:48:59 UTC,2026-01-28 03:53:59 UTC,300.0,4.762,4.752,4.765,4.753,10.8,108,5.14,0.0051,0.0051,0.0103,-0.1183,-0.21,-2.3,STOP_LOSS_HIT,51.3
TRUMP_USDT,1m,Maker 0.00% / Taker 0.01%,0.0,0.01,1,2,1491,LONG,2026-01-28 04:11:59 UTC,2026-01-28 04:12:59 UTC,60.0,4.75,4.746,4.753,4.747,10.8,108,5.13,0.0051,0.0051,0.0103,-0.0535,-0.08,-1.04,STOP_LOSS_HIT,51.25
TRUMP_USDT,1m,Maker 0.00% / Taker 0.01%,0.0,0.01,1,2,1492,SHORT,2026-01-28 04:22:59 UTC,2026-01-28 04:24:59 UTC,120.0,4.749,4.746,4.746,4.756,10.8,108,5.13,0.0051,0.0051,0.0103,0.0221,0.06,0.43,MIN_PROFIT_TP_HIT,51.27
TRUMP_USDT,1m,Maker 0.00% / Taker 0.01%,0.0,0.01,1,2,1493,LONG,2026-01-28 04:41:59 UTC,2026-01-28 04:46:59 UTC,300.0,4.753,4.745,4.756,4.746,10.8,108,5.13,0.0051,0.0051,0.0103,-0.0967,-0.17,-1.88,STOP_LOSS_HIT,51.17
TRUMP_USDT,1m,Maker 0.00% / Taker 0.01%,0.0,0.01,1,2,1494,SHORT,2026-01-28 04:47:59 UTC,2026-01-28 05:00:59 UTC,780.0,4.747,4.756,4.744,4.755,10.8,108,5.13,0.0051,0.0051,0.0103,-0.1075,-0.19,-2.1,STOP_LOSS_HIT,51.07
TRUMP_USDT,1m,Maker 0.00% / Taker 0.01%,0.0,0.01,1,2,1495,LONG,2026-01-28 05:01:59 UTC,2026-01-28 05:13:59 UTC,720.0,4.759,4.747,4.762,4.748,10.700000000000001,107,5.09,0.0051,0.0051,0.0102,-0.1386,-0.25,-2.72,STOP_LOSS_HIT,50.93
TRUMP_USDT,1m,Maker 0.00% / Taker 0.01%,0.0,0.01,1,2,1496,LONG,2026-01-28 05:15:59 UTC,2026-01-28 05:16:59 UTC,60.0,4.75,4.748,4.753,4.749,10.700000000000001,107,5.08,0.0051,0.0051,0.0102,-0.0316,-0.04,-0.62,STOP_LOSS_HIT,50.9
TRUMP_USDT,1m,Maker 0.00% / Taker 0.01%,0.0,0.01,1,2,1497,SHORT,2026-01-28 05:32:59 UTC,2026-01-28 05:33:59 UTC,60.0,4.748,4.753,4.745,4.752,10.700000000000001,107,5.08,0.0051,0.0051,0.0102,-0.0637,-0.11,-1.25,STOP_LOSS_HIT,50.83
TRUMP_USDT,1m,Maker 0.00% / Taker 0.01%,0.0,0.01,1,2,1498,LONG,2026-01-28 06:04:59 UTC,2026-01-28 06:13:59 UTC,540.0,4.768,4.771,4.771,4.762,10.700000000000001,107,5.1,0.0051,0.0051,0.0102,0.0219,0.06,0.43,MIN_PROFIT_TP_HIT,50.85
TRUMP_USDT,1m,Maker 0.00% / Taker 0.01%,0.0,0.01,1,2,1499,SHORT,2026-01-28 06:21:59 UTC,2026-01-28 06:28:59 UTC,420.0,4.766,4.763,4.763,4.775,10.700000000000001,107,5.1,0.0051,0.0051,0.0102,0.0219,0.06,0.43,MIN_PROFIT_TP_HIT,50.88
TRUMP_USDT,1m,Maker 0.00% / Taker 0.01%,0.0,0.01,1,2,1500,LONG,2026-01-28 06:39:59 UTC,2026-01-28 06:41:59 UTC,120.0,4.766,4.763,4.769,4.764,10.700000000000001,107,5.1,0.0051,0.0051,0.0102,-0.0423,-0.06,-0.83,STOP_LOSS_HIT,50.83
TRUMP_USDT,1m,Maker 0.00% / Taker 0.01%,0.0,0.01,1,2,1501,SHORT,2026-01-28 07:31:59 UTC,2026-01-28 07:54:59 UTC,1380.0,4.776,4.773,4.773,4.786,10.600000000000001,106,5.06,0.0051,0.0051,0.0101,0.0217,0.06,0.43,MIN_PROFIT_TP_HIT,50.86
TRUMP_USDT,1m,Maker 0.00% / Taker 0.01%,0.0,0.01,1,2,1502,SHORT,2026-01-28 08:03:59 UTC,2026-01-28 08:04:59 UTC,60.0,4.773,4.779,4.77,4.778,10.700000000000001,107,5.11,0.0051,0.0051,0.0102,-0.0744,-0.13,-1.46,STOP_LOSS_HIT,50.78
TRUMP_USDT,1m,Maker 0.00% / Taker 0.01%,0.0,0.01,1,2,1503,SHORT,2026-01-28 08:25:59 UTC,2026-01-28 08:26:59 UTC,60.0,4.773,4.77,4.77,4.778,10.600000000000001,106,5.06,0.0051,0.0051,0.0101,0.0217,0.06,0.43,MIN_PROFIT_TP_HIT,50.8
TRUMP_USDT,1m,Maker 0.00% / Taker 0.01%,0.0,0.01,1,2,1504,SHORT,2026-01-28 08:58:59 UTC,2026-01-28 09:09:59 UTC,660.0,4.758,4.766,4.755,4.765,10.700000000000001,107,5.09,0.0051,0.0051,0.0102,-0.0958,-0.17,-1.88,STOP_LOSS_HIT,50.71
TRUMP_USDT,1m,Maker 0.00% / Taker 0.01%,0.0,0.01,1,2,1505,LONG,2026-01-28 09:22:59 UTC,2026-01-28 09:28:59 UTC,360.0,4.765,4.768,4.768,4.758,10.600000000000001,106,5.05,0.0051,0.0051,0.0101,0.0217,0.06,0.43,MIN_PROFIT_TP_HIT,50.73
TRUMP_USDT,1m,Maker 0.00% / Taker 0.01%,0.0,0.01,1,2,1506,LONG,2026-01-28 10:10:59 UTC,2026-01-28 10:12:59 UTC,120.0,4.808,4.811,4.811,4.8,10.600000000000001,106,5.1,0.0051,0.0051,0.0102,0.0216,0.06,0.42,MIN_PROFIT_TP_HIT,50.75
TRUMP_USDT,1m,Maker 0.00% / Taker 0.01%,0.0,0.01,1,2,1507,SHORT,2026-01-28 10:16:59 UTC,2026-01-28 10:21:59 UTC,300.0,4.809,4.806,4.806,4.829,10.600000000000001,106,5.1,0.0051,0.0051,0.0102,0.0216,0.06,0.42,MIN_PROFIT_TP_HIT,50.77
TRUMP_USDT,1m,Maker 0.00% / Taker 0.01%,0.0,0.01,1,2,1508,SHORT,2026-01-28 11:03:59 UTC,2026-01-28 11:05:59 UTC,120.0,4.804,4.809,4.801,4.808,10.600000000000001,106,5.09,0.0051,0.0051,0.0102,-0.0632,-0.1,-1.24,STOP_LOSS_HIT,50.71
TRUMP_USDT,1m,Maker 0.00% / Taker 0.01%,0.0,0.01,1,2,1509,LONG,2026-01-28 11:18:59 UTC,2026-01-28 11:33:59 UTC,900.0,4.816,4.808,4.819,4.809,10.5,105,5.06,0.0051,0.005,0.0101,-0.0941,-0.17,-1.86,STOP_LOSS_HIT,50.61
TRUMP_USDT,1m,Maker 0.00% / Taker 0.01%,0.0,0.01,1,2,1510,LONG,2026-01-28 12:16:59 UTC,2026-01-28 12:17:59 UTC,60.0,4.814,4.817,4.817,4.809,10.5,105,5.05,0.0051,0.0051,0.0101,0.0214,0.06,0.42,MIN_PROFIT_TP_HIT,50.64
TRUMP_USDT,1m,Maker 0.00% / Taker 0.01%,0.0,0.01,1,2,1511,SHORT,2026-01-28 12:42:59 UTC,2026-01-28 12:43:59 UTC,60.0,4.8,4.797,4.797,4.809,10.5,105,5.04,0.005,0.005,0.0101,0.0214,0.06,0.43,MIN_PROFIT_TP_HIT,50.66
TRUMP_USDT,1m,Maker 0.00% / Taker 0.01%,0.0,0.01,1,2,1512,SHORT,2026-01-28 13:11:59 UTC,2026-01-28 13:15:59 UTC,240.0,4.792,4.789,4.789,4.801,10.600000000000001,106,5.08,0.0051,0.0051,0.0102,0.0216,0.06,0.43,MIN_PROFIT_TP_HIT,50.68
TRUMP_USDT,1m,Maker 0.00% / Taker 0.01%,0.0,0.01,1,2,1513,SHORT,2026-01-28 14:07:59 UTC,2026-01-28 14:15:59 UTC,480.0,4.768,4.765,4.765,4.778,10.600000000000001,106,5.05,0.0051,0.0051,0.0101,0.0217,0.06,0.43,MIN_PROFIT_TP_HIT,50.7
TRUMP_USDT,1m,Maker 0.00% / Taker 0.01%,0.0,0.01,1,2,1514,LONG,2026-01-28 14:26:59 UTC,2026-01-28 14:27:59 UTC,60.0,4.75,4.748,4.753,4.749,10.700000000000001,107,5.08,0.0051,0.0051,0.0102,-0.0316,-0.04,-0.62,STOP_LOSS_HIT,50.67
TRUMP_USDT,1m,Maker 0.00% / Taker 0.01%,0.0,0.01,1,2,1515,SHORT,2026-01-28 15:08:59 UTC,2026-01-28 15:11:59 UTC,180.0,4.764,4.761,4.761,4.779,10.600000000000001,106,5.05,0.005,0.005,0.0101,0.0217,0.06,0.43,MIN_PROFIT_TP_HIT,50.69
TRUMP_USDT,1m,Maker 0.00% / Taker 0.01%,0.0,0.01,1,2,1516,LONG,2026-01-28 15:12:59 UTC,2026-01-28 15:13:59 UTC,60.0,4.76,4.763,4.763,4.756,10.600000000000001,106,5.05,0.005,0.005,0.0101,0.0217,0.06,0.43,MIN_PROFIT_TP_HIT,50.71
TRUMP_USDT,1m,Maker 0.00% / Taker 0.01%,0.0,0.01,1,2,1517,SHORT,2026-01-28 15:48:59 UTC,2026-01-28 16:03:59 UTC,900.0,4.759,4.756,4.756,4.771,10.700000000000001,107,5.09,0.0051,0.0051,0.0102,0.0219,0.06,0.43,MIN_PROFIT_TP_HIT,50.73
TRUMP_USDT,1m,Maker 0.00% / Taker 0.01%,0.0,0.01,1,2,1518,LONG,2026-01-28 16:34:59 UTC,2026-01-28 16:40:59 UTC,360.0,4.743,4.737,4.746,4.738,10.700000000000001,107,5.08,0.0051,0.0051,0.0101,-0.0743,-0.13,-1.46,STOP_LOSS_HIT,50.66
TRUMP_USDT,1m,Maker 0.00% / Taker 0.01%,0.0,0.01,1,2,1519,SHORT,2026-01-28 17:04:59 UTC,2026-01-28 17:08:59 UTC,240.0,4.736,4.733,4.733,4.74,10.700000000000001,107,5.07,0.0051,0.0051,0.0101,0.022,0.06,0.43,MIN_PROFIT_TP_HIT,50.68
TRUMP_USDT,1m,Maker 0.00% / Taker 0.01%,0.0,0.01,1,2,1520,SHORT,2026-01-28 17:42:59 UTC,2026-01-28 17:43:59 UTC,60.0,4.735,4.743,4.732,4.742,10.700000000000001,107,5.07,0.0051,0.0051,0.0101,-0.0957,-0.17,-1.89,STOP_LOSS_HIT,50.59
TRUMP_USDT,1m,Maker 0.00% / Taker 0.01%,0.0,0.01,1,2,1521,LONG,2026-01-28 17:52:59 UTC,2026-01-28 17:53:59 UTC,60.0,4.754,4.757,4.757,4.744,10.600000000000001,106,5.04,0.005,0.005,0.0101,0.0217,0.06,0.43,MIN_PROFIT_TP_HIT,50.61
TRUMP_USDT,1m,Maker 0.00% / Taker 0.01%,0.0,0.01,1,2,1522,LONG,2026-01-28 19:01:59 UTC,2026-01-28 19:03:59 UTC,120.0,4.737,4.727,4.74,4.728,10.700000000000001,107,5.07,0.0051,0.0051,0.0101,-0.1171,-0.21,-2.31,STOP_LOSS_HIT,50.49
TRUMP_USDT,1m,Maker 0.00% / Taker 0.01%,0.0,0.01,1,2,1523,LONG,2026-01-28 19:04:59 UTC,2026-01-28 19:05:59 UTC,60.0,4.746,4.736,4.749,4.737,10.600000000000001,106,5.03,0.005,0.005,0.0101,-0.1161,-0.21,-2.31,STOP_LOSS_HIT,50.38
TRUMP_USDT,1m,Maker 0.00% / Taker 0.01%,0.0,0.01,1,2,1524,SHORT,2026-01-28 19:06:59 UTC,2026-01-28 19:07:59 UTC,60.0,4.74,4.737,4.737,4.752,10.600000000000001,106,5.02,0.005,0.005,0.01,0.0218,0.06,0.43,MIN_PROFIT_TP_HIT,50.4
TRUMP_USDT,1m,Maker 0.00% / Taker 0.01%,0.0,0.01,1,2,1525,LONG,2026-01-28 19:31:59 UTC,2026-01-28 19:41:59 UTC,600.0,4.74,4.73,4.743,4.731,10.600000000000001,106,5.02,0.005,0.005,0.01,-0.116,-0.21,-2.31,STOP_LOSS_HIT,50.28
TRUMP_USDT,1m,Maker 0.00% / Taker 0.01%,0.0,0.01,1,2,1526,SHORT,2026-01-28 19:59:59 UTC,2026-01-28 20:00:59 UTC,60.0,4.748,4.755,4.745,4.754,10.600000000000001,106,5.03,0.005,0.005,0.0101,-0.0843,-0.15,-1.67,STOP_LOSS_HIT,50.2
TRUMP_USDT,1m,Maker 0.00% / Taker 0.01%,0.0,0.01,1,2,1527,LONG,2026-01-28 20:28:59 UTC,2026-01-28 20:29:59 UTC,60.0,4.768,4.771,4.771,4.753,10.5,105,5.01,0.005,0.005,0.01,0.0215,0.06,0.43,MIN_PROFIT_TP_HIT,50.22
TRUMP_USDT,1m,Maker 0.00% / Taker 0.01%,0.0,0.01,1,2,1528,LONG,2026-01-28 20:40:59 UTC,2026-01-28 21:02:59 UTC,1320.0,4.74,4.729,4.743,4.73,10.600000000000001,106,5.02,0.005,0.005,0.01,-0.1266,-0.23,-2.52,STOP_LOSS_HIT,50.09
TRUMP_USDT,1m,Maker 0.00% / Taker 0.01%,0.0,0.01,1,2,1529,LONG,2026-01-28 21:10:59 UTC,2026-01-28 21:47:59 UTC,2220.0,4.753,4.756,4.756,4.722,10.5,105,4.99,0.005,0.005,0.01,0.0215,0.06,0.43,MIN_PROFIT_TP_HIT,50.11
TRUMP_USDT,1m,Maker 0.00% / Taker 0.01%,0.0,0.01,1,2,1530,SHORT,2026-01-28 21:52:59 UTC,2026-01-28 22:13:59 UTC,1260.0,4.762,4.759,4.759,4.771,10.5,105,5.0,0.005,0.005,0.01,0.0215,0.06,0.43,MIN_PROFIT_TP_HIT,50.13
TRUMP_USDT,1m,Maker 0.00% / Taker 0.01%,0.0,0.01,1,2,1531,SHORT,2026-01-28 22:14:59 UTC,2026-01-28 22:16:59 UTC,120.0,4.756,4.753,4.753,4.765,10.5,105,4.99,0.005,0.005,0.01,0.0215,0.06,0.43,MIN_PROFIT_TP_HIT,50.16
TRUMP_USDT,1m,Maker 0.00% / Taker 0.01%,0.0,0.01,1,2,1532,LONG,2026-01-28 22:59:59 UTC,2026-01-28 23:00:59 UTC,60.0,4.782,4.785,4.785,4.772,10.5,105,5.02,0.005,0.005,0.01,0.0215,0.06,0.43,MIN_PROFIT_TP_HIT,50.18
TRUMP_USDT,1m,Maker 0.00% / Taker 0.01%,0.0,0.01,1,2,1533,SHORT,2026-01-28 23:02:59 UTC,2026-01-28 23:03:59 UTC,60.0,4.787,4.784,4.784,4.797,10.5,105,5.03,0.005,0.005,0.01,0.0215,0.06,0.43,MIN_PROFIT_TP_HIT,50.2
TRUMP_USDT,1m,Maker 0.00% / Taker 0.01%,0.0,0.01,1,2,1534,SHORT,2026-01-28 23:49:59 UTC,2026-01-29 00:04:59 UTC,900.0,4.753,4.75,4.75,4.762,10.600000000000001,106,5.04,0.005,0.005,0.0101,0.0217,0.06,0.43,MIN_PROFIT_TP_HIT,50.22
TRUMP_USDT,1m,Maker 0.00% / Taker 0.01%,0.0,0.01,1,2,1535,SHORT,2026-01-29 00:15:59 UTC,2026-01-29 00:21:59 UTC,360.0,4.737,4.743,4.734,4.742,10.600000000000001,106,5.02,0.005,0.005,0.01,-0.0736,-0.13,-1.47,STOP_LOSS_HIT,50.15
TRUMP_USDT,1m,Maker 0.00% / Taker 0.01%,0.0,0.01,1,2,1536,LONG,2026-01-29 00:49:59 UTC,2026-01-29 00:52:59 UTC,180.0,4.745,4.748,4.748,4.733,10.600000000000001,106,5.03,0.005,0.005,0.0101,0.0217,0.06,0.43,MIN_PROFIT_TP_HIT,50.17
TRUMP_USDT,1m,Maker 0.00% / Taker 0.01%,0.0,0.01,1,2,1537,LONG,2026-01-29 01:14:59 UTC,2026-01-29 01:16:59 UTC,120.0,4.747,4.741,4.75,4.742,10.600000000000001,106,5.03,0.005,0.005,0.0101,-0.0737,-0.13,-1.46,STOP_LOSS_HIT,50.1
TRUMP_USDT,1m,Maker 0.00% / Taker 0.01%,0.0,0.01,1,2,1538,SHORT,2026-01-29 01:25:59 UTC,2026-01-29 01:28:59 UTC,180.0,4.729,4.739,4.726,4.738,10.600000000000001,106,5.01,0.005,0.005,0.01,-0.116,-0.21,-2.31,STOP_LOSS_HIT,49.98
TRUMP_USDT,1m,Maker 0.00% / Taker 0.01%,0.0,0.01,1,2,1539,LONG,2026-01-29 01:47:59 UTC,2026-01-29 02:31:59 UTC,2640.0,4.742,4.728,4.745,4.729,10.5,105,4.98,0.005,0.005,0.0099,-0.1569,-0.3,-3.15,STOP_LOSS_HIT,49.82
TRUMP_USDT,1m,Maker 0.00% / Taker 0.01%,0.0,0.01,1,2,1540,SHORT,2026-01-29 02:32:59 UTC,2026-01-29 02:46:59 UTC,840.0,4.717,4.714,4.714,4.742,10.600000000000001,106,5.0,0.005,0.005,0.01,0.0218,0.06,0.44,MIN_PROFIT_TP_HIT,49.84
TRUMP_USDT,1m,Maker 0.00% / Taker 0.01%,0.0,0.01,1,2,1541,LONG,2026-01-29 03:12:59 UTC,2026-01-29 03:19:59 UTC,420.0,4.718,4.705,4.721,4.706,10.600000000000001,106,5.0,0.005,0.005,0.01,-0.1478,-0.28,-2.96,STOP_LOSS_HIT,49.7
TRUMP_USDT,1m,Maker 0.00% / Taker 0.01%,0.0,0.01,1,2,1542,SHORT,2026-01-29 03:20:59 UTC,2026-01-29 03:25:59 UTC,300.0,4.71,4.707,4.707,4.727,10.600000000000001,106,4.99,0.005,0.005,0.01,0.0218,0.06,0.44,MIN_PROFIT_TP_HIT,49.72
TRUMP_USDT,1m,Maker 0.00% / Taker 0.01%,0.0,0.01,1,2,1543,SHORT,2026-01-29 04:33:59 UTC,2026-01-29 04:35:59 UTC,120.0,4.702,4.708,4.699,4.707,10.600000000000001,106,4.98,0.005,0.005,0.01,-0.0736,-0.13,-1.48,STOP_LOSS_HIT,49.64
TRUMP_USDT,1m,Maker 0.00% / Taker 0.01%,0.0,0.01,1,2,1544,SHORT,2026-01-29 04:46:59 UTC,2026-01-29 04:50:59 UTC,240.0,4.709,4.715,4.706,4.714,10.5,105,4.94,0.0049,0.005,0.0099,-0.0729,-0.13,-1.47,STOP_LOSS_HIT,49.57
TRUMP_USDT,1m,Maker 0.00% / Taker 0.01%,0.0,0.01,1,2,1545,SHORT,2026-01-29 05:17:59 UTC,2026-01-29 05:35:59 UTC,1080.0,4.703,4.713,4.7,4.712,10.5,105,4.94,0.0049,0.0049,0.0099,-0.1149,-0.21,-2.33,STOP_LOSS_HIT,49.46
TRUMP_USDT,1m,Maker 0.00% / Taker 0.01%,0.0,0.01,1,2,1546,SHORT,2026-01-29 05:39:59 UTC,2026-01-29 05:44:59 UTC,300.0,4.709,4.706,4.706,4.714,10.5,105,4.94,0.0049,0.0049,0.0099,0.0216,0.06,0.44,MIN_PROFIT_TP_HIT,49.48
TRUMP_USDT,1m,Maker 0.00% / Taker 0.01%,0.0,0.01,1,2,1547,SHORT,2026-01-29 05:55:59 UTC,2026-01-29 05:56:59 UTC,60.0,4.703,4.7,4.7,4.709,10.5,105,4.94,0.0049,0.0049,0.0099,0.0216,0.06,0.44,MIN_PROFIT_TP_HIT,49.5
TRUMP_USDT,1m,Maker 0.00% / Taker 0.01%,0.0,0.01,1,2,1548,LONG,2026-01-29 06:16:59 UTC,2026-01-29 06:23:59 UTC,420.0,4.713,4.703,4.716,4.704,10.5,105,4.95,0.0049,0.0049,0.0099,-0.1149,-0.21,-2.32,STOP_LOSS_HIT,49.38
TRUMP_USDT,1m,Maker 0.00% / Taker 0.01%,0.0,0.01,1,2,1549,LONG,2026-01-29 06:28:59 UTC,2026-01-29 06:30:59 UTC,120.0,4.708,4.711,4.711,4.703,10.5,105,4.94,0.0049,0.0049,0.0099,0.0216,0.06,0.44,MIN_PROFIT_TP_HIT,49.41
TRUMP_USDT,1m,Maker 0.00% / Taker 0.01%,0.0,0.01,1,2,1550,SHORT,2026-01-29 06:42:59 UTC,2026-01-29 06:46:59 UTC,240.0,4.703,4.7,4.7,4.71,10.5,105,4.94,0.0049,0.0049,0.0099,0.0216,0.06,0.44,MIN_PROFIT_TP_HIT,49.43
TRUMP_USDT,1m,Maker 0.00% / Taker 0.01%,0.0,0.01,1,2,1551,SHORT,2026-01-29 07:21:59 UTC,2026-01-29 07:22:59 UTC,60.0,4.696,4.7,4.693,4.699,10.5,105,4.93,0.0049,0.0049,0.0099,-0.0519,-0.09,-1.05,STOP_LOSS_HIT,49.38
TRUMP_USDT,1m,Maker 0.00% / Taker 0.01%,0.0,0.01,1,2,1552,LONG,2026-01-29 07:32:59 UTC,2026-01-29 07:35:59 UTC,180.0,4.689,4.692,4.692,4.686,10.5,105,4.92,0.0049,0.0049,0.0099,0.0216,0.06,0.44,MIN_PROFIT_TP_HIT,49.4
TRUMP_USDT,1m,Maker 0.00% / Taker 0.01%,0.0,0.01,1,2,1553,LONG,2026-01-29 07:55:59 UTC,2026-01-29 07:58:59 UTC,180.0,4.693,4.687,4.696,4.688,10.5,105,4.93,0.0049,0.0049,0.0098,-0.0728,-0.13,-1.48,STOP_LOSS_HIT,49.33
TRUMP_USDT,1m,Maker 0.00% / Taker 0.01%,0.0,0.01,1,2,1554,LONG,2026-01-29 08:24:59 UTC,2026-01-29 08:26:59 UTC,120.0,4.679,4.682,4.682,4.672,10.5,105,4.91,0.0049,0.0049,0.0098,0.0217,0.06,0.44,MIN_PROFIT_TP_HIT,49.35
TRUMP_USDT,1m,Maker 0.00% / Taker 0.01%,0.0,0.01,1,2,1555,LONG,2026-01-29 09:03:59 UTC,2026-01-29 09:14:59 UTC,660.0,4.695,4.685,4.698,4.686,10.5,105,4.93,0.0049,0.0049,0.0098,-0.1148,-0.21,-2.33,STOP_LOSS_HIT,49.23
TRUMP_USDT,1m,Maker 0.00% / Taker 0.01%,0.0,0.01,1,2,1556,SHORT,2026-01-29 09:24:59 UTC,2026-01-29 09:26:59 UTC,120.0,4.684,4.681,4.681,4.692,10.5,105,4.92,0.0049,0.0049,0.0098,0.0217,0.06,0.44,MIN_PROFIT_TP_HIT,49.25
TRUMP_USDT,1m,Maker 0.00% / Taker 0.01%,0.0,0.01,1,2,1557,LONG,2026-01-29 09:40:59 UTC,2026-01-29 09:52:59 UTC,720.0,4.682,4.672,4.685,4.673,10.5,105,4.92,0.0049,0.0049,0.0098,-0.1148,-0.21,-2.34,STOP_LOSS_HIT,49.14
TRUMP_USDT,1m,Maker 0.00% / Taker 0.01%,0.0,0.01,1,2,1558,LONG,2026-01-29 09:54:59 UTC,2026-01-29 09:57:59 UTC,180.0,4.675,4.67,4.678,4.671,10.5,105,4.91,0.0049,0.0049,0.0098,-0.0623,-0.11,-1.27,STOP_LOSS_HIT,49.08
TRUMP_USDT,1m,Maker 0.00% / Taker 0.01%,0.0,0.01,1,2,1559,SHORT,2026-01-29 10:30:59 UTC,2026-01-29 10:35:59 UTC,300.0,4.661,4.667,4.658,4.666,10.5,105,4.89,0.0049,0.0049,0.0098,-0.0728,-0.13,-1.49,STOP_LOSS_HIT,49.0
TRUMP_USDT,1m,Maker 0.00% / Taker 0.01%,0.0,0.01,1,2,1560,LONG,2026-01-29 11:51:59 UTC,2026-01-29 11:52:59 UTC,60.0,4.647,4.65,4.65,4.645,10.5,105,4.88,0.0049,0.0049,0.0098,0.0217,0.06,0.45,MIN_PROFIT_TP_HIT,49.03
TRUMP_USDT,1m,Maker 0.00% / Taker 0.01%,0.0,0.01,1,2,1561,SHORT,2026-01-29 11:54:59 UTC,2026-01-29 11:56:59 UTC,120.0,4.648,4.653,4.645,4.652,10.5,105,4.88,0.0049,0.0049,0.0098,-0.0623,-0.11,-1.28,STOP_LOSS_HIT,48.96
TRUMP_USDT,1m,Maker 0.00% / Taker 0.01%,0.0,0.01,1,2,1562,SHORT,2026-01-29 12:05:59 UTC,2026-01-29 12:09:59 UTC,240.0,4.641,4.648,4.638,4.647,10.600000000000001,106,4.92,0.0049,0.0049,0.0098,-0.084,-0.15,-1.71,STOP_LOSS_HIT,48.88
TRUMP_USDT,1m,Maker 0.00% / Taker 0.01%,0.0,0.01,1,2,1563,SHORT,2026-01-29 12:19:59 UTC,2026-01-29 12:30:59 UTC,660.0,4.64,4.637,4.637,4.648,10.5,105,4.87,0.0049,0.0049,0.0097,0.0218,0.06,0.45,MIN_PROFIT_TP_HIT,48.9
TRUMP_USDT,1m,Maker 0.00% / Taker 0.01%,0.0,0.01,1,2,1564,SHORT,2026-01-29 12:40:59 UTC,2026-01-29 13:01:59 UTC,1260.0,4.633,4.65,4.63,4.649,10.600000000000001,106,4.91,0.0049,0.0049,0.0098,-0.19,-0.37,-3.87,STOP_LOSS_HIT,48.71
TRUMP_USDT,1m,Maker 0.00% / Taker 0.01%,0.0,0.01,1,2,1565,LONG,2026-01-29 13:26:59 UTC,2026-01-29 13:27:59 UTC,60.0,4.643,4.638,4.646,4.639,10.5,105,4.88,0.0049,0.0049,0.0097,-0.0622,-0.11,-1.28,STOP_LOSS_HIT,48.65
TRUMP_USDT,1m,Maker 0.00% / Taker 0.01%,0.0,0.01,1,2,1566,SHORT,2026-01-29 13:51:59 UTC,2026-01-29 13:53:59 UTC,120.0,4.641,4.638,4.638,4.645,10.5,105,4.87,0.0049,0.0049,0.0097,0.0218,0.06,0.45,MIN_PROFIT_TP_HIT,48.67
TRUMP_USDT,1m,Maker 0.00% / Taker 0.01%,0.0,0.01,1,2,1567,LONG,2026-01-29 13:59:59 UTC,2026-01-29 14:00:59 UTC,60.0,4.647,4.65,4.65,4.638,10.5,105,4.88,0.0049,0.0049,0.0098,0.0217,0.06,0.45,MIN_PROFIT_TP_HIT,48.69
TRUMP_USDT,1m,Maker 0.00% / Taker 0.01%,0.0,0.01,1,2,1568,SHORT,2026-01-29 14:33:59 UTC,2026-01-29 14:34:59 UTC,60.0,4.632,4.629,4.629,4.649,10.5,105,4.86,0.0049,0.0049,0.0097,0.0218,0.06,0.45,MIN_PROFIT_TP_HIT,48.71
TRUMP_USDT,1m,Maker 0.00% / Taker 0.01%,0.0,0.01,1,2,1569,SHORT,2026-01-29 14:54:59 UTC,2026-01-29 14:56:59 UTC,120.0,4.599,4.596,4.596,4.617,10.600000000000001,106,4.87,0.0049,0.0049,0.0097,0.0221,0.07,0.45,MIN_PROFIT_TP_HIT,48.74
TRUMP_USDT,1m,Maker 0.00% / Taker 0.01%,0.0,0.01,1,2,1570,LONG,2026-01-29 15:45:59 UTC,2026-01-29 15:46:59 UTC,60.0,4.556,4.559,4.559,4.535,10.700000000000001,107,4.87,0.0049,0.0049,0.0098,0.0223,0.07,0.46,MIN_PROFIT_TP_HIT,48.76
TRUMP_USDT,1m,Maker 0.00% / Taker 0.01%,0.0,0.01,1,2,1571,LONG,2026-01-29 16:26:59 UTC,2026-01-29 16:28:59 UTC,120.0,4.571,4.564,4.574,4.565,10.700000000000001,107,4.89,0.0049,0.0049,0.0098,-0.0847,-0.15,-1.73,STOP_LOSS_HIT,48.67
TRUMP_USDT,1m,Maker 0.00% / Taker 0.01%,0.0,0.01,1,2,1572,SHORT,2026-01-29 16:49:59 UTC,2026-01-29 16:52:59 UTC,180.0,4.574,4.571,4.571,4.591,10.600000000000001,106,4.85,0.0048,0.0048,0.0097,0.0221,0.07,0.46,MIN_PROFIT_TP_HIT,48.7
TRUMP_USDT,1m,Maker 0.00% / Taker 0.01%,0.0,0.01,1,2,1573,SHORT,2026-01-29 17:21:59 UTC,2026-01-29 17:22:59 UTC,60.0,4.62,4.617,4.617,4.629,10.5,105,4.85,0.0049,0.0048,0.0097,0.0218,0.06,0.45,MIN_PROFIT_TP_HIT,48.72
TRUMP_USDT,1m,Maker 0.00% / Taker 0.01%,0.0,0.01,1,2,1574,LONG,2026-01-29 17:24:59 UTC,2026-01-29 17:27:59 UTC,180.0,4.61,4.599,4.613,4.6,10.600000000000001,106,4.89,0.0049,0.0049,0.0098,-0.1264,-0.24,-2.59,STOP_LOSS_HIT,48.59
TRUMP_USDT,1m,Maker 0.00% / Taker 0.01%,0.0,0.01,1,2,1575,LONG,2026-01-29 17:49:59 UTC,2026-01-29 17:50:59 UTC,60.0,4.579,4.582,4.582,4.572,10.600000000000001,106,4.85,0.0049,0.0049,0.0097,0.0221,0.07,0.46,MIN_PROFIT_TP_HIT,48.61
TRUMP_USDT,1m,Maker 0.00% / Taker 0.01%,0.0,0.01,1,2,1576,LONG,2026-01-29 17:51:59 UTC,2026-01-29 17:53:59 UTC,120.0,4.575,4.578,4.578,4.568,10.600000000000001,106,4.85,0.0048,0.0049,0.0097,0.0221,0.07,0.46,MIN_PROFIT_TP_HIT,48.64
TRUMP_USDT,1m,Maker 0.00% / Taker 0.01%,0.0,0.01,1,2,1577,SHORT,2026-01-29 18:19:59 UTC,2026-01-29 18:21:59 UTC,120.0,4.556,4.553,4.553,4.578,10.700000000000001,107,4.87,0.0049,0.0049,0.0097,0.0224,0.07,0.46,MIN_PROFIT_TP_HIT,48.66
TRUMP_USDT,1m,Maker 0.00% / Taker 0.01%,0.0,0.01,1,2,1578,SHORT,2026-01-29 18:48:59 UTC,2026-01-29 18:51:59 UTC,180.0,4.538,4.535,4.535,4.553,10.700000000000001,107,4.86,0.0049,0.0049,0.0097,0.0224,0.07,0.46,MIN_PROFIT_TP_HIT,48.68
TRUMP_USDT,1m,Maker 0.00% / Taker 0.01%,0.0,0.01,1,2,1579,SHORT,2026-01-29 19:11:59 UTC,2026-01-29 19:16:59 UTC,300.0,4.504,4.523,4.501,4.522,10.8,108,4.86,0.0049,0.0049,0.0097,-0.2149,-0.42,-4.42,STOP_LOSS_HIT,48.47
TRUMP_USDT,1m,Maker 0.00% / Taker 0.01%,0.0,0.01,1,2,1580,LONG,2026-01-29 19:51:59 UTC,2026-01-29 19:52:59 UTC,60.0,4.55,4.542,4.553,4.543,10.700000000000001,107,4.87,0.0049,0.0049,0.0097,-0.0953,-0.18,-1.96,STOP_LOSS_HIT,48.37
TRUMP_USDT,1m,Maker 0.00% / Taker 0.01%,0.0,0.01,1,2,1581,LONG,2026-01-29 20:20:59 UTC,2026-01-29 20:43:59 UTC,1380.0,4.555,4.558,4.558,4.542,10.600000000000001,106,4.83,0.0048,0.0048,0.0097,0.0221,0.07,0.46,MIN_PROFIT_TP_HIT,48.39
TRUMP_USDT,1m,Maker 0.00% / Taker 0.01%,0.0,0.01,1,2,1582,LONG,2026-01-29 21:02:59 UTC,2026-01-29 21:09:59 UTC,420.0,4.57,4.573,4.573,4.555,10.600000000000001,106,4.84,0.0048,0.0048,0.0097,0.0221,0.07,0.46,MIN_PROFIT_TP_HIT,48.41
TRUMP_USDT,1m,Maker 0.00% / Taker 0.01%,0.0,0.01,1,2,1583,LONG,2026-01-29 21:10:59 UTC,2026-01-29 21:14:59 UTC,240.0,4.574,4.577,4.577,4.563,10.600000000000001,106,4.85,0.0048,0.0049,0.0097,0.0221,0.07,0.46,MIN_PROFIT_TP_HIT,48.44
TRUMP_USDT,1m,Maker 0.00% / Taker 0.01%,0.0,0.01,1,2,1584,LONG,2026-01-29 21:47:59 UTC,2026-01-29 21:49:59 UTC,120.0,4.572,4.575,4.575,4.567,10.600000000000001,106,4.85,0.0048,0.0048,0.0097,0.0221,0.07,0.46,MIN_PROFIT_TP_HIT,48.46
TRUMP_USDT,1m,Maker 0.00% / Taker 0.01%,0.0,0.01,1,2,1585,SHORT,2026-01-29 21:51:59 UTC,2026-01-29 21:55:59 UTC,240.0,4.567,4.564,4.564,4.579,10.600000000000001,106,4.84,0.0048,0.0048,0.0097,0.0221,0.07,0.46,MIN_PROFIT_TP_HIT,48.48
TRUMP_USDT,1m,Maker 0.00% / Taker 0.01%,0.0,0.01,1,2,1586,SHORT,2026-01-29 22:24:59 UTC,2026-01-29 22:30:59 UTC,360.0,4.557,4.567,4.554,4.566,10.600000000000001,106,4.83,0.0048,0.0048,0.0097,-0.1157,-0.22,-2.39,STOP_LOSS_HIT,48.36
TRUMP_USDT,1m,Maker 0.00% / Taker 0.01%,0.0,0.01,1,2,1587,SHORT,2026-01-29 22:54:59 UTC,2026-01-29 22:55:59 UTC,60.0,4.562,4.565,4.559,4.564,10.600000000000001,106,4.84,0.0048,0.0048,0.0097,-0.0415,-0.07,-0.86,STOP_LOSS_HIT,48.32
TRUMP_USDT,1m,Maker 0.00% / Taker 0.01%,0.0,0.01,1,2,1588,LONG,2026-01-29 23:06:59 UTC,2026-01-29 23:22:59 UTC,960.0,4.561,4.564,4.564,4.552,10.600000000000001,106,4.83,0.0048,0.0048,0.0097,0.0221,0.07,0.46,MIN_PROFIT_TP_HIT,48.35
TRUMP_USDT,1m,Maker 0.00% / Taker 0.01%,0.0,0.01,1,2,1589,LONG,2026-01-29 23:31:59 UTC,2026-01-29 23:35:59 UTC,240.0,4.567,4.57,4.57,4.555,10.600000000000001,106,4.84,0.0048,0.0048,0.0097,0.0221,0.07,0.46,MIN_PROFIT_TP_HIT,48.37
TRUMP_USDT,1m,Maker 0.00% / Taker 0.01%,0.0,0.01,1,2,1590,LONG,2026-01-30 00:01:59 UTC,2026-01-30 00:03:59 UTC,120.0,4.58,4.583,4.583,4.573,10.600000000000001,106,4.85,0.0049,0.0049,0.0097,0.0221,0.07,0.45,MIN_PROFIT_TP_HIT,48.39
TRUMP_USDT,1m,Maker 0.00% / Taker 0.01%,0.0,0.01,1,2,1591,SHORT,2026-01-30 00:16:59 UTC,2026-01-30 00:17:59 UTC,60.0,4.576,4.573,4.573,4.591,10.600000000000001,106,4.85,0.0049,0.0048,0.0097,0.0221,0.07,0.46,MIN_PROFIT_TP_HIT,48.41
TRUMP_USDT,1m,Maker 0.00% / Taker 0.01%,0.0,0.01,1,2,1592,LONG,2026-01-30 00:22:59 UTC,2026-01-30 00:24:59 UTC,120.0,4.574,4.577,4.577,4.564,10.600000000000001,106,4.85,0.0048,0.0049,0.0097,0.0221,0.07,0.46,MIN_PROFIT_TP_HIT,48.43
TRUMP_USDT,1m,Maker 0.00% / Taker 0.01%,0.0,0.01,1,2,1593,SHORT,2026-01-30 00:34:59 UTC,2026-01-30 00:35:59 UTC,60.0,4.571,4.575,4.568,4.574,10.600000000000001,106,4.85,0.0048,0.0048,0.0097,-0.0521,-0.09,-1.08,STOP_LOSS_HIT,48.38
TRUMP_USDT,1m,Maker 0.00% / Taker 0.01%,0.0,0.01,1,2,1594,LONG,2026-01-30 00:49:59 UTC,2026-01-30 00:51:59 UTC,120.0,4.586,4.575,4.589,4.576,10.5,105,4.82,0.0048,0.0048,0.0096,-0.1251,-0.24,-2.6,STOP_LOSS_HIT,48.26
TRUMP_USDT,1m,Maker 0.00% / Taker 0.01%,0.0,0.01,1,2,1595,SHORT,2026-01-30 01:03:59 UTC,2026-01-30 01:05:59 UTC,120.0,4.575,4.581,4.572,4.58,10.5,105,4.8,0.0048,0.0048,0.0096,-0.0726,-0.13,-1.51,STOP_LOSS_HIT,48.18
TRUMP_USDT,1m,Maker 0.00% / Taker 0.01%,0.0,0.01,1,2,1596,LONG,2026-01-30 01:06:59 UTC,2026-01-30 01:08:59 UTC,120.0,4.582,4.585,4.585,4.575,10.5,105,4.81,0.0048,0.0048,0.0096,0.0219,0.07,0.45,MIN_PROFIT_TP_HIT,48.21
TRUMP_USDT,1m,Maker 0.00% / Taker 0.01%,0.0,0.01,1,2,1597,LONG,2026-01-30 01:24:59 UTC,2026-01-30 01:25:59 UTC,60.0,4.586,4.589,4.589,4.583,10.5,105,4.82,0.0048,0.0048,0.0096,0.0219,0.07,0.45,MIN_PROFIT_TP_HIT,48.23
TRUMP_USDT,1m,Maker 0.00% / Taker 0.01%,0.0,0.01,1,2,1598,LONG,2026-01-30 01:41:59 UTC,2026-01-30 01:42:59 UTC,60.0,4.525,4.504,4.528,4.505,10.700000000000001,107,4.84,0.0048,0.0048,0.0097,-0.2344,-0.46,-4.84,STOP_LOSS_HIT,47.99
TRUMP_USDT,1m,Maker 0.00% / Taker 0.01%,0.0,0.01,1,2,1599,LONG,2026-01-30 03:06:59 UTC,2026-01-30 03:08:59 UTC,120.0,4.521,4.524,4.524,4.5,10.600000000000001,106,4.79,0.0048,0.0048,0.0096,0.0222,0.07,0.46,MIN_PROFIT_TP_HIT,48.02
TRUMP_USDT,1m,Maker 0.00% / Taker 0.01%,0.0,0.01,1,2,1600,SHORT,2026-01-30 04:11:59 UTC,2026-01-30 04:15:59 UTC,240.0,4.527,4.524,4.524,4.534,10.600000000000001,106,4.8,0.0048,0.0048,0.0096,0.0222,0.07,0.46,MIN_PROFIT_TP_HIT,48.04
TRUMP_USDT,1m,Maker 0.00% / Taker 0.01%,0.0,0.01,1,2,1601,LONG,2026-01-30 04:19:59 UTC,2026-01-30 04:20:59 UTC,60.0,4.537,4.54,4.54,4.527,10.600000000000001,106,4.81,0.0048,0.0048,0.0096,0.0222,0.07,0.46,MIN_PROFIT_TP_HIT,48.06
TRUMP_USDT,1m,Maker 0.00% / Taker 0.01%,0.0,0.01,1,2,1602,LONG,2026-01-30 05:02:59 UTC,2026-01-30 05:04:59 UTC,120.0,4.541,4.536,4.544,4.537,10.600000000000001,106,4.81,0.0048,0.0048,0.0096,-0.0626,-0.11,-1.3,STOP_LOSS_HIT,48.0
TRUMP_USDT,1m,Maker 0.00% / Taker 0.01%,0.0,0.01,1,2,1603,SHORT,2026-01-30 05:17:59 UTC,2026-01-30 05:22:59 UTC,300.0,4.534,4.531,4.531,4.544,10.600000000000001,106,4.81,0.0048,0.0048,0.0096,0.0222,0.07,0.46,MIN_PROFIT_TP_HIT,48.02
TRUMP_USDT,1m,Maker 0.00% / Taker 0.01%,0.0,0.01,1,2,1604,SHORT,2026-01-30 05:23:59 UTC,2026-01-30 05:27:59 UTC,240.0,4.529,4.54,4.526,4.539,10.600000000000001,106,4.8,0.0048,0.0048,0.0096,-0.1262,-0.24,-2.63,STOP_LOSS_HIT,47.89
TRUMP_USDT,1m,Maker 0.00% / Taker 0.01%,0.0,0.01,1,2,1605,SHORT,2026-01-30 05:33:59 UTC,2026-01-30 05:37:59 UTC,240.0,4.538,4.535,4.535,4.541,10.600000000000001,106,4.81,0.0048,0.0048,0.0096,0.0222,0.07,0.46,MIN_PROFIT_TP_HIT,47.92
TRUMP_USDT,1m,Maker 0.00% / Taker 0.01%,0.0,0.01,1,2,1606,LONG,2026-01-30 05:40:59 UTC,2026-01-30 05:42:59 UTC,120.0,4.534,4.529,4.537,4.53,10.600000000000001,106,4.81,0.0048,0.0048,0.0096,-0.0626,-0.11,-1.3,STOP_LOSS_HIT,47.85
TRUMP_USDT,1m,Maker 0.00% / Taker 0.01%,0.0,0.01,1,2,1607,SHORT,2026-01-30 05:55:59 UTC,2026-01-30 06:00:59 UTC,300.0,4.534,4.531,4.531,4.543,10.600000000000001,106,4.81,0.0048,0.0048,0.0096,0.0222,0.07,0.46,MIN_PROFIT_TP_HIT,47.88
TRUMP_USDT,1m,Maker 0.00% / Taker 0.01%,0.0,0.01,1,2,1608,SHORT,2026-01-30 06:24:59 UTC,2026-01-30 06:25:59 UTC,60.0,4.515,4.52,4.512,4.519,10.600000000000001,106,4.79,0.0048,0.0048,0.0096,-0.0626,-0.11,-1.31,STOP_LOSS_HIT,47.81
TRUMP_USDT,1m,Maker 0.00% / Taker 0.01%,0.0,0.01,1,2,1609,LONG,2026-01-30 06:29:59 UTC,2026-01-30 06:32:59 UTC,180.0,4.509,4.512,4.512,4.499,10.600000000000001,106,4.78,0.0048,0.0048,0.0096,0.0222,0.07,0.47,MIN_PROFIT_TP_HIT,47.83
TRUMP_USDT,1m,Maker 0.00% / Taker 0.01%,0.0,0.01,1,2,1610,LONG,2026-01-30 07:02:59 UTC,2026-01-30 07:07:59 UTC,300.0,4.507,4.51,4.51,4.498,10.600000000000001,106,4.78,0.0048,0.0048,0.0096,0.0222,0.07,0.47,MIN_PROFIT_TP_HIT,47.86
TRUMP_USDT,1m,Maker 0.00% / Taker 0.01%,0.0,0.01,1,2,1611,SHORT,2026-01-30 07:13:59 UTC,2026-01-30 07:14:59 UTC,60.0,4.535,4.532,4.532,4.54,10.600000000000001,106,4.81,0.0048,0.0048,0.0096,0.0222,0.07,0.46,MIN_PROFIT_TP_HIT,47.88
TRUMP_USDT,1m,Maker 0.00% / Taker 0.01%,0.0,0.01,1,2,1612,SHORT,2026-01-30 07:32:59 UTC,2026-01-30 07:36:59 UTC,240.0,4.526,4.537,4.523,4.536,10.600000000000001,106,4.8,0.0048,0.0048,0.0096,-0.1262,-0.24,-2.63,STOP_LOSS_HIT,47.75
TRUMP_USDT,1m,Maker 0.00% / Taker 0.01%,0.0,0.01,1,2,1613,LONG,2026-01-30 08:03:59 UTC,2026-01-30 08:04:59 UTC,60.0,4.537,4.54,4.54,4.52,10.5,105,4.76,0.0048,0.0048,0.0095,0.022,0.07,0.46,MIN_PROFIT_TP_HIT,47.77
TRUMP_USDT,1m,Maker 0.00% / Taker 0.01%,0.0,0.01,1,2,1614,LONG,2026-01-30 08:11:59 UTC,2026-01-30 08:14:59 UTC,180.0,4.543,4.546,4.546,4.535,10.5,105,4.77,0.0048,0.0048,0.0095,0.022,0.07,0.46,MIN_PROFIT_TP_HIT,47.8
TRUMP_USDT,1m,Maker 0.00% / Taker 0.01%,0.0,0.01,1,2,1615,SHORT,2026-01-30 09:17:59 UTC,2026-01-30 09:23:59 UTC,360.0,4.524,4.521,4.521,4.536,10.600000000000001,106,4.8,0.0048,0.0048,0.0096,0.0222,0.07,0.46,MIN_PROFIT_TP_HIT,47.82
TRUMP_USDT,1m,Maker 0.00% / Taker 0.01%,0.0,0.01,1,2,1616,SHORT,2026-01-30 09:25:59 UTC,2026-01-30 09:35:59 UTC,600.0,4.505,4.519,4.502,4.518,10.600000000000001,106,4.78,0.0048,0.0048,0.0096,-0.158,-0.31,-3.31,STOP_LOSS_HIT,47.66
TRUMP_USDT,1m,Maker 0.00% / Taker 0.01%,0.0,0.01,1,2,1617,SHORT,2026-01-30 10:09:59 UTC,2026-01-30 10:13:59 UTC,240.0,4.486,4.483,4.483,4.498,10.600000000000001,106,4.76,0.0048,0.0048,0.0095,0.0223,0.07,0.47,MIN_PROFIT_TP_HIT,47.68
TRUMP_USDT,1m,Maker 0.00% / Taker 0.01%,0.0,0.01,1,2,1618,LONG,2026-01-30 10:14:59 UTC,2026-01-30 10:22:59 UTC,480.0,4.493,4.479,4.496,4.48,10.600000000000001,106,4.76,0.0048,0.0047,0.0095,-0.1579,-0.31,-3.32,STOP_LOSS_HIT,47.53
TRUMP_USDT,1m,Maker 0.00% / Taker 0.01%,0.0,0.01,1,2,1619,LONG,2026-01-30 10:28:59 UTC,2026-01-30 10:30:59 UTC,120.0,4.498,4.501,4.501,4.465,10.600000000000001,106,4.77,0.0048,0.0048,0.0095,0.0223,0.07,0.47,MIN_PROFIT_TP_HIT,47.55
TRUMP_USDT,1m,Maker 0.00% / Taker 0.01%,0.0,0.01,1,2,1620,LONG,2026-01-30 10:54:59 UTC,2026-01-30 10:58:59 UTC,240.0,4.505,4.508,4.508,4.49,10.600000000000001,106,4.78,0.0048,0.0048,0.0096,0.0222,0.07,0.47,MIN_PROFIT_TP_HIT,47.57
TRUMP_USDT,1m,Maker 0.00% / Taker 0.01%,0.0,0.01,1,2,1621,LONG,2026-01-30 11:07:59 UTC,2026-01-30 11:10:59 UTC,180.0,4.51,4.513,4.513,4.498,10.5,105,4.74,0.0047,0.0047,0.0095,0.022,0.07,0.47,MIN_PROFIT_TP_HIT,47.59
TRUMP_USDT,1m,Maker 0.00% / Taker 0.01%,0.0,0.01,1,2,1622,SHORT,2026-01-30 11:15:59 UTC,2026-01-30 11:28:59 UTC,780.0,4.513,4.51,4.51,4.52,10.5,105,4.74,0.0047,0.0047,0.0095,0.022,0.07,0.46,MIN_PROFIT_TP_HIT,47.61
TRUMP_USDT,1m,Maker 0.00% / Taker 0.01%,0.0,0.01,1,2,1623,LONG,2026-01-30 11:53:59 UTC,2026-01-30 11:54:59 UTC,60.0,4.542,4.545,4.545,4.511,10.5,105,4.77,0.0048,0.0048,0.0095,0.022,0.07,0.46,MIN_PROFIT_TP_HIT,47.64
TRUMP_USDT,1m,Maker 0.00% / Taker 0.01%,0.0,0.01,1,2,1624,SHORT,2026-01-30 12:26:59 UTC,2026-01-30 12:45:59 UTC,1140.0,4.524,4.521,4.521,4.536,10.5,105,4.75,0.0048,0.0047,0.0095,0.022,0.07,0.46,MIN_PROFIT_TP_HIT,47.66
TRUMP_USDT,1m,Maker 0.00% / Taker 0.01%,0.0,0.01,1,2,1625,SHORT,2026-01-30 12:49:59 UTC,2026-01-30 12:51:59 UTC,120.0,4.526,4.523,4.523,4.533,10.5,105,4.75,0.0048,0.0047,0.0095,0.022,0.07,0.46,MIN_PROFIT_TP_HIT,47.68
TRUMP_USDT,1m,Maker 0.00% / Taker 0.01%,0.0,0.01,1,2,1626,SHORT,2026-01-30 12:54:59 UTC,2026-01-30 12:59:59 UTC,300.0,4.518,4.528,4.515,4.527,10.600000000000001,106,4.79,0.0048,0.0048,0.0096,-0.1156,-0.22,-2.41,STOP_LOSS_HIT,47.56
TRUMP_USDT,1m,Maker 0.00% / Taker 0.01%,0.0,0.01,1,2,1627,SHORT,2026-01-30 13:14:59 UTC,2026-01-30 13:19:59 UTC,300.0,4.522,4.528,4.519,4.527,10.5,105,4.75,0.0047,0.0048,0.0095,-0.0725,-0.13,-1.53,STOP_LOSS_HIT,47.49
TRUMP_USDT,1m,Maker 0.00% / Taker 0.01%,0.0,0.01,1,2,1628,LONG,2026-01-30 13:20:59 UTC,2026-01-30 13:21:59 UTC,60.0,4.522,4.525,4.525,4.515,10.5,105,4.75,0.0047,0.0048,0.0095,0.022,0.07,0.46,MIN_PROFIT_TP_HIT,47.51
TRUMP_USDT,1m,Maker 0.00% / Taker 0.01%,0.0,0.01,1,2,1629,LONG,2026-01-30 13:36:59 UTC,2026-01-30 14:03:59 UTC,1620.0,4.53,4.533,4.533,4.497,10.5,105,4.76,0.0048,0.0048,0.0095,0.022,0.07,0.46,MIN_PROFIT_TP_HIT,47.54
TRUMP_USDT,1m,Maker 0.00% / Taker 0.01%,0.0,0.01,1,2,1630,LONG,2026-01-30 14:31:59 UTC,2026-01-30 14:32:59 UTC,60.0,4.535,4.538,4.538,4.523,10.5,105,4.76,0.0048,0.0048,0.0095,0.022,0.07,0.46,MIN_PROFIT_TP_HIT,47.56
TRUMP_USDT,1m,Maker 0.00% / Taker 0.01%,0.0,0.01,1,2,1631,LONG,2026-01-30 14:44:59 UTC,2026-01-30 14:54:59 UTC,600.0,4.56,4.536,4.563,4.537,10.4,104,4.74,0.0047,0.0047,0.0095,-0.2591,-0.53,-5.46,STOP_LOSS_HIT,47.3
TRUMP_USDT,1m,Maker 0.00% / Taker 0.01%,0.0,0.01,1,2,1632,SHORT,2026-01-30 15:08:59 UTC,2026-01-30 15:14:59 UTC,360.0,4.547,4.544,4.544,4.563,10.4,104,4.73,0.0047,0.0047,0.0095,0.0217,0.07,0.46,MIN_PROFIT_TP_HIT,47.32
TRUMP_USDT,1m,Maker 0.00% / Taker 0.01%,0.0,0.01,1,2,1633,SHORT,2026-01-30 15:37:59 UTC,2026-01-30 15:38:59 UTC,60.0,4.551,4.548,4.548,4.566,10.4,104,4.73,0.0047,0.0047,0.0095,0.0217,0.07,0.46,MIN_PROFIT_TP_HIT,47.34
TRUMP_USDT,1m,Maker 0.00% / Taker 0.01%,0.0,0.01,1,2,1634,SHORT,2026-01-30 15:39:59 UTC,2026-01-30 15:40:59 UTC,60.0,4.545,4.556,4.542,4.555,10.4,104,4.73,0.0047,0.0047,0.0095,-0.1239,-0.24,-2.62,STOP_LOSS_HIT,47.22
TRUMP_USDT,1m,Maker 0.00% / Taker 0.01%,0.0,0.01,1,2,1635,SHORT,2026-01-30 15:57:59 UTC,2026-01-30 16:04:59 UTC,420.0,4.54,4.537,4.537,4.55,10.4,104,4.72,0.0047,0.0047,0.0094,0.0218,0.07,0.46,MIN_PROFIT_TP_HIT,47.24
TRUMP_USDT,1m,Maker 0.00% / Taker 0.01%,0.0,0.01,1,2,1636,SHORT,2026-01-30 16:05:59 UTC,2026-01-30 16:07:59 UTC,120.0,4.54,4.553,4.537,4.552,10.4,104,4.72,0.0047,0.0047,0.0095,-0.1447,-0.29,-3.06,STOP_LOSS_HIT,47.1
TRUMP_USDT,1m,Maker 0.00% / Taker 0.01%,0.0,0.01,1,2,1637,LONG,2026-01-30 16:15:59 UTC,2026-01-30 16:21:59 UTC,360.0,4.549,4.537,4.552,4.538,10.4,104,4.73,0.0047,0.0047,0.0094,-0.1342,-0.26,-2.84,STOP_LOSS_HIT,46.96
TRUMP_USDT,1m,Maker 0.00% / Taker 0.01%,0.0,0.01,1,2,1638,SHORT,2026-01-30 16:30:59 UTC,2026-01-30 16:32:59 UTC,120.0,4.545,4.542,4.542,4.554,10.3,103,4.68,0.0047,0.0047,0.0094,0.0215,0.07,0.46,MIN_PROFIT_TP_HIT,46.98
TRUMP_USDT,1m,Maker 0.00% / Taker 0.01%,0.0,0.01,1,2,1639,LONG,2026-01-30 16:41:59 UTC,2026-01-30 16:43:59 UTC,120.0,4.557,4.56,4.56,4.543,10.3,103,4.69,0.0047,0.0047,0.0094,0.0215,0.07,0.46,MIN_PROFIT_TP_HIT,47.0
TRUMP_USDT,1m,Maker 0.00% / Taker 0.01%,0.0,0.01,1,2,1640,SHORT,2026-01-30 17:53:59 UTC,2026-01-30 17:59:59 UTC,360.0,4.538,4.535,4.535,4.548,10.4,104,4.72,0.0047,0.0047,0.0094,0.0218,0.07,0.46,MIN_PROFIT_TP_HIT,47.03
TRUMP_USDT,1m,Maker 0.00% / Taker 0.01%,0.0,0.01,1,2,1641,SHORT,2026-01-30 18:46:59 UTC,2026-01-30 18:47:59 UTC,60.0,4.531,4.539,4.528,4.538,10.4,104,4.71,0.0047,0.0047,0.0094,-0.0926,-0.18,-1.97,STOP_LOSS_HIT,46.93
TRUMP_USDT,1m,Maker 0.00% / Taker 0.01%,0.0,0.01,1,2,1642,LONG,2026-01-30 18:55:59 UTC,2026-01-30 18:57:59 UTC,120.0,4.554,4.557,4.557,4.533,10.3,103,4.69,0.0047,0.0047,0.0094,0.0215,0.07,0.46,MIN_PROFIT_TP_HIT,46.95
TRUMP_USDT,1m,Maker 0.00% / Taker 0.01%,0.0,0.01,1,2,1643,LONG,2026-01-30 19:25:59 UTC,2026-01-30 19:41:59 UTC,960.0,4.582,4.563,4.585,4.564,10.200000000000001,102,4.67,0.0047,0.0047,0.0093,-0.2031,-0.41,-4.35,STOP_LOSS_HIT,46.75
TRUMP_USDT,1m,Maker 0.00% / Taker 0.01%,0.0,0.01,1,2,1644,SHORT,2026-01-30 19:55:59 UTC,2026-01-30 19:57:59 UTC,120.0,4.569,4.566,4.566,4.578,10.200000000000001,102,4.66,0.0047,0.0047,0.0093,0.0213,0.07,0.46,MIN_PROFIT_TP_HIT,46.77
TRUMP_USDT,1m,Maker 0.00% / Taker 0.01%,0.0,0.01,1,2,1645,LONG,2026-01-30 20:08:59 UTC,2026-01-30 20:10:59 UTC,120.0,4.554,4.539,4.557,4.54,10.3,103,4.69,0.0047,0.0047,0.0094,-0.1639,-0.33,-3.49,STOP_LOSS_HIT,46.61
TRUMP_USDT,1m,Maker 0.00% / Taker 0.01%,0.0,0.01,1,2,1646,SHORT,2026-01-30 20:27:59 UTC,2026-01-30 20:28:59 UTC,60.0,4.527,4.524,4.524,4.55,10.3,103,4.66,0.0047,0.0047,0.0093,0.0216,0.07,0.46,MIN_PROFIT_TP_HIT,46.63
TRUMP_USDT,1m,Maker 0.00% / Taker 0.01%,0.0,0.01,1,2,1647,LONG,2026-01-30 21:07:59 UTC,2026-01-30 21:13:59 UTC,360.0,4.515,4.518,4.518,4.503,10.3,103,4.65,0.0047,0.0047,0.0093,0.0216,0.07,0.46,MIN_PROFIT_TP_HIT,46.65
TRUMP_USDT,1m,Maker 0.00% / Taker 0.01%,0.0,0.01,1,2,1648,LONG,2026-01-30 21:43:59 UTC,2026-01-30 21:45:59 UTC,120.0,4.52,4.523,4.523,4.511,10.3,103,4.66,0.0047,0.0047,0.0093,0.0216,0.07,0.46,MIN_PROFIT_TP_HIT,46.67
TRUMP_USDT,1m,Maker 0.00% / Taker 0.01%,0.0,0.01,1,2,1649,SHORT,2026-01-30 21:51:59 UTC,2026-01-30 21:53:59 UTC,120.0,4.524,4.534,4.521,4.533,10.3,103,4.66,0.0047,0.0047,0.0093,-0.1123,-0.22,-2.41,STOP_LOSS_HIT,46.56
TRUMP_USDT,1m,Maker 0.00% / Taker 0.01%,0.0,0.01,1,2,1650,LONG,2026-01-30 22:08:59 UTC,2026-01-30 22:09:59 UTC,60.0,4.521,4.524,4.524,4.514,10.3,103,4.66,0.0047,0.0047,0.0093,0.0216,0.07,0.46,MIN_PROFIT_TP_HIT,46.58
TRUMP_USDT,1m,Maker 0.00% / Taker 0.01%,0.0,0.01,1,2,1651,SHORT,2026-01-30 22:57:59 UTC,2026-01-30 23:02:59 UTC,300.0,4.464,4.472,4.461,4.471,10.4,104,4.64,0.0046,0.0047,0.0093,-0.0925,-0.18,-1.99,STOP_LOSS_HIT,46.49
TRUMP_USDT,1m,Maker 0.00% / Taker 0.01%,0.0,0.01,1,2,1652,SHORT,2026-01-30 23:29:59 UTC,2026-01-30 23:30:59 UTC,60.0,4.434,4.431,4.431,4.443,10.5,105,4.66,0.0047,0.0047,0.0093,0.0222,0.07,0.48,MIN_PROFIT_TP_HIT,46.51
TRUMP_USDT,1m,Maker 0.00% / Taker 0.01%,0.0,0.01,1,2,1653,LONG,2026-01-30 23:38:59 UTC,2026-01-30 23:41:59 UTC,180.0,4.44,4.443,4.443,4.427,10.5,105,4.66,0.0047,0.0047,0.0093,0.0222,0.07,0.48,MIN_PROFIT_TP_HIT,46.54
TRUMP_USDT,15m,Maker 0.00% / Taker 0.01%,0.0,0.01,1,2,1,LONG,2026-01-01 10:59:59 UTC,2026-01-01 11:14:59 UTC,900.0,4.715,4.718,4.718,4.696,21.200000000000003,212,10.0,0.01,0.01,0.02,0.0436,0.06,0.44,MIN_PROFIT_TP_HIT,100.04
TRUMP_USDT,15m,Maker 0.00% / Taker 0.01%,0.0,0.01,1,2,2,LONG,2026-01-01 13:59:59 UTC,2026-01-01 14:14:59 UTC,900.0,4.74,4.743,4.743,4.715,21.1,211,10.0,0.01,0.01,0.02,0.0433,0.06,0.43,MIN_PROFIT_TP_HIT,100.09
TRUMP_USDT,15m,Maker 0.00% / Taker 0.01%,0.0,0.01,1,2,3,SHORT,2026-01-01 18:14:59 UTC,2026-01-01 18:29:59 UTC,900.0,4.782,4.779,4.779,4.805,20.900000000000002,209,9.99,0.01,0.01,0.02,0.0427,0.06,0.43,MIN_PROFIT_TP_HIT,100.13
TRUMP_USDT,15m,Maker 0.00% / Taker 0.01%,0.0,0.01,1,2,4,LONG,2026-01-03 06:14:59 UTC,2026-01-03 06:44:59 UTC,1800.0,5.082,5.064,5.086,5.065,19.700000000000003,197,10.01,0.01,0.01,0.02,-0.3746,-0.35,-3.74,STOP_LOSS_HIT,99.76
TRUMP_USDT,15m,Maker 0.00% / Taker 0.01%,0.0,0.01,1,2,5,LONG,2026-01-03 07:59:59 UTC,2026-01-03 08:14:59 UTC,900.0,4.965,4.968,4.968,4.928,20.1,201,9.98,0.01,0.01,0.02,0.0403,0.06,0.4,MIN_PROFIT_TP_HIT,99.8
TRUMP_USDT,15m,Maker 0.00% / Taker 0.01%,0.0,0.01,1,2,6,SHORT,2026-01-03 23:29:59 UTC,2026-01-03 23:44:59 UTC,900.0,5.292,5.288,5.288,5.376,18.900000000000002,189,10.0,0.01,0.01,0.02,0.0556,0.08,0.56,MIN_PROFIT_TP_HIT,99.85
TRUMP_USDT,15m,Maker 0.00% / Taker 0.01%,0.0,0.01,1,2,7,LONG,2026-01-04 10:59:59 UTC,2026-01-04 11:14:59 UTC,900.0,5.433,5.437,5.437,5.372,18.400000000000002,184,10.0,0.01,0.01,0.02,0.0536,0.07,0.54,MIN_PROFIT_TP_HIT,99.9
TRUMP_USDT,15m,Maker 0.00% / Taker 0.01%,0.0,0.01,1,2,8,SHORT,2026-01-04 19:29:59 UTC,2026-01-04 19:44:59 UTC,900.0,5.389,5.385,5.385,5.459,18.5,185,9.97,0.01,0.01,0.0199,0.0541,0.07,0.54,MIN_PROFIT_TP_HIT,99.96
TRUMP_USDT,15m,Maker 0.00% / Taker 0.01%,0.0,0.01,1,2,9,SHORT,2026-01-05 06:44:59 UTC,2026-01-05 06:59:59 UTC,900.0,5.409,5.405,5.405,5.482,18.5,185,10.01,0.01,0.01,0.02,0.054,0.07,0.54,MIN_PROFIT_TP_HIT,100.01
TRUMP_USDT,15m,Maker 0.00% / Taker 0.01%,0.0,0.01,1,2,10,LONG,2026-01-05 09:44:59 UTC,2026-01-05 09:59:59 UTC,900.0,5.476,5.48,5.48,5.392,18.3,183,10.02,0.01,0.01,0.02,0.0532,0.07,0.53,MIN_PROFIT_TP_HIT,100.07
TRUMP_USDT,15m,Maker 0.00% / Taker 0.01%,0.0,0.01,1,2,11,LONG,2026-01-05 13:59:59 UTC,2026-01-05 14:14:59 UTC,900.0,5.503,5.507,5.507,5.422,18.2,182,10.02,0.01,0.01,0.02,0.0528,0.07,0.53,MIN_PROFIT_TP_HIT,100.12
TRUMP_USDT,15m,Maker 0.00% / Taker 0.01%,0.0,0.01,1,2,12,LONG,2026-01-05 18:29:59 UTC,2026-01-05 18:44:59 UTC,900.0,5.545,5.549,5.549,5.442,18.1,181,10.04,0.01,0.01,0.0201,0.0523,0.07,0.52,MIN_PROFIT_TP_HIT,100.17
TRUMP_USDT,15m,Maker 0.00% / Taker 0.01%,0.0,0.01,1,2,13,SHORT,2026-01-06 01:29:59 UTC,2026-01-06 01:44:59 UTC,900.0,5.594,5.59,5.59,5.697,17.900000000000002,179,10.01,0.01,0.01,0.02,0.0516,0.07,0.52,MIN_PROFIT_TP_HIT,100.22
TRUMP_USDT,15m,Maker 0.00% / Taker 0.01%,0.0,0.01,1,2,14,LONG,2026-01-06 08:29:59 UTC,2026-01-06 08:59:59 UTC,1800.0,5.473,5.444,5.477,5.445,18.3,183,10.02,0.01,0.01,0.02,-0.5507,-0.53,-5.5,STOP_LOSS_HIT,99.67
TRUMP_USDT,15m,Maker 0.00% / Taker 0.01%,0.0,0.01,1,2,15,LONG,2026-01-06 18:29:59 UTC,2026-01-06 18:44:59 UTC,900.0,5.369,5.373,5.373,5.194,18.6,186,9.99,0.01,0.01,0.02,0.0544,0.07,0.54,MIN_PROFIT_TP_HIT,99.73
TRUMP_USDT,15m,Maker 0.00% / Taker 0.01%,0.0,0.01,1,2,16,LONG,2026-01-06 23:29:59 UTC,2026-01-06 23:44:59 UTC,900.0,5.478,5.482,5.482,5.433,18.2,182,9.97,0.01,0.01,0.0199,0.0529,0.07,0.53,MIN_PROFIT_TP_HIT,99.78
TRUMP_USDT,15m,Maker 0.00% / Taker 0.01%,0.0,0.01,1,2,17,LONG,2026-01-07 04:59:59 UTC,2026-01-07 05:29:59 UTC,1800.0,5.453,5.457,5.457,5.411,18.3,183,9.98,0.01,0.01,0.02,0.0532,0.07,0.53,MIN_PROFIT_TP_HIT,99.83
TRUMP_USDT,15m,Maker 0.00% / Taker 0.01%,0.0,0.01,1,2,18,LONG,2026-01-07 10:29:59 UTC,2026-01-07 10:44:59 UTC,900.0,5.453,5.457,5.457,5.446,18.3,183,9.98,0.01,0.01,0.02,0.0532,0.07,0.53,MIN_PROFIT_TP_HIT,99.89
TRUMP_USDT,15m,Maker 0.00% / Taker 0.01%,0.0,0.01,1,2,19,SHORT,2026-01-07 23:59:59 UTC,2026-01-08 00:14:59 UTC,900.0,5.359,5.355,5.355,5.392,18.6,186,9.97,0.01,0.01,0.0199,0.0545,0.07,0.55,MIN_PROFIT_TP_HIT,99.94
TRUMP_USDT,15m,Maker 0.00% / Taker 0.01%,0.0,0.01,1,2,20,LONG,2026-01-08 06:59:59 UTC,2026-01-08 07:14:59 UTC,900.0,5.283,5.287,5.287,5.254,18.900000000000002,189,9.98,0.01,0.01,0.02,0.0556,0.08,0.56,MIN_PROFIT_TP_HIT,100.0
TRUMP_USDT,15m,Maker 0.00% / Taker 0.01%,0.0,0.01,1,2,21,SHORT,2026-01-08 16:14:59 UTC,2026-01-08 16:15:59 UTC,60.0,5.372,5.368,5.368,5.398,18.6,186,9.99,0.01,0.01,0.02,0.0544,0.07,0.54,MIN_PROFIT_TP_HIT,100.05
TRUMP_USDT,15m,Maker 0.00% / Taker 0.01%,0.0,0.01,1,2,22,SHORT,2026-01-09 01:59:59 UTC,2026-01-09 02:59:59 UTC,3600.0,5.346,5.342,5.342,5.407,18.7,187,10.0,0.01,0.01,0.02,0.0548,0.07,0.55,MIN_PROFIT_TP_HIT,100.1
TRUMP_USDT,15m,Maker 0.00% / Taker 0.01%,0.0,0.01,1,2,23,LONG,2026-01-09 09:29:59 UTC,2026-01-09 10:14:59 UTC,2700.0,5.349,5.353,5.353,5.256,18.7,187,10.0,0.01,0.01,0.02,0.0548,0.07,0.55,MIN_PROFIT_TP_HIT,100.16
TRUMP_USDT,15m,Maker 0.00% / Taker 0.01%,0.0,0.01,1,2,24,SHORT,2026-01-09 11:44:59 UTC,2026-01-09 11:59:59 UTC,900.0,5.35,5.346,5.346,5.383,18.7,187,10.0,0.01,0.01,0.02,0.0548,0.07,0.55,MIN_PROFIT_TP_HIT,100.21
TRUMP_USDT,15m,Maker 0.00% / Taker 0.01%,0.0,0.01,1,2,25,LONG,2026-01-09 15:44:59 UTC,2026-01-09 15:59:59 UTC,900.0,5.374,5.378,5.378,5.285,18.6,186,10.0,0.01,0.01,0.02,0.0544,0.07,0.54,MIN_PROFIT_TP_HIT,100.27
TRUMP_USDT,15m,Maker 0.00% / Taker 0.01%,0.0,0.01,1,2,26,SHORT,2026-01-09 17:29:59 UTC,2026-01-09 17:44:59 UTC,900.0,5.408,5.404,5.404,5.455,18.5,185,10.0,0.01,0.01,0.02,0.054,0.07,0.54,MIN_PROFIT_TP_HIT,100.32
TRUMP_USDT,15m,Maker 0.00% / Taker 0.01%,0.0,0.01,1,2,27,LONG,2026-01-09 23:29:59 UTC,2026-01-10 00:14:59 UTC,2700.0,5.464,5.424,5.468,5.425,18.400000000000002,184,10.05,0.0101,0.01,0.02,-0.756,-0.73,-7.52,STOP_LOSS_HIT,99.57
TRUMP_USDT,15m,Maker 0.00% / Taker 0.01%,0.0,0.01,1,2,28,SHORT,2026-01-10 12:59:59 UTC,2026-01-10 13:44:59 UTC,2700.0,5.419,5.441,5.415,5.44,18.400000000000002,184,9.97,0.01,0.01,0.02,-0.4248,-0.41,-4.26,STOP_LOSS_HIT,99.14
TRUMP_USDT,15m,Maker 0.00% / Taker 0.01%,0.0,0.01,1,2,29,SHORT,2026-01-10 14:14:59 UTC,2026-01-10 14:29:59 UTC,900.0,5.45,5.446,5.446,5.488,18.2,182,9.92,0.0099,0.0099,0.0198,0.053,0.07,0.53,MIN_PROFIT_TP_HIT,99.19
TRUMP_USDT,15m,Maker 0.00% / Taker 0.01%,0.0,0.01,1,2,30,LONG,2026-01-10 17:29:59 UTC,2026-01-10 17:46:59 UTC,1020.0,5.405,5.393,5.409,5.394,18.400000000000002,184,9.95,0.0099,0.0099,0.0199,-0.2407,-0.22,-2.42,STOP_LOSS_HIT,98.95
TRUMP_USDT,15m,Maker 0.00% / Taker 0.01%,0.0,0.01,1,2,31,SHORT,2026-01-10 21:14:59 UTC,2026-01-10 21:44:59 UTC,1800.0,5.407,5.403,5.403,5.451,18.3,183,9.89,0.0099,0.0099,0.0198,0.0534,0.07,0.54,MIN_PROFIT_TP_HIT,99.01
TRUMP_USDT,15m,Maker 0.00% / Taker 0.01%,0.0,0.01,1,2,32,LONG,2026-01-11 04:59:59 UTC,2026-01-11 05:44:59 UTC,2700.0,5.425,5.429,5.429,5.386,18.3,183,9.93,0.0099,0.0099,0.0199,0.0533,0.07,0.54,MIN_PROFIT_TP_HIT,99.06
TRUMP_USDT,15m,Maker 0.00% / Taker 0.01%,0.0,0.01,1,2,33,SHORT,2026-01-11 06:29:59 UTC,2026-01-11 06:44:59 UTC,900.0,5.418,5.414,5.414,5.443,18.3,183,9.91,0.0099,0.0099,0.0198,0.0534,0.07,0.54,MIN_PROFIT_TP_HIT,99.11
TRUMP_USDT,15m,Maker 0.00% / Taker 0.01%,0.0,0.01,1,2,34,LONG,2026-01-11 11:59:59 UTC,2026-01-11 12:14:59 UTC,900.0,5.543,5.547,5.547,5.485,17.900000000000002,179,9.92,0.0099,0.0099,0.0199,0.0517,0.07,0.52,MIN_PROFIT_TP_HIT,99.17
TRUMP_USDT,15m,Maker 0.00% / Taker 0.01%,0.0,0.01,1,2,35,LONG,2026-01-11 21:14:59 UTC,2026-01-11 21:29:59 UTC,900.0,5.429,5.433,5.433,5.411,18.3,183,9.94,0.0099,0.0099,0.0199,0.0533,0.07,0.54,MIN_PROFIT_TP_HIT,99.22
TRUMP_USDT,15m,Maker 0.00% / Taker 0.01%,0.0,0.01,1,2,36,LONG,2026-01-12 01:29:59 UTC,2026-01-12 01:44:59 UTC,900.0,5.474,5.478,5.478,5.398,18.1,181,9.91,0.0099,0.0099,0.0198,0.0526,0.07,0.53,MIN_PROFIT_TP_HIT,99.27
TRUMP_USDT,15m,Maker 0.00% / Taker 0.01%,0.0,0.01,1,2,37,SHORT,2026-01-12 01:59:59 UTC,2026-01-12 02:29:59 UTC,1800.0,5.449,5.491,5.445,5.49,18.2,182,9.92,0.0099,0.01,0.0199,-0.7843,-0.77,-7.91,STOP_LOSS_HIT,98.49
TRUMP_USDT,15m,Maker 0.00% / Taker 0.01%,0.0,0.01,1,2,38,LONG,2026-01-12 08:14:59 UTC,2026-01-12 08:29:59 UTC,900.0,5.452,5.456,5.456,5.426,18.1,181,9.87,0.0099,0.0099,0.0197,0.0527,0.07,0.53,MIN_PROFIT_TP_HIT,98.54
TRUMP_USDT,15m,Maker 0.00% / Taker 0.01%,0.0,0.01,1,2,39,LONG,2026-01-12 22:14:59 UTC,2026-01-13 00:44:59 UTC,9000.0,5.368,5.372,5.372,5.317,18.400000000000002,184,9.88,0.0099,0.0099,0.0198,0.0538,0.07,0.55,MIN_PROFIT_TP_HIT,98.59
TRUMP_USDT,15m,Maker 0.00% / Taker 0.01%,0.0,0.01,1,2,40,SHORT,2026-01-13 01:59:59 UTC,2026-01-13 05:29:59 UTC,12600.0,5.351,5.404,5.347,5.403,18.400000000000002,184,9.85,0.0098,0.0099,0.0198,-0.995,-0.99,-10.11,STOP_LOSS_HIT,97.6
TRUMP_USDT,15m,Maker 0.00% / Taker 0.01%,0.0,0.01,1,2,41,SHORT,2026-01-13 12:29:59 UTC,2026-01-13 12:44:59 UTC,900.0,5.501,5.497,5.497,5.524,17.7,177,9.74,0.0097,0.0097,0.0195,0.0513,0.07,0.53,MIN_PROFIT_TP_HIT,97.65
TRUMP_USDT,15m,Maker 0.00% / Taker 0.01%,0.0,0.01,1,2,42,SHORT,2026-01-13 15:14:59 UTC,2026-01-13 15:29:59 UTC,900.0,5.543,5.539,5.539,5.657,17.6,176,9.76,0.0098,0.0097,0.0195,0.0509,0.07,0.52,MIN_PROFIT_TP_HIT,97.7
TRUMP_USDT,15m,Maker 0.00% / Taker 0.01%,0.0,0.01,1,2,43,LONG,2026-01-13 20:44:59 UTC,2026-01-13 20:59:59 UTC,900.0,5.564,5.568,5.568,5.49,17.6,176,9.79,0.0098,0.0098,0.0196,0.0508,0.07,0.52,MIN_PROFIT_TP_HIT,97.75
TRUMP_USDT,15m,Maker 0.00% / Taker 0.01%,0.0,0.01,1,2,44,LONG,2026-01-13 22:29:59 UTC,2026-01-13 22:44:59 UTC,900.0,5.64,5.644,5.644,5.574,17.3,173,9.76,0.0098,0.0098,0.0195,0.0497,0.07,0.51,MIN_PROFIT_TP_HIT,97.8
TRUMP_USDT,15m,Maker 0.00% / Taker 0.01%,0.0,0.01,1,2,45,LONG,2026-01-14 03:44:59 UTC,2026-01-14 03:59:59 UTC,900.0,5.752,5.756,5.756,5.679,17.0,170,9.78,0.0098,0.0098,0.0196,0.0484,0.07,0.5,MIN_PROFIT_TP_HIT,97.85
TRUMP_USDT,15m,Maker 0.00% / Taker 0.01%,0.0,0.01,1,2,46,SHORT,2026-01-14 15:44:59 UTC,2026-01-14 15:59:59 UTC,900.0,5.665,5.661,5.661,5.694,17.3,173,9.8,0.0098,0.0098,0.0196,0.0496,0.07,0.51,MIN_PROFIT_TP_HIT,97.9
TRUMP_USDT,15m,Maker 0.00% / Taker 0.01%,0.0,0.01,1,2,47,LONG,2026-01-14 18:44:59 UTC,2026-01-14 18:59:59 UTC,900.0,5.579,5.583,5.583,5.563,17.5,175,9.76,0.0098,0.0098,0.0195,0.0505,0.07,0.52,MIN_PROFIT_TP_HIT,97.95
TRUMP_USDT,15m,Maker 0.00% / Taker 0.01%,0.0,0.01,1,2,48,SHORT,2026-01-14 22:59:59 UTC,2026-01-14 23:44:59 UTC,2700.0,5.558,5.554,5.554,5.634,17.6,176,9.78,0.0098,0.0098,0.0196,0.0508,0.07,0.52,MIN_PROFIT_TP_HIT,98.0
TRUMP_USDT,15m,Maker 0.00% / Taker 0.01%,0.0,0.01,1,2,49,LONG,2026-01-15 04:14:59 UTC,2026-01-15 04:29:59 UTC,900.0,5.462,5.466,5.466,5.441,17.900000000000002,179,9.78,0.0098,0.0098,0.0196,0.052,0.07,0.53,MIN_PROFIT_TP_HIT,98.05
TRUMP_USDT,15m,Maker 0.00% / Taker 0.01%,0.0,0.01,1,2,50,LONG,2026-01-15 09:44:59 UTC,2026-01-15 11:59:59 UTC,8100.0,5.507,5.473,5.511,5.474,17.8,178,9.8,0.0098,0.0097,0.0195,-0.6247,-0.62,-6.37,STOP_LOSS_HIT,97.43
TRUMP_USDT,15m,Maker 0.00% / Taker 0.01%,0.0,0.01,1,2,51,SHORT,2026-01-15 12:14:59 UTC,2026-01-15 12:29:59 UTC,900.0,5.463,5.459,5.459,5.523,17.8,178,9.72,0.0097,0.0097,0.0194,0.0518,0.07,0.53,MIN_PROFIT_TP_HIT,97.48
TRUMP_USDT,15m,Maker 0.00% / Taker 0.01%,0.0,0.01,1,2,52,SHORT,2026-01-15 14:59:59 UTC,2026-01-15 15:14:59 UTC,900.0,5.446,5.442,5.442,5.498,17.900000000000002,179,9.75,0.0097,0.0097,0.0195,0.0521,0.07,0.53,MIN_PROFIT_TP_HIT,97.53
TRUMP_USDT,15m,Maker 0.00% / Taker 0.01%,0.0,0.01,1,2,53,LONG,2026-01-15 16:14:59 UTC,2026-01-15 16:29:59 UTC,900.0,5.413,5.417,5.417,5.337,18.0,180,9.74,0.0097,0.0098,0.0195,0.0525,0.07,0.54,MIN_PROFIT_TP_HIT,97.59
TRUMP_USDT,15m,Maker 0.00% / Taker 0.01%,0.0,0.01,1,2,54,SHORT,2026-01-15 19:14:59 UTC,2026-01-15 19:29:59 UTC,900.0,5.33,5.326,5.326,5.417,18.3,183,9.75,0.0098,0.0097,0.0195,0.0537,0.08,0.55,MIN_PROFIT_TP_HIT,97.64
TRUMP_USDT,15m,Maker 0.00% / Taker 0.01%,0.0,0.01,1,2,55,LONG,2026-01-16 00:44:59 UTC,2026-01-16 02:14:59 UTC,5400.0,5.376,5.353,5.38,5.354,18.2,182,9.78,0.0098,0.0097,0.0195,-0.4381,-0.43,-4.48,STOP_LOSS_HIT,97.2
TRUMP_USDT,15m,Maker 0.00% / Taker 0.01%,0.0,0.01,1,2,56,SHORT,2026-01-16 04:44:59 UTC,2026-01-16 04:59:59 UTC,900.0,5.329,5.325,5.325,5.357,18.2,182,9.7,0.0097,0.0097,0.0194,0.0534,0.08,0.55,MIN_PROFIT_TP_HIT,97.25
TRUMP_USDT,15m,Maker 0.00% / Taker 0.01%,0.0,0.01,1,2,57,LONG,2026-01-16 05:29:59 UTC,2026-01-16 05:44:59 UTC,900.0,5.328,5.332,5.332,5.318,18.3,183,9.75,0.0098,0.0098,0.0195,0.0537,0.08,0.55,MIN_PROFIT_TP_HIT,97.31
TRUMP_USDT,15m,Maker 0.00% / Taker 0.01%,0.0,0.01,1,2,58,LONG,2026-01-16 08:14:59 UTC,2026-01-16 08:29:59 UTC,900.0,5.398,5.402,5.402,5.355,18.0,180,9.72,0.0097,0.0097,0.0194,0.0526,0.07,0.54,MIN_PROFIT_TP_HIT,97.36
TRUMP_USDT,15m,Maker 0.00% / Taker 0.01%,0.0,0.01,1,2,59,SHORT,2026-01-16 15:44:59 UTC,2026-01-16 15:59:59 UTC,900.0,5.314,5.31,5.31,5.364,18.3,183,9.72,0.0097,0.0097,0.0194,0.0538,0.08,0.55,MIN_PROFIT_TP_HIT,97.41
TRUMP_USDT,15m,Maker 0.00% / Taker 0.01%,0.0,0.01,1,2,60,SHORT,2026-01-17 14:59:59 UTC,2026-01-17 15:02:59 UTC,180.0,5.42,5.416,5.416,5.433,18.0,180,9.76,0.0098,0.0097,0.0195,0.0525,0.07,0.54,MIN_PROFIT_TP_HIT,97.47
TRUMP_USDT,15m,Maker 0.00% / Taker 0.01%,0.0,0.01,1,2,61,SHORT,2026-01-17 18:59:59 UTC,2026-01-17 19:14:59 UTC,900.0,5.369,5.365,5.365,5.42,18.2,182,9.77,0.0098,0.0098,0.0195,0.0533,0.07,0.55,MIN_PROFIT_TP_HIT,97.52
TRUMP_USDT,15m,Maker 0.00% / Taker 0.01%,0.0,0.01,1,2,62,SHORT,2026-01-18 06:14:59 UTC,2026-01-18 06:44:59 UTC,1800.0,5.281,5.277,5.277,5.303,18.5,185,9.77,0.0098,0.0098,0.0195,0.0545,0.08,0.56,MIN_PROFIT_TP_HIT,97.57
TRUMP_USDT,15m,Maker 0.00% / Taker 0.01%,0.0,0.01,1,2,63,SHORT,2026-01-18 11:29:59 UTC,2026-01-18 11:59:59 UTC,1800.0,5.251,5.247,5.247,5.265,18.6,186,9.77,0.0098,0.0098,0.0195,0.0549,0.08,0.56,MIN_PROFIT_TP_HIT,97.63
TRUMP_USDT,15m,Maker 0.00% / Taker 0.01%,0.0,0.01,1,2,64,SHORT,2026-01-18 12:14:59 UTC,2026-01-18 12:29:59 UTC,900.0,5.24,5.236,5.236,5.293,18.6,186,9.75,0.0097,0.0097,0.0195,0.0549,0.08,0.56,MIN_PROFIT_TP_HIT,97.68
TRUMP_USDT,15m,Maker 0.00% / Taker 0.01%,0.0,0.01,1,2,65,LONG,2026-01-18 20:44:59 UTC,2026-01-18 20:59:59 UTC,900.0,5.189,5.193,5.193,5.15,18.8,188,9.76,0.0098,0.0098,0.0195,0.0557,0.08,0.57,MIN_PROFIT_TP_HIT,97.74
TRUMP_USDT,15m,Maker 0.00% / Taker 0.01%,0.0,0.01,1,2,66,LONG,2026-01-19 00:44:59 UTC,2026-01-19 00:59:59 UTC,900.0,4.972,4.975,4.975,4.529,19.700000000000003,197,9.79,0.0098,0.0098,0.0196,0.0395,0.06,0.4,MIN_PROFIT_TP_HIT,97.78
TRUMP_USDT,15m,Maker 0.00% / Taker 0.01%,0.0,0.01,1,2,67,LONG,2026-01-19 14:59:59 UTC,2026-01-19 15:14:59 UTC,900.0,5.006,5.009,5.009,4.961,19.5,195,9.76,0.0098,0.0098,0.0195,0.039,0.06,0.4,MIN_PROFIT_TP_HIT,97.82
TRUMP_USDT,15m,Maker 0.00% / Taker 0.01%,0.0,0.01,1,2,68,LONG,2026-01-19 22:44:59 UTC,2026-01-19 22:59:59 UTC,900.0,4.979,4.982,4.982,4.956,19.6,196,9.76,0.0098,0.0098,0.0195,0.0393,0.06,0.4,MIN_PROFIT_TP_HIT,97.86
TRUMP_USDT,15m,Maker 0.00% / Taker 0.01%,0.0,0.01,1,2,69,SHORT,2026-01-20 07:59:59 UTC,2026-01-20 08:14:59 UTC,900.0,4.953,4.95,4.95,5.019,19.8,198,9.81,0.0098,0.0098,0.0196,0.0398,0.06,0.41,MIN_PROFIT_TP_HIT,97.9
TRUMP_USDT,15m,Maker 0.00% / Taker 0.01%,0.0,0.01,1,2,70,SHORT,2026-01-20 15:29:59 UTC,2026-01-20 15:44:59 UTC,900.0,4.924,4.921,4.921,4.96,19.900000000000002,199,9.8,0.0098,0.0098,0.0196,0.0401,0.06,0.41,MIN_PROFIT_TP_HIT,97.94
TRUMP_USDT,15m,Maker 0.00% / Taker 0.01%,0.0,0.01,1,2,71,LONG,2026-01-21 04:59:59 UTC,2026-01-21 05:14:59 UTC,900.0,4.93,4.933,4.933,4.888,19.900000000000002,199,9.81,0.0098,0.0098,0.0196,0.0401,0.06,0.41,MIN_PROFIT_TP_HIT,97.98
TRUMP_USDT,15m,Maker 0.00% / Taker 0.01%,0.0,0.01,1,2,72,SHORT,2026-01-21 05:44:59 UTC,2026-01-21 05:59:59 UTC,900.0,4.927,4.924,4.924,4.968,19.900000000000002,199,9.8,0.0098,0.0098,0.0196,0.0401,0.06,0.41,MIN_PROFIT_TP_HIT,98.02
TRUMP_USDT,15m,Maker 0.00% / Taker 0.01%,0.0,0.01,1,2,73,LONG,2026-01-21 10:14:59 UTC,2026-01-21 10:29:59 UTC,900.0,4.919,4.922,4.922,4.898,19.900000000000002,199,9.79,0.0098,0.0098,0.0196,0.0401,0.06,0.41,MIN_PROFIT_TP_HIT,98.06
TRUMP_USDT,15m,Maker 0.00% / Taker 0.01%,0.0,0.01,1,2,74,LONG,2026-01-21 12:59:59 UTC,2026-01-21 13:14:59 UTC,900.0,4.878,4.881,4.881,4.767,20.1,201,9.8,0.0098,0.0098,0.0196,0.0407,0.06,0.41,MIN_PROFIT_TP_HIT,98.1
TRUMP_USDT,15m,Maker 0.00% / Taker 0.01%,0.0,0.01,1,2,75,SHORT,2026-01-21 14:44:59 UTC,2026-01-21 14:45:59 UTC,60.0,4.914,4.924,4.911,4.923,20.0,200,9.83,0.0098,0.0098,0.0197,-0.2197,-0.2,-2.24,STOP_LOSS_HIT,97.88
TRUMP_USDT,15m,Maker 0.00% / Taker 0.01%,0.0,0.01,1,2,76,SHORT,2026-01-21 15:44:59 UTC,2026-01-21 15:59:59 UTC,900.0,4.92,4.917,4.917,4.949,19.900000000000002,199,9.79,0.0098,0.0098,0.0196,0.0401,0.06,0.41,MIN_PROFIT_TP_HIT,97.92
TRUMP_USDT,15m,Maker 0.00% / Taker 0.01%,0.0,0.01,1,2,77,SHORT,2026-01-21 20:14:59 UTC,2026-01-21 20:29:59 UTC,900.0,4.921,4.918,4.918,4.925,19.900000000000002,199,9.79,0.0098,0.0098,0.0196,0.0401,0.06,0.41,MIN_PROFIT_TP_HIT,97.96
TRUMP_USDT,15m,Maker 0.00% / Taker 0.01%,0.0,0.01,1,2,78,SHORT,2026-01-22 11:44:59 UTC,2026-01-22 12:14:59 UTC,1800.0,4.861,4.858,4.858,4.891,20.200000000000003,202,9.82,0.0098,0.0098,0.0196,0.041,0.06,0.42,MIN_PROFIT_TP_HIT,98.0
TRUMP_USDT,15m,Maker 0.00% / Taker 0.01%,0.0,0.01,1,2,79,LONG,2026-01-22 21:14:59 UTC,2026-01-22 21:29:59 UTC,900.0,4.857,4.86,4.86,4.829,20.200000000000003,202,9.81,0.0098,0.0098,0.0196,0.041,0.06,0.42,MIN_PROFIT_TP_HIT,98.04
TRUMP_USDT,15m,Maker 0.00% / Taker 0.01%,0.0,0.01,1,2,80,SHORT,2026-01-23 02:44:59 UTC,2026-01-23 02:59:59 UTC,900.0,4.861,4.858,4.858,4.87,20.200000000000003,202,9.82,0.0098,0.0098,0.0196,0.041,0.06,0.42,MIN_PROFIT_TP_HIT,98.08
TRUMP_USDT,15m,Maker 0.00% / Taker 0.01%,0.0,0.01,1,2,81,SHORT,2026-01-23 14:59:59 UTC,2026-01-23 15:14:59 UTC,900.0,4.836,4.833,4.833,4.894,20.3,203,9.82,0.0098,0.0098,0.0196,0.0413,0.06,0.42,MIN_PROFIT_TP_HIT,98.12
TRUMP_USDT,15m,Maker 0.00% / Taker 0.01%,0.0,0.01,1,2,82,LONG,2026-01-23 16:14:59 UTC,2026-01-23 16:44:59 UTC,1800.0,4.886,4.889,4.889,4.815,20.1,201,9.82,0.0098,0.0098,0.0196,0.0407,0.06,0.41,MIN_PROFIT_TP_HIT,98.16
TRUMP_USDT,15m,Maker 0.00% / Taker 0.01%,0.0,0.01,1,2,83,SHORT,2026-01-23 22:44:59 UTC,2026-01-23 23:14:59 UTC,1800.0,4.86,4.857,4.857,4.91,20.200000000000003,202,9.82,0.0098,0.0098,0.0196,0.041,0.06,0.42,MIN_PROFIT_TP_HIT,98.2
TRUMP_USDT,15m,Maker 0.00% / Taker 0.01%,0.0,0.01,1,2,84,LONG,2026-01-24 02:29:59 UTC,2026-01-24 02:44:59 UTC,900.0,4.865,4.868,4.868,4.842,20.200000000000003,202,9.83,0.0098,0.0098,0.0197,0.0409,0.06,0.42,MIN_PROFIT_TP_HIT,98.25
TRUMP_USDT,15m,Maker 0.00% / Taker 0.01%,0.0,0.01,1,2,85,SHORT,2026-01-24 11:59:59 UTC,2026-01-24 12:14:59 UTC,900.0,4.944,4.941,4.941,4.977,19.900000000000002,199,9.84,0.0098,0.0098,0.0197,0.04,0.06,0.41,MIN_PROFIT_TP_HIT,98.29
TRUMP_USDT,15m,Maker 0.00% / Taker 0.01%,0.0,0.01,1,2,86,SHORT,2026-01-25 14:59:59 UTC,2026-01-25 15:14:59 UTC,900.0,4.876,4.873,4.873,4.913,20.200000000000003,202,9.85,0.0098,0.0098,0.0197,0.0409,0.06,0.42,MIN_PROFIT_TP_HIT,98.33
TRUMP_USDT,15m,Maker 0.00% / Taker 0.01%,0.0,0.01,1,2,87,LONG,2026-01-26 00:14:59 UTC,2026-01-26 00:29:59 UTC,900.0,4.769,4.772,4.772,4.727,20.6,206,9.82,0.0098,0.0098,0.0197,0.0421,0.06,0.43,MIN_PROFIT_TP_HIT,98.37
TRUMP_USDT,15m,Maker 0.00% / Taker 0.01%,0.0,0.01,1,2,88,SHORT,2026-01-26 01:44:59 UTC,2026-01-26 01:59:59 UTC,900.0,4.817,4.814,4.814,4.827,20.400000000000002,204,9.83,0.0098,0.0098,0.0196,0.0416,0.06,0.42,MIN_PROFIT_TP_HIT,98.41
TRUMP_USDT,15m,Maker 0.00% / Taker 0.01%,0.0,0.01,1,2,89,LONG,2026-01-26 04:44:59 UTC,2026-01-26 04:59:59 UTC,900.0,4.828,4.831,4.831,4.784,20.400000000000002,204,9.85,0.0098,0.0099,0.0197,0.0415,0.06,0.42,MIN_PROFIT_TP_HIT,98.45
TRUMP_USDT,15m,Maker 0.00% / Taker 0.01%,0.0,0.01,1,2,90,LONG,2026-01-26 12:14:59 UTC,2026-01-26 14:14:59 UTC,7200.0,4.827,4.805,4.83,4.806,20.400000000000002,204,9.85,0.0098,0.0098,0.0196,-0.4684,-0.46,-4.76,STOP_LOSS_HIT,97.98
TRUMP_USDT,15m,Maker 0.00% / Taker 0.01%,0.0,0.01,1,2,91,LONG,2026-01-26 15:29:59 UTC,2026-01-26 20:59:59 UTC,19800.0,4.846,4.788,4.849,4.789,20.200000000000003,202,9.79,0.0098,0.0097,0.0195,-1.1911,-1.2,-12.17,STOP_LOSS_HIT,96.79
TRUMP_USDT,15m,Maker 0.00% / Taker 0.01%,0.0,0.01,1,2,92,SHORT,2026-01-27 02:14:59 UTC,2026-01-27 02:29:59 UTC,900.0,4.809,4.806,4.806,4.831,20.1,201,9.67,0.0097,0.0097,0.0193,0.041,0.06,0.42,MIN_PROFIT_TP_HIT,96.83
TRUMP_USDT,15m,Maker 0.00% / Taker 0.01%,0.0,0.01,1,2,93,SHORT,2026-01-27 14:44:59 UTC,2026-01-27 15:14:59 UTC,1800.0,4.735,4.76,4.732,4.759,20.5,205,9.71,0.0097,0.0098,0.0195,-0.532,-0.53,-5.48,STOP_LOSS_HIT,96.3
TRUMP_USDT,15m,Maker 0.00% / Taker 0.01%,0.0,0.01,1,2,94,LONG,2026-01-27 16:14:59 UTC,2026-01-27 16:29:59 UTC,900.0,4.81,4.813,4.813,4.763,20.0,200,9.62,0.0096,0.0096,0.0192,0.0408,0.06,0.42,MIN_PROFIT_TP_HIT,96.34
TRUMP_USDT,15m,Maker 0.00% / Taker 0.01%,0.0,0.01,1,2,95,SHORT,2026-01-27 16:44:59 UTC,2026-01-27 16:59:59 UTC,900.0,4.815,4.812,4.812,4.84,20.0,200,9.63,0.0096,0.0096,0.0193,0.0407,0.06,0.42,MIN_PROFIT_TP_HIT,96.38
TRUMP_USDT,15m,Maker 0.00% / Taker 0.01%,0.0,0.01,1,2,96,SHORT,2026-01-28 01:29:59 UTC,2026-01-28 01:44:59 UTC,900.0,4.779,4.776,4.776,4.802,20.200000000000003,202,9.65,0.0097,0.0096,0.0193,0.0413,0.06,0.43,MIN_PROFIT_TP_HIT,96.42
TRUMP_USDT,15m,Maker 0.00% / Taker 0.01%,0.0,0.01,1,2,97,LONG,2026-01-28 03:14:59 UTC,2026-01-28 03:30:59 UTC,960.0,4.756,4.748,4.759,4.749,20.3,203,9.65,0.0097,0.0096,0.0193,-0.1817,-0.17,-1.88,STOP_LOSS_HIT,96.24
TRUMP_USDT,15m,Maker 0.00% / Taker 0.01%,0.0,0.01,1,2,98,LONG,2026-01-28 09:59:59 UTC,2026-01-28 10:14:59 UTC,900.0,4.807,4.81,4.81,4.761,20.0,200,9.61,0.0096,0.0096,0.0192,0.0408,0.06,0.42,MIN_PROFIT_TP_HIT,96.28
TRUMP_USDT,15m,Maker 0.00% / Taker 0.01%,0.0,0.01,1,2,99,SHORT,2026-01-28 20:59:59 UTC,2026-01-28 21:14:59 UTC,900.0,4.734,4.731,4.731,4.779,20.3,203,9.61,0.0096,0.0096,0.0192,0.0417,0.06,0.43,MIN_PROFIT_TP_HIT,96.32
TRUMP_USDT,15m,Maker 0.00% / Taker 0.01%,0.0,0.01,1,2,100,LONG,2026-01-28 21:29:59 UTC,2026-01-28 21:44:59 UTC,900.0,4.744,4.747,4.747,4.724,20.3,203,9.63,0.0096,0.0096,0.0193,0.0416,0.06,0.43,MIN_PROFIT_TP_HIT,96.37
TRUMP_USDT,15m,Maker 0.00% / Taker 0.01%,0.0,0.01,1,2,101,LONG,2026-01-29 00:59:59 UTC,2026-01-29 01:14:59 UTC,900.0,4.755,4.747,4.758,4.748,20.3,203,9.65,0.0097,0.0096,0.0193,-0.1817,-0.17,-1.88,STOP_LOSS_HIT,96.18
TRUMP_USDT,15m,Maker 0.00% / Taker 0.01%,0.0,0.01,1,2,102,SHORT,2026-01-29 08:59:59 UTC,2026-01-29 09:14:59 UTC,900.0,4.687,4.684,4.684,4.71,20.5,205,9.61,0.0096,0.0096,0.0192,0.0423,0.06,0.44,MIN_PROFIT_TP_HIT,96.23
TRUMP_USDT,15m,Maker 0.00% / Taker 0.01%,0.0,0.01,1,2,103,SHORT,2026-01-29 10:14:59 UTC,2026-01-29 10:44:59 UTC,1800.0,4.664,4.661,4.661,4.697,20.6,206,9.61,0.0096,0.0096,0.0192,0.0426,0.06,0.44,MIN_PROFIT_TP_HIT,96.27
TRUMP_USDT,15m,Maker 0.00% / Taker 0.01%,0.0,0.01,1,2,104,SHORT,2026-01-29 14:59:59 UTC,2026-01-29 15:14:59 UTC,900.0,4.575,4.572,4.572,4.608,21.0,210,9.61,0.0096,0.0096,0.0192,0.0438,0.07,0.46,MIN_PROFIT_TP_HIT,96.31
TRUMP_USDT,15m,Maker 0.00% / Taker 0.01%,0.0,0.01,1,2,105,SHORT,2026-01-30 00:44:59 UTC,2026-01-30 01:14:59 UTC,1800.0,4.576,4.573,4.573,4.624,21.0,210,9.61,0.0096,0.0096,0.0192,0.0438,0.07,0.46,MIN_PROFIT_TP_HIT,96.36
TRUMP_USDT,15m,Maker 0.00% / Taker 0.01%,0.0,0.01,1,2,106,SHORT,2026-01-30 01:59:59 UTC,2026-01-30 02:14:59 UTC,900.0,4.525,4.522,4.522,4.619,21.3,213,9.64,0.0096,0.0096,0.0193,0.0446,0.07,0.46,MIN_PROFIT_TP_HIT,96.4
TRUMP_USDT,15m,Maker 0.00% / Taker 0.01%,0.0,0.01,1,2,107,LONG,2026-01-30 14:59:59 UTC,2026-01-30 15:14:59 UTC,900.0,4.537,4.54,4.54,4.477,21.200000000000003,212,9.62,0.0096,0.0096,0.0192,0.0444,0.07,0.46,MIN_PROFIT_TP_HIT,96.45
TRUMP_USDT,15m,Maker 0.00% / Taker 0.01%,0.0,0.01,1,2,108,LONG,2026-01-30 21:29:59 UTC,2026-01-30 21:44:59 UTC,900.0,4.524,4.527,4.527,4.483,21.3,213,9.64,0.0096,0.0096,0.0193,0.0446,0.07,0.46,MIN_PROFIT_TP_HIT,96.49
TRUMP_USDT,15m,Maker 0.00% / Taker 0.01%,0.0,0.01,1,2,109,SHORT,2026-01-30 22:44:59 UTC,2026-01-30 22:59:59 UTC,900.0,4.461,4.458,4.458,4.553,21.6,216,9.64,0.0096,0.0096,0.0193,0.0455,0.07,0.47,MIN_PROFIT_TP_HIT,96.54
