trade_id,type,entry_time,exit_time,entry_price,exit_price,tp_price,sl_price,tp_ticks,sl_ticks,bars_held,confidence,exit_reason,gross_return_pct,net_return_pct,net_margin_ret_pct,pnl_usd,equity_after
1,SHORT,1786631040000,1786631460000,1.4000000000000001,1.403,1.398,1.403,3,2,7,0.5663,SL_HIT,-0.21428571428570653,-0.25428571428570657,-5.085714285714131,-50.85714285714131,9949.142857142859
2,SHORT,1786631460000,1786631520000,1.4020000000000001,1.405,1.4,1.405,3,2,1,0.6844,SL_HIT,-0.21398002853066272,-0.2539800285306627,-5.0796005706132545,-50.53767173425565,9898.605185408604
3,SHORT,1786631700000,1786632180000,1.405,1.403,1.403,1.408,3,2,8,0.8065,TP_HIT,0.1423487544483987,0.1023487544483987,2.046975088967974,20.262198230060626,9918.867383638664
4,SHORT,1786632180000,1786632780000,1.403,1.404,1.401,1.406,3,2,10,0.5911,TIME_EXPIRY,-0.07127583749108267,-0.11127583749108268,-2.2255167498216535,-22.074605501547527,9896.792778137116
5,SHORT,1786632900000,1786633500000,1.403,1.4029999999999998,1.401,1.406,3,2,10,0.699,TIME_EXPIRY,1.582641517640993e-14,-0.03999999999998418,-0.7999999999996836,-7.917434222506562,9888.87534391461
6,SHORT,1786633560000,1786633740000,1.401,1.399,1.399,1.404,3,2,3,0.6141,TP_HIT,0.14275517487508935,0.10275517487508935,2.0551034975017872,20.322662305638104,9909.198006220247
7,SHORT,1786633800000,1786634340000,1.399,1.402,1.397,1.402,3,2,9,0.6616,SL_HIT,-0.2144388849177907,-0.2544388849177907,-5.088777698355814,-50.4257058226455,9858.772300397603
8,SHORT,1786634340000,1786634700000,1.4000000000000001,1.398,1.398,1.403,3,2,6,0.5674,TP_HIT,0.14285714285715884,0.10285714285715884,2.057142857143177,20.280903017963936,9879.053203415566
9,SHORT,1786637880000,1786638060000,1.389,1.393,1.385,1.393,5,3,3,0.5521,SL_HIT,-0.2879769618430528,-0.3279769618430528,-6.559539236861056,-64.80203711084232,9814.251166304723
10,SHORT,1786640700000,1786641300000,1.3820000000000001,1.3829999999999998,1.378,1.386,5,3,10,0.5546,TIME_EXPIRY,-0.07235890014469376,-0.11235890014469375,-2.2471780028938753,-22.05436933579553,9792.196796968927
11,SHORT,1786642200000,1786642320000,1.379,1.382,1.377,1.382,3,2,2,0.5869,SL_HIT,-0.21754894851340767,-0.2575489485134077,-5.150978970268154,-50.43939977391412,9741.757397195013
12,SHORT,1786642560000,1786642620000,1.3800000000000001,1.378,1.378,1.383,3,2,1,0.6562,TP_HIT,0.14492753623190024,0.10492753623190026,2.098550724638005,20.443572045131244,9762.200969240144
13,SHORT,1786643100000,1786643280000,1.381,1.379,1.379,1.384,3,2,3,0.5526,TP_HIT,0.14482259232440273,0.10482259232440273,2.0964518464880544,20.465984247750978,9782.666953487895
14,SHORT,1786643640000,1786644240000,1.3800000000000001,1.3829999999999998,1.378,1.383,3,2,10,0.7098,TIME_EXPIRY,-0.2173913043478021,-0.2573913043478021,-5.147826086956043,-50.35946814316778,9732.307485344727
15,SHORT,1786644240000,1786644540000,1.381,1.379,1.379,1.384,3,2,5,0.7024,TP_HIT,0.14482259232440273,0.10482259232440273,2.0964518464880544,20.403313998240467,9752.710799342967
16,SHORT,1786644540000,1786644600000,1.379,1.382,1.377,1.382,3,2,1,0.6861,SL_HIT,-0.21754894851340767,-0.2575489485134077,-5.150978970268154,-50.23600823052274,9702.474791112445
17,SHORT,1786644900000,1786645200000,1.3800000000000001,1.378,1.378,1.383,3,2,5,0.6863,TP_HIT,0.14492753623190024,0.10492753623190026,2.098550724638005,20.361135503671,9722.835926616117
18,SHORT,1786645260000,1786645320000,1.3780000000000001,1.376,1.376,1.381,3,2,1,0.5617,TP_HIT,0.14513788098695382,0.10513788098695384,2.1027576197390765,20.444767330164886,9743.280693946283
19,SHORT,1786645740000,1786645980000,1.3730000000000002,1.376,1.371,1.376,3,2,4,0.681,SL_HIT,-0.21849963583391618,-0.2584996358339162,-5.169992716678324,-50.37269022425482,9692.908003722028
20,SHORT,1786647480000,1786647600000,1.3800000000000001,1.383,1.377,1.383,4,2,2,0.5818,SL_HIT,-0.2173913043478182,-0.2573913043478182,-5.147826086956364,-49.897404680028394,9643.010599042
21,SHORT,1786647960000,1786648500000,1.381,1.379,1.379,1.384,3,2,9,0.706,TP_HIT,0.14482259232440273,0.10482259232440273,2.0964518464880544,20.21610737606548,9663.226706418065
22,SHORT,1786649100000,1786649700000,1.381,1.384,1.379,1.384,3,2,10,0.6363,SL_HIT,-0.21723388848659606,-0.25723388848659606,-5.1446777697319215,-49.714187620388834,9613.512518797676
23,SHORT,1786649880000,1786649940000,1.383,1.386,1.381,1.386,3,2,1,0.6364,SL_HIT,-0.21691973969630451,-0.25691973969630455,-5.13839479392609,-49.39802267793328,9564.114496119742
24,SHORT,1786649940000,1786650540000,1.3840000000000001,1.3849999999999998,1.382,1.387,3,2,10,0.5784,TIME_EXPIRY,-0.0722543352600916,-0.11225433526009161,-2.2450867052018317,-21.47226630226655,9542.642229817477
25,SHORT,1786650720000,1786651320000,1.383,1.384,1.381,1.386,3,2,10,0.6478,TIME_EXPIRY,-0.07230657989876282,-0.11230657989876283,-2.2461315979752565,-21.434030240566095,9521.208199576911
26,SHORT,1786651320000,1786651680000,1.3820000000000001,1.385,1.38,1.385,3,2,6,0.6427,SL_HIT,-0.21707670043414554,-0.25707670043414554,-5.141534008682911,-48.953615761875284,9472.254583815036
27,SHORT,1786651800000,1786651920000,1.383,1.382,1.382,1.386,2,2,2,0.626,TP_HIT,0.07230657989877888,0.03230657989877887,0.6461315979755774,6.120322990671898,9478.374906805708
28,SHORT,1786651920000,1786652520000,1.3820000000000001,1.384,1.38,1.385,3,2,10,0.6211,TIME_EXPIRY,-0.14471780028941966,-0.18471780028941964,-3.694356005788393,-35.01649126207167,9443.358415543637
29,SHORT,1786652520000,1786653120000,1.3820000000000001,1.3829999999999998,1.381,1.385,2,2,10,0.6105,TIME_EXPIRY,-0.07235890014469376,-0.11235890014469375,-2.2471780028938753,-21.220907304852417,9422.137508238784
30,SHORT,1786653300000,1786653900000,1.3820000000000001,1.3829999999999998,1.381,1.385,2,2,10,0.5743,TIME_EXPIRY,-0.07235890014469376,-0.11235890014469375,-2.2471780028938753,-21.173220148755505,9400.964288090028
31,SHORT,1786654260000,1786654380000,1.3820000000000001,1.385,1.381,1.385,2,2,2,0.623,SL_HIT,-0.21707670043414554,-0.25707670043414554,-5.141534008682911,-48.335377601628416,9352.6289104884
32,SHORT,1786654380000,1786654440000,1.3840000000000001,1.382,1.382,1.387,3,2,1,0.6175,TP_HIT,0.14450867052024738,0.10450867052024738,2.0901734104049474,19.54861626608745,9372.177526754487
33,SHORT,1786654500000,1786654860000,1.3820000000000001,1.385,1.38,1.385,3,2,6,0.6208,SL_HIT,-0.21707670043414554,-0.25707670043414554,-5.141534008682911,-48.187369489221894,9323.990157265265
34,SHORT,1786655160000,1786655280000,1.3840000000000001,1.383,1.383,1.387,2,2,2,0.7469,TP_HIT,0.07225433526012369,0.03225433526012369,0.6450867052024738,6.014782089890546,9330.004939355156
35,SHORT,1786656480000,1786656720000,1.385,1.384,1.384,1.388,2,2,4,0.6243,TP_HIT,0.07220216606499004,0.03220216606499003,0.6440433212998006,6.00892736888584,9336.013866724043
36,SHORT,1786657020000,1786657140000,1.3840000000000001,1.387,1.383,1.387,2,2,2,0.6169,SL_HIT,-0.216763005780339,-0.256763005780339,-5.13526011560678,-47.94285964853981,9288.071007075503
37,SHORT,1786657260000,1786657380000,1.3860000000000001,1.385,1.385,1.389,2,2,2,0.6324,TP_HIT,0.07215007215008022,0.032150072150080214,0.6430014430016043,5.972243060250913,9294.043250135754
38,SHORT,1786657380000,1786657680000,1.385,1.388,1.383,1.388,3,2,5,0.5936,SL_HIT,-0.21660649819493805,-0.2566064981949381,-5.132129963898762,-47.69823784979273,9246.345012285961
39,SHORT,1786658040000,1786658160000,1.3860000000000001,1.389,1.385,1.389,2,2,2,0.5754,SL_HIT,-0.2164502164502086,-0.2564502164502086,-5.129004329004172,-47.42454359548083,9198.920468690481
40,SHORT,1786658460000,1786658640000,1.387,1.39,1.386,1.39,2,2,3,0.6264,SL_HIT,-0.21629416005767063,-0.25629416005767064,-5.125883201153412,-47.15259189920682,9151.767876791275
41,SHORT,1786658880000,1786659120000,1.389,1.392,1.387,1.392,3,2,4,0.6156,SL_HIT,-0.2159827213822816,-0.2559827213822816,-5.119654427645632,-46.85388893119952,9104.913987860074
42,SHORT,1786659120000,1786659480000,1.391,1.389,1.389,1.394,3,2,6,0.6476,TP_HIT,0.14378145219266728,0.10378145219266728,2.0756290438533456,18.89842391498896,9123.812411775063
43,SHORT,1786661160000,1786661760000,1.389,1.39,1.387,1.392,3,2,10,0.6256,TIME_EXPIRY,-0.07199424046075521,-0.11199424046075522,-2.2398848092151042,-20.43628882326319,9103.3761229518
44,SHORT,1786661760000,1786662060000,1.3880000000000001,1.387,1.387,1.391,2,2,5,0.6974,TP_HIT,0.07204610951009452,0.03204610951009452,0.6409221902018902,5.834555762953861,9109.210678714755
45,SHORT,1786662060000,1786662240000,1.3880000000000001,1.387,1.387,1.391,2,2,3,0.6898,TP_HIT,0.07204610951009452,0.03204610951009452,0.6409221902018902,5.838295259212309,9115.048973973968
46,SHORT,1786662240000,1786662600000,1.387,1.39,1.385,1.39,3,2,6,0.6538,SL_HIT,-0.21629416005767063,-0.25629416005767064,-5.125883201153412,-46.72267641338381,9068.326297560585
47,SHORT,1786662660000,1786663080000,1.3880000000000001,1.391,1.386,1.391,3,2,7,0.6758,SL_HIT,-0.21613832853025153,-0.25613832853025154,-5.12276657060503,-46.45491880848186,9021.871378752103
48,SHORT,1786663080000,1786663140000,1.389,1.392,1.387,1.392,3,2,1,0.6381,SL_HIT,-0.2159827213822816,-0.2559827213822816,-5.119654427645632,-46.18886374987761,8975.682515002225
49,SHORT,1786663140000,1786663200000,1.3900000000000001,1.393,1.388,1.393,3,2,1,0.5672,SL_HIT,-0.2158273381294886,-0.2558273381294886,-5.116546762589772,-45.924499314168266,8929.758015688058
50,SHORT,1786663200000,1786663800000,1.391,1.392,1.389,1.394,3,2,10,0.6346,TIME_EXPIRY,-0.07189072609632564,-0.11189072609632565,-2.2378145219265133,-19.98314216479642,8909.774873523262
51,SHORT,1786663800000,1786663980000,1.3900000000000001,1.393,1.388,1.393,3,2,3,0.6401,SL_HIT,-0.2158273381294886,-0.2558273381294886,-5.116546762589772,-45.587279784529144,8864.187593738732
52,SHORT,1786663980000,1786664220000,1.3920000000000001,1.395,1.39,1.395,3,2,4,0.6478,SL_HIT,-0.21551724137930253,-0.25551724137930254,-5.110344827586051,-45.29905522041518,8818.888538518317
53,SHORT,1786664220000,1786664340000,1.3940000000000001,1.397,1.392,1.397,3,2,2,0.6636,SL_HIT,-0.21520803443327774,-0.2552080344332778,-5.104160688665555,-45.013024196028425,8773.875514322288
54,SHORT,1786664340000,1786664940000,1.395,1.3949999999999998,1.393,1.398,3,2,10,0.5945,TIME_EXPIRY,1.5917175980288982e-14,-0.03999999999998408,-0.7999999999996817,-7.019100411455038,8766.856413910833
55,SHORT,1786665120000,1786665240000,1.393,1.392,1.392,1.396,2,2,2,0.735,TP_HIT,0.07178750897344666,0.031787508973446656,0.6357501794689332,5.57353053852218,8772.429944449355
56,SHORT,1786665240000,1786665360000,1.3920000000000001,1.395,1.391,1.395,2,2,2,0.7088,SL_HIT,-0.21551724137930253,-0.25551724137930254,-5.110344827586051,-44.830141991977754,8727.599802457378
57,SHORT,1786665360000,1786665720000,1.3940000000000001,1.397,1.392,1.397,3,2,6,0.6211,SL_HIT,-0.21520803443327774,-0.2552080344332778,-5.104160688665555,-44.547071818108215,8683.05273063927
58,SHORT,1786665720000,1786666320000,1.395,1.3969999999999998,1.393,1.398,3,2,10,0.6031,TIME_EXPIRY,-0.14336917562722434,-0.18336917562722435,-3.6673835125444874,-31.84408442290085,8651.20864621637
59,SHORT,1786666320000,1786666860000,1.395,1.398,1.393,1.398,3,2,9,0.7263,SL_HIT,-0.21505376344085245,-0.25505376344085245,-5.101075268817049,-44.13046647059055,8607.078179745778
60,SHORT,1786666860000,1786667220000,1.397,1.395,1.395,1.4,3,2,6,0.74,TP_HIT,0.14316392269148187,0.10316392269148188,2.0632784538296374,17.75879895869668,8624.836978704476
61,SHORT,1786667280000,1786667880000,1.3940000000000001,1.397,1.392,1.397,3,2,10,0.5623,SL_HIT,-0.21520803443327774,-0.2552080344332778,-5.104160688665555,-44.02255385285238,8580.814424851624
62,SHORT,1786667880000,1786668240000,1.3960000000000001,1.399,1.394,1.399,3,2,6,0.7371,SL_HIT,-0.2148997134670409,-0.25489971346704093,-5.097994269340819,-43.74494276417061,8537.069482087452
63,SHORT,1786668240000,1786668840000,1.399,1.4,1.397,1.402,3,2,10,0.6548,TIME_EXPIRY,-0.07147962830592494,-0.11147962830592494,-2.2295925661184985,-19.034186653699287,8518.035295433752
64,SHORT,1786668840000,1786669140000,1.3980000000000001,1.396,1.396,1.401,3,2,5,0.5752,TP_HIT,0.1430615164520904,0.1030615164520904,2.061230329041808,17.55763269479665,8535.592928128548
65,SHORT,1786669140000,1786669740000,1.3960000000000001,1.3969999999999998,1.394,1.399,3,2,10,0.7615,TIME_EXPIRY,-0.07163323782232577,-0.11163323782232576,-2.2326647564465154,-19.057117506006726,8516.535810622541
66,SHORT,1786669740000,1786670340000,1.395,1.3969999999999998,1.393,1.398,3,2,10,0.7353,TIME_EXPIRY,-0.14336917562722434,-0.18336917562722435,-3.6673835125444874,-31.233403015871808,8485.302407606669
67,SHORT,1786670340000,1786670400000,1.395,1.398,1.393,1.398,3,2,1,0.6078,SL_HIT,-0.21505376344085245,-0.25505376344085245,-5.101075268817049,-43.284166259876145,8442.018241346792
68,SHORT,1786670400000,1786670760000,1.397,1.395,1.395,1.4,3,2,6,0.6691,TP_HIT,0.14316392269148187,0.10316392269148188,2.0632784538296374,17.418234344207605,8459.436475691
69,SHORT,1786670820000,1786671000000,1.3960000000000001,1.394,1.394,1.399,3,2,3,0.7387,TP_HIT,0.14326647564471517,0.10326647564471517,2.065329512894303,17.471523815699193,8476.907999506699
70,SHORT,1786671180000,1786671360000,1.3940000000000001,1.397,1.392,1.397,3,2,3,0.6269,SL_HIT,-0.21520803443327774,-0.2552080344332778,-5.104160688665555,-43.26750057251667,8433.640498934183
71,SHORT,1786671780000,1786672200000,1.399,1.402,1.397,1.402,3,2,7,0.7311,SL_HIT,-0.2144388849177907,-0.2544388849177907,-5.088777698355814,-42.91692168692667,8390.723577247256
72,SHORT,1786672260000,1786672440000,1.399,1.397,1.397,1.402,3,2,3,0.6498,TP_HIT,0.14295925661186576,0.10295925661186575,2.059185132237315,17.27805323898065,8408.001630486237
73,SHORT,1786672620000,1786673040000,1.3980000000000001,1.396,1.396,1.401,3,2,7,0.5681,TP_HIT,0.1430615164520904,0.1030615164520904,2.061230329041808,17.330827967391205,8425.332458453628
74,SHORT,1786673400000,1786673580000,1.3960000000000001,1.394,1.394,1.399,3,2,3,0.6891,TP_HIT,0.14326647564471517,0.10326647564471517,2.065329512894303,17.401087782390594,8442.733546236019
75,SHORT,1786673760000,1786673880000,1.395,1.393,1.393,1.398,3,2,2,0.6872,TP_HIT,0.14336917562724028,0.10336917562724028,2.0673835125448057,17.454368134297283,8460.187914370315
76,SHORT,1786673940000,1786674060000,1.393,1.396,1.391,1.396,3,2,2,0.6922,SL_HIT,-0.2153625269203081,-0.25536252692030814,-5.107250538406162,-43.208299280685104,8416.97961508963
77,SHORT,1786674240000,1786674480000,1.3940000000000001,1.392,1.392,1.397,3,2,4,0.7382,TP_HIT,0.1434720229555397,0.10347202295553971,2.069440459110794,17.41843815897728,8434.398053248608
78,SHORT,1786674480000,1786674720000,1.3920000000000001,1.395,1.39,1.395,3,2,4,0.6896,SL_HIT,-0.21551724137930253,-0.25551724137930254,-5.110344827586051,-43.10268246522088,8391.295370783386
79,SHORT,1786674720000,1786675320000,1.3940000000000001,1.396,1.392,1.397,3,2,10,0.6528,TIME_EXPIRY,-0.14347202295550784,-0.18347202295550785,-3.669440459110157,-30.791358737896324,8360.504012045489
80,SHORT,1786675320000,1786675440000,1.3940000000000001,1.393,1.393,1.397,2,2,2,0.596,TP_HIT,0.07173601147776985,0.03173601147776985,0.634720229555397,5.306581025724331,8365.810593071214
81,SHORT,1786675500000,1786675620000,1.393,1.396,1.392,1.396,2,2,2,0.5873,SL_HIT,-0.2153625269203081,-0.25536252692030814,-5.107250538406162,-42.726290655666936,8323.084302415547
82,SHORT,1786675680000,1786676280000,1.3960000000000001,1.394,1.394,1.399,3,2,10,0.6729,TP_HIT,0.14326647564471517,0.10326647564471517,2.065329512894303,17.189911648086124,8340.274214063633
83,SHORT,1786676280000,1786676880000,1.3940000000000001,1.3949999999999998,1.392,1.397,3,2,10,0.6429,TIME_EXPIRY,-0.071736011477738,-0.11173601147773801,-2.23472022955476,-18.63817950620193,8321.63603455743
84,SHORT,1786677480000,1786678080000,1.397,1.398,1.395,1.4,3,2,10,0.6977,TIME_EXPIRY,-0.07158196134573298,-0.11158196134573299,-2.23163922691466,-18.57088940682492,8303.065145150606
85,SHORT,1786678080000,1786678260000,1.3960000000000001,1.394,1.394,1.399,3,2,3,0.6745,TP_HIT,0.14326647564471517,0.10326647564471517,2.065329512894303,17.148565491763566,8320.213710642369
86,SHORT,1786678440000,1786678560000,1.393,1.391,1.391,1.396,3,2,2,0.6726,TP_HIT,0.14357501794687738,0.10357501794687739,2.0715003589375476,17.235325688032773,8337.449036330401
87,SHORT,1786678560000,1786678800000,1.391,1.389,1.389,1.394,3,2,4,0.5835,TP_HIT,0.14378145219266728,0.10378145219266728,2.0756290438533456,17.30545137145447,8354.754487701855
88,SHORT,1786678920000,1786679160000,1.3900000000000001,1.388,1.388,1.393,3,2,4,0.6688,TP_HIT,0.14388489208634703,0.10388489208634703,2.0776978417269407,17.35865536725662,8372.113143069111
89,SHORT,1786679220000,1786679640000,1.3880000000000001,1.391,1.386,1.391,3,2,7,0.6665,SL_HIT,-0.21613832853025153,-0.25613832853025154,-5.12276657060503,-42.88838133463746,8329.224761734473
90,SHORT,1786679640000,1786680000000,1.3900000000000001,1.388,1.388,1.393,3,2,6,0.7305,TP_HIT,0.14388489208634703,0.10388489208634703,2.0776978417269407,17.305612310714306,8346.530374045187
91,SHORT,1786680000000,1786680180000,1.3880000000000001,1.391,1.386,1.391,3,2,3,0.7079,SL_HIT,-0.21613832853025153,-0.25613832853025154,-5.12276657060503,-42.757326780698186,8303.773047264489
92,SHORT,1786680180000,1786680360000,1.3900000000000001,1.393,1.388,1.393,3,2,3,0.7139,SL_HIT,-0.2158273381294886,-0.2558273381294886,-5.116546762589772,-42.48664310226133,8261.286404162227
93,SHORT,1786680360000,1786680960000,1.3920000000000001,1.395,1.39,1.395,3,2,10,0.7142,SL_HIT,-0.21551724137930253,-0.25551724137930254,-5.110344827586051,-42.21802224471741,8219.06838191751
94,SHORT,1786680960000,1786681560000,1.395,1.396,1.393,1.398,3,2,10,0.6023,TIME_EXPIRY,-0.07168458781361217,-0.11168458781361218,-2.2336917562722434,-18.358865288926992,8200.709516628584
95,SHORT,1786681680000,1786682280000,1.395,1.393,1.393,1.398,3,2,10,0.6573,TP_HIT,0.14336917562724028,0.10336917562724028,2.0673835125448057,16.954011645847217,8217.66352827443
96,SHORT,1786682460000,1786682700000,1.391,1.389,1.389,1.394,3,2,4,0.559,TP_HIT,0.14378145219266728,0.10378145219266728,2.0756290438533456,17.056821091900765,8234.720349366331
97,SHORT,1786682760000,1786683300000,1.389,1.392,1.387,1.392,3,2,9,0.6211,SL_HIT,-0.2159827213822816,-0.2559827213822816,-5.119654427645632,-42.15892249705693,8192.561426869273
98,SHORT,1786683300000,1786683360000,1.391,1.39,1.39,1.394,2,2,1,0.7483,TP_HIT,0.07189072609634162,0.031890726096341616,0.6378145219268324,5.225334649834834,8197.786761519108
99,SHORT,1786683360000,1786683480000,1.3900000000000001,1.389,1.389,1.393,2,2,2,0.627,TP_HIT,0.07194244604317351,0.03194244604317351,0.6388489208634702,5.237147226065325,8203.023908745174
100,SHORT,1786683540000,1786684080000,1.3900000000000001,1.389,1.389,1.393,2,2,9,0.6624,TP_HIT,0.07194244604317351,0.03194244604317351,0.6388489208634702,5.2404929719191,8208.264401717093
101,SHORT,1786684200000,1786684800000,1.3880000000000001,1.39,1.386,1.391,3,2,10,0.5755,TIME_EXPIRY,-0.14409221902015704,-0.18409221902015702,-3.6818443804031404,-30.221552160325224,8178.0428495567685
102,SHORT,1786684800000,1786685040000,1.3880000000000001,1.386,1.386,1.391,3,2,4,0.6023,TP_HIT,0.14409221902018904,0.10409221902018903,2.0818443804037807,17.02541254905108,8195.06826210582
103,SHORT,1786685040000,1786685640000,1.387,1.3889999999999998,1.385,1.39,3,2,10,0.6586,TIME_EXPIRY,-0.14419610670510308,-0.18419610670510309,-3.6839221341020614,-30.189993361248945,8164.878268744572
104,SHORT,1786685640000,1786685700000,1.387,1.385,1.385,1.39,3,2,1,0.685,TP_HIT,0.1441961067051191,0.10419610670511908,2.083922134102382,17.01497054648835,8181.89323929106
105,SHORT,1786685700000,1786686120000,1.385,1.388,1.383,1.388,3,2,7,0.5688,SL_HIT,-0.21660649819493805,-0.2566064981949381,-5.132129963898762,-41.99053945478635,8139.902699836274
106,SHORT,1786686120000,1786686360000,1.387,1.385,1.385,1.39,3,2,4,0.6782,TP_HIT,0.1441961067051191,0.10419610670511908,2.083922134102382,16.96292340562855,8156.8656232419025
107,SHORT,1786686360000,1786686960000,1.385,1.388,1.383,1.388,3,2,10,0.5886,TIME_EXPIRY,-0.21660649819493805,-0.2566064981949381,-5.132129963898762,-41.86209447653551,8115.003528765367
108,SHORT,1786686960000,1786687560000,1.3860000000000001,1.3869999999999998,1.384,1.389,3,2,10,0.7325,TIME_EXPIRY,-0.07215007215004818,-0.11215007215004819,-2.2430014430009635,-18.201964624978633,8096.801564140389
109,SHORT,1786687560000,1786687620000,1.385,1.384,1.384,1.388,2,2,1,0.652,TP_HIT,0.07220216606499004,0.03220216606499003,0.6440433212998006,5.214690971274397,8102.016255111664
110,SHORT,1786687680000,1786688280000,1.385,1.386,1.383,1.388,3,2,10,0.6672,TIME_EXPIRY,-0.072202166064974,-0.11220216606497399,-2.24404332129948,-18.181275466343152,8083.83497964532
111,SHORT,1786688280000,1786688880000,1.3840000000000001,1.384,1.382,1.387,3,2,10,0.6117,TIME_EXPIRY,1.6043685326953127e-14,-0.03999999999998396,-0.7999999999996791,-6.467067983713663,8077.367911661607
112,SHORT,1786688940000,1786689540000,1.383,1.3849999999999998,1.381,1.386,3,2,10,0.6702,TIME_EXPIRY,-0.14461315979752565,-0.18461315979752566,-3.692263195950513,-29.82376826037981,8047.544143401227
113,SHORT,1786689600000,1786690200000,1.385,1.3869999999999998,1.383,1.388,3,2,10,0.6568,TIME_EXPIRY,-0.144404332129948,-0.184404332129948,-3.6880866425989596,-29.680040061003556,8017.864103340224
114,SHORT,1786690500000,1786691100000,1.3860000000000001,1.386,1.383,1.39,4,3,10,0.5608,TIME_EXPIRY,1.6020534265875274e-14,-0.039999999999983986,-0.7999999999996796,-6.414291282669611,8011.4498120575545
115,SHORT,1786691100000,1786691160000,1.3840000000000001,1.387,1.382,1.387,3,2,1,0.6963,SL_HIT,-0.216763005780339,-0.256763005780339,-5.13526011560678,-41.140878688044594,7970.30893336951
116,SHORT,1786691160000,1786691760000,1.3860000000000001,1.3869999999999998,1.384,1.389,3,2,10,0.701,TIME_EXPIRY,-0.07215007215004818,-0.11215007215004819,-2.2430014430009635,-17.877414438711284,7952.431518930798
117,SHORT,1786691940000,1786692540000,1.3860000000000001,1.3869999999999998,1.384,1.389,3,2,10,0.6314,TIME_EXPIRY,-0.07215007215004818,-0.11215007215004819,-2.2430014430009635,-17.837315372328124,7934.59420355847
118,SHORT,1786692900000,1786693500000,1.3820000000000001,1.3849999999999998,1.38,1.385,3,2,10,0.5958,TIME_EXPIRY,-0.21707670043412947,-0.2570767004341295,-5.14153400868259,-40.79598594269162,7893.798217615778
119,SHORT,1786693500000,1786693800000,1.383,1.386,1.381,1.386,3,2,5,0.5716,SL_HIT,-0.21691973969630451,-0.25691973969630455,-5.13839479392609,-40.56145166569997,7853.236765950079
120,SHORT,1786693800000,1786694400000,1.385,1.388,1.383,1.388,3,2,10,0.5652,TIME_EXPIRY,-0.21660649819493805,-0.2566064981949381,-5.132129963898762,-40.3038317201238,7812.932934229955
121,SHORT,1786694400000,1786694820000,1.3860000000000001,1.389,1.384,1.389,3,2,7,0.7224,SL_HIT,-0.2164502164502086,-0.2564502164502086,-5.129004329004172,-40.072566841884715,7772.860367388071
122,SHORT,1786694880000,1786694940000,1.3880000000000001,1.391,1.386,1.391,3,2,1,0.6637,SL_HIT,-0.21613832853025153,-0.25613832853025154,-5.12276657060503,-39.81854924803635,7733.041818140035
123,SHORT,1786696080000,1786696440000,1.391,1.394,1.389,1.394,3,2,6,0.6744,SL_HIT,-0.21567217828899293,-0.25567217828899297,-5.11344356577986,-39.542472928874744,7693.49934521116
124,SHORT,1786696620000,1786696860000,1.393,1.391,1.391,1.396,3,2,4,0.7361,TP_HIT,0.14357501794687738,0.10357501794687739,2.0715003589375476,15.937086655090706,7709.436431866251
125,SHORT,1786697460000,1786698000000,1.3880000000000001,1.391,1.386,1.391,3,2,9,0.61,SL_HIT,-0.21613832853025153,-0.25613832853025154,-5.12276657060503,-39.493643231368964,7669.942788634882
126,SHORT,1786698000000,1786698120000,1.3900000000000001,1.388,1.388,1.393,3,2,2,0.7484,TP_HIT,0.14388489208634703,0.10388489208634703,2.0776978417269407,15.935823578115809,7685.878612212998
127,SHORT,1786698120000,1786698720000,1.3880000000000001,1.39,1.386,1.391,3,2,10,0.6583,TIME_EXPIRY,-0.14409221902015704,-0.18409221902015702,-3.6818443804031404,-28.298208976837113,7657.58040323616
128,SHORT,1786698720000,1786699260000,1.3880000000000001,1.386,1.386,1.391,3,2,9,0.7185,TP_HIT,0.14409221902018904,0.10409221902018903,2.0818443804037807,15.94189072996732,7673.522293966127
129,SHORT,1786699260000,1786699560000,1.3860000000000001,1.389,1.384,1.389,3,2,5,0.6405,SL_HIT,-0.2164502164502086,-0.2564502164502086,-5.129004329004172,-39.35752906446229,7634.164764901665
130,SHORT,1786699560000,1786700160000,1.3880000000000001,1.39,1.386,1.391,3,2,10,0.575,TIME_EXPIRY,-0.14409221902015704,-0.18409221902015702,-3.6818443804031404,-28.10780663872486,7606.0569582629405
131,SHORT,1786700160000,1786700340000,1.3880000000000001,1.386,1.386,1.391,3,2,3,0.6273,TP_HIT,0.14409221902018904,0.10409221902018903,2.0818443804037807,15.834626935590778,7621.891585198531
132,SHORT,1786700400000,1786700460000,1.385,1.383,1.383,1.388,3,2,1,0.651,TP_HIT,0.144404332129964,0.10440433212996403,2.0880866425992806,15.915170010392911,7637.806755208924
133,SHORT,1786700820000,1786701300000,1.383,1.381,1.381,1.386,3,2,8,0.6399,TP_HIT,0.1446131597975417,0.10461315979754171,2.092263195950834,15.980301971708295,7653.7870571806325
134,SHORT,1786701540000,1786701780000,1.377,1.38,1.374,1.38,4,2,4,0.5657,SL_HIT,-0.21786492374726882,-0.2578649237472688,-5.157298474945376,-39.47286431755434,7614.3141928630785
135,SHORT,1786702320000,1786702860000,1.381,1.379,1.379,1.384,3,2,9,0.5946,TP_HIT,0.14482259232440273,0.10482259232440273,2.0964518464880544,15.963043049368002,7630.2772359124465
136,SHORT,1786704180000,1786704780000,1.383,1.384,1.381,1.386,3,2,10,0.6111,TIME_EXPIRY,-0.07230657989876282,-0.11230657989876283,-2.2461315979752565,-17.138606800894248,7613.138629111552
137,SHORT,1786704780000,1786704960000,1.3820000000000001,1.38,1.38,1.385,3,2,3,0.5717,TP_HIT,0.14471780028945178,0.1047178002894518,2.094356005789036,15.944622610784288,7629.083251722336
138,SHORT,1786704960000,1786705020000,1.379,1.382,1.377,1.382,3,2,1,0.5728,SL_HIT,-0.21754894851340767,-0.2575489485134077,-5.150978970268154,-39.297247392046735,7589.78600433029
139,SHORT,1786705020000,1786705620000,1.381,1.3829999999999998,1.379,1.384,3,2,10,0.6861,TIME_EXPIRY,-0.14482259232438666,-0.18482259232438666,-3.6964518464877334,-28.055278490153455,7561.730725840136
140,SHORT,1786705620000,1786705800000,1.381,1.384,1.379,1.384,3,2,3,0.7015,SL_HIT,-0.21723388848659606,-0.25723388848659606,-5.1446777697319215,-38.90266796592858,7522.828057874208
141,SHORT,1786705800000,1786705860000,1.383,1.381,1.381,1.386,3,2,1,0.75,TP_HIT,0.1446131597975417,0.10461315979754171,2.092263195950834,15.739736274956497,7538.567794149164
142,SHORT,1786705920000,1786706340000,1.381,1.384,1.379,1.384,3,2,7,0.6408,SL_HIT,-0.21723388848659606,-0.25723388848659606,-5.1446777697319215,-38.78350214617622,7499.784292002988
143,SHORT,1786706340000,1786706700000,1.383,1.381,1.381,1.386,3,2,6,0.755,TP_HIT,0.1446131597975417,0.10461315979754171,2.092263195950834,15.691522651728036,7515.475814654716
144,SHORT,1786706700000,1786707300000,1.381,1.382,1.379,1.384,3,2,10,0.6327,TIME_EXPIRY,-0.07241129616219333,-0.11241129616219334,-2.248225923243867,-16.89648755201905,7498.579327102697
145,SHORT,1786707300000,1786707900000,1.3800000000000001,1.382,1.378,1.383,3,2,10,0.6174,TIME_EXPIRY,-0.14492753623186808,-0.18492753623186808,-3.6985507246373617,-27.733876004006422,7470.84545109869
146,SHORT,1786707900000,1786708080000,1.3800000000000001,1.378,1.378,1.383,3,2,3,0.693,TP_HIT,0.14492753623190024,0.10492753623190026,2.098550724638005,15.677948135061703,7486.523399233752
147,SHORT,1786708140000,1786708740000,1.3780000000000001,1.38,1.376,1.381,3,2,10,0.6288,TIME_EXPIRY,-0.1451378809869216,-0.18513788098692158,-3.7027576197384318,-27.72078156186284,7458.802617671889
148,SHORT,1786708740000,1786708800000,1.3780000000000001,1.381,1.376,1.381,3,2,1,0.7159,SL_HIT,-0.21770682148039852,-0.25770682148039853,-5.154136429607971,-38.44368629299798,7420.358931378891
149,SHORT,1786708800000,1786709280000,1.3800000000000001,1.378,1.378,1.383,3,2,8,0.7247,TP_HIT,0.14492753623190024,0.10492753623190026,2.098550724638005,15.571999612519267,7435.93093099141
150,SHORT,1786710120000,1786710720000,1.3760000000000001,1.378,1.374,1.379,3,2,10,0.7934,TIME_EXPIRY,-0.1453488372092863,-0.1853488372092863,-3.7069767441857264,-27.564823032556475,7408.366107958853
151,SHORT,1786710840000,1786711020000,1.3760000000000001,1.374,1.374,1.379,3,2,3,0.7491,TP_HIT,0.14534883720930244,0.10534883720930245,2.106976744186049,15.609255101885418,7423.975363060738
152,SHORT,1786711020000,1786711500000,1.374,1.377,1.372,1.377,3,2,8,0.7395,SL_HIT,-0.2183406113537039,-0.2583406113537039,-5.166812227074078,-38.35828667935895,7385.61707638138
153,SHORT,1786711500000,1786711800000,1.3760000000000001,1.379,1.374,1.379,3,2,5,0.7741,SL_HIT,-0.2180232558139456,-0.2580232558139456,-5.160465116278912,-38.11321928485996,7347.50385709652
154,SHORT,1786712040000,1786712100000,1.375,1.378,1.373,1.378,3,2,1,0.5507,SL_HIT,-0.2181818181818103,-0.2581818181818103,-5.163636363636207,-37.939838098460875,7309.564018998059
155,SHORT,1786712100000,1786712640000,1.377,1.38,1.375,1.38,3,2,9,0.5573,SL_HIT,-0.21786492374726882,-0.2578649237472688,-5.157298474945376,-37.697603367694285,7271.866415630364
156,SHORT,1786712640000,1786712880000,1.379,1.377,1.377,1.382,3,2,4,0.7223,TP_HIT,0.14503263234227715,0.10503263234227715,2.100652646845543,15.275665433501139,7287.142081063865
157,SHORT,1786712880000,1786713060000,1.377,1.375,1.375,1.38,3,2,3,0.6842,TP_HIT,0.14524328249818458,0.1052432824981846,2.104865649963692,15.338455052836263,7302.480536116701
158,SHORT,1786714560000,1786714800000,1.3760000000000001,1.379,1.374,1.379,3,2,4,0.6206,SL_HIT,-0.2180232558139456,-0.2580232558139456,-5.160465116278912,-37.68419606893597,7264.796340047765
159,SHORT,1786715760000,1786716360000,1.383,1.387,1.379,1.387,5,3,10,0.5576,SL_HIT,-0.2892263195950834,-0.3292263195950834,-6.584526391901669,-47.835243232835154,7216.96109681493
160,SHORT,1786716660000,1786716840000,1.3860000000000001,1.383,1.383,1.389,4,2,3,0.5627,TP_HIT,0.21645021645022464,0.17645021645022466,3.5290043290044935,25.468686952916904,7242.429783767847
161,SHORT,1786718340000,1786718940000,1.3820000000000001,1.384,1.379,1.386,4,3,10,0.5572,TIME_EXPIRY,-0.14471780028941966,-0.18471780028941964,-3.694356005788393,-26.75611396816348,7215.673669799683
162,SHORT,1786719300000,1786719360000,1.381,1.379,1.379,1.384,3,2,1,0.6663,TP_HIT,0.14482259232440273,0.10482259232440273,2.0964518464880544,15.127312388706784,7230.80098218839
163,SHORT,1786719420000,1786719960000,1.3760000000000001,1.38,1.373,1.38,4,3,9,0.5693,SL_HIT,-0.29069767441858874,-0.33069767441858877,-6.613953488371775,-47.82418137986696,7182.976800808523
164,SHORT,1786720800000,1786720920000,1.3800000000000001,1.383,1.378,1.383,3,2,2,0.6561,SL_HIT,-0.2173913043478182,-0.2573913043478182,-5.147826086956364,-36.97671535720448,7146.000085451318
165,SHORT,1786721160000,1786721220000,1.383,1.386,1.381,1.386,3,2,1,0.6427,SL_HIT,-0.21691973969630451,-0.25691973969630455,-5.13839479392609,-36.718969636478455,7109.28111581484
166,SHORT,1786721520000,1786721700000,1.3880000000000001,1.391,1.385,1.391,4,2,3,0.5768,SL_HIT,-0.21613832853025153,-0.25613832853025154,-5.12276657060503,-36.419187641129895,7072.86192817371
167,SHORT,1786721760000,1786721880000,1.393,1.397,1.389,1.397,5,3,2,0.5837,SL_HIT,-0.28715003589375476,-0.3271500358937548,-6.5430007178750955,-46.277740673472024,7026.584187500238
168,SHORT,1786721880000,1786722480000,1.3960000000000001,1.396,1.392,1.4,5,3,10,0.5615,TIME_EXPIRY,1.5905773991764417e-14,-0.0399999999999841,-0.7999999999996819,-5.6212673499979555,7020.96292015024
169,SHORT,1786722600000,1786722840000,1.3960000000000001,1.399,1.393,1.399,4,2,4,0.5657,SL_HIT,-0.2148997134670409,-0.25489971346704093,-5.097994269340819,-35.79282873218031,6985.17009141806
170,SHORT,1786722900000,1786722960000,1.399,1.402,1.396,1.402,4,2,1,0.6305,SL_HIT,-0.2144388849177907,-0.2544388849177907,-5.088777698355814,-35.54597778043027,6949.62411363763
171,SHORT,1786722960000,1786723080000,1.401,1.404,1.398,1.404,4,2,2,0.6027,SL_HIT,-0.21413276231262607,-0.2541327623126261,-5.082655246252522,-35.32254346066334,6914.301570176967
172,SHORT,1786723080000,1786723200000,1.4020000000000001,1.406,1.398,1.406,5,3,2,0.6352,SL_HIT,-0.28530670470754504,-0.325306704707545,-6.506134094150901,-44.985373182969475,6869.316196993997
173,SHORT,1786723380000,1786723740000,1.409,1.414,1.403,1.414,7,4,6,0.5724,SL_HIT,-0.3548616039744424,-0.3948616039744424,-7.897232079488849,-54.24858423505334,6815.067612758944
174,SHORT,1786723920000,1786724160000,1.409,1.414,1.403,1.414,7,4,4,0.5502,SL_HIT,-0.3548616039744424,-0.3948616039744424,-7.897232079488849,-53.82017057536542,6761.247442183579
175,SHORT,1786724160000,1786724760000,1.415,1.414,1.41,1.42,6,4,10,0.6889,TIME_EXPIRY,0.0706713780918807,0.0306713780918807,0.613427561837614,4.147535533439477,6765.394977717018
176,SHORT,1786724820000,1786724880000,1.4180000000000001,1.413,1.413,1.423,6,4,1,0.5943,TP_HIT,0.3526093088857627,0.3126093088857627,6.252186177715253,42.29850896646654,6807.6934866834845
177,SHORT,1786725000000,1786725120000,1.4160000000000001,1.421,1.41,1.421,7,4,2,0.553,SL_HIT,-0.35310734463276083,-0.3931073446327608,-7.862146892655216,-53.523086192477706,6754.170400491007
178,SHORT,1786725120000,1786725180000,1.4200000000000002,1.425,1.414,1.425,7,4,1,0.5756,SL_HIT,-0.3521126760563305,-0.3921126760563305,-7.842253521126609,-52.96791660553972,6701.202483885468
179,SHORT,1786725300000,1786725900000,1.423,1.418,1.418,1.428,6,4,10,0.5694,TP_HIT,0.35137034434294556,0.3113703443429455,6.22740688685891,41.7311144983844,6742.933598383852
180,SHORT,1786726020000,1786726080000,1.413,1.418,1.408,1.418,6,4,1,0.5516,SL_HIT,-0.35385704175512334,-0.39385704175512337,-7.877140835102467,-53.11503759621386,6689.818560787638
181,SHORT,1786726380000,1786726800000,1.419,1.424,1.413,1.424,7,4,7,0.5629,SL_HIT,-0.35236081747708903,-0.392360817477089,-7.84721634954178,-52.49645358568082,6637.322107201957
182,SHORT,1786726800000,1786727160000,1.425,1.42,1.42,1.43,6,4,6,0.7089,TP_HIT,0.3508771929824642,0.3108771929824642,6.217543859649284,41.26784131214798,6678.589948514104
183,SHORT,1786727160000,1786727580000,1.419,1.424,1.414,1.424,6,4,7,0.6551,SL_HIT,-0.35236081747708903,-0.392360817477089,-7.84721634954178,-52.408340235865275,6626.181608278239
184,SHORT,1786727580000,1786727700000,1.423,1.427,1.419,1.427,5,3,2,0.5901,SL_HIT,-0.28109627547435023,-0.32109627547435027,-6.4219255094870045,-42.55284470069565,6583.628763577543
185,SHORT,1786727700000,1786728180000,1.4260000000000002,1.43,1.422,1.43,5,3,8,0.6709,SL_HIT,-0.28050490883588924,-0.3205049088358893,-6.410098176717785,-42.20170673359518,6541.427056843948
186,SHORT,1786728180000,1786728420000,1.4280000000000002,1.425,1.425,1.432,4,3,4,0.6286,TP_HIT,0.2100840336134533,0.1700840336134533,3.401680672269066,22.251845988323982,6563.678902832272
187,SHORT,1786728420000,1786729020000,1.4260000000000002,1.4249999999999998,1.422,1.43,5,3,10,0.5718,TIME_EXPIRY,0.07012622720899957,0.030126227208999563,0.6025245441799912,3.9547776390728395,6567.633680471345
188,SHORT,1786729140000,1786729260000,1.425,1.428,1.422,1.428,4,2,2,0.6028,SL_HIT,-0.2105263157894661,-0.2505263157894661,-5.010526315789322,-32.90730138846595,6534.726379082878
189,SHORT,1786729260000,1786729440000,1.427,1.424,1.424,1.43,4,2,3,0.6318,TP_HIT,0.21023125437982576,0.17023125437982575,3.4046250875965156,22.248293370804305,6556.974672453683
190,SHORT,1786729440000,1786729500000,1.425,1.428,1.422,1.428,4,2,1,0.6079,SL_HIT,-0.2105263157894661,-0.2505263157894661,-5.010526315789322,-32.85389414829325,6524.12077830539
191,SHORT,1786729500000,1786730100000,1.427,1.424,1.424,1.431,4,3,10,0.5597,TP_HIT,0.21023125437982576,0.17023125437982575,3.4046250875965156,22.212185276328235,6546.332963581718
192,SHORT,1786730460000,1786730520000,1.423,1.427,1.418,1.427,6,3,1,0.6063,SL_HIT,-0.28109627547435023,-0.32109627547435027,-6.4219255094870045,-42.0400626524211,6504.292900929297
193,SHORT,1786730520000,1786731000000,1.425,1.42,1.42,1.43,6,4,8,0.5842,TP_HIT,0.3508771929824642,0.3108771929824642,6.217543859649284,40.44072638753338,6544.73362731683
194,SHORT,1786731060000,1786731480000,1.4220000000000002,1.426,1.418,1.426,5,3,7,0.605,SL_HIT,-0.28129395218001274,-0.3212939521800128,-6.425879043600255,-42.055666661721105,6502.677960655109
195,SHORT,1786731480000,1786732080000,1.4260000000000002,1.4269999999999998,1.422,1.43,5,3,10,0.6082,TIME_EXPIRY,-0.07012622720895285,-0.11012622720895286,-2.2025245441790573,-14.322307811235097,6488.355652843874
196,SHORT,1786732140000,1786732200000,1.425,1.422,1.422,1.428,4,2,1,0.5704,TP_HIT,0.21052631578948167,0.17052631578948166,3.410526315789633,22.12870770022646,6510.4843605441
197,SHORT,1786732260000,1786732440000,1.421,1.417,1.417,1.425,5,3,3,0.5699,TP_HIT,0.2814919071076709,0.2414919071076709,4.829838142153418,31.4445856884492,6541.92894623255
198,SHORT,1786732680000,1786732860000,1.4220000000000002,1.426,1.418,1.426,5,3,3,0.5521,SL_HIT,-0.28129395218001274,-0.3212939521800128,-6.425879043600255,-42.037644120317644,6499.891302112232
199,SHORT,1786732860000,1786733220000,1.425,1.422,1.422,1.428,4,2,6,0.631,TP_HIT,0.21052631578948167,0.17052631578948166,3.410526315789633,22.168050335625914,6522.059352447857
200,SHORT,1786733460000,1786733580000,1.4220000000000002,1.426,1.418,1.426,5,3,2,0.5582,SL_HIT,-0.28129395218001274,-0.3212939521800128,-6.425879043600255,-41.90996451401174,6480.149387933846
201,SHORT,1786733640000,1786734180000,1.4260000000000002,1.422,1.422,1.43,5,3,9,0.6131,TP_HIT,0.2805049088359204,0.24050490883592038,4.810098176718408,31.170154755763505,6511.319542689609
202,SHORT,1786734240000,1786734300000,1.423,1.427,1.419,1.427,5,3,1,0.6403,SL_HIT,-0.28109627547435023,-0.32109627547435027,-6.4219255094870045,-41.81520907161966,6469.50433361799
203,SHORT,1786734300000,1786734900000,1.4260000000000002,1.4269999999999998,1.422,1.43,5,3,10,0.6093,TIME_EXPIRY,-0.07012622720895285,-0.11012622720895286,-2.2025245441790573,-14.249242083466399,6455.255091534524
204,SHORT,1786734900000,1786735500000,1.425,1.426,1.421,1.429,5,3,10,0.6212,TIME_EXPIRY,-0.0701754385964835,-0.11017543859648349,-2.2035087719296698,-14.224211219239987,6441.030880315284
205,SHORT,1786735620000,1786736220000,1.4240000000000002,1.4269999999999998,1.421,1.428,4,3,10,0.5576,TIME_EXPIRY,-0.21067415730334757,-0.2506741573033476,-5.013483146066952,-32.29199976175746,6408.7388805535265
206,SHORT,1786736580000,1786737180000,1.425,1.426,1.422,1.428,4,2,10,0.5558,TIME_EXPIRY,-0.0701754385964835,-0.11017543859648349,-2.2035087719296698,-14.121712340306429,6394.61716821322
207,SHORT,1786737240000,1786737600000,1.4260000000000002,1.429,1.424,1.429,3,2,6,0.5808,SL_HIT,-0.21037868162692083,-0.25037868162692084,-5.007573632538417,-32.021516321722004,6362.595651891498
208,SHORT,1786738260000,1786738740000,1.4440000000000002,1.449,1.439,1.449,6,4,8,0.587,SL_HIT,-0.34626038781162694,-0.3862603878116269,-7.725207756232538,-49.15237327976363,6313.443278611735
209,SHORT,1786739040000,1786739640000,1.445,1.446,1.44,1.45,6,4,10,0.5696,TIME_EXPIRY,-0.06920415224912732,-0.10920415224912733,-2.184083044982547,-13.78908442027491,6299.65419419146
210,SHORT,1786739940000,1786740000000,1.451,1.455,1.446,1.455,6,3,1,0.5778,SL_HIT,-0.2756719503790491,-0.31567195037904916,-6.313439007580983,-39.77248252387951,6259.881711667581
211,SHORT,1786740120000,1786740240000,1.457,1.452,1.452,1.461,6,3,2,0.5862,TP_HIT,0.34317089910776355,0.30317089910776357,6.063417982155271,37.95627933669013,6297.837991004271
212,SHORT,1786740660000,1786740840000,1.453,1.448,1.448,1.458,6,4,3,0.5672,TP_HIT,0.3441156228492853,0.3041156228492853,6.082312456985706,38.30541846476311,6336.143409469035
213,SHORT,1786740900000,1786741260000,1.4480000000000002,1.452,1.443,1.452,6,3,6,0.5634,SL_HIT,-0.27624309392263685,-0.31624309392263683,-6.324861878452737,-40.07523190696025,6296.068177562074
214,SHORT,1786741260000,1786741380000,1.451,1.446,1.446,1.456,6,4,2,0.5822,TP_HIT,0.3445899379738191,0.3045899379738191,6.091798759476381,38.35438031365137,6334.422557875726
215,SHORT,1786741560000,1786742160000,1.4480000000000002,1.448,1.443,1.453,6,4,10,0.5595,TIME_EXPIRY,1.533457216333089e-14,-0.039999999999984666,-0.7999999999996933,-5.067538046298639,6329.355019829427
216,SHORT,1786744320000,1786744440000,1.429,1.426,1.426,1.433,4,3,2,0.5536,TP_HIT,0.20993701889433966,0.16993701889433968,3.3987403778867935,21.51183447187474,6350.866854301302
217,SHORT,1786744440000,1786744620000,1.4260000000000002,1.43,1.422,1.43,5,3,3,0.5551,SL_HIT,-0.28050490883588924,-0.3205049088358893,-6.410098176717785,-40.709680043334195,6310.157174257967
218,SHORT,1786744620000,1786745220000,1.4300000000000002,1.4289999999999998,1.426,1.434,5,3,10,0.6008,TIME_EXPIRY,0.06993006993009328,0.02993006993009327,0.5986013986018655,3.7772689099084142,6313.9344431678755
219,SHORT,1786745220000,1786745520000,1.427,1.431,1.424,1.431,4,3,5,0.581,SL_HIT,-0.28030833917309067,-0.32030833917309065,-6.406166783461813,-40.4481171027775,6273.486326065098
220,SHORT,1786745520000,1786745580000,1.431,1.428,1.428,1.434,4,2,1,0.586,TP_HIT,0.20964360587002892,0.1696436058700289,3.3928721174005783,21.285136834600067,6294.771462899698
221,SHORT,1786745940000,1786746540000,1.421,1.418,1.418,1.424,4,2,10,0.5865,TP_HIT,0.21111893033076098,0.17111893033076098,3.4223786066152195,21.543091188159917,6316.314554087859
222,SHORT,1786747560000,1786748160000,1.421,1.4229999999999998,1.419,1.424,3,2,10,0.6631,TIME_EXPIRY,-0.14074595355381983,-0.1807459535538198,-3.6149190710763968,-22.832965940489608,6293.481588147369
223,SHORT,1786748160000,1786748400000,1.421,1.424,1.419,1.424,3,2,4,0.7942,SL_HIT,-0.21111893033074536,-0.2511189303307454,-5.022378606614907,-31.608247289436164,6261.873340857933
224,SHORT,1786748400000,1786749000000,1.423,1.4249999999999998,1.421,1.426,3,2,10,0.7777,TIME_EXPIRY,-0.1405481377371595,-0.1805481377371595,-3.6109627547431895,-22.611391408757303,6239.2619494491755
225,SHORT,1786749000000,1786749300000,1.423,1.426,1.421,1.426,3,2,5,0.674,SL_HIT,-0.21082220660575487,-0.2508222066057549,-5.016444132115097,-31.298908995043323,6207.963040454132
226,SHORT,1786749300000,1786749840000,1.425,1.428,1.424,1.428,2,2,9,0.6553,SL_HIT,-0.2105263157894661,-0.2505263157894661,-5.010526315789322,-31.10516218164293,6176.857878272489
227,SHORT,1786749840000,1786749960000,1.4280000000000002,1.431,1.426,1.431,3,2,2,0.6599,SL_HIT,-0.21008403361343778,-0.2500840336134378,-5.001680672268756,-30.89467066510651,6145.963207607382
228,SHORT,1786750380000,1786750740000,1.4280000000000002,1.431,1.426,1.431,3,2,6,0.5925,SL_HIT,-0.21008403361343778,-0.2500840336134378,-5.001680672268756,-30.740145387964734,6115.223062219417
229,SHORT,1786751400000,1786751460000,1.4320000000000002,1.43,1.43,1.435,3,2,1,0.6657,TP_HIT,0.13966480446928936,0.09966480446928937,1.9932960893857872,12.189450215643745,6127.412512435061
230,SHORT,1786751760000,1786752000000,1.431,1.434,1.429,1.434,3,2,4,0.741,SL_HIT,-0.20964360587001338,-0.2496436058700134,-4.992872117400268,-30.593387085146542,6096.819125349914
231,SHORT,1786752300000,1786752540000,1.4340000000000002,1.438,1.431,1.438,4,3,4,0.5657,SL_HIT,-0.27894002789398753,-0.3189400278939875,-6.37880055787975,-38.89039323807397,6057.928732111841
232,SHORT,1786752600000,1786752720000,1.4360000000000002,1.44,1.433,1.44,4,3,2,0.577,SL_HIT,-0.27855153203341093,-0.3185515320334109,-6.371030640668218,-38.59524957126891,6019.333482540572
233,SHORT,1786752720000,1786753020000,1.4400000000000002,1.437,1.437,1.444,4,3,5,0.6233,TP_HIT,0.20833333333334123,0.16833333333334122,3.366666666666825,20.26508939122088,6039.598571931792
234,SHORT,1786753080000,1786753620000,1.437,1.441,1.433,1.441,5,3,9,0.5768,SL_HIT,-0.2783576896311763,-0.31835768963117633,-6.367153792623526,-38.45505295319914,6001.143518978593
235,SHORT,1786753620000,1786754040000,1.439,1.437,1.437,1.442,3,2,7,0.6021,TP_HIT,0.13898540653231423,0.09898540653231423,1.979708130646285,11.88051261769718,6013.024031596291
236,SHORT,1786754220000,1786754640000,1.4380000000000002,1.441,1.436,1.441,3,2,7,0.5992,SL_HIT,-0.20862308762168927,-0.24862308762168928,-4.9724617524337855,-29.89953201357776,5983.124499582713
237,SHORT,1786754760000,1786754820000,1.4380000000000002,1.436,1.436,1.441,3,2,1,0.6023,TP_HIT,0.13908205841448007,0.09908205841448008,1.9816411682896016,11.856405823375225,5994.980905406088
238,SHORT,1786755000000,1786755120000,1.4360000000000002,1.439,1.434,1.439,3,2,2,0.624,SL_HIT,-0.20891364902506207,-0.24891364902506208,-4.978272980501242,-29.844651460004,5965.136253946084
239,SHORT,1786755360000,1786755900000,1.4380000000000002,1.435,1.435,1.442,4,3,9,0.5539,TP_HIT,0.2086230876217047,0.1686230876217047,3.3724617524340936,20.117193864491156,5985.253447810575
240,SHORT,1786756260000,1786756440000,1.435,1.433,1.433,1.438,3,2,3,0.6065,TP_HIT,0.13937282229965167,0.09937282229965168,1.9874564459930335,11.895430545753158,5997.148878356328
241,SHORT,1786756500000,1786756620000,1.433,1.431,1.431,1.436,3,2,2,0.6515,TP_HIT,0.13956734124214945,0.09956734124214946,1.991346824842989,11.942403377025567,6009.091281733354
242,SHORT,1786757700000,1786758300000,1.429,1.43,1.427,1.432,3,2,10,0.5632,TIME_EXPIRY,-0.06997900629810286,-0.10997900629810287,-2.199580125962057,-13.21747775839255,5995.873803974961
243,SHORT,1786758480000,1786758780000,1.4260000000000002,1.424,1.424,1.429,3,2,5,0.62,TP_HIT,0.140252454417968,0.10025245441796798,2.00504908835936,12.022021304577764,6007.895825279539
244,SHORT,1786758840000,1786759440000,1.425,1.4269999999999998,1.423,1.428,3,2,10,0.6189,TIME_EXPIRY,-0.140350877192967,-0.18035087719296697,-3.6070175438593393,-21.670585643462584,5986.225239636076
245,SHORT,1786759440000,1786759920000,1.425,1.423,1.423,1.428,3,2,8,0.656,TP_HIT,0.1403508771929826,0.10035087719298258,2.007017543859652,12.014459077445053,5998.239698713522
246,SHORT,1786759980000,1786760220000,1.4240000000000002,1.427,1.422,1.427,3,2,4,0.5681,SL_HIT,-0.21067415730336314,-0.2506741573033632,-5.013483146067263,-30.072073635571822,5968.16762507795
247,SHORT,1786761000000,1786761360000,1.4300000000000002,1.428,1.428,1.433,3,2,6,0.5667,TP_HIT,0.1398601398601555,0.0998601398601555,1.99720279720311,11.919641074982723,5980.087266152933
248,SHORT,1786761600000,1786762200000,1.4240000000000002,1.426,1.422,1.427,3,2,10,0.583,TIME_EXPIRY,-0.1404494382022317,-0.1804494382022317,-3.6089887640446343,-21.58206775155233,5958.505198401381
249,SHORT,1786762380000,1786762980000,1.4240000000000002,1.4249999999999998,1.422,1.427,3,2,10,0.5799,TIME_EXPIRY,-0.07022471910110026,-0.11022471910110025,-2.204494382022005,-13.135491235124757,5945.369707166256
250,SHORT,1786762980000,1786763520000,1.423,1.426,1.422,1.426,2,2,9,0.5581,SL_HIT,-0.21082220660575487,-0.2508222066057549,-5.016444132115097,-29.824614980769024,5915.545092185487
251,SHORT,1786763580000,1786763640000,1.425,1.423,1.423,1.428,3,2,1,0.5625,TP_HIT,0.1403508771929826,0.10035087719298258,2.007017543859652,11.872602781509134,5927.417694966996
252,SHORT,1786763820000,1786764300000,1.4220000000000002,1.42,1.42,1.425,3,2,8,0.5877,TP_HIT,0.1406469760900298,0.10064697609002979,2.012939521800596,11.931533340419257,5939.349228307416
253,SHORT,1786764300000,1786764900000,1.4200000000000002,1.4209999999999998,1.418,1.423,3,2,10,0.6021,TIME_EXPIRY,-0.0704225352112442,-0.1104225352112442,-2.2084507042248838,-13.116759985893033,5926.232468321523
254,SHORT,1786764900000,1786764960000,1.419,1.417,1.417,1.422,3,2,1,0.5543,TP_HIT,0.14094432699083873,0.10094432699083873,2.018886539816775,11.964390962119465,5938.196859283642
255,SHORT,1786765800000,1786765920000,1.4160000000000001,1.419,1.414,1.419,3,2,2,0.5552,SL_HIT,-0.21186440677965335,-0.2518644067796534,-5.037288135593067,-29.912408586085505,5908.284450697556
256,SHORT,1786765920000,1786766520000,1.4180000000000001,1.421,1.416,1.421,3,2,10,0.5794,SL_HIT,-0.2115655853314451,-0.25156558533144513,-5.031311706628902,-29.726420722888125,5878.558029974668
257,SHORT,1786766520000,1786766940000,1.4200000000000002,1.423,1.418,1.423,3,2,7,0.6502,SL_HIT,-0.21126760563379515,-0.2512676056337952,-5.025352112675904,-29.5418240154211,5849.016205959247
258,SHORT,1786767060000,1786767600000,1.4220000000000002,1.425,1.42,1.425,3,2,9,0.5613,SL_HIT,-0.21097046413501344,-0.25097046413501345,-5.019409282700269,-29.35860623885615,5819.657599720391
259,SHORT,1786767600000,1786768200000,1.4240000000000002,1.426,1.422,1.427,3,2,10,0.657,TIME_EXPIRY,-0.1404494382022317,-0.1804494382022317,-3.6089887640446343,-21.003078887977857,5798.654520832413
260,SHORT,1786768200000,1786768260000,1.4240000000000002,1.423,1.423,1.427,2,2,1,0.6207,TP_HIT,0.07022471910113144,0.03022471910113144,0.6044943820226288,3.5052540811333133,5802.159774913546
261,SHORT,1786768260000,1786768320000,1.423,1.422,1.422,1.426,2,2,1,0.58,TP_HIT,0.07027406886859536,0.03027406886859535,0.605481377371907,3.513099692246528,5805.6728746057925
262,SHORT,1786768320000,1786768860000,1.4220000000000002,1.425,1.42,1.425,3,2,9,0.5595,SL_HIT,-0.21097046413501344,-0.25097046413501345,-5.019409282700269,-29.14104831911747,5776.531826286675
263,SHORT,1786768860000,1786769220000,1.4240000000000002,1.422,1.422,1.427,3,2,6,0.6273,TP_HIT,0.14044943820226288,0.10044943820226289,2.0089887640452577,11.604987534159763,5788.1368138208345
264,SHORT,1786769880000,1786770480000,1.423,1.424,1.421,1.426,3,2,10,0.6151,TIME_EXPIRY,-0.07027406886857974,-0.11027406886857975,-2.2054813773715947,-12.76562795256081,5775.371185868274
265,SHORT,1786770660000,1786771020000,1.4220000000000002,1.421,1.421,1.425,2,2,6,0.5572,TP_HIT,0.0703234880450149,0.030323488045014894,0.6064697609002978,3.502587982204002,5778.873773850478
266,SHORT,1786771020000,1786771620000,1.421,1.4229999999999998,1.42,1.424,2,2,10,0.5551,TIME_EXPIRY,-0.14074595355381983,-0.1807459535538198,-3.6149190710763968,-20.89016101443532,5757.983612836042
267,SHORT,1786771620000,1786772220000,1.421,1.4229999999999998,1.42,1.424,2,2,10,0.6715,TIME_EXPIRY,-0.14074595355381983,-0.1807459535538198,-3.6149190710763968,-20.81464477298638,5737.168968063056
268,SHORT,1786773840000,1786774440000,1.415,1.413,1.413,1.418,3,2,10,0.6118,TP_HIT,0.1413427561837457,0.1013427561837457,2.026855123674914,11.628410318307326,5748.797378381363
269,SHORT,1786774560000,1786775160000,1.4140000000000001,1.416,1.412,1.417,3,2,10,0.5805,TIME_EXPIRY,-0.14144271570012584,-0.18144271570012585,-3.6288543140025173,-20.86154816686557,5727.935830214497
270,SHORT,1786775160000,1786775760000,1.4140000000000001,1.414,1.412,1.417,3,2,10,0.5632,TIME_EXPIRY,1.570329596358071e-14,-0.0399999999999843,-0.7999999999996861,-4.5823486641698,5723.353481550327
271,SHORT,1786775820000,1786775940000,1.413,1.412,1.412,1.416,2,2,2,0.5867,TP_HIT,0.0707714083510341,0.0307714083510341,0.615428167020682,3.522312942361957,5726.875794492689
272,SHORT,1786775940000,1786776180000,1.411,1.409,1.409,1.414,3,2,4,0.611,TP_HIT,0.1417434443656982,0.10174344436569821,2.034868887313964,11.653441375724613,5738.529235868414
273,SHORT,1786776540000,1786776720000,1.411,1.414,1.409,1.414,3,2,3,0.5501,SL_HIT,-0.21261516654853943,-0.25261516654853944,-5.05230333097079,-28.992790373251246,5709.536445495162
274,SHORT,1786776720000,1786777320000,1.413,1.416,1.411,1.416,3,2,10,0.6327,TIME_EXPIRY,-0.21231422505307088,-0.2523142250530709,-5.046284501061418,-28.811945273147543,5680.724500222015
275,SHORT,1786777320000,1786777920000,1.4140000000000001,1.416,1.412,1.417,3,2,10,0.6868,TIME_EXPIRY,-0.14144271570012584,-0.18144271570012585,-3.6288543140025173,-20.614521609290456,5660.109978612725
276,SHORT,1786778100000,1786778280000,1.415,1.413,1.413,1.418,3,2,3,0.6138,TP_HIT,0.1413427561837457,0.1013427561837457,2.026855123674914,11.472222910714713,5671.58220152344
277,SHORT,1786778340000,1786778940000,1.413,1.4129999999999998,1.411,1.416,3,2,10,0.6132,TIME_EXPIRY,1.571440940729167e-14,-0.039999999999984284,-0.7999999999996856,-4.53726576121697,5667.044935762223
278,SHORT,1786779120000,1786779660000,1.4120000000000001,1.411,1.411,1.415,2,2,9,0.6037,TP_HIT,0.0708215297450504,0.03082152974505041,0.6164305949010082,3.4933398810826524,5670.5382756433055
279,SHORT,1786780380000,1786780620000,1.4080000000000001,1.406,1.406,1.411,3,2,4,0.6149,TP_HIT,0.14204545454547043,0.10204545454547043,2.0409090909094085,11.573053117110186,5682.111328760416
280,SHORT,1786780620000,1786780800000,1.4060000000000001,1.409,1.404,1.409,3,2,3,0.6279,SL_HIT,-0.2133712660028372,-0.2533712660028372,-5.067425320056745,-28.793674818741806,5653.317653941674
281,SHORT,1786780980000,1786781580000,1.4080000000000001,1.408,1.406,1.411,3,2,10,0.6594,TIME_EXPIRY,1.5770213417970972e-14,-0.03999999999998423,-0.7999999999996846,-4.522654123151557,5648.794999818522
282,SHORT,1786781880000,1786782480000,1.4080000000000001,1.4089999999999998,1.406,1.411,3,2,10,0.6258,TIME_EXPIRY,-0.07102272727270367,-0.11102272727270368,-2.2204545454540736,-12.542892533685283,5636.252107284837
283,SHORT,1786782480000,1786782780000,1.407,1.406,1.406,1.41,2,2,5,0.57,TP_HIT,0.07107320540157157,0.031073205401571564,0.6214641080314314,3.5027283884940466,5639.7548356733305
284,SHORT,1786784220000,1786784580000,1.4060000000000001,1.404,1.404,1.409,3,2,6,0.728,TP_HIT,0.1422475106685792,0.1022475106685792,2.044950213371584,11.533017854573602,5651.287853527904
285,SHORT,1786784580000,1786784880000,1.4040000000000001,1.407,1.402,1.407,3,2,5,0.6067,SL_HIT,-0.21367521367520592,-0.25367521367520596,-5.073504273504119,-28.671833075675746,5622.616020452228
286,SHORT,1786785000000,1786785120000,1.407,1.41,1.405,1.41,3,2,2,0.6091,SL_HIT,-0.2132196162046831,-0.25321961620468314,-5.064392324093663,-28.47513341530432,5594.140887036924
287,SHORT,1786785180000,1786785780000,1.409,1.41,1.407,1.412,3,2,10,0.6997,TIME_EXPIRY,-0.07097232079488218,-0.11097232079488217,-2.2194464158976435,-12.415895941760564,5581.724991095163
288,SHORT,1786786020000,1786786380000,1.409,1.412,1.407,1.412,3,2,6,0.5768,SL_HIT,-0.2129169623846623,-0.2529169623846623,-5.0583392476932465,-28.234258592286903,5553.490732502876
289,SHORT,1786786500000,1786787100000,1.411,1.412,1.409,1.414,3,2,10,0.6209,TIME_EXPIRY,-0.07087172218284124,-0.11087172218284123,-2.2174344436568245,-12.314501632780848,5541.176230870095
290,SHORT,1786787220000,1786787820000,1.411,1.412,1.409,1.414,3,2,10,0.5802,TIME_EXPIRY,-0.07087172218284124,-0.11087172218284123,-2.2174344436568245,-12.287195032703849,5528.889035837392
291,SHORT,1786787820000,1786788120000,1.4100000000000001,1.409,1.409,1.413,2,2,5,0.6127,TP_HIT,0.07092198581561077,0.030921985815610765,0.6184397163122153,3.4192845668449943,5532.308320404237
292,SHORT,1786788120000,1786788600000,1.409,1.408,1.408,1.412,2,2,8,0.5822,TP_HIT,0.07097232079489793,0.03097232079489793,0.6194464158979586,3.4269685607168596,5535.735288964954
293,SHORT,1786789020000,1786789620000,1.4100000000000001,1.412,1.408,1.413,3,2,10,0.641,TIME_EXPIRY,-0.14184397163119003,-0.18184397163119004,-3.6368794326238003,-20.132801816886413,5515.602487148068
294,SHORT,1786791240000,1786791600000,1.407,1.406,1.406,1.41,2,2,6,0.5558,TP_HIT,0.07107320540157157,0.031073205401571564,0.6214641080314314,3.427748979931418,5519.030236127999
295,SHORT,1786791720000,1786792320000,1.4060000000000001,1.408,1.404,1.409,3,2,10,0.6641,TIME_EXPIRY,-0.14224751066854763,-0.18224751066854764,-3.6449502133709526,-20.116590436775493,5498.913645691224
296,SHORT,1786792500000,1786793100000,1.407,1.4089999999999998,1.406,1.41,2,2,10,0.5935,TIME_EXPIRY,-0.14214641080311155,-0.18214641080311156,-3.6429282160622316,-20.03214767757819,5478.881498013646
297,SHORT,1786793280000,1786793880000,1.4080000000000001,1.41,1.407,1.411,2,2,10,0.578,TIME_EXPIRY,-0.1420454545454389,-0.18204545454543888,-3.6409090909087776,-19.94810945412979,5458.933388559516
298,SHORT,1786793940000,1786794360000,1.409,1.408,1.408,1.412,2,2,7,0.5638,TP_HIT,0.07097232079489793,0.03097232079489793,0.6194464158979586,3.38151672216889,5462.314905281685
299,SHORT,1786794960000,1786795320000,1.4060000000000001,1.409,1.405,1.409,2,2,6,0.6088,SL_HIT,-0.2133712660028372,-0.2533712660028372,-5.067425320056745,-27.679872857147775,5434.635032424538
300,SHORT,1786795320000,1786795920000,1.4080000000000001,1.41,1.406,1.411,3,2,10,0.625,TIME_EXPIRY,-0.1420454545454389,-0.18204545454543888,-3.6409090909087776,-19.78701209532582,5414.848020329212
301,SHORT,1786798560000,1786798680000,1.409,1.412,1.408,1.412,2,2,2,0.6042,SL_HIT,-0.2129169623846623,-0.2529169623846623,-5.0583392476932465,-27.390138261525333,5387.457882067687
302,SHORT,1786798680000,1786798980000,1.411,1.414,1.409,1.414,3,2,5,0.6662,SL_HIT,-0.21261516654853943,-0.25261516654853944,-5.05230333097079,-27.219071403035407,5360.238810664651
303,SHORT,1786799100000,1786799220000,1.4140000000000001,1.417,1.412,1.417,3,2,2,0.7418,SL_HIT,-0.21216407355020447,-0.2521640735502045,-5.04328147100409,-27.033193073982037,5333.205617590669
304,SHORT,1786799220000,1786799700000,1.4160000000000001,1.414,1.414,1.419,3,2,8,0.7057,TP_HIT,0.14124293785312314,0.10124293785312313,2.0248587570624625,10.798988097993185,5344.004605688662
305,SHORT,1786799940000,1786800420000,1.4140000000000001,1.417,1.412,1.417,3,2,8,0.5666,SL_HIT,-0.21216407355020447,-0.2521640735502045,-5.04328147100409,-26.95131940883015,5317.053286279832
306,SHORT,1786800420000,1786800900000,1.4160000000000001,1.419,1.414,1.419,3,2,8,0.6367,SL_HIT,-0.21186440677965335,-0.2518644067796534,-5.037288135593067,-26.783529435293527,5290.269756844538
307,SHORT,1786802040000,1786802280000,1.415,1.414,1.414,1.418,2,2,4,0.5757,TP_HIT,0.0706713780918807,0.0306713780918807,0.613427561837614,3.2451972784044125,5293.514954122943
308,SHORT,1786802640000,1786803240000,1.4120000000000001,1.414,1.41,1.415,3,2,10,0.5601,TIME_EXPIRY,-0.1416430594900694,-0.18164305949006937,-3.6328611898013876,-19.23060503446651,5274.284349088476
309,SHORT,1786804920000,1786805520000,1.413,1.4149999999999998,1.411,1.416,3,2,10,0.6046,TIME_EXPIRY,-0.14154281670203678,-0.18154281670203679,-3.6308563340407356,-19.150168736419815,5255.134180352056
310,SHORT,1786805640000,1786806000000,1.4140000000000001,1.413,1.413,1.417,2,2,6,0.6149,TP_HIT,0.07072135785007863,0.030721357850078627,0.6144271570015726,3.228897154095503,5258.363077506152
311,LONG,1786806000000,1786806120000,1.414,1.415,1.415,1.411,2,2,2,0.5505,TP_HIT,0.07072135785007864,0.030721357850078637,0.6144271570015727,3.2308810761941458,5261.593958582346
312,SHORT,1786806120000,1786806240000,1.4140000000000001,1.413,1.413,1.417,2,2,2,0.5754,TP_HIT,0.07072135785007863,0.030721357850078627,0.6144271570015726,3.232866217268401,5264.826824799615
313,SHORT,1786807920000,1786808520000,1.4140000000000001,1.4149999999999998,1.413,1.417,2,2,10,0.5616,TIME_EXPIRY,-0.07072135785004721,-0.11072135785004722,-2.2144271570009444,-11.658575497743321,5253.168249301872
314,SHORT,1786808760000,1786809000000,1.4180000000000001,1.421,1.416,1.421,3,2,4,0.728,SL_HIT,-0.2115655853314451,-0.25156558533144513,-5.031311706628902,-26.430326909603764,5226.737922392268
315,SHORT,1786809000000,1786809600000,1.419,1.4209999999999998,1.417,1.422,3,2,10,0.5593,TIME_EXPIRY,-0.1409443269908231,-0.1809443269908231,-3.618886539816462,-18.91497151449364,5207.822950877774
316,SHORT,1786809600000,1786809900000,1.419,1.422,1.417,1.422,3,2,5,0.6832,SL_HIT,-0.2114164904862503,-0.2514164904862503,-5.028329809725006,-26.186651387668764,5181.636299490106
317,SHORT,1786809900000,1786810020000,1.421,1.419,1.419,1.424,3,2,2,0.6175,TP_HIT,0.14074595355383546,0.10074595355383546,2.0149190710767093,10.440577799225961,5192.076877289332
318,SHORT,1786810680000,1786811280000,1.419,1.4209999999999998,1.418,1.422,2,2,10,0.567,TIME_EXPIRY,-0.1409443269908231,-0.1809443269908231,-3.618886539816462,-18.78953712491465,5173.287340164417
319,SHORT,1786811460000,1786811580000,1.4200000000000002,1.419,1.419,1.423,2,2,2,0.5594,TP_HIT,0.07042253521127548,0.03042253521127548,0.6084507042255095,3.1476903252839534,5176.435030489702
320,SHORT,1786811580000,1786812120000,1.419,1.417,1.417,1.422,3,2,9,0.5578,TP_HIT,0.14094432699083873,0.10094432699083873,2.018886539816775,10.450635007291696,5186.885665496993
321,SHORT,1786812600000,1786813200000,1.417,1.418,1.415,1.42,3,2,10,0.5612,TIME_EXPIRY,-0.07057163020464996,-0.11057163020464997,-2.211432604092999,-11.470448074382665,5175.41521742261
322,SHORT,1786813380000,1786813440000,1.4180000000000001,1.421,1.417,1.421,2,2,1,0.6126,SL_HIT,-0.2115655853314451,-0.25156558533144513,-5.031311706628902,-26.03912717008374,5149.376090252526
323,SHORT,1786813500000,1786813620000,1.421,1.419,1.419,1.424,3,2,2,0.7366,TP_HIT,0.14074595355383546,0.10074595355383546,2.0149190710767093,10.375576088396237,5159.751666340922
324,SHORT,1786813800000,1786814400000,1.419,1.4209999999999998,1.417,1.422,3,2,10,0.5765,TIME_EXPIRY,-0.1409443269908231,-0.1809443269908231,-3.618886539816462,-18.672555854116727,5141.079110486806
325,SHORT,1786814580000,1786814820000,1.4160000000000001,1.414,1.414,1.419,3,2,4,0.5579,TP_HIT,0.14124293785312314,0.10124293785312313,2.0248587570624625,10.409959057620105,5151.489069544426
326,SHORT,1786815960000,1786816560000,1.409,1.41,1.407,1.412,3,2,10,0.5514,TIME_EXPIRY,-0.07097232079488218,-0.11097232079488217,-2.2194464158976435,-11.433453951936261,5140.05561559249
327,SHORT,1786816680000,1786817280000,1.4100000000000001,1.4109999999999998,1.408,1.413,3,2,10,0.6775,TIME_EXPIRY,-0.07092198581557928,-0.11092198581557927,-2.2184397163115857,-11.402903521680777,5128.652712070809
328,SHORT,1786817400000,1786817460000,1.4100000000000001,1.409,1.409,1.413,2,2,1,0.6281,TP_HIT,0.07092198581561077,0.030921985815610765,0.6184397163122153,3.171762528316945,5131.824474599126
329,SHORT,1786817520000,1786817640000,1.409,1.408,1.408,1.412,2,2,2,0.5982,TP_HIT,0.07097232079489793,0.03097232079489793,0.6194464158979586,3.178890277807853,5135.003364876934
330,SHORT,1786818240000,1786818840000,1.407,1.408,1.406,1.41,2,2,10,0.5536,TIME_EXPIRY,-0.07107320540155578,-0.11107320540155578,-2.2214641080311153,-11.407225669693114,5123.596139207241
331,SHORT,1786820160000,1786820280000,1.405,1.404,1.404,1.408,2,2,2,0.5593,TP_HIT,0.07117437722420725,0.03117437722420725,0.623487544484145,3.1944983757627687,5126.790637583004
332,SHORT,1786820700000,1786820880000,1.405,1.408,1.404,1.408,2,2,3,0.601,SL_HIT,-0.21352313167259016,-0.25352313167259016,-5.070462633451803,-25.99520035739517,5100.795437225609
333,SHORT,1786820940000,1786821300000,1.407,1.41,1.405,1.41,3,2,6,0.5689,SL_HIT,-0.2132196162046831,-0.25321961620468314,-5.064392324093663,-25.832429259057353,5074.963007966551
334,SHORT,1786821360000,1786821960000,1.409,1.407,1.407,1.412,3,2,10,0.5894,TP_HIT,0.1419446415897801,0.1019446415897801,2.038892831795602,10.347305698570848,5085.3103136651225
335,SHORT,1786823400000,1786823460000,1.4080000000000001,1.407,1.407,1.411,2,2,1,0.5541,TP_HIT,0.07102272727273522,0.03102272727273521,0.6204545454547042,3.155203899161213,5088.465517564284
336,SHORT,1786823940000,1786824540000,1.407,1.408,1.406,1.41,2,2,10,0.6226,TIME_EXPIRY,-0.07107320540155578,-0.11107320540155578,-2.2214641080311153,-11.30384351222303,5077.16167405206
337,SHORT,1786826340000,1786826400000,1.4060000000000001,1.405,1.405,1.409,2,2,1,0.5753,TP_HIT,0.0711237553342896,0.0311237553342896,0.622475106685792,3.1604067547165706,5080.322080806777
338,SHORT,1786827060000,1786827660000,1.405,1.406,1.404,1.408,2,2,10,0.577,TIME_EXPIRY,-0.07117437722419144,-0.11117437722419143,-2.2234875444838287,-11.296032868640037,5069.026047938137
339,SHORT,1786827780000,1786827960000,1.4040000000000001,1.403,1.403,1.407,2,2,3,0.5755,TP_HIT,0.07122507122507919,0.031225071225079185,0.6245014245015836,3.1656139877729994,5072.19166192591
340,SHORT,1786829880000,1786830000000,1.4060000000000001,1.409,1.405,1.409,2,2,2,0.6086,SL_HIT,-0.2133712660028372,-0.2533712660028372,-5.067425320056745,-25.702952455824057,5046.488709470086
341,SHORT,1786830360000,1786830960000,1.409,1.4089999999999998,1.407,1.412,3,2,10,0.6322,TIME_EXPIRY,1.575902093151393e-14,-0.03999999999998424,-0.7999999999996849,-4.037190967574478,5042.451518502512
342,SHORT,1786831020000,1786831080000,1.4080000000000001,1.407,1.407,1.411,2,2,1,0.6198,TP_HIT,0.07102272727273522,0.03102272727273521,0.6204545454547042,3.128611964889859,5045.580130467402
343,SHORT,1786831740000,1786832340000,1.409,1.4089999999999998,1.407,1.412,3,2,10,0.6507,TIME_EXPIRY,1.575902093151393e-14,-0.03999999999998424,-0.7999999999996849,-4.036464104372332,5041.54366636303
344,SHORT,1786833420000,1786834020000,1.409,1.4109999999999998,1.408,1.412,2,2,10,0.5776,TIME_EXPIRY,-0.14194464158976436,-0.18194464158976437,-3.638892831795287,-18.34563710871136,5023.1980292543185
345,SHORT,1786834320000,1786834500000,1.407,1.406,1.406,1.41,2,2,3,0.5717,TP_HIT,0.07107320540157157,0.031073205401571564,0.6214641080314314,3.1217372827157788,5026.319766537034
346,SHORT,1786834620000,1786834800000,1.4060000000000001,1.405,1.405,1.409,2,2,3,0.7117,TP_HIT,0.0711237553342896,0.0311237553342896,0.622475106685792,3.1287589329120458,5029.448525469947
347,SHORT,1786836600000,1786837200000,1.403,1.4029999999999998,1.401,1.406,3,2,10,0.5574,TIME_EXPIRY,1.582641517640993e-14,-0.03999999999998418,-0.7999999999996836,-4.023558820374366,5025.4249666495725
348,SHORT,1786838100000,1786838580000,1.4020000000000001,1.405,1.401,1.405,2,2,8,0.5748,SL_HIT,-0.21398002853066272,-0.2539800285306627,-5.0796005706132545,-25.527151528167266,4999.897815121405
349,SHORT,1786838700000,1786839180000,1.4060000000000001,1.409,1.404,1.409,3,2,8,0.7012,SL_HIT,-0.2133712660028372,-0.2533712660028372,-5.067425320056745,-25.336608786042607,4974.561206335363
350,SHORT,1786839180000,1786839780000,1.4080000000000001,1.41,1.406,1.411,3,2,10,0.7517,TIME_EXPIRY,-0.1420454545454389,-0.18204545454543888,-3.6409090909087776,-18.11192511942856,4956.449281215934
351,SHORT,1786840020000,1786840620000,1.4100000000000001,1.4109999999999998,1.408,1.413,3,2,10,0.6042,TIME_EXPIRY,-0.07092198581557928,-0.11092198581557927,-2.2184397163115857,-10.995583937333441,4945.453697278601
352,SHORT,1786840680000,1786840800000,1.4100000000000001,1.409,1.409,1.413,2,2,2,0.5663,TP_HIT,0.07092198581561077,0.030921985815610765,0.6184397163122153,3.0584649815801748,4948.512162260181
353,SHORT,1786841100000,1786841340000,1.4080000000000001,1.407,1.407,1.411,2,2,4,0.5514,TP_HIT,0.07102272727273522,0.03102272727273521,0.6204545454547042,3.070326864312216,4951.582489124493
354,SHORT,1786841460000,1786841580000,1.407,1.41,1.405,1.41,3,2,2,0.5718,SL_HIT,-0.2132196162046831,-0.25321961620468314,-5.064392324093663,-25.076756350038675,4926.505732774454
355,SHORT,1786841580000,1786842060000,1.409,1.412,1.407,1.412,3,2,8,0.6233,SL_HIT,-0.2129169623846623,-0.2529169623846623,-5.0583392476932465,-24.9199373020788,4901.585795472375
356,SHORT,1786842060000,1786842540000,1.4100000000000001,1.408,1.408,1.413,3,2,8,0.6132,TP_HIT,0.14184397163122153,0.10184397163122154,2.036879432624431,9.983939294041742,4911.569734766417
357,SHORT,1786843440000,1786843560000,1.4020000000000001,1.4,1.4,1.405,3,2,2,0.5575,TP_HIT,0.14265335235379625,0.10265335235379626,2.0530670470759254,10.083781971864374,4921.653516738282
358,SHORT,1786845000000,1786845180000,1.395,1.393,1.393,1.398,3,2,3,0.6411,TP_HIT,0.14336917562724028,0.10336917562724028,2.0673835125448057,10.174945334962885,4931.828462073245
359,SHORT,1786845480000,1786845780000,1.3940000000000001,1.392,1.392,1.397,3,2,5,0.7873,TP_HIT,0.1434720229555397,0.10347202295553971,2.069440459110794,10.206125356808537,4942.034587430053
360,SHORT,1786845840000,1786846380000,1.3920000000000001,1.39,1.39,1.395,3,2,9,0.6728,TP_HIT,0.1436781609195563,0.1036781609195563,2.0735632183911257,10.24762114451172,4952.282208574565
361,SHORT,1786846500000,1786846800000,1.3900000000000001,1.393,1.388,1.393,3,2,5,0.6148,SL_HIT,-0.2158273381294886,-0.2558273381294886,-5.116546762589772,-25.338583501713117,4926.943625072851
362,SHORT,1786847040000,1786847100000,1.3940000000000001,1.397,1.392,1.397,3,2,1,0.6038,SL_HIT,-0.21520803443327774,-0.2552080344332778,-5.104160688665555,-25.147911966368213,4901.795713106483
363,SHORT,1786847820000,1786848420000,1.3940000000000001,1.394,1.392,1.397,3,2,10,0.5828,TIME_EXPIRY,1.5928594327477138e-14,-0.039999999999984076,-0.7999999999996815,-3.9214365704836256,4897.874276535999
364,SHORT,1786848900000,1786849260000,1.3920000000000001,1.391,1.391,1.395,2,2,6,0.6792,TP_HIT,0.07183908045977815,0.031839080459778145,0.6367816091955629,3.1188762634501472,4900.9931527994495
365,SHORT,1786849380000,1786849860000,1.393,1.396,1.391,1.396,3,2,8,0.5943,SL_HIT,-0.2153625269203081,-0.25536252692030814,-5.107250538406162,-25.0305999183599,4875.962552881089
366,SHORT,1786850760000,1786851000000,1.3940000000000001,1.397,1.392,1.397,3,2,4,0.6066,SL_HIT,-0.21520803443327774,-0.2552080344332778,-5.104160688665555,-24.887696381821,4851.074856499268
367,SHORT,1786851240000,1786851720000,1.3960000000000001,1.394,1.394,1.399,3,2,8,0.5964,TP_HIT,0.14326647564471517,0.10326647564471517,2.065329512894303,10.019068070387435,4861.093924569655
368,SHORT,1786852260000,1786852800000,1.3940000000000001,1.392,1.392,1.397,3,2,9,0.5689,TP_HIT,0.1434720229555397,0.10347202295553971,2.069440459110794,10.059744443042119,4871.153669012698
369,SHORT,1786852980000,1786853220000,1.393,1.391,1.391,1.396,3,2,4,0.6756,TP_HIT,0.14357501794687738,0.10357501794687739,2.0715003589375476,10.090596573799756,4881.244265586497
370,SHORT,1786853280000,1786853820000,1.391,1.389,1.389,1.394,3,2,9,0.5624,TP_HIT,0.14378145219266728,0.10378145219266728,2.0756290438533456,10.131652367793928,4891.375917954291
371,SHORT,1786854300000,1786854600000,1.393,1.396,1.391,1.396,3,2,5,0.6335,SL_HIT,-0.2153625269203081,-0.25536252692030814,-5.107250538406162,-24.98148229051899,4866.394435663772
372,SHORT,1786854840000,1786855080000,1.3940000000000001,1.397,1.392,1.397,3,2,4,0.5954,SL_HIT,-0.21520803443327774,-0.2552080344332778,-5.104160688665555,-24.838859174055823,4841.555576489716
373,SHORT,1786855080000,1786855200000,1.3960000000000001,1.399,1.394,1.399,3,2,2,0.5841,SL_HIT,-0.2148997134670409,-0.25489971346704093,-5.097994269340819,-24.682222583639657,4816.873353906077
374,SHORT,1786855200000,1786855320000,1.3980000000000001,1.401,1.396,1.401,3,2,2,0.6888,SL_HIT,-0.21459227467810382,-0.25459227467810386,-5.091845493562077,-24.526774880145904,4792.346579025931
375,SHORT,1786855740000,1786856160000,1.399,1.397,1.397,1.402,3,2,7,0.6266,TP_HIT,0.14295925661186576,0.10295925661186575,2.059185132237315,9.868328824058556,4802.214907849989
376,SHORT,1786856340000,1786856520000,1.3960000000000001,1.399,1.394,1.399,3,2,3,0.7194,SL_HIT,-0.2148997134670409,-0.25489971346704093,-5.097994269340819,-24.48166408036229,4777.733243769627
377,SHORT,1786856520000,1786857120000,1.3980000000000001,1.3989999999999998,1.396,1.401,3,2,10,0.6902,TIME_EXPIRY,-0.07153075822601343,-0.11153075822601342,-2.2306151645202688,-10.657284225585144,4767.075959544041
378,SHORT,1786857540000,1786858140000,1.3960000000000001,1.3969999999999998,1.394,1.399,3,2,10,0.6152,TIME_EXPIRY,-0.07163323782232577,-0.11163323782232576,-2.2326647564465154,-10.643282486177435,4756.432677057864
379,SHORT,1786858200000,1786858560000,1.3960000000000001,1.399,1.395,1.399,2,2,6,0.6485,SL_HIT,-0.2148997134670409,-0.25489971346704093,-5.097994269340819,-24.2482665301464,4732.184410527717
380,SHORT,1786858560000,1786859160000,1.3980000000000001,1.3989999999999998,1.396,1.401,3,2,10,0.6427,TIME_EXPIRY,-0.07153075822601343,-0.11153075822601342,-2.2306151645202688,-10.555682307429533,4721.6287282202875
381,SHORT,1786859520000,1786859700000,1.397,1.395,1.395,1.4,3,2,3,0.6255,TP_HIT,0.14316392269148187,0.10316392269148188,2.0632784538296374,9.742034821919953,4731.370763042208
382,SHORT,1786859760000,1786860360000,1.3960000000000001,1.3969999999999998,1.394,1.399,3,2,10,0.6658,TIME_EXPIRY,-0.07163323782232577,-0.11163323782232576,-2.2326647564465154,-10.563564752325794,4720.807198289882
383,SHORT,1786860420000,1786860840000,1.3960000000000001,1.395,1.395,1.399,2,2,7,0.6701,TP_HIT,0.07163323782235759,0.03163323782235758,0.6326647564471516,2.9866883363400283,4723.793886626222
384,SHORT,1786861380000,1786861980000,1.393,1.3949999999999998,1.392,1.396,2,2,10,0.5656,TIME_EXPIRY,-0.14357501794686142,-0.18357501794686143,-3.6715003589372284,-17.34341095029366,4706.450475675929
385,SHORT,1786862040000,1786862220000,1.3940000000000001,1.393,1.393,1.397,2,2,3,0.6297,TP_HIT,0.07173601147776985,0.03173601147776985,0.634720229555397,2.987279326312133,4709.437755002241
386,SHORT,1786862880000,1786862940000,1.393,1.392,1.392,1.396,2,2,1,0.6398,TP_HIT,0.07178750897344666,0.031787508973446656,0.6357501794689332,2.9940258979404444,4712.431780900181
387,SHORT,1786863060000,1786863660000,1.3920000000000001,1.3929999999999998,1.39,1.395,3,2,10,0.6331,TIME_EXPIRY,-0.07183908045974624,-0.11183908045974623,-2.2367816091949244,-10.540680742103213,4701.891100158078
388,SHORT,1786863960000,1786864320000,1.3920000000000001,1.395,1.391,1.395,2,2,6,0.6569,SL_HIT,-0.21551724137930253,-0.25551724137930254,-5.110344827586051,-24.028284863565723,4677.862815294512
389,SHORT,1786864380000,1786864800000,1.3940000000000001,1.397,1.392,1.397,3,2,7,0.5838,SL_HIT,-0.21520803443327774,-0.2552080344332778,-5.104160688665555,-23.87656348879663,4653.986251805715
390,SHORT,1786865040000,1786865280000,1.397,1.4,1.395,1.4,3,2,4,0.5749,SL_HIT,-0.21474588403721487,-0.2547458840372149,-5.094917680744298,-23.711676840265824,4630.27457496545
391,SHORT,1786865280000,1786865640000,1.399,1.397,1.397,1.402,3,2,6,0.7715,TP_HIT,0.14295925661186576,0.10295925661186575,2.059185132237315,9.534592562945306,4639.809167528395
392,SHORT,1786865820000,1786866180000,1.3980000000000001,1.396,1.396,1.401,3,2,6,0.5903,TP_HIT,0.1430615164520904,0.1030615164520904,2.061230329041808,9.56371537707575,4649.372882905471
393,SHORT,1786866780000,1786867200000,1.3960000000000001,1.399,1.395,1.399,2,2,7,0.6425,SL_HIT,-0.2148997134670409,-0.25489971346704093,-5.097994269340819,-23.70247631308069,4625.6704065923905
394,SHORT,1786867200000,1786867800000,1.3980000000000001,1.4009999999999998,1.396,1.401,3,2,10,0.566,TIME_EXPIRY,-0.21459227467808795,-0.254592274678088,-5.09184549356176,-23.553199014509456,4602.117207577881
395,SHORT,1786867800000,1786867860000,1.399,1.397,1.397,1.402,3,2,1,0.6439,TP_HIT,0.14295925661186576,0.10295925661186575,2.059185132237315,9.476611330657883,4611.593818908539
396,SHORT,1786868160000,1786868280000,1.397,1.4,1.395,1.4,3,2,2,0.5758,SL_HIT,-0.21474588403721487,-0.2547458840372149,-5.094917680744298,-23.495690884368233,4588.098128024171
397,SHORT,1786868280000,1786868880000,1.399,1.4,1.397,1.402,3,2,10,0.6468,TIME_EXPIRY,-0.07147962830592494,-0.11147962830592494,-2.2295925661184985,-10.229589478864892,4577.868538545306
398,SHORT,1786870260000,1786870560000,1.395,1.398,1.394,1.398,2,2,5,0.6469,SL_HIT,-0.21505376344085245,-0.25505376344085245,-5.101075268817049,-23.35205198586911,4554.516486559437
399,SHORT,1786870560000,1786871160000,1.397,1.4,1.395,1.4,3,2,10,0.7234,TIME_EXPIRY,-0.21474588403721487,-0.2547458840372149,-5.094917680744298,-23.204886574613074,4531.311599984824
400,SHORT,1786871160000,1786871340000,1.3980000000000001,1.397,1.397,1.401,2,2,3,0.6472,TP_HIT,0.0715307582260452,0.031530758226045195,0.6306151645209039,2.8575138101199102,4534.169113794944
401,SHORT,1786871580000,1786871640000,1.395,1.394,1.394,1.398,2,2,1,0.5515,TP_HIT,0.07168458781362809,0.031684587813628096,0.6336917562725619,2.8732655889575236,4537.042379383901
402,SHORT,1786872480000,1786873020000,1.3900000000000001,1.393,1.388,1.393,3,2,9,0.5696,SL_HIT,-0.2158273381294886,-0.2558273381294886,-5.116546762589772,-23.213989497969298,4513.828389885932
403,SHORT,1786873140000,1786873320000,1.393,1.391,1.391,1.396,3,2,3,0.5683,TP_HIT,0.14357501794687738,0.10357501794687739,2.0715003589375476,9.350397129831201,4523.178787015763
404,SHORT,1786873440000,1786873560000,1.3920000000000001,1.395,1.39,1.395,3,2,2,0.6202,SL_HIT,-0.21551724137930253,-0.25551724137930254,-5.110344827586051,-23.115003318472954,4500.06378369729
405,SHORT,1786873800000,1786874400000,1.3940000000000001,1.392,1.392,1.397,3,2,10,0.5914,TP_HIT,0.1434720229555397,0.10347202295553971,2.069440459110794,9.312614062562377,4509.376397759853
406,SHORT,1786874580000,1786874940000,1.3920000000000001,1.39,1.39,1.395,3,2,6,0.6354,TP_HIT,0.1436781609195563,0.1036781609195563,2.0735632183911257,9.350477036275903,4518.726874796129
407,SHORT,1786875420000,1786876020000,1.391,1.392,1.389,1.394,3,2,10,0.6456,TIME_EXPIRY,-0.07189072609632564,-0.11189072609632565,-2.2378145219265133,-10.112072621038386,4508.6148021750905
408,SHORT,1786876020000,1786876080000,1.3900000000000001,1.389,1.389,1.393,2,2,1,0.5527,TP_HIT,0.07194244604317351,0.03194244604317351,0.6388489208634702,2.880323700958625,4511.495125876049
409,SHORT,1786876200000,1786876800000,1.3900000000000001,1.39,1.388,1.393,3,2,10,0.5575,TIME_EXPIRY,1.5974432008995057e-14,-0.03999999999998403,-0.7999999999996805,-3.609196100699398,4507.88592977535
410,SHORT,1786877100000,1786877700000,1.391,1.392,1.389,1.394,3,2,10,0.5886,TIME_EXPIRY,-0.07189072609632564,-0.11189072609632565,-2.2378145219265133,-10.08781259683948,4497.79811717851
411,SHORT,1786877700000,1786878120000,1.3900000000000001,1.389,1.389,1.393,2,2,7,0.639,TP_HIT,0.07194244604317351,0.03194244604317351,0.6388489208634702,2.8734134734212398,4500.671530651932
412,SHORT,1786878180000,1786878780000,1.391,1.394,1.389,1.394,3,2,10,0.599,TIME_EXPIRY,-0.21567217828899293,-0.25567217828899297,-5.11344356577986,-23.013929880100715,4477.657600771831
413,SHORT,1786878780000,1786879020000,1.3920000000000001,1.391,1.391,1.395,2,2,4,0.6649,TP_HIT,0.07183908045977815,0.031839080459778145,0.6367816091955629,2.85129001244623,4480.508890784277
414,SHORT,1786879080000,1786879680000,1.393,1.396,1.391,1.396,3,2,10,0.5992,SL_HIT,-0.2153625269203081,-0.25536252692030814,-5.107250538406162,-22.883081444791596,4457.625809339485
415,SHORT,1786879800000,1786880400000,1.395,1.398,1.393,1.398,3,2,10,0.5771,SL_HIT,-0.21505376344085245,-0.25505376344085245,-5.101075268817049,-22.738684773662236,4434.887124565823
416,SHORT,1786880400000,1786880580000,1.397,1.396,1.396,1.4,2,2,3,0.6942,TP_HIT,0.07158196134574889,0.03158196134574888,0.6316392269149775,2.8012486748159446,4437.688373240639
417,SHORT,1786880760000,1786881360000,1.397,1.3969999999999998,1.395,1.4,3,2,10,0.5997,TIME_EXPIRY,1.5894388326773896e-14,-0.03999999999998411,-0.7999999999996822,-3.550150698591101,4434.1382225420475
418,SHORT,1786881480000,1786881660000,1.3960000000000001,1.399,1.395,1.399,2,2,3,0.6534,SL_HIT,-0.2148997134670409,-0.25489971346704093,-5.097994269340819,-22.605211247984442,4411.533011294063
419,SHORT,1786881780000,1786882200000,1.4000000000000001,1.398,1.398,1.403,3,2,7,0.6943,TP_HIT,0.14285714285715884,0.10285714285715884,2.057142857143177,9.075153623234913,4420.6081649172975
420,SHORT,1786882380000,1786882560000,1.3980000000000001,1.396,1.396,1.401,3,2,3,0.5759,TP_HIT,0.1430615164520904,0.1030615164520904,2.061230329041808,9.111891622337385,4429.720056539635
421,SHORT,1786882740000,1786883160000,1.395,1.398,1.393,1.398,3,2,7,0.5798,SL_HIT,-0.21505376344085245,-0.25505376344085245,-5.101075268817049,-22.596335428197197,4407.123721111438
422,SHORT,1786883400000,1786884000000,1.3980000000000001,1.3989999999999998,1.396,1.401,3,2,10,0.5906,TIME_EXPIRY,-0.07153075822601343,-0.11153075822601342,-2.2306151645202688,-9.830597004228169,4397.293124107209
423,SHORT,1786884300000,1786884720000,1.399,1.402,1.397,1.402,3,2,7,0.5538,SL_HIT,-0.2144388849177907,-0.2544388849177907,-5.088777698355814,-22.37684718309013,4374.916276924119
424,SHORT,1786884840000,1786885440000,1.401,1.4029999999999998,1.399,1.404,3,2,10,0.614,TIME_EXPIRY,-0.1427551748750735,-0.1827551748750735,-3.65510349750147,-15.990771785061458,4358.925505139058
425,SHORT,1786885440000,1786885680000,1.401,1.404,1.4,1.404,2,2,4,0.6452,SL_HIT,-0.21413276231262607,-0.2541327623126261,-5.082655246252522,-22.154915586718964,4336.7705895523395
426,SHORT,1786885680000,1786885800000,1.403,1.406,1.401,1.406,3,2,2,0.5748,SL_HIT,-0.21382751247326384,-0.25382751247326385,-5.076550249465277,-22.01583381826561,4314.754755734074
427,SHORT,1786885800000,1786886160000,1.405,1.408,1.403,1.408,3,2,6,0.6829,SL_HIT,-0.21352313167259016,-0.25352313167259016,-5.070462633451803,-21.87780276145809,4292.876952972616
428,SHORT,1786886160000,1786886280000,1.4060000000000001,1.409,1.404,1.409,3,2,2,0.63,SL_HIT,-0.2133712660028372,-0.2533712660028372,-5.067425320056745,-21.753833367381482,4271.123119605235
429,SHORT,1786886460000,1786886580000,1.4100000000000001,1.413,1.408,1.413,3,2,2,0.6443,SL_HIT,-0.2127659574468008,-0.2527659574468008,-5.055319148936016,-21.59189049400368,4249.531229111231
430,SHORT,1786886940000,1786887060000,1.411,1.415,1.407,1.415,5,3,2,0.5933,SL_HIT,-0.2834868887313964,-0.3234868887313964,-6.469737774627929,-27.493352717441986,4222.03787639379
431,SHORT,1786887060000,1786887600000,1.415,1.419,1.411,1.419,5,3,9,0.585,SL_HIT,-0.2826855123674914,-0.32268551236749143,-6.453710247349828,-27.24780910758171,4194.790067286208
432,SHORT,1786887600000,1786888200000,1.4180000000000001,1.415,1.415,1.422,4,3,10,0.5768,TP_HIT,0.21156558533146075,0.17156558533146074,3.431311706629215,14.393632264731117,4209.183699550939
433,SHORT,1786888260000,1786888500000,1.417,1.42,1.414,1.42,4,2,4,0.5805,SL_HIT,-0.2117148906139655,-0.2517148906139655,-5.034297812279311,-21.19028429013103,4187.993415260808
434,SHORT,1786888500000,1786888680000,1.419,1.422,1.417,1.422,3,2,3,0.6576,SL_HIT,-0.2114164904862503,-0.2514164904862503,-5.028329809725006,-21.058612132887962,4166.9348031279205
435,SHORT,1786888680000,1786888980000,1.4200000000000002,1.423,1.417,1.423,4,2,5,0.6145,SL_HIT,-0.21126760563379515,-0.2512676056337952,-5.025352112675904,-20.940314616281647,4145.994488511639
436,SHORT,1786888980000,1786889340000,1.4220000000000002,1.426,1.418,1.426,5,3,6,0.65,SL_HIT,-0.28129395218001274,-0.3212939521800128,-6.425879043600255,-26.641659098609104,4119.35282941303
437,SHORT,1786889340000,1786889460000,1.4260000000000002,1.43,1.422,1.43,5,3,2,0.6054,SL_HIT,-0.28050490883588924,-0.3205049088358893,-6.410098176717785,-26.405456061077718,4092.9473733519526
438,SHORT,1786889460000,1786889520000,1.4300000000000002,1.434,1.426,1.434,5,3,1,0.5986,SL_HIT,-0.2797202797202644,-0.31972027972026446,-6.394405594405289,-26.171965581768163,4066.7754077701843
439,SHORT,1786889580000,1786889760000,1.4340000000000002,1.438,1.43,1.438,5,3,3,0.5632,SL_HIT,-0.27894002789398753,-0.3189400278939875,-6.37880055787975,-25.941149239856102,4040.834258530328
440,SHORT,1786890120000,1786890240000,1.4320000000000002,1.438,1.425,1.438,8,5,2,0.5722,SL_HIT,-0.418994413407806,-0.45899441340780606,-9.179888268156121,-37.0944070034459,4003.739851526882
441,SHORT,1786890240000,1786890780000,1.4340000000000002,1.44,1.427,1.44,8,5,9,0.6041,SL_HIT,-0.41841004184098907,-0.4584100418409891,-9.168200836819782,-36.707091057177465,3967.0327604697045
442,SHORT,1786890780000,1786890840000,1.4360000000000002,1.43,1.43,1.441,7,4,1,0.633,TP_HIT,0.41782729805015506,0.3778272980501551,7.556545961003101,29.97706538329433,3997.009825852999
443,SHORT,1786891560000,1786891920000,1.4280000000000002,1.432,1.424,1.432,5,3,6,0.5613,SL_HIT,-0.2801120448179118,-0.32011204481791183,-6.402240896358237,-25.589819770221787,3971.420006082777
444,SHORT,1786891920000,1786892280000,1.433,1.43,1.43,1.437,4,3,6,0.6396,TP_HIT,0.20935101186323196,0.16935101186323195,3.3870202372646387,13.451279931280022,3984.871286014057
445,SHORT,1786892280000,1786892520000,1.429,1.425,1.425,1.433,5,3,4,0.5793,TP_HIT,0.2799160251924425,0.23991602519244248,4.79832050384885,19.120689596879785,4003.991975610937
446,SHORT,1786893240000,1786893420000,1.4240000000000002,1.428,1.42,1.428,5,3,3,0.5518,SL_HIT,-0.280898876404479,-0.32089887640447906,-6.41797752808958,-25.697530522121998,3978.294445088815
447,SHORT,1786893480000,1786894020000,1.425,1.429,1.421,1.429,5,3,9,0.5618,SL_HIT,-0.2807017543859652,-0.32070175438596515,-6.414035087719304,-25.51692016007846,3952.7775249287365
448,SHORT,1786894380000,1786894560000,1.433,1.437,1.43,1.437,4,3,3,0.5545,SL_HIT,-0.2791346824842989,-0.31913468248429894,-6.382693649685979,-25.22936800698411,3927.5481569217523
449,SHORT,1786894620000,1786894980000,1.435,1.431,1.431,1.439,5,3,6,0.5786,TP_HIT,0.27874564459930334,0.23874564459930334,4.774912891986067,18.753700328381793,3946.301857250134
450,SHORT,1786895940000,1786896540000,1.427,1.4289999999999998,1.424,1.431,4,3,10,0.559,TIME_EXPIRY,-0.14015416958652976,-0.18015416958652974,-3.6030833917305953,-14.218854680613562,3932.0830025695204
451,SHORT,1786896540000,1786897140000,1.427,1.4309999999999998,1.424,1.431,4,3,10,0.5791,TIME_EXPIRY,-0.28030833917307507,-0.3203083391730751,-6.406166783461502,-25.189579520874428,3906.893423048646
452,SHORT,1786897500000,1786897680000,1.429,1.427,1.427,1.432,3,2,3,0.7022,TP_HIT,0.13995801259622126,0.09995801259622125,1.9991602519244251,7.810506039863812,3914.70392908851
453,SHORT,1786897800000,1786897860000,1.427,1.425,1.425,1.43,3,2,1,0.6718,TP_HIT,0.14015416958654534,0.10015416958654533,2.0030833917309065,7.841478423900919,3922.5454075124107
454,SHORT,1786897920000,1786898100000,1.427,1.425,1.425,1.43,3,2,3,0.6414,TP_HIT,0.14015416958654534,0.10015416958654533,2.0030833917309065,7.857185559098452,3930.4025930715093
455,SHORT,1786899360000,1786899480000,1.421,1.424,1.419,1.424,3,2,2,0.6336,SL_HIT,-0.21111893033074536,-0.2511189303307454,-5.022378606614907,-19.73996989882611,3910.662623172683
456,SHORT,1786899540000,1786899720000,1.423,1.421,1.421,1.426,3,2,3,0.6226,TP_HIT,0.14054813773717512,0.10054813773717512,2.010962754743502,7.86419688156779,3918.526820054251
457,SHORT,1786899720000,1786900200000,1.4220000000000002,1.42,1.42,1.425,3,2,8,0.7026,TP_HIT,0.1406469760900298,0.10064697609002979,2.012939521800596,7.887757503322813,3926.414577557574
458,SHORT,1786900260000,1786900860000,1.4200000000000002,1.422,1.418,1.423,3,2,10,0.6812,TIME_EXPIRY,-0.1408450704225197,-0.18084507042251968,-3.616901408450394,-14.201454415728147,3912.2131231418457
459,SHORT,1786900860000,1786901280000,1.4200000000000002,1.419,1.419,1.423,2,2,7,0.5831,TP_HIT,0.07042253521127548,0.03042253521127548,0.6084507042255095,2.3803888298559364,3914.5935119717014
460,SHORT,1786901340000,1786901820000,1.417,1.42,1.415,1.42,3,2,8,0.5569,SL_HIT,-0.2117148906139655,-0.2517148906139655,-5.034297812279311,-19.70722955328192,3894.8862824184193
461,SHORT,1786901940000,1786902120000,1.4200000000000002,1.418,1.418,1.423,3,2,3,0.5789,TP_HIT,0.14084507042255096,0.10084507042255096,2.0169014084510195,7.855601628766266,3902.7418840471855
462,SHORT,1786902300000,1786902900000,1.417,1.42,1.415,1.42,3,2,10,0.6321,TIME_EXPIRY,-0.2117148906139655,-0.2517148906139655,-5.034297812279311,-19.64756492874958,3883.094319118436
463,SHORT,1786902900000,1786903020000,1.4180000000000001,1.417,1.417,1.421,2,2,2,0.6184,TP_HIT,0.0705218617771588,0.030521861777158796,0.6104372355431759,2.370385361516069,3885.464704479952
464,SHORT,1786903020000,1786903620000,1.4160000000000001,1.4169999999999998,1.414,1.419,3,2,10,0.6316,TIME_EXPIRY,-0.0706214689265302,-0.1106214689265302,-2.2124293785306044,-8.59631626143518,3876.868388218517
465,SHORT,1786903680000,1786903920000,1.4160000000000001,1.414,1.414,1.419,3,2,4,0.5936,TP_HIT,0.14124293785312314,0.10124293785312313,2.0248587570624625,7.850110905862899,3884.71849912438
466,SHORT,1786904100000,1786904640000,1.417,1.415,1.415,1.42,3,2,9,0.5576,TP_HIT,0.14114326040931557,0.10114326040931558,2.022865208186311,7.8582618954764545,3892.5767610198563
467,SHORT,1786904820000,1786905420000,1.4160000000000001,1.4189999999999998,1.414,1.419,3,2,10,0.5623,TIME_EXPIRY,-0.21186440677963764,-0.2518644067796377,-5.037288135592753,-19.608030735169393,3872.968730284687
468,SHORT,1786905480000,1786906080000,1.4180000000000001,1.42,1.416,1.421,3,2,10,0.5877,TIME_EXPIRY,-0.1410437235542863,-0.18104372355428627,-3.6208744710857257,-14.023533602801121,3858.9451966818856
469,SHORT,1786906080000,1786906380000,1.4180000000000001,1.416,1.416,1.421,3,2,5,0.5758,TP_HIT,0.1410437235543176,0.1010437235543176,2.020874471086352,7.7984438332957255,3866.743640515181
470,LONG,1786906680000,1786907160000,1.416,1.418,1.418,1.413,3,2,8,0.5845,TP_HIT,0.1412429378531075,0.10124293785310748,2.0248587570621495,7.829609721811542,3874.573250236993
471,SHORT,1786907160000,1786907760000,1.417,1.4189999999999998,1.415,1.42,3,2,10,0.6449,TIME_EXPIRY,-0.14114326040929992,-0.1811432604092999,-3.622865208185998,-14.037056624851743,3860.5361936121412
472,SHORT,1786907940000,1786908540000,1.4180000000000001,1.4209999999999998,1.416,1.421,3,2,10,0.5843,TIME_EXPIRY,-0.21156558533142944,-0.2515655853314295,-5.031311706628589,-19.42356094478414,3841.112632667357
473,SHORT,1786908540000,1786908600000,1.419,1.418,1.418,1.422,2,2,1,0.6357,TP_HIT,0.07047216349542719,0.030472163495427192,0.6094432699085438,2.3409402429398094,3843.4535729102968
474,SHORT,1786909140000,1786909200000,1.4180000000000001,1.417,1.417,1.421,2,2,1,0.5644,TP_HIT,0.0705218617771588,0.030521861777158796,0.6104372355431759,2.346187173985904,3845.7997600842828
475,SHORT,1786909200000,1786909440000,1.417,1.415,1.415,1.42,3,2,4,0.5678,TP_HIT,0.14114326040931557,0.10114326040931558,2.022865208186311,7.7795345323257585,3853.5792946166084
476,SHORT,1786909560000,1786910160000,1.4160000000000001,1.414,1.414,1.419,3,2,10,0.5591,TP_HIT,0.14124293785312314,0.10124293785312313,2.0248587570624625,7.802953780739028,3861.3822483973477
477,SHORT,1786910280000,1786910460000,1.413,1.411,1.411,1.416,3,2,3,0.6649,TP_HIT,0.1415428167020525,0.1015428167020525,2.0308563340410495,7.841912597311424,3869.224160994659
478,SHORT,1786910460000,1786911060000,1.413,1.4129999999999998,1.411,1.416,3,2,10,0.6313,TIME_EXPIRY,1.571440940729167e-14,-0.039999999999984284,-0.7999999999996856,-3.095379328794511,3866.1287816658646
479,SHORT,1786911840000,1786911900000,1.413,1.412,1.412,1.416,2,2,1,0.5558,TP_HIT,0.0707714083510341,0.0307714083510341,0.615428167020682,2.3793245495665256,3868.5081062154313
480,SHORT,1786911960000,1786912020000,1.4120000000000001,1.411,1.411,1.415,2,2,1,0.5552,TP_HIT,0.0708215297450504,0.03082152974505041,0.6164305949010082,2.3846667532937507,3870.8927729687252
481,SHORT,1786912080000,1786912680000,1.411,1.4129999999999998,1.409,1.414,3,2,10,0.5684,TIME_EXPIRY,-0.14174344436568248,-0.1817434443656825,-3.6348688873136497,-14.070187706591279,3856.822585262134
482,SHORT,1786912680000,1786913280000,1.411,1.414,1.409,1.414,3,2,10,0.553,TIME_EXPIRY,-0.21261516654853943,-0.25261516654853944,-5.05230333097079,-19.485837594483254,3837.336747667651
483,SHORT,1786913280000,1786913460000,1.4120000000000001,1.411,1.411,1.415,2,2,3,0.5731,TP_HIT,0.0708215297450504,0.03082152974505041,0.6164305949010082,2.36545177420027,3839.702199441851
484,SHORT,1786913520000,1786914000000,1.4100000000000001,1.408,1.408,1.413,3,2,8,0.5989,TP_HIT,0.14184397163122153,0.10184397163122154,2.036879432624431,7.8210104374458975,3847.5232098792967
485,SHORT,1786914000000,1786914300000,1.4080000000000001,1.406,1.406,1.411,3,2,5,0.6087,TP_HIT,0.14204545454547043,0.10204545454547043,2.0409090909094085,7.852445096527606,3855.375654975824
486,SHORT,1786914300000,1786914360000,1.407,1.41,1.405,1.41,3,2,1,0.6273,SL_HIT,-0.2132196162046831,-0.25321961620468314,-5.064392324093663,-19.52513487355714,3835.8505201022667
487,SHORT,1786915560000,1786916100000,1.405,1.408,1.403,1.408,3,2,9,0.6228,SL_HIT,-0.21352313167259016,-0.25352313167259016,-5.070462633451803,-19.44953672968521,3816.4009833725813
488,SHORT,1786916100000,1786916280000,1.407,1.405,1.405,1.41,3,2,3,0.5574,TP_HIT,0.14214641080312734,0.10214641080312735,2.0429282160625473,7.7966332527406985,3824.197616625322
489,SHORT,1786916280000,1786916340000,1.405,1.403,1.403,1.408,3,2,1,0.5783,TP_HIT,0.1423487544483987,0.1023487544483987,2.046975088967974,7.828037256522733,3832.025653881845
490,SHORT,1786917540000,1786917600000,1.3940000000000001,1.39,1.39,1.398,5,3,1,0.5789,TP_HIT,0.2869440459110635,0.24694404591106348,4.93888091822127,18.925918380091428,3850.9515722619362
491,SHORT,1786918740000,1786918800000,1.399,1.402,1.397,1.402,3,2,1,0.606,SL_HIT,-0.2144388849177907,-0.2544388849177907,-5.088777698355814,-19.5966364783748,3831.3549357835614
492,SHORT,1786920900000,1786921320000,1.397,1.4,1.395,1.4,3,2,7,0.7177,SL_HIT,-0.21474588403721487,-0.2547458840372149,-5.094917680744298,-19.5204380035306,3811.8344977800307
493,SHORT,1786921800000,1786921980000,1.3980000000000001,1.396,1.396,1.401,3,2,3,0.5531,TP_HIT,0.1430615164520904,0.1030615164520904,2.061230329041808,7.857068876112048,3819.6915666561426
494,SHORT,1786922040000,1786922340000,1.395,1.398,1.393,1.398,3,2,5,0.5864,SL_HIT,-0.21505376344085245,-0.25505376344085245,-5.101075268817049,-19.4845341851787,3800.207032470964
495,SHORT,1786922340000,1786922940000,1.397,1.398,1.395,1.4,3,2,10,0.5988,TIME_EXPIRY,-0.07158196134573298,-0.11158196134573299,-2.23163922691466,-8.480691084059156,3791.7263413869046
496,SHORT,1786923120000,1786923360000,1.3980000000000001,1.397,1.397,1.401,2,2,4,0.5981,TP_HIT,0.0715307582260452,0.031530758226045195,0.6306151645209039,2.391120130591948,3794.1174615174964
497,SHORT,1786923480000,1786923660000,1.397,1.395,1.395,1.4,3,2,3,0.5934,TP_HIT,0.14316392269148187,0.10316392269148188,2.0632784538296374,7.828320809647849,3801.945782327144
498,SHORT,1786923840000,1786924020000,1.397,1.4,1.395,1.4,3,2,3,0.5631,SL_HIT,-0.21474588403721487,-0.2547458840372149,-5.094917680744298,-19.370600787609778,3782.5751815395342
499,SHORT,1786924200000,1786924800000,1.3980000000000001,1.4,1.396,1.401,3,2,10,0.5712,TIME_EXPIRY,-0.14306151645205864,-0.18306151645205862,-3.6612303290411723,-13.848878976530962,3768.726302563003
500,SHORT,1786924800000,1786925400000,1.3980000000000001,1.3989999999999998,1.396,1.401,3,2,10,0.6674,TIME_EXPIRY,-0.07153075822601343,-0.11153075822601342,-2.2306151645202688,-8.406578041423437,3760.3197245215797
501,SHORT,1786925520000,1786925880000,1.397,1.395,1.395,1.4,3,2,6,0.6759,TP_HIT,0.14316392269148187,0.10316392269148188,2.0632784538296374,7.758586667115974,3768.078311188696
502,SHORT,1786925940000,1786926240000,1.395,1.393,1.393,1.398,3,2,5,0.6509,TP_HIT,0.14336917562724028,0.10336917562724028,2.0673835125448057,7.790062974529186,3775.868374163225
503,SHORT,1786926300000,1786926480000,1.393,1.396,1.391,1.396,3,2,3,0.5544,SL_HIT,-0.2153625269203081,-0.25536252692030814,-5.107250538406162,-19.28430578689593,3756.584068376329
504,SHORT,1786926480000,1786926540000,1.3960000000000001,1.399,1.394,1.399,3,2,1,0.6607,SL_HIT,-0.2148997134670409,-0.25489971346704093,-5.097994269340819,-19.151044052879545,3737.4330243234494
505,SHORT,1786926840000,1786927140000,1.397,1.4,1.395,1.4,3,2,5,0.6375,SL_HIT,-0.21474588403721487,-0.2547458840372149,-5.094917680744298,-19.04191359622318,3718.391110727226
506,SHORT,1786927920000,1786928100000,1.3980000000000001,1.401,1.396,1.401,3,2,3,0.5618,SL_HIT,-0.21459227467810382,-0.25459227467810386,-5.091845493562077,-18.933473020457715,3699.4576377067683
507,SHORT,1786928100000,1786928160000,1.3980000000000001,1.401,1.396,1.401,3,2,1,0.5947,SL_HIT,-0.21459227467810382,-0.25459227467810386,-5.091845493562077,-18.83706670118102,3680.6205710055874
508,SHORT,1786928160000,1786928280000,1.4000000000000001,1.403,1.398,1.403,3,2,2,0.7512,SL_HIT,-0.21428571428570653,-0.25428571428570657,-5.085714285714131,-18.71858461825642,3661.901986387331
509,SHORT,1786928400000,1786928520000,1.4020000000000001,1.406,1.399,1.406,4,3,2,0.5694,SL_HIT,-0.28530670470754504,-0.325306704707545,-6.506134094150901,-23.824825363073522,3638.0771610242573
510,SHORT,1786928520000,1786928640000,1.405,1.409,1.402,1.409,4,3,2,0.5531,SL_HIT,-0.2846975088967974,-0.3246975088967974,-6.493950177935948,-23.625491827178184,3614.451669197079
511,SHORT,1786928640000,1786929240000,1.4080000000000001,1.4069999999999998,1.404,1.412,5,3,10,0.5841,TIME_EXPIRY,0.07102272727275098,0.031022727272750985,0.6204545454550197,2.242602967480811,3616.6942721645596
512,SHORT,1786929360000,1786929900000,1.407,1.41,1.404,1.41,4,2,9,0.5554,SL_HIT,-0.2132196162046831,-0.25321961620468314,-5.064392324093663,-18.31635871054371,3598.377913454016
513,SHORT,1786929960000,1786930560000,1.407,1.4069999999999998,1.405,1.41,3,2,10,0.6159,TIME_EXPIRY,1.5781421814145793e-14,-0.03999999999998422,-0.7999999999996845,-2.878702330762078,3595.4992111232536
514,SHORT,1786930800000,1786931160000,1.407,1.405,1.405,1.41,3,2,6,0.7056,TP_HIT,0.14214641080312734,0.10214641080312735,2.0429282160625473,7.345346789234324,3602.8445579124877
515,SHORT,1786931160000,1786931340000,1.405,1.408,1.403,1.408,3,2,3,0.6184,SL_HIT,-0.21352313167259016,-0.25352313167259016,-5.070462633451803,-18.26808870503045,3584.576469207457
516,SHORT,1786931340000,1786931460000,1.407,1.405,1.405,1.41,3,2,2,0.6725,TP_HIT,0.14214641080312734,0.10214641080312735,2.0429282160625473,7.323032411577775,3591.899501619035
517,SHORT,1786931520000,1786932120000,1.4040000000000001,1.402,1.402,1.407,3,2,10,0.6657,TP_HIT,0.14245014245015838,0.10245014245015838,2.0490028490031675,7.359812312150461,3599.2593139311857
518,SHORT,1786932120000,1786932240000,1.403,1.401,1.401,1.406,3,2,2,0.7563,TP_HIT,0.14255167498218116,0.10255167498218117,2.051033499643623,7.382201426777186,3606.641515357963
519,SHORT,1786932240000,1786932600000,1.401,1.404,1.399,1.404,3,2,6,0.7346,SL_HIT,-0.21413276231262607,-0.2541327623126261,-5.082655246252522,-18.331315419386296,3588.3101999385767
520,SHORT,1786932600000,1786933200000,1.403,1.406,1.401,1.406,3,2,10,0.7,TIME_EXPIRY,-0.21382751247326384,-0.25382751247326385,-5.076550249465277,-18.21623704065698,3570.09396289792
521,SHORT,1786933200000,1786933260000,1.4040000000000001,1.403,1.403,1.407,2,2,1,0.6795,TP_HIT,0.07122507122507919,0.031225071225079185,0.6245014245015836,2.229528765434255,3572.323491663354
522,SHORT,1786933260000,1786933860000,1.4040000000000001,1.406,1.402,1.407,3,2,10,0.7163,TIME_EXPIRY,-0.14245014245012677,-0.18245014245012675,-3.649002849002535,-13.035418598638262,3559.2880730647157
523,SHORT,1786933860000,1786933920000,1.4040000000000001,1.407,1.402,1.407,3,2,1,0.6212,SL_HIT,-0.21367521367520592,-0.25367521367520596,-5.073504273504119,-18.058063249326075,3541.2300098153896
524,SHORT,1786935120000,1786935180000,1.4120000000000001,1.415,1.41,1.415,3,2,1,0.7554,SL_HIT,-0.2124645892351198,-0.2524645892351198,-5.049291784702397,-17.880703596302435,3523.3493062190873
525,SHORT,1786935420000,1786936020000,1.411,1.412,1.409,1.414,3,2,10,0.7567,TIME_EXPIRY,-0.07087172218284124,-0.11087172218284123,-2.2174344436568245,-7.812796108644582,3515.5365101104426
526,SHORT,1786936080000,1786936680000,1.411,1.409,1.409,1.414,3,2,10,0.7015,TP_HIT,0.1417434443656982,0.10174344436569821,2.034868887313964,7.153655866640053,3522.6901659770824
527,SHORT,1786936740000,1786936860000,1.4100000000000001,1.408,1.408,1.413,3,2,2,0.6652,TP_HIT,0.14184397163122153,0.10184397163122154,2.036879432624431,7.175295146587063,3529.8654611236693
528,SHORT,1786936860000,1786937460000,1.4080000000000001,1.411,1.406,1.411,3,2,10,0.5658,SL_HIT,-0.21306818181817408,-0.2530681818181741,-5.061363636363482,-17.865932686186756,3511.9995284374827
529,SHORT,1786937460000,1786937520000,1.409,1.412,1.407,1.412,3,2,1,0.5961,SL_HIT,-0.2129169623846623,-0.2529169623846623,-5.0583392476932465,-17.764885052575494,3494.234643384907
530,SHORT,1786937520000,1786938120000,1.411,1.412,1.409,1.414,3,2,10,0.7435,TIME_EXPIRY,-0.07087172218284124,-0.11087172218284123,-2.2174344436568245,-7.748236252460614,3486.4864071324464
531,SHORT,1786938360000,1786938480000,1.4120000000000001,1.41,1.41,1.415,3,2,2,0.5971,TP_HIT,0.1416430594901008,0.10164305949010083,2.0328611898020164,7.087542905831824,3493.5739500382783
532,SHORT,1786938660000,1786938840000,1.409,1.412,1.407,1.412,3,2,3,0.653,SL_HIT,-0.2129169623846623,-0.2529169623846623,-5.0583392476932465,-17.671682226197348,3475.902267812081
533,SHORT,1786938840000,1786939440000,1.411,1.4129999999999998,1.409,1.414,3,2,10,0.7017,TIME_EXPIRY,-0.14174344436568248,-0.1817434443656825,-3.6348688873136497,-12.63444900861309,3463.267818803468
534,SHORT,1786939440000,1786939860000,1.411,1.414,1.409,1.414,3,2,7,0.7177,SL_HIT,-0.21261516654853943,-0.25261516654853944,-5.05230333097079,-17.497479536984702,3445.770339266483
535,SHORT,1786939860000,1786940460000,1.413,1.416,1.411,1.416,3,2,10,0.7277,TIME_EXPIRY,-0.21231422505307088,-0.2523142250530709,-5.046284501061418,-17.3883374572576,3428.3820018092256
536,SHORT,1786940460000,1786940880000,1.4140000000000001,1.417,1.413,1.417,2,2,7,0.7271,SL_HIT,-0.21216407355020447,-0.2521640735502045,-5.04328147100409,-17.290295425248377,3411.091706383977
537,SHORT,1786941000000,1786941480000,1.4160000000000001,1.414,1.414,1.419,3,2,8,0.6361,TP_HIT,0.14124293785312314,0.10124293785312313,2.0248587570624625,6.9069789128147345,3417.998685296792
538,SHORT,1786941540000,1786942140000,1.4140000000000001,1.4149999999999998,1.412,1.417,3,2,10,0.6758,TIME_EXPIRY,-0.07072135785004721,-0.11072135785004722,-2.2144271570009444,-7.568909111314741,3410.429776185477
539,SHORT,1786942140000,1786942740000,1.413,1.4149999999999998,1.411,1.416,3,2,10,0.6605,TIME_EXPIRY,-0.14154281670203678,-0.18154281670203679,-3.6308563340407356,-12.382780554664167,3398.0469956308125
540,SHORT,1786942740000,1786943280000,1.413,1.411,1.411,1.416,3,2,9,0.737,TP_HIT,0.1415428167020525,0.1015428167020525,2.0308563340410495,6.900945264445995,3404.9479408952584
541,SHORT,1786943280000,1786943880000,1.411,1.4129999999999998,1.409,1.414,3,2,10,0.6038,TIME_EXPIRY,-0.14174344436568248,-0.1817434443656825,-3.6348688873136497,-12.376539333282851,3392.5714015619756
542,SHORT,1786943880000,1786944480000,1.411,1.4109999999999998,1.409,1.414,3,2,10,0.6936,TIME_EXPIRY,1.5736683552447293e-14,-0.03999999999998426,-0.7999999999996853,-2.714057121248513,3389.857344440727
543,SHORT,1786944540000,1786944600000,1.4100000000000001,1.409,1.409,1.413,2,2,1,0.6841,TP_HIT,0.07092198581561077,0.030921985815610765,0.6184397163122153,2.096422414434803,3391.953766855162
544,SHORT,1786944600000,1786945200000,1.409,1.41,1.407,1.412,3,2,10,0.7095,TIME_EXPIRY,-0.07097232079488218,-0.11097232079488217,-2.2194464158976435,-7.5282596307372005,3384.425507224425
545,SHORT,1786946340000,1786946700000,1.405,1.408,1.404,1.408,2,2,6,0.7311,SL_HIT,-0.21352313167259016,-0.25352313167259016,-5.070462633451803,-17.160603070082615,3367.2649041543423
546,SHORT,1786947060000,1786947300000,1.405,1.408,1.403,1.408,3,2,4,0.6387,SL_HIT,-0.21352313167259016,-0.25352313167259016,-5.070462633451803,-17.07359087344826,3350.191313280894
547,SHORT,1786947360000,1786947960000,1.4060000000000001,1.406,1.404,1.409,3,2,10,0.5594,TIME_EXPIRY,1.5792646153985155e-14,-0.03999999999998421,-0.7999999999996843,-2.680153050623658,3347.5111602302704
548,SHORT,1786948320000,1786948560000,1.4060000000000001,1.405,1.405,1.409,2,2,4,0.735,TP_HIT,0.0711237553342896,0.0311237553342896,0.622475106685792,2.083742366596217,3349.5949025968666
549,SHORT,1786948560000,1786948920000,1.405,1.408,1.403,1.408,3,2,6,0.672,SL_HIT,-0.21352313167259016,-0.25352313167259016,-5.070462633451803,-16.983995790818046,3332.6109068060487
550,SHORT,1786948920000,1786949100000,1.407,1.41,1.406,1.41,2,2,3,0.6484,SL_HIT,-0.2132196162046831,-0.25321961620468314,-5.064392324093663,-16.877649095619372,3315.7332577104294
551,SHORT,1786949220000,1786949280000,1.409,1.412,1.407,1.412,3,2,1,0.6995,SL_HIT,-0.2129169623846623,-0.2529169623846623,-5.0583392476932465,-16.77210367235845,3298.961154038071
552,SHORT,1786949280000,1786949880000,1.411,1.4129999999999998,1.409,1.414,3,2,10,0.6419,TIME_EXPIRY,-0.14174344436568248,-0.1817434443656825,-3.6348688873136497,-11.991291259269317,3286.9698627788016
553,SHORT,1786949880000,1786950300000,1.411,1.41,1.41,1.414,2,2,7,0.7726,TP_HIT,0.07087172218285698,0.03087172218285697,0.6174344436571394,2.0294884085426133,3288.999351187344
554,SHORT,1786950300000,1786950480000,1.4100000000000001,1.408,1.408,1.413,3,2,3,0.571,TP_HIT,0.14184397163122153,0.10184397163122154,2.036879432624431,6.699295132348599,3295.6986463196927
555,SHORT,1786950540000,1786950780000,1.4080000000000001,1.406,1.406,1.411,3,2,4,0.6966,TP_HIT,0.14204545454547043,0.10204545454547043,2.0409090909094085,6.726221328171692,3302.424867647864
556,SHORT,1786950780000,1786951380000,1.4060000000000001,1.408,1.404,1.409,3,2,10,0.6692,TIME_EXPIRY,-0.14224751066854763,-0.18224751066854764,-3.6449502133709526,-12.037174225974624,3290.3876934218897
557,SHORT,1786951380000,1786951920000,1.4060000000000001,1.409,1.405,1.409,2,2,9,0.6839,SL_HIT,-0.2133712660028372,-0.2533712660028372,-5.067425320056745,-16.673793910449195,3273.7138995114406
558,SHORT,1786951980000,1786952580000,1.407,1.408,1.406,1.41,2,2,10,0.5597,TIME_EXPIRY,-0.07107320540155578,-0.11107320540155578,-2.2214641080311153,-7.272437927727247,3266.441461583713
559,SHORT,1786952640000,1786953240000,1.407,1.41,1.406,1.41,2,2,10,0.6105,TIME_EXPIRY,-0.2132196162046831,-0.25321961620468314,-5.064392324093663,-16.54254106514584,3249.898920518567
560,SHORT,1786953240000,1786953360000,1.4080000000000001,1.411,1.407,1.411,2,2,2,0.6242,SL_HIT,-0.21306818181817408,-0.2530681818181741,-5.061363636363482,-16.44892021816961,3233.4500003003977
561,SHORT,1786953420000,1786953660000,1.4100000000000001,1.408,1.408,1.413,3,2,4,0.7622,TP_HIT,0.14184397163122153,0.10184397163122154,2.036879432624431,6.58614780203134,3240.0361481024293
562,SHORT,1786953660000,1786953720000,1.4080000000000001,1.411,1.406,1.411,3,2,1,0.6152,SL_HIT,-0.21306818181817408,-0.2530681818181741,-5.061363636363482,-16.39900114050884,3223.6371469619203
563,SHORT,1786953720000,1786953780000,1.4100000000000001,1.408,1.408,1.413,3,2,1,0.7277,TP_HIT,0.14184397163122153,0.10184397163122154,2.036879432624431,6.566160202890836,3230.203307164811
564,SHORT,1786954440000,1786954560000,1.407,1.405,1.405,1.41,3,2,2,0.6521,TP_HIT,0.14214641080312734,0.10214641080312735,2.0429282160625473,6.599073479825548,3236.8023806446367
565,SHORT,1786954920000,1786955520000,1.4040000000000001,1.4049999999999998,1.402,1.407,3,2,10,0.7051,TIME_EXPIRY,-0.07122507122504756,-0.11122507122504756,-2.2245014245009513,-7.200271506572066,3229.602109138065
566,SHORT,1786955580000,1786955820000,1.4040000000000001,1.402,1.402,1.407,3,2,4,0.6996,TP_HIT,0.14245014245015838,0.10245014245015838,2.0490028490031675,6.6174639227705345,3236.2195730608355
567,SHORT,1786955820000,1786956420000,1.4020000000000001,1.404,1.4,1.405,3,2,10,0.579,TIME_EXPIRY,-0.14265335235376458,-0.1826533523537646,-3.6530670470752917,-11.822127079448608,3224.3974459813867
568,SHORT,1786956420000,1786956960000,1.4020000000000001,1.405,1.4,1.405,3,2,9,0.7027,SL_HIT,-0.21398002853066272,-0.2539800285306627,-5.0796005706132545,-16.378651106490974,3208.018794874896
569,SHORT,1786957140000,1786957620000,1.403,1.406,1.401,1.406,3,2,8,0.7653,SL_HIT,-0.21382751247326384,-0.25382751247326385,-5.076550249465277,-16.285668613411453,3191.7331262614844
570,SHORT,1786957620000,1786958220000,1.405,1.4069999999999998,1.403,1.408,3,2,10,0.5981,TIME_EXPIRY,-0.14234875444838288,-0.1823487544483829,-3.6469750889676575,-11.640171202108498,3180.092955059376
571,SHORT,1786958220000,1786958340000,1.405,1.404,1.404,1.408,2,2,2,0.6071,TP_HIT,0.07117437722420725,0.03117437722420725,0.623487544484145,1.982748347781299,3182.075703407157
572,SHORT,1786958340000,1786958460000,1.4040000000000001,1.403,1.403,1.407,2,2,2,0.5688,TP_HIT,0.07122507122507919,0.031225071225079185,0.6245014245015836,1.9872108096496486,3184.062914216807
573,SHORT,1786958520000,1786958940000,1.403,1.406,1.402,1.406,2,2,7,0.5695,SL_HIT,-0.21382751247326384,-0.25382751247326385,-5.076550249465277,-16.16405538148047,3167.8988588353263
574,SHORT,1786959000000,1786959600000,1.405,1.4069999999999998,1.404,1.408,2,2,10,0.6389,TIME_EXPIRY,-0.14234875444838288,-0.1823487544483829,-3.6469750889676575,-11.553248222541505,3156.3456106127846
575,SHORT,1786959600000,1786960080000,1.405,1.404,1.404,1.408,2,2,8,0.6435,TP_HIT,0.07117437722420725,0.03117437722420725,0.623487544484145,1.9679421743042744,3158.313552787089
576,SHORT,1786960140000,1786960380000,1.4040000000000001,1.407,1.403,1.407,2,2,4,0.5838,SL_HIT,-0.21367521367520592,-0.25367521367520596,-5.073504273504119,-16.023717307131275,3142.2898354799577
577,SHORT,1786960440000,1786961040000,1.4060000000000001,1.4069999999999998,1.405,1.409,2,2,10,0.6513,TIME_EXPIRY,-0.07112375533425802,-0.11112375533425803,-2.2224751066851605,-6.983660937344014,3135.3061745426135
578,SHORT,1786961340000,1786961460000,1.403,1.401,1.401,1.406,3,2,2,0.6043,TP_HIT,0.14255167498218116,0.10255167498218117,2.051033499643623,6.430617995626396,3141.73679253824
579,SHORT,1786961700000,1786962300000,1.401,1.4029999999999998,1.399,1.404,3,2,10,0.6124,TIME_EXPIRY,-0.1427551748750735,-0.1827551748750735,-3.65510349750147,-11.483373138635573,3130.2534193996044
580,SHORT,1786962300000,1786962480000,1.401,1.404,1.4,1.404,2,2,3,0.5952,SL_HIT,-0.21413276231262607,-0.2541327623126261,-5.082655246252522,-15.909998964211297,3114.343420435393
581,SHORT,1786962480000,1786962600000,1.403,1.406,1.401,1.406,3,2,2,0.6725,SL_HIT,-0.21382751247326384,-0.25382751247326385,-5.076550249465277,-15.810120867931841,3098.533299567461
582,SHORT,1786962600000,1786963200000,1.405,1.4049999999999998,1.403,1.408,3,2,10,0.6833,TIME_EXPIRY,1.5803886471532478e-14,-0.0399999999999842,-0.799999999999684,-2.47882663965299,3096.054472927808
583,SHORT,1786963260000,1786963440000,1.4040000000000001,1.407,1.402,1.407,3,2,3,0.587,SL_HIT,-0.21367521367520592,-0.25367521367520596,-5.073504273504119,-15.707845599400777,3080.3466273284075
584,SHORT,1786963440000,1786964040000,1.4060000000000001,1.4069999999999998,1.404,1.409,3,2,10,0.6006,TIME_EXPIRY,-0.07112375533425802,-0.11112375533425803,-2.2224751066851605,-6.845993699198978,3073.5006336292086
585,SHORT,1786964040000,1786964280000,1.405,1.408,1.404,1.408,2,2,4,0.6991,SL_HIT,-0.21352313167259016,-0.25352313167259016,-5.070462633451803,-15.584070116707345,3057.9165635125014
586,SHORT,1786964400000,1786965000000,1.4060000000000001,1.4069999999999998,1.404,1.409,3,2,10,0.7173,TIME_EXPIRY,-0.07112375533425802,-0.11112375533425803,-2.2224751066851605,-6.796143440726766,3051.120420071775
587,SHORT,1786965000000,1786965600000,1.405,1.4069999999999998,1.403,1.408,3,2,10,0.5934,TIME_EXPIRY,-0.14234875444838288,-0.1823487544483829,-3.6469750889676575,-11.127360165442298,3039.9930599063323
588,SHORT,1786965600000,1786966200000,1.405,1.4069999999999998,1.403,1.408,3,2,10,0.6679,TIME_EXPIRY,-0.14234875444838288,-0.1823487544483829,-3.6469750889676575,-11.086778960112959,3028.9062809462193
589,SHORT,1786966200000,1786966740000,1.405,1.408,1.403,1.408,3,2,9,0.5594,SL_HIT,-0.21352313167259016,-0.25352313167259016,-5.070462633451803,-15.357956117765276,3013.548324828454
590,SHORT,1786966740000,1786967340000,1.407,1.4089999999999998,1.406,1.41,2,2,10,0.6838,TIME_EXPIRY,-0.14214641080311155,-0.18214641080311156,-3.6429282160622316,-10.978140222984647,3002.5701846054694
591,SHORT,1786967460000,1786967580000,1.4060000000000001,1.405,1.405,1.409,2,2,2,0.6347,TP_HIT,0.0711237553342896,0.0311237553342896,0.622475106685792,1.8690251959938677,3004.439209801463
592,SHORT,1786967580000,1786967880000,1.405,1.404,1.404,1.408,2,2,5,0.6345,TP_HIT,0.07117437722420725,0.03117437722420725,0.623487544484145,1.8732304254709995,3006.312440226934
593,SHORT,1786967880000,1786968360000,1.4040000000000001,1.402,1.402,1.407,3,2,8,0.6801,TP_HIT,0.14245014245015838,0.10245014245015838,2.0490028490031675,6.159942755018653,3012.4723829819527
594,SHORT,1786968420000,1786968720000,1.4020000000000001,1.405,1.4,1.405,3,2,5,0.6866,SL_HIT,-0.21398002853066272,-0.2539800285306627,-5.0796005706132545,-15.302156435551797,2997.170226546401
595,SHORT,1786968720000,1786969320000,1.4040000000000001,1.4049999999999998,1.402,1.407,3,2,10,0.7099,TIME_EXPIRY,-0.07122507122504756,-0.11122507122504756,-2.2245014245009513,-6.667209438424308,2990.5030171079766
596,SHORT,1786969320000,1786969560000,1.403,1.402,1.402,1.406,2,2,4,0.6423,TP_HIT,0.07127583749109849,0.03127583749109849,0.6255167498219698,1.8706097275941762,2992.3736268355706
597,SHORT,1786971000000,1786971480000,1.3960000000000001,1.399,1.394,1.399,3,2,8,0.7661,SL_HIT,-0.2148997134670409,-0.25489971346704093,-5.097994269340819,-15.25510360133434,2977.1185232342364
598,SHORT,1786971480000,1786971960000,1.397,1.395,1.395,1.4,3,2,8,0.6694,TP_HIT,0.14316392269148187,0.10316392269148188,2.0632784538296374,6.142624503486309,2983.2611477377227
599,SHORT,1786972020000,1786972260000,1.395,1.398,1.393,1.398,3,2,4,0.592,SL_HIT,-0.21505376344085245,-0.25505376344085245,-5.101075268817049,-15.217839661147664,2968.043308076575
600,SHORT,1786972260000,1786972620000,1.397,1.395,1.395,1.4,3,2,6,0.6784,TP_HIT,0.14316392269148187,0.10316392269148188,2.0632784538296374,6.123899807587639,2974.167207884163
601,SHORT,1786972620000,1786973220000,1.395,1.396,1.393,1.398,3,2,10,0.6536,TIME_EXPIRY,-0.07168458781361217,-0.11168458781361218,-2.2336917562722434,-6.643372774026091,2967.523835110137
602,SHORT,1786973340000,1786973460000,1.3960000000000001,1.399,1.394,1.399,3,2,2,0.73,SL_HIT,-0.2148997134670409,-0.25489971346704093,-5.097994269340819,-15.128419505523766,2952.3954156046134
603,SHORT,1786974180000,1786974780000,1.4000000000000001,1.4009999999999998,1.398,1.403,3,2,10,0.6297,TIME_EXPIRY,-0.0714285714285477,-0.11142857142854769,-2.228571428570954,-6.5796240690603085,2945.815791535553
604,SHORT,1786974780000,1786975320000,1.399,1.397,1.397,1.402,3,2,9,0.6004,TP_HIT,0.14295925661186576,0.10295925661186575,2.059185132237315,6.065980080239909,2951.8817716157932
605,SHORT,1786975500000,1786975620000,1.397,1.395,1.395,1.4,3,2,2,0.7134,TP_HIT,0.14316392269148187,0.10316392269148188,2.0632784538296374,6.090554057627325,2957.9723256734205
606,SHORT,1786975620000,1786975800000,1.395,1.398,1.393,1.398,3,2,3,0.5907,SL_HIT,-0.21505376344085245,-0.25505376344085245,-5.101075268817049,-15.088839476337936,2942.8834861970827
607,SHORT,1786975800000,1786976400000,1.397,1.398,1.395,1.4,3,2,10,0.5832,TIME_EXPIRY,-0.07158196134573298,-0.11158196134573299,-2.23163922691466,-6.567454228036778,2936.316031969046
608,SHORT,1786976460000,1786977060000,1.397,1.3969999999999998,1.395,1.4,3,2,10,0.6418,TIME_EXPIRY,1.5894388326773896e-14,-0.03999999999998411,-0.7999999999996822,-2.349052825574304,2933.9669791434717
609,SHORT,1786977120000,1786977720000,1.3960000000000001,1.398,1.395,1.399,2,2,10,0.6259,TIME_EXPIRY,-0.14326647564468334,-0.18326647564468335,-3.665329512893667,-10.753955758510044,2923.2130233849616
610,SHORT,1786977720000,1786978080000,1.3960000000000001,1.399,1.395,1.399,2,2,6,0.5812,SL_HIT,-0.2148997134670409,-0.25489971346704093,-5.097994269340819,-14.902523241278985,2908.3105001436825
611,SHORT,1786978500000,1786978800000,1.401,1.404,1.399,1.404,3,2,5,0.7604,SL_HIT,-0.21413276231262607,-0.2541327623126261,-5.082655246252522,-14.781939621286586,2893.5285605223958
612,SHORT,1786978980000,1786979580000,1.4000000000000001,1.402,1.398,1.403,3,2,10,0.5712,TIME_EXPIRY,-0.1428571428571271,-0.18285714285712712,-3.657142857142542,-10.582047307052422,2882.946513215343
613,SHORT,1786979580000,1786980180000,1.4000000000000001,1.4009999999999998,1.398,1.403,3,2,10,0.595,TIME_EXPIRY,-0.0714285714285477,-0.11142857142854769,-2.228571428570954,-6.424852229449968,2876.521660985893
614,SHORT,1786980300000,1786980360000,1.4000000000000001,1.403,1.398,1.403,3,2,1,0.6053,SL_HIT,-0.21428571428570653,-0.25428571428570657,-5.085714285714131,-14.629167304442097,2861.892493681451
615,SHORT,1786980420000,1786980480000,1.4020000000000001,1.405,1.4,1.405,3,2,1,0.6497,SL_HIT,-0.21398002853066272,-0.2539800285306627,-5.0796005706132545,-14.53727074393809,2847.3552229375127
616,SHORT,1786980480000,1786981020000,1.403,1.401,1.401,1.406,3,2,9,0.6337,TP_HIT,0.14255167498218116,0.10255167498218117,2.051033499643623,5.840020947630075,2853.1952438851426
617,SHORT,1786981140000,1786981440000,1.403,1.401,1.401,1.406,3,2,5,0.5967,TP_HIT,0.14255167498218116,0.10255167498218117,2.051033499643623,5.851999026232284,2859.0472429113747
618,SHORT,1786981440000,1786981680000,1.401,1.404,1.399,1.404,3,2,4,0.5719,SL_HIT,-0.21413276231262607,-0.2541327623126261,-5.082655246252522,-14.53155146846731,2844.5156914429076
619,SHORT,1786983540000,1786983720000,1.4000000000000001,1.403,1.398,1.403,3,2,3,0.6846,SL_HIT,-0.21428571428570653,-0.25428571428570657,-5.085714285714131,-14.466394087909205,2830.0492973549985
620,SHORT,1786983840000,1786984440000,1.401,1.4009999999999998,1.399,1.404,3,2,10,0.7216,TIME_EXPIRY,1.584900820307147e-14,-0.03999999999998415,-0.7999999999996831,-2.2640394378831017,2827.7852579171154
621,SHORT,1786984560000,1786985160000,1.399,1.4,1.397,1.402,3,2,10,0.6628,TIME_EXPIRY,-0.07147962830592494,-0.11147962830592494,-2.2295925661184985,-6.304808989631482,2821.480448927484
622,SHORT,1786985220000,1786985280000,1.4000000000000001,1.403,1.398,1.403,3,2,1,0.6652,SL_HIT,-0.21428571428570653,-0.25428571428570657,-5.085714285714131,-14.349243425973624,2807.13120550151
623,SHORT,1786985580000,1786986180000,1.397,1.3989999999999998,1.395,1.4,3,2,10,0.5913,TIME_EXPIRY,-0.14316392269146597,-0.18316392269146597,-3.6632784538293195,-10.283303262185607,2796.8479022393244
624,SHORT,1786986300000,1786986540000,1.3980000000000001,1.401,1.396,1.401,3,2,4,0.6955,SL_HIT,-0.21459227467810382,-0.25459227467810386,-5.091845493562077,-14.241117387195853,2782.6067848521284
625,SHORT,1786986600000,1786987080000,1.4000000000000001,1.403,1.398,1.403,3,2,8,0.6968,SL_HIT,-0.21428571428570653,-0.25428571428570657,-5.085714285714131,-14.151543077247537,2768.455241774881
626,SHORT,1786987260000,1786987380000,1.405,1.408,1.403,1.408,3,2,2,0.6489,SL_HIT,-0.21352313167259016,-0.25352313167259016,-5.070462633451803,-14.037348855803314,2754.4178929190775
627,SHORT,1786987980000,1786988160000,1.401,1.399,1.399,1.404,3,2,3,0.6911,TP_HIT,0.14275517487508935,0.10275517487508935,2.0551034975017872,5.660613845319499,2760.078506764397
628,SHORT,1786988880000,1786989480000,1.4040000000000001,1.4069999999999998,1.402,1.407,3,2,10,0.6896,TIME_EXPIRY,-0.2136752136751901,-0.25367521367519014,-5.0735042735038025,-14.003270099275163,2746.075236665122
629,SHORT,1786989480000,1786989600000,1.405,1.404,1.404,1.408,2,2,2,0.6998,TP_HIT,0.07117437722420725,0.03117437722420725,0.623487544484145,1.7121437062770541,2747.7873803713987
630,SHORT,1786989660000,1786990080000,1.4040000000000001,1.402,1.402,1.407,3,2,7,0.5693,TP_HIT,0.14245014245015838,0.10245014245015838,2.0490028490031675,5.630224170835946,2753.4176045422346
631,SHORT,1786990200000,1786990620000,1.4020000000000001,1.405,1.4,1.405,3,2,7,0.6323,SL_HIT,-0.21398002853066272,-0.2539800285306627,-5.0796005706132545,-13.986261635169315,2739.4313429070653
632,SHORT,1786990620000,1786990980000,1.4040000000000001,1.407,1.402,1.407,3,2,6,0.6322,SL_HIT,-0.21367521367520592,-0.25367521367520596,-5.073504273504119,-13.898516625210124,2725.5328262818553
633,SHORT,1786991580000,1786992180000,1.403,1.4049999999999998,1.401,1.406,3,2,10,0.6824,TIME_EXPIRY,-0.14255167498216534,-0.18255167498216535,-3.6510334996433067,-9.951011653132554,2715.581814628723
634,SHORT,1786992300000,1786992900000,1.403,1.4029999999999998,1.401,1.406,3,2,10,0.691,TIME_EXPIRY,1.582641517640993e-14,-0.03999999999998418,-0.7999999999996836,-2.172465451702119,2713.409349177021
635,SHORT,1786993080000,1786993200000,1.401,1.4,1.4,1.404,2,2,2,0.6839,TP_HIT,0.0713775874375526,0.0313775874375526,0.627551748751052,1.7028047821534935,2715.1121539591745
636,SHORT,1786993500000,1786994100000,1.399,1.4,1.398,1.402,2,2,10,0.5757,TIME_EXPIRY,-0.07147962830592494,-0.11147962830592494,-2.2295925661184985,-6.053593874645361,2709.0585600845293
637,SHORT,1786994160000,1786994700000,1.4000000000000001,1.403,1.398,1.403,3,2,9,0.5819,SL_HIT,-0.21428571428570653,-0.25428571428570657,-5.085714285714131,-13.777497819858045,2695.281062264671
638,SHORT,1786994820000,1786995120000,1.4020000000000001,1.4,1.4,1.405,3,2,5,0.7087,TP_HIT,0.14265335235379625,0.10265335235379626,2.0530670470759254,5.533592731543392,2700.8146549962144
639,SHORT,1786995720000,1786996080000,1.399,1.398,1.398,1.402,2,2,6,0.7134,TP_HIT,0.07147962830594082,0.03147962830594081,0.6295925661188162,1.7004128292503722,2702.515067825465
640,SHORT,1786996140000,1786996440000,1.3960000000000001,1.394,1.394,1.399,3,2,5,0.5961,TP_HIT,0.14326647564471517,0.10326647564471517,2.065329512894303,5.581584128621483,2708.0966519540866
641,SHORT,1786996440000,1786996560000,1.3940000000000001,1.392,1.392,1.397,3,2,2,0.6986,TP_HIT,0.1434720229555397,0.10347202295553971,2.069440459110794,5.60424477873627,2713.700896732823
642,SHORT,1786996620000,1786996800000,1.393,1.391,1.391,1.396,3,2,3,0.731,TP_HIT,0.14357501794687738,0.10357501794687739,2.0715003589375476,5.621432381631187,2719.322329114454
643,SHORT,1786996980000,1786997340000,1.391,1.394,1.389,1.394,3,2,6,0.6848,SL_HIT,-0.21567217828899293,-0.25567217828899297,-5.11344356577986,-13.905101267091805,2705.4172278473625
644,SHORT,1786997400000,1786997940000,1.393,1.391,1.391,1.396,3,2,9,0.5634,TP_HIT,0.14357501794687738,0.10357501794687739,2.0715003589375476,5.604272758561636,2711.0215006059243
645,SHORT,1786998000000,1786998360000,1.3920000000000001,1.395,1.39,1.395,3,2,6,0.5806,SL_HIT,-0.21551724137930253,-0.25551724137930254,-5.110344827586051,-13.85425470309606,2697.167245902828
646,SHORT,1786998600000,1786999200000,1.3960000000000001,1.396,1.394,1.399,3,2,10,0.6043,TIME_EXPIRY,1.5905773991764417e-14,-0.0399999999999841,-0.7999999999996819,-2.1577337967214043,2695.0095121061067
647,SHORT,1786999320000,1786999800000,1.3960000000000001,1.394,1.394,1.399,3,2,8,0.6325,TP_HIT,0.14326647564471517,0.10326647564471517,2.065329512894303,5.56608268288362,2700.57559478899
648,SHORT,1786999980000,1787000280000,1.3940000000000001,1.397,1.393,1.397,2,2,5,0.6102,SL_HIT,-0.21520803443327774,-0.2552080344332778,-5.104160688665555,-13.784171787691562,2686.7914230012984
649,SHORT,1787000280000,1787000460000,1.3960000000000001,1.395,1.395,1.399,2,2,3,0.7108,TP_HIT,0.07163323782235759,0.03163323782235758,0.6326647564471516,1.6998382412574125,2688.491261242556
650,SHORT,1787000520000,1787001000000,1.395,1.398,1.394,1.398,2,2,8,0.6931,SL_HIT,-0.21505376344085245,-0.25505376344085245,-5.101075268817049,-13.714196283155161,2674.777064959401
651,SHORT,1787001000000,1787001600000,1.397,1.4,1.396,1.4,2,2,10,0.6908,SL_HIT,-0.21474588403721487,-0.2547458840372149,-5.094917680744298,-13.627768960310991,2661.1492959990896
652,SHORT,1787001600000,1787002200000,1.399,1.4009999999999998,1.397,1.402,3,2,10,0.5732,TIME_EXPIRY,-0.14295925661184988,-0.18295925661184986,-3.6591851322369973,-9.737637938582822,2651.411658060507
653,SHORT,1787002680000,1787002980000,1.4000000000000001,1.403,1.398,1.403,3,2,5,0.6479,SL_HIT,-0.21428571428570653,-0.25428571428570657,-5.085714285714131,-13.484322146707312,2637.9273359137997
654,SHORT,1787002980000,1787003040000,1.4020000000000001,1.405,1.4,1.405,3,2,1,0.6132,SL_HIT,-0.21398002853066272,-0.2539800285306627,-5.0796005706132545,-13.399617200744041,2624.5277187130555
655,SHORT,1787003160000,1787003340000,1.403,1.401,1.401,1.406,3,2,3,0.6507,TP_HIT,0.14255167498218116,0.10255167498218117,2.051033499643623,5.382994271823733,2629.9107129848794
656,SHORT,1787003400000,1787003880000,1.4000000000000001,1.403,1.398,1.403,3,2,8,0.5864,SL_HIT,-0.21428571428570653,-0.25428571428570657,-5.085714285714131,-13.374974483179837,2616.5357385016996
657,SHORT,1787004000000,1787004360000,1.4000000000000001,1.398,1.398,1.403,3,2,6,0.7057,TP_HIT,0.14285714285715884,0.10285714285715884,2.057142857143177,5.382587804918619,2621.9183263066184
658,SHORT,1787004480000,1787005080000,1.397,1.3989999999999998,1.395,1.4,3,2,10,0.6642,TIME_EXPIRY,-0.14316392269146597,-0.18316392269146597,-3.6632784538293195,-9.604816912459267,2612.313509394159
659,SHORT,1787005380000,1787005860000,1.397,1.395,1.395,1.4,3,2,8,0.633,TP_HIT,0.14316392269148187,0.10316392269148188,2.0632784538296374,5.3899301785810545,2617.70343957274
660,SHORT,1787006040000,1787006640000,1.395,1.396,1.394,1.398,2,2,10,0.7185,TIME_EXPIRY,-0.07168458781361217,-0.11168458781361218,-2.2336917562722434,-5.847142593339127,2611.856296979401
661,LONG,1787007180000,1787007720000,1.3949999999999998,1.392,1.396,1.392,2,2,9,0.5528,SL_HIT,-0.2150537634408525,-0.2550537634408525,-5.10107526881705,-13.323275562225703,2598.5330214171754
662,SHORT,1787008020000,1787008260000,1.3920000000000001,1.395,1.391,1.395,2,2,4,0.6951,SL_HIT,-0.21551724137930253,-0.25551724137930254,-5.110344827586051,-13.279399785310817,2585.2536216318645
663,SHORT,1787008320000,1787008920000,1.393,1.3949999999999998,1.392,1.396,2,2,10,0.6753,TIME_EXPIRY,-0.14357501794686142,-0.18357501794686143,-3.6715003589372284,-9.49175959976516,2575.761862032099
664,SHORT,1787009520000,1787009580000,1.397,1.4,1.395,1.4,3,2,1,0.5529,SL_HIT,-0.21474588403721487,-0.2547458840372149,-5.094917680744298,-13.123294652254199,2562.638567379845
665,SHORT,1787009940000,1787010120000,1.3940000000000001,1.392,1.392,1.397,3,2,3,0.5959,TP_HIT,0.1434720229555397,0.10347202295553971,2.069440459110794,5.303227933413574,2567.9417953132584
666,SHORT,1787010240000,1787010540000,1.393,1.396,1.391,1.396,3,2,5,0.641,SL_HIT,-0.2153625269203081,-0.25536252692030814,-5.107250538406162,-13.115122116709324,2554.826673196549
667,SHORT,1787010540000,1787010900000,1.3960000000000001,1.394,1.394,1.399,3,2,6,0.6299,TP_HIT,0.14326647564471517,0.10326647564471517,2.065329512894303,5.276558928482402,2560.1032321250314
668,SHORT,1787010900000,1787011260000,1.3940000000000001,1.397,1.392,1.397,3,2,6,0.637,SL_HIT,-0.21520803443327774,-0.2552080344332778,-5.104160688665555,-13.067178276338213,2547.036053848693
669,SHORT,1787011380000,1787011740000,1.3940000000000001,1.397,1.392,1.397,3,2,6,0.6211,SL_HIT,-0.21520803443327774,-0.2552080344332778,-5.104160688665555,-13.000481298668344,2534.0355725500244
670,SHORT,1787011980000,1787012100000,1.3960000000000001,1.399,1.394,1.399,3,2,2,0.5878,SL_HIT,-0.2148997134670409,-0.25489971346704093,-5.097994269340819,-12.918498827165806,2521.1170737228585
671,SHORT,1787012100000,1787012220000,1.3980000000000001,1.401,1.396,1.401,3,2,2,0.7083,SL_HIT,-0.21459227467810382,-0.25459227467810386,-5.091845493562077,-12.83713861057815,2508.2799351122803
672,SHORT,1787012700000,1787013120000,1.4000000000000001,1.398,1.398,1.403,3,2,7,0.657,TP_HIT,0.14285714285715884,0.10285714285715884,2.057142857143177,5.159890152231779,2513.439825264512
673,SHORT,1787013360000,1787013420000,1.3960000000000001,1.399,1.394,1.399,3,2,1,0.6174,SL_HIT,-0.2148997134670409,-0.25489971346704093,-5.097994269340819,-12.813501825531471,2500.6263234389803
674,SHORT,1787013540000,1787013780000,1.397,1.4,1.395,1.4,3,2,4,0.647,SL_HIT,-0.21474588403721487,-0.2547458840372149,-5.094917680744298,-12.74048526822387,2487.8858381707564
675,SHORT,1787014080000,1787014680000,1.4000000000000001,1.402,1.398,1.403,3,2,10,0.7194,TIME_EXPIRY,-0.1428571428571271,-0.18285714285712712,-3.657142857142542,-9.09855392245227,2478.7872842483043
676,SHORT,1787014680000,1787014800000,1.4000000000000001,1.399,1.399,1.403,2,2,2,0.786,TP_HIT,0.07142857142857942,0.03142857142857942,0.6285714285715883,1.5580948643850447,2480.3453791126894
677,SHORT,1787014800000,1787015400000,1.399,1.397,1.397,1.402,3,2,10,0.6679,TP_HIT,0.14295925661186576,0.10295925661186575,2.059185132237315,5.107490327482377,2485.452869440172
678,SHORT,1787015460000,1787015580000,1.397,1.4,1.395,1.4,3,2,2,0.7067,SL_HIT,-0.21474588403721487,-0.2547458840372149,-5.094917680744298,-12.663177769167383,2472.7896916710047
679,SHORT,1787015700000,1787016300000,1.3980000000000001,1.4,1.397,1.401,2,2,10,0.6714,TIME_EXPIRY,-0.14306151645205864,-0.18306151645205862,-3.6612303290411723,-9.053452616486252,2463.7362390545186
680,SHORT,1787016540000,1787016960000,1.399,1.398,1.398,1.402,2,2,7,0.7109,TP_HIT,0.07147962830594082,0.03147962830594081,0.6295925661188162,1.5511500209862557,2465.287389075505
681,SHORT,1787017140000,1787017320000,1.3980000000000001,1.397,1.397,1.401,2,2,3,0.6411,TP_HIT,0.0715307582260452,0.031530758226045195,0.6306151645209039,1.5546476124531594,2466.842036687958
682,SHORT,1787017380000,1787017680000,1.397,1.395,1.395,1.4,3,2,5,0.6364,TP_HIT,0.14316392269148187,0.10316392269148188,2.0632784538296374,5.089782023299484,2471.9318187112576
683,SHORT,1787018100000,1787018220000,1.391,1.389,1.389,1.394,3,2,2,0.7564,TP_HIT,0.14378145219266728,0.10378145219266728,2.0756290438533456,5.1308134773423095,2477.0626321885998
684,SHORT,1787019300000,1787019420000,1.3820000000000001,1.385,1.379,1.385,4,2,2,0.5547,SL_HIT,-0.21707670043414554,-0.25707670043414554,-5.141534008682911,-12.735901765035296,2464.3267304235646
685,SHORT,1787021820000,1787022420000,1.374,1.376,1.368,1.379,7,4,10,0.572,TIME_EXPIRY,-0.14556040756912517,-0.18556040756912515,-3.711208151382503,-9.145629449617726,2455.1811009739467
686,SHORT,1787022540000,1787023080000,1.375,1.379,1.372,1.379,4,3,9,0.5619,SL_HIT,-0.2909090909090912,-0.33090909090909115,-6.618181818181823,-16.248834922809408,2438.9322660511375
687,SHORT,1787023260000,1787023860000,1.3760000000000001,1.3769999999999998,1.373,1.38,4,3,10,0.5677,TIME_EXPIRY,-0.07267441860462702,-0.11267441860462703,-2.2534883720925403,-5.496105501867549,2433.43616054927
688,SHORT,1787025480000,1787025660000,1.385,1.382,1.382,1.388,4,2,3,0.563,TP_HIT,0.21660649819495403,0.17660649819495405,3.5321299638990813,8.595212777911613,2442.0313733271814
689,SHORT,1787026140000,1787026440000,1.3860000000000001,1.389,1.384,1.389,3,2,5,0.7038,SL_HIT,-0.2164502164502086,-0.2564502164502086,-5.129004329004172,-12.525189485359117,2429.5061838418223
690,SHORT,1787026440000,1787027040000,1.387,1.3889999999999998,1.385,1.39,3,2,10,0.5655,TIME_EXPIRY,-0.14419610670510308,-0.18419610670510309,-3.6839221341020614,-8.95011160559272,2420.5560722362297
691,SHORT,1787027040000,1787027640000,1.387,1.39,1.385,1.39,3,2,10,0.6635,SL_HIT,-0.21629416005767063,-0.25629416005767064,-5.125883201153412,-12.407487708125577,2408.148584528104
692,SHORT,1787027700000,1787027940000,1.3880000000000001,1.386,1.386,1.391,3,2,4,0.7113,TP_HIT,0.14409221902018904,0.10409221902018903,2.0818443804037807,5.0133905978771525,2413.1619751259814
693,SHORT,1787027940000,1787028300000,1.3860000000000001,1.389,1.384,1.389,3,2,6,0.6314,SL_HIT,-0.2164502164502086,-0.2564502164502086,-5.129004329004172,-12.377118217009416,2400.784856908972
694,SHORT,1787028360000,1787028960000,1.387,1.3869999999999998,1.385,1.39,3,2,10,0.5991,TIME_EXPIRY,1.6008983772532898e-14,-0.03999999999998399,-0.7999999999996797,-1.9206278855264087,2398.8642290234457
695,SHORT,1787029080000,1787029260000,1.3880000000000001,1.386,1.386,1.391,3,2,3,0.757,TP_HIT,0.14409221902018904,0.10409221902018903,2.0818443804037807,4.994062014544109,2403.8582910379896
696,SHORT,1787029320000,1787029920000,1.3860000000000001,1.3869999999999998,1.384,1.389,3,2,10,0.7059,TIME_EXPIRY,-0.07215007215004818,-0.11215007215004819,-2.2430014430009635,-5.391857615568042,2398.4664334224217
697,SHORT,1787029980000,1787030580000,1.385,1.383,1.383,1.388,3,2,10,0.6632,TP_HIT,0.144404332129964,0.10440433212996403,2.0880866425992806,5.008205722352096,2403.474639144774
698,SHORT,1787030700000,1787030760000,1.3860000000000001,1.389,1.384,1.389,3,2,1,0.5678,SL_HIT,-0.2164502164502086,-0.2564502164502086,-5.129004329004172,-12.327431828825286,2391.1472073159484
699,SHORT,1787032020000,1787032620000,1.385,1.386,1.383,1.388,3,2,10,0.6489,TIME_EXPIRY,-0.072202166064974,-0.11220216606497399,-2.24404332129948,-5.3658379208212565,2385.781369395127
700,SHORT,1787032680000,1787033280000,1.385,1.388,1.383,1.388,3,2,10,0.5675,TIME_EXPIRY,-0.21660649819493805,-0.2566064981949381,-5.132129963898762,-12.244140053184152,2373.5372293419427
701,SHORT,1787033280000,1787033460000,1.3860000000000001,1.389,1.384,1.389,3,2,3,0.7384,SL_HIT,-0.2164502164502086,-0.2564502164502086,-5.129004329004172,-12.173882724347393,2361.363346617595
702,SHORT,1787033460000,1787033820000,1.389,1.392,1.387,1.392,3,2,6,0.7585,SL_HIT,-0.2159827213822816,-0.2559827213822816,-5.119654427645632,-12.08936431279088,2349.273982304804
703,SHORT,1787033820000,1787034000000,1.391,1.394,1.389,1.394,3,2,3,0.762,SL_HIT,-0.21567217828899293,-0.25567217828899297,-5.11344356577986,-12.012879929070529,2337.2611023757336
704,SHORT,1787034120000,1787034180000,1.3960000000000001,1.399,1.393,1.399,4,2,1,0.605,SL_HIT,-0.2148997134670409,-0.25489971346704093,-5.097994269340819,-11.915343705864695,2325.3457586698687
705,SHORT,1787034180000,1787034600000,1.3980000000000001,1.401,1.395,1.401,4,2,7,0.5967,SL_HIT,-0.21459227467810382,-0.25459227467810386,-5.091845493562077,-11.84030132225686,2313.505457347612
706,SHORT,1787035020000,1787035620000,1.4000000000000001,1.4029999999999998,1.397,1.404,4,3,10,0.574,TIME_EXPIRY,-0.21428571428569065,-0.2542857142856907,-5.085714285713813,-11.765827754509619,2301.739629593102
707,SHORT,1787035620000,1787036100000,1.401,1.399,1.399,1.404,3,2,8,0.8132,TP_HIT,0.14275517487508935,0.10275517487508935,2.0551034975017872,4.730313163115253,2306.4699427562173
708,SHORT,1787036160000,1787036400000,1.3980000000000001,1.401,1.396,1.401,3,2,4,0.8301,SL_HIT,-0.21459227467810382,-0.25459227467810386,-5.091845493562077,-11.744188584059629,2294.725754172158
709,SHORT,1787036400000,1787036640000,1.401,1.399,1.399,1.404,3,2,4,0.8378,TP_HIT,0.14275517487508935,0.10275517487508935,2.0551034975017872,4.715898923206629,2299.4416530953645
710,SHORT,1787036640000,1787036760000,1.399,1.397,1.397,1.402,3,2,2,0.7762,TP_HIT,0.14295925661186576,0.10295925661186575,2.059185132237315,4.7349760645011685,2304.1766291598656
711,SHORT,1787037180000,1787037240000,1.4000000000000001,1.403,1.397,1.403,4,2,1,0.645,SL_HIT,-0.21428571428570653,-0.25428571428570657,-5.085714285714131,-11.71838399972696,2292.4582451601386
712,SHORT,1787037300000,1787037660000,1.403,1.406,1.4,1.406,4,2,6,0.5639,SL_HIT,-0.21382751247326384,-0.25382751247326385,-5.076550249465277,-11.637779476356434,2280.820465683782
713,SHORT,1787037780000,1787037960000,1.403,1.401,1.401,1.406,3,2,3,0.7192,TP_HIT,0.14255167498218116,0.10255167498218117,2.051033499643623,4.678039181790206,2285.498504865572
714,SHORT,1787037960000,1787038320000,1.401,1.399,1.399,1.404,3,2,6,0.7308,TP_HIT,0.14275517487508935,0.10275517487508935,2.0551034975017872,4.696935970884343,2290.1954408364563
715,SHORT,1787039040000,1787039280000,1.397,1.395,1.395,1.4,3,2,4,0.7162,TP_HIT,0.14316392269148187,0.10316392269148188,2.0632784538296374,4.725310908136729,2294.920751744593
716,SHORT,1787039460000,1787039700000,1.3940000000000001,1.397,1.392,1.397,3,2,4,0.6766,SL_HIT,-0.21520803443327774,-0.2552080344332778,-5.104160688665555,-11.713644284657555,2283.2071074599353
717,SHORT,1787039700000,1787039820000,1.395,1.398,1.393,1.398,3,2,2,0.5979,SL_HIT,-0.21505376344085245,-0.25505376344085245,-5.101075268817049,-11.646811309451188,2271.560296150484
718,SHORT,1787039820000,1787039940000,1.397,1.4,1.395,1.4,3,2,2,0.7607,SL_HIT,-0.21474588403721487,-0.2547458840372149,-5.094917680744298,-11.573412715733856,2259.9868834347503
719,SHORT,1787039940000,1787040060000,1.3980000000000001,1.396,1.396,1.401,3,2,2,0.6432,TP_HIT,0.1430615164520904,0.1030615164520904,2.061230329041808,4.6583535073723805,2264.6452369421227
720,SHORT,1787040060000,1787040300000,1.3980000000000001,1.395,1.395,1.401,4,2,4,0.5549,TP_HIT,0.2145922746781197,0.1745922746781197,3.491845493562394,7.907791265133892,2272.5530282072564
721,SHORT,1787040720000,1787040840000,1.3960000000000001,1.399,1.394,1.399,3,2,2,0.7674,SL_HIT,-0.2148997134670409,-0.25489971346704093,-5.097994269340819,-11.585462314573718,2260.9675658926826
722,SHORT,1787041200000,1787041680000,1.399,1.397,1.397,1.402,3,2,8,0.742,TP_HIT,0.14295925661186576,0.10295925661186575,2.059185132237315,4.655750796157004,2265.6233166888396
723,SHORT,1787041740000,1787042160000,1.397,1.4,1.395,1.4,3,2,7,0.7094,SL_HIT,-0.21474588403721487,-0.2547458840372149,-5.094917680744298,-11.543164294104509,2254.0801523947353
724,SHORT,1787042160000,1787042760000,1.399,1.397,1.397,1.402,3,2,10,0.6656,TP_HIT,0.14295925661186576,0.10295925661186575,2.059185132237315,4.64156833668246,2258.721720731418
725,SHORT,1787042760000,1787042880000,1.3980000000000001,1.396,1.396,1.401,3,2,2,0.6972,TP_HIT,0.1430615164520904,0.1030615164520904,2.061230329041808,4.655745715637099,2263.377466447055
726,SHORT,1787042880000,1787043480000,1.3960000000000001,1.3969999999999998,1.394,1.399,3,2,10,0.6612,TIME_EXPIRY,-0.07163323782232577,-0.11163323782232576,-2.2326647564465154,-5.053363099871546,2258.3241033471836
727,SHORT,1787043540000,1787043660000,1.3960000000000001,1.399,1.394,1.399,3,2,2,0.7629,SL_HIT,-0.2148997134670409,-0.25489971346704093,-5.097994269340819,-11.512923337178185,2246.8111800100055
728,SHORT,1787043900000,1787043960000,1.3960000000000001,1.399,1.394,1.399,3,2,1,0.6918,SL_HIT,-0.2148997134670409,-0.25489971346704093,-5.097994269340819,-11.454230519981891,2235.3569494900235
729,SHORT,1787043960000,1787044560000,1.3980000000000001,1.396,1.396,1.401,3,2,10,0.7377,TP_HIT,0.1430615164520904,0.1030615164520904,2.061230329041808,4.607585540523214,2239.964535030547
730,SHORT,1787045400000,1787045580000,1.3920000000000001,1.395,1.39,1.395,3,2,3,0.6106,SL_HIT,-0.21551724137930253,-0.25551724137930254,-5.110344827586051,-11.446991175569549,2228.5175438549772
731,SHORT,1787045580000,1787046180000,1.3940000000000001,1.396,1.392,1.397,3,2,10,0.6971,TIME_EXPIRY,-0.14347202295550784,-0.18347202295550785,-3.669440459110157,-8.177412439258248,2220.340131415719
732,SHORT,1787046180000,1787046480000,1.3940000000000001,1.397,1.392,1.397,3,2,5,0.6086,SL_HIT,-0.21520803443327774,-0.2552080344332778,-5.104160688665555,-11.332972814238625,2209.0071586014806
733,SHORT,1787046480000,1787046960000,1.3960000000000001,1.399,1.394,1.399,3,2,8,0.6827,SL_HIT,-0.2148997134670409,-0.25489971346704093,-5.097994269340819,-11.261505835483193,2197.7456527659974
734,SHORT,1787046960000,1787047140000,1.3980000000000001,1.396,1.396,1.401,3,2,3,0.6536,TP_HIT,0.1430615164520904,0.1030615164520904,2.061230329041808,4.530059995001061,2202.2757127609984
735,SHORT,1787047260000,1787047500000,1.397,1.4,1.395,1.4,3,2,4,0.6955,SL_HIT,-0.21474588403721487,-0.2547458840372149,-5.094917680744298,-11.220413466819762,2191.055299294179
736,SHORT,1787048040000,1787048100000,1.4020000000000001,1.405,1.4,1.405,3,2,1,0.5721,SL_HIT,-0.21398002853066272,-0.2539800285306627,-5.0796005706132545,-11.129685748539908,2179.925613545639
737,SHORT,1787048100000,1787048280000,1.4040000000000001,1.407,1.401,1.407,4,2,3,0.5765,SL_HIT,-0.21367521367520592,-0.25367521367520596,-5.073504273504119,-11.05986191624489,2168.8657516293943
738,SHORT,1787048460000,1787048700000,1.407,1.41,1.404,1.41,4,2,4,0.5531,SL_HIT,-0.2132196162046831,-0.25321961620468314,-5.064392324093663,-10.983987064541537,2157.881764564853
739,SHORT,1787049240000,1787049300000,1.4060000000000001,1.409,1.404,1.409,3,2,1,0.7249,SL_HIT,-0.2133712660028372,-0.2533712660028372,-5.067425320056745,-10.934904691444663,2146.9468598734084
740,SHORT,1787049780000,1787050320000,1.4140000000000001,1.41,1.41,1.418,5,3,9,0.5598,TP_HIT,0.2828854314002988,0.24288543140029878,4.857708628005976,10.429242285077393,2157.3761021584855
741,SHORT,1787050380000,1787050800000,1.4100000000000001,1.406,1.406,1.414,5,3,7,0.5511,TP_HIT,0.2836879432624273,0.24368794326242732,4.873758865248546,10.514530903570273,2167.8906330620557
742,SHORT,1787051640000,1787052240000,1.4080000000000001,1.411,1.406,1.411,3,2,10,0.7206,SL_HIT,-0.21306818181817408,-0.2530681818181741,-5.061363636363482,-10.972482817793297,2156.9181502442625
743,SHORT,1787052780000,1787052960000,1.4080000000000001,1.411,1.406,1.411,3,2,3,0.7192,SL_HIT,-0.21306818181817408,-0.2530681818181741,-5.061363636363482,-10.916947092258697,2146.0012031520037
744,SHORT,1787052960000,1787053560000,1.4100000000000001,1.4109999999999998,1.408,1.413,3,2,10,0.7104,TIME_EXPIRY,-0.07092198581557928,-0.11092198581557927,-2.2184397163115857,-4.760774300324853,2141.2404288516786
745,SHORT,1787053680000,1787053800000,1.409,1.408,1.408,1.412,2,2,2,0.6064,TP_HIT,0.07097232079489793,0.03097232079489793,0.6194464158979586,1.3263837092279802,2142.566812560907
746,SHORT,1787053860000,1787053920000,1.407,1.405,1.405,1.41,3,2,1,0.6239,TP_HIT,0.14214641080312734,0.10214641080312735,2.0429282160625473,4.3771101961798715,2146.9439227570865
747,SHORT,1787053980000,1787054460000,1.405,1.408,1.403,1.408,3,2,8,0.6337,SL_HIT,-0.21352313167259016,-0.25352313167259016,-5.070462633451803,-10.885998936456241,2136.05792382063
748,SHORT,1787054520000,1787055000000,1.407,1.405,1.405,1.41,3,2,8,0.6324,TP_HIT,0.14214641080312734,0.10214641080312735,2.0429282160625473,4.363813003717148,2140.421736824347
749,SHORT,1787055540000,1787055720000,1.403,1.406,1.401,1.406,3,2,3,0.6647,SL_HIT,-0.21382751247326384,-0.25382751247326385,-5.076550249465277,-10.865958502036543,2129.5557783223107
750,SHORT,1787055720000,1787056020000,1.405,1.403,1.403,1.408,3,2,5,0.7179,TP_HIT,0.1423487544483987,0.1023487544483987,2.046975088967974,4.3591476287935755,2133.914925951104
751,SHORT,1787056020000,1787056560000,1.403,1.401,1.401,1.406,3,2,9,0.7038,TP_HIT,0.14255167498218116,0.10255167498218117,2.051033499643623,4.3767309985152565,2138.291656949619
752,SHORT,1787056560000,1787056920000,1.4020000000000001,1.405,1.4,1.405,3,2,6,0.7559,SL_HIT,-0.21398002853066272,-0.2539800285306627,-5.0796005706132545,-10.861667520778848,2127.42998942884
753,SHORT,1787056920000,1787056980000,1.4040000000000001,1.407,1.402,1.407,3,2,1,0.673,SL_HIT,-0.21367521367520592,-0.25367521367520596,-5.073504273504119,-10.793525142948043,2116.636464285892
754,SHORT,1787057340000,1787057400000,1.4040000000000001,1.407,1.402,1.407,3,2,1,0.6948,SL_HIT,-0.21367521367520592,-0.25367521367520596,-5.073504273504119,-10.738764147009123,2105.897700138883
755,SHORT,1787057400000,1787057520000,1.4060000000000001,1.409,1.404,1.409,3,2,2,0.747,SL_HIT,-0.2133712660028372,-0.2533712660028372,-5.067425320056745,-10.671479327133042,2095.22622081175
756,SHORT,1787057700000,1787058000000,1.407,1.405,1.405,1.41,3,2,5,0.6578,TP_HIT,0.14214641080312734,0.10214641080312735,2.0429282160625473,4.280396765530421,2099.5066175772804
757,SHORT,1787058000000,1787058180000,1.405,1.408,1.403,1.408,3,2,3,0.6838,SL_HIT,-0.21352313167259016,-0.25352313167259016,-5.070462633451803,-10.645469853110386,2088.86114772417
758,SHORT,1787058180000,1787058240000,1.407,1.41,1.405,1.41,3,2,1,0.6783,SL_HIT,-0.2132196162046831,-0.25321961620468314,-5.064392324093663,-10.578812362631767,2078.2823353615386
759,SHORT,1787058240000,1787058300000,1.4080000000000001,1.406,1.406,1.411,3,2,1,0.6291,TP_HIT,0.14204545454547043,0.10204545454547043,2.0409090909094085,4.2415853117158,2082.5239206732545
760,SHORT,1787058480000,1787058540000,1.4040000000000001,1.407,1.402,1.407,3,2,1,0.6793,SL_HIT,-0.21367521367520592,-0.25367521367520596,-5.073504273504119,-10.56569401121031,2071.958226662044
761,SHORT,1787058960000,1787059440000,1.405,1.403,1.403,1.408,3,2,8,0.7034,TP_HIT,0.1423487544483987,0.1023487544483987,2.046975088967974,4.241246875359464,2076.1994735374037
762,SHORT,1787059440000,1787059740000,1.4040000000000001,1.402,1.402,1.407,3,2,5,0.628,TP_HIT,0.14245014245015838,0.10245014245015838,2.0490028490031675,4.254138636377017,2080.4536121737806
763,SHORT,1787059860000,1787059920000,1.405,1.403,1.403,1.408,3,2,1,0.7159,TP_HIT,0.1423487544483987,0.1023487544483987,2.046975088967974,4.258636717873168,2084.712248891654
764,SHORT,1787060040000,1787060220000,1.403,1.406,1.401,1.406,3,2,3,0.7374,SL_HIT,-0.21382751247326384,-0.25382751247326385,-5.076550249465277,-10.583146487174245,2074.1291024044795
765,SHORT,1787060580000,1787060760000,1.4040000000000001,1.402,1.402,1.407,3,2,3,0.6767,TP_HIT,0.14245014245015838,0.10245014245015838,2.0490028490031675,4.249896440027161,2078.3789988445064
766,SHORT,1787061120000,1787061360000,1.4000000000000001,1.403,1.397,1.403,4,2,4,0.5625,SL_HIT,-0.21428571428570653,-0.25428571428570657,-5.085714285714131,-10.570041765551741,2067.808957078955
767,SHORT,1787061540000,1787061840000,1.403,1.401,1.401,1.406,3,2,5,0.6771,TP_HIT,0.14255167498218116,0.10255167498218117,2.051033499643623,4.241145441832079,2072.050102520787
768,SHORT,1787061840000,1787062140000,1.401,1.398,1.398,1.405,4,3,5,0.5557,TP_HIT,0.21413276231264194,0.17413276231264196,3.4826552462528393,7.216236160042753,2079.2663386808294
769,SHORT,1787063280000,1787063460000,1.409,1.413,1.406,1.413,4,3,3,0.5516,SL_HIT,-0.2838892831795602,-0.32388928317956023,-6.477785663591204,-13.46904167949445,2065.797297001335
770,SHORT,1787064120000,1787064720000,1.4060000000000001,1.406,1.403,1.41,4,3,10,0.5739,TIME_EXPIRY,1.5792646153985155e-14,-0.03999999999998421,-0.7999999999996843,-1.652637837600416,2064.144659163735
771,SHORT,1787064840000,1787065140000,1.4040000000000001,1.402,1.402,1.407,3,2,5,0.5766,TP_HIT,0.14245014245015838,0.10245014245015838,2.0490028490031675,4.229438287381165,2068.374097451116
772,SHORT,1787065140000,1787065500000,1.4000000000000001,1.403,1.397,1.403,4,2,6,0.619,SL_HIT,-0.21428571428570653,-0.25428571428570657,-5.085714285714131,-10.519159695608213,2057.8549377555078
773,SHORT,1787065980000,1787066580000,1.3980000000000001,1.4009999999999998,1.396,1.401,3,2,10,0.6776,TIME_EXPIRY,-0.21459227467808795,-0.254592274678088,-5.09184549356176,-10.478279391214198,2047.3766583642935
774,SHORT,1787066580000,1787066700000,1.399,1.397,1.397,1.402,3,2,2,0.6598,TP_HIT,0.14295925661186576,0.10295925661186575,2.059185132237315,4.21592757499347,2051.592585939287
775,SHORT,1787066820000,1787066940000,1.4000000000000001,1.403,1.398,1.403,3,2,2,0.6538,SL_HIT,-0.21428571428570653,-0.25428571428570657,-5.085714285714131,-10.433813722776629,2041.1587722165102
776,SHORT,1787067000000,1787067600000,1.4000000000000001,1.4009999999999998,1.398,1.403,3,2,10,0.63,TIME_EXPIRY,-0.0714285714285477,-0.11142857142854769,-2.228571428570954,-4.548868120938683,2036.6099040955714
777,SHORT,1787067600000,1787068020000,1.399,1.402,1.397,1.402,3,2,7,0.6419,SL_HIT,-0.2144388849177907,-0.2544388849177907,-5.088777698355814,-10.363855060212117,2026.2460490353594
778,SHORT,1787068680000,1787068800000,1.4020000000000001,1.405,1.4,1.405,3,2,2,0.7033,SL_HIT,-0.21398002853066272,-0.2539800285306627,-5.0796005706132545,-10.292520586882866,2015.9535284484766
779,SHORT,1787068860000,1787069220000,1.403,1.401,1.401,1.406,3,2,6,0.5978,TP_HIT,0.14255167498218116,0.10255167498218117,2.051033499643623,4.134788220572589,2020.0883166690492
780,SHORT,1787069460000,1787070060000,1.4000000000000001,1.4,1.398,1.403,3,2,10,0.692,TIME_EXPIRY,1.586032892321652e-14,-0.03999999999998414,-0.7999999999996827,-1.6160706533345985,2018.4722460157145
781,SHORT,1787070120000,1787070180000,1.399,1.398,1.398,1.402,2,2,1,0.6709,TP_HIT,0.07147962830594082,0.03147962830594081,0.6295925661188162,1.2708151210086445,2019.743061136723
782,SHORT,1787070300000,1787070420000,1.3960000000000001,1.394,1.394,1.399,3,2,2,0.7007,TP_HIT,0.14326647564471517,0.10326647564471517,2.065329512894303,4.171434952629157,2023.9144960893523
783,SHORT,1787070420000,1787070900000,1.3940000000000001,1.397,1.392,1.397,3,2,8,0.6803,SL_HIT,-0.21520803443327774,-0.2552080344332778,-5.104160688665555,-10.330384808159629,2013.5841112811927
784,SHORT,1787071260000,1787071380000,1.3960000000000001,1.394,1.394,1.399,3,2,2,0.6303,TP_HIT,0.14326647564471517,0.10326647564471517,2.065329512894303,4.158714691724095,2017.7428259729168
785,SHORT,1787071440000,1787071740000,1.393,1.391,1.391,1.396,3,2,5,0.6341,TP_HIT,0.14357501794687738,0.10357501794687739,2.0715003589375476,4.179754988246558,2021.9225809611632
786,SHORT,1787071980000,1787072160000,1.391,1.394,1.389,1.394,3,2,3,0.7089,SL_HIT,-0.21567217828899293,-0.25567217828899297,-5.11344356577986,-10.338987012120867,2011.5835939490423
787,SHORT,1787073240000,1787073780000,1.399,1.402,1.397,1.402,3,2,9,0.6618,SL_HIT,-0.2144388849177907,-0.2544388849177907,-5.088777698355814,-10.236501731266324,2001.347092217776
788,SHORT,1787073780000,1787074380000,1.401,1.4029999999999998,1.399,1.404,3,2,10,0.6496,TIME_EXPIRY,-0.1427551748750735,-0.1827551748750735,-3.65510349750147,-7.315130756479589,1994.0319614612963
789,SHORT,1787074380000,1787074980000,1.401,1.4029999999999998,1.399,1.404,3,2,10,0.7012,TIME_EXPIRY,-0.1427551748750735,-0.1827551748750735,-3.65510349750147,-7.2883931964669,1986.7435682648295
790,SHORT,1787074980000,1787075220000,1.401,1.399,1.399,1.404,3,2,4,0.6473,TP_HIT,0.14275517487508935,0.10275517487508935,2.0551034975017872,4.082963655780231,1990.8265319206098
791,SHORT,1787075280000,1787075880000,1.399,1.4009999999999998,1.397,1.402,3,2,10,0.649,TIME_EXPIRY,-0.14295925661184988,-0.18295925661184986,-3.6591851322369973,-7.28480284646684,1983.541729074143
792,SHORT,1787075880000,1787076480000,1.399,1.4009999999999998,1.398,1.402,2,2,10,0.6871,TIME_EXPIRY,-0.14295925661184988,-0.18295925661184986,-3.6591851322369973,-7.25814640419977,1976.2835826699431
793,SHORT,1787076480000,1787077080000,1.399,1.4009999999999998,1.398,1.402,2,2,10,0.6559,TIME_EXPIRY,-0.14295925661184988,-0.18295925661184986,-3.6591851322369973,-7.231587502789923,1969.051995167153
794,SHORT,1787077200000,1787077380000,1.399,1.398,1.398,1.402,2,2,3,0.6347,TP_HIT,0.07147962830594082,0.03147962830594081,0.6295925661188162,1.239700498458663,1970.2916956656118
795,SHORT,1787077380000,1787077800000,1.3980000000000001,1.401,1.397,1.401,2,2,7,0.5772,SL_HIT,-0.21459227467810382,-0.25459227467810386,-5.091845493562077,-10.032420891577729,1960.259274774034
796,SHORT,1787077800000,1787078340000,1.4000000000000001,1.403,1.399,1.403,2,2,9,0.6996,SL_HIT,-0.21428571428570653,-0.25428571428570657,-5.085714285714131,-9.969318597421928,1950.2899561766121
797,SHORT,1787078400000,1787078700000,1.4020000000000001,1.401,1.401,1.405,2,2,5,0.6195,TP_HIT,0.07132667617689813,0.031326676176898126,0.6265335235379625,1.2219220381640314,1951.511878214776
798,SHORT,1787078760000,1787079360000,1.401,1.404,1.4,1.404,2,2,10,0.7314,TIME_EXPIRY,-0.21413276231262607,-0.2541327623126261,-5.082655246252522,-9.918862085932446,1941.5930161288436
799,SHORT,1787079360000,1787079600000,1.4020000000000001,1.401,1.401,1.405,2,2,4,0.7179,TP_HIT,0.07132667617689813,0.031326676176898126,0.6265335235379625,1.2164731136719045,1942.8094892425156
800,SHORT,1787079600000,1787080140000,1.401,1.4,1.4,1.404,2,2,9,0.6851,TP_HIT,0.0713775874375526,0.0313775874375526,0.627551748751052,1.2192134924642788,1944.0287027349798
801,SHORT,1787080260000,1787080860000,1.4000000000000001,1.4009999999999998,1.398,1.403,3,2,10,0.7053,TIME_EXPIRY,-0.0714285714285477,-0.11142857142854769,-2.228571428570954,-4.332406823237032,1939.6962959117427
802,SHORT,1787080860000,1787080920000,1.399,1.398,1.398,1.402,2,2,1,0.6293,TP_HIT,0.07147962830594082,0.03147962830594081,0.6295925661188162,1.2212183684342368,1940.9175142801769
803,SHORT,1787080980000,1787081280000,1.3980000000000001,1.401,1.396,1.401,3,2,5,0.6099,SL_HIT,-0.21459227467810382,-0.25459227467810386,-5.091845493562077,-9.882852098463227,1931.0346621817137
804,SHORT,1787081280000,1787081760000,1.4000000000000001,1.398,1.398,1.403,3,2,8,0.6349,TP_HIT,0.14285714285715884,0.10285714285715884,2.057142857143177,3.972414162203,1935.0070763439167
805,SHORT,1787081760000,1787082360000,1.399,1.3989999999999998,1.397,1.402,3,2,10,0.6889,TIME_EXPIRY,1.5871665827378935e-14,-0.03999999999998413,-0.7999999999996825,-1.5480056610745192,1933.4590706828421
806,SHORT,1787082420000,1787083020000,1.3980000000000001,1.4,1.397,1.401,2,2,10,0.6837,TIME_EXPIRY,-0.14306151645205864,-0.18306151645205862,-3.6612303290411723,-7.078838989543781,1926.3802316932984
807,SHORT,1787083020000,1787083140000,1.3980000000000001,1.397,1.397,1.401,2,2,2,0.7231,TP_HIT,0.0715307582260452,0.031530758226045195,0.6306151645209039,1.2148045867390864,1927.5950362800374
808,SHORT,1787083140000,1787083380000,1.397,1.396,1.396,1.4,2,2,4,0.7441,TP_HIT,0.07158196134574889,0.03158196134574888,0.6316392269149775,1.217544638521071,1928.8125809185585
809,SHORT,1787083560000,1787084160000,1.3960000000000001,1.3969999999999998,1.394,1.399,3,2,10,0.6786,TIME_EXPIRY,-0.07163323782232577,-0.11163323782232576,-2.2326647564465154,-4.306391871207508,1924.506189047351
810,SHORT,1787084160000,1787084340000,1.395,1.394,1.394,1.398,2,2,3,0.6096,TP_HIT,0.07168458781362809,0.031684587813628096,0.6336917562725619,1.219543706894831,1925.7257327542459
811,SHORT,1787084400000,1787084760000,1.3940000000000001,1.392,1.392,1.397,3,2,6,0.6354,TP_HIT,0.1434720229555397,0.10347202295553971,2.069440459110794,3.985174744512417,1929.7109074987584
812,SHORT,1787084820000,1787085420000,1.391,1.3929999999999998,1.389,1.394,3,2,10,0.6756,TIME_EXPIRY,-0.1437814521926513,-0.1837814521926513,-3.675629043853026,-7.092901457842417,1922.618006040916
813,SHORT,1787085420000,1787085840000,1.391,1.389,1.389,1.394,3,2,7,0.6193,TP_HIT,0.14378145219266728,0.10378145219266728,2.0756290438533456,3.9906417735739326,1926.60864781449
814,SHORT,1787085840000,1787086200000,1.389,1.392,1.388,1.392,2,2,6,0.6586,SL_HIT,-0.2159827213822816,-0.2559827213822816,-5.119654427645632,-9.86357049412382,1916.7450773203661
815,SHORT,1787086200000,1787086260000,1.3920000000000001,1.391,1.391,1.395,2,2,1,0.6119,TP_HIT,0.07183908045977815,0.031839080459778145,0.6367816091955629,1.2205480147537364,1917.96562533512
816,SHORT,1787086260000,1787086440000,1.391,1.394,1.389,1.394,3,2,3,0.5615,SL_HIT,-0.21567217828899293,-0.25567217828899297,-5.11344356577986,-9.807408986256814,1908.158216348863
817,SHORT,1787086500000,1787086740000,1.393,1.391,1.391,1.396,3,2,4,0.7147,TP_HIT,0.14357501794687738,0.10357501794687739,2.0715003589375476,3.952750430076301,1912.1109667789394
818,SHORT,1787086740000,1787087340000,1.391,1.394,1.389,1.394,3,2,10,0.7061,TIME_EXPIRY,-0.21567217828899293,-0.25567217828899297,-5.11344356577986,-9.777471520132874,1902.3334952588066
819,SHORT,1787087340000,1787087520000,1.3920000000000001,1.395,1.391,1.395,2,2,3,0.6452,SL_HIT,-0.21551724137930253,-0.25551724137930254,-5.110344827586051,-9.721580137839537,1892.611915120967
820,SHORT,1787087580000,1787087640000,1.3940000000000001,1.393,1.393,1.397,2,2,1,0.6164,TP_HIT,0.07173601147776985,0.03173601147776985,0.634720229555397,1.2012790692248598,1893.813194190192
821,SHORT,1787087880000,1787088480000,1.3920000000000001,1.3929999999999998,1.391,1.395,2,2,10,0.5774,TIME_EXPIRY,-0.07183908045974624,-0.11183908045974623,-2.2367816091949244,-4.236046524015318,1889.5771476661766
822,SHORT,1787088540000,1787088600000,1.3920000000000001,1.391,1.391,1.395,2,2,1,0.6374,TP_HIT,0.07183908045977815,0.031839080459778145,0.6367816091955629,1.2032479767900297,1890.7803956429666
823,SHORT,1787088600000,1787089080000,1.391,1.39,1.39,1.394,2,2,8,0.5825,TP_HIT,0.07189072609634162,0.031890726096341616,0.6378145219268324,1.2059671941156458,1891.9863628370822
824,SHORT,1787089140000,1787089260000,1.389,1.392,1.387,1.392,3,2,2,0.5932,SL_HIT,-0.2159827213822816,-0.2559827213822816,-5.119654427645632,-9.686316359544024,1882.3000464775382
825,SHORT,1787089260000,1787089320000,1.391,1.394,1.389,1.394,3,2,1,0.5552,SL_HIT,-0.21567217828899293,-0.25567217828899297,-5.11344356577986,-9.625035061527699,1872.6750114160104
826,SHORT,1787089320000,1787089680000,1.393,1.396,1.391,1.396,3,2,6,0.6285,SL_HIT,-0.2153625269203081,-0.25536252692030814,-5.107250538406162,-9.564220460314186,1863.1107909556963
827,SHORT,1787089680000,1787090220000,1.395,1.398,1.393,1.398,3,2,9,0.5759,SL_HIT,-0.21505376344085245,-0.25505376344085245,-5.101075268817049,-9.503868378810274,1853.606922576886
828,SHORT,1787090340000,1787090640000,1.397,1.4,1.395,1.4,3,2,5,0.6976,SL_HIT,-0.21474588403721487,-0.2547458840372149,-5.094917680744298,-9.443974682987005,1844.162947893899
829,SHORT,1787090640000,1787090940000,1.399,1.402,1.397,1.402,3,2,5,0.676,SL_HIT,-0.2144388849177907,-0.2544388849177907,-5.088777698355814,-9.384535281376587,1834.7784126125223
830,SHORT,1787090940000,1787091060000,1.401,1.404,1.399,1.404,3,2,2,0.7207,SL_HIT,-0.21413276231262607,-0.2541327623126261,-5.082655246252522,-9.325546124575913,1825.4528664879463
831,SHORT,1787091120000,1787091480000,1.4060000000000001,1.409,1.403,1.409,4,2,6,0.6192,SL_HIT,-0.2133712660028372,-0.2533712660028372,-5.067425320056745,-9.250346076211184,1816.2025204117351
832,SHORT,1787091660000,1787091720000,1.409,1.412,1.407,1.412,3,2,1,0.6719,SL_HIT,-0.2129169623846623,-0.2529169623846623,-5.0583392476932465,-9.186968490758074,1807.015551920977
833,SHORT,1787093040000,1787093640000,1.401,1.4029999999999998,1.398,1.405,4,3,10,0.5619,TIME_EXPIRY,-0.1427551748750735,-0.1827551748750735,-3.65510349750147,-6.6048288638659125,1800.4107230571112
834,SHORT,1787093640000,1787094120000,1.401,1.404,1.399,1.404,3,2,8,0.7752,SL_HIT,-0.21413276231262607,-0.2541327623126261,-5.082655246252522,-9.150867006955524,1791.2598560501558
835,SHORT,1787094120000,1787094300000,1.403,1.406,1.401,1.406,3,2,3,0.7459,SL_HIT,-0.21382751247326384,-0.25382751247326385,-5.076550249465277,-9.093420669088555,1782.1664353810672
836,SHORT,1787094300000,1787094540000,1.4040000000000001,1.402,1.402,1.407,3,2,4,0.6527,TP_HIT,0.14245014245015838,0.10245014245015838,2.0490028490031675,3.6516641034936264,1785.818099484561
837,SHORT,1787094540000,1787094660000,1.403,1.406,1.401,1.406,3,2,2,0.5778,SL_HIT,-0.21382751247326384,-0.25382751247326385,-5.076550249465277,-9.065795318437956,1776.752304166123
838,SHORT,1787094660000,1787095260000,1.407,1.406,1.404,1.41,4,2,10,0.5537,TIME_EXPIRY,0.07107320540157157,0.031073205401571564,0.6214641080314314,1.10418778590139,1777.8564919520243
839,SHORT,1787095320000,1787095560000,1.405,1.408,1.403,1.408,3,2,4,0.7017,SL_HIT,-0.21352313167259016,-0.25352313167259016,-5.070462633451803,-9.014554910082447,1768.8419370419417
840,SHORT,1787095560000,1787095800000,1.407,1.405,1.405,1.41,3,2,4,0.6731,TP_HIT,0.14214641080312734,0.10214641080312735,2.0429282160625473,3.6136171029377144,1772.4555541448794
841,SHORT,1787095860000,1787096340000,1.405,1.408,1.403,1.408,3,2,8,0.6363,SL_HIT,-0.21352313167259016,-0.25352313167259016,-5.070462633451803,-8.987169656745722,1763.4683844881338
842,SHORT,1787096460000,1787096520000,1.4060000000000001,1.409,1.405,1.409,2,2,1,0.6227,SL_HIT,-0.2133712660028372,-0.2533712660028372,-5.067425320056745,-8.936244342674733,1754.5321401454592
843,SHORT,1787096520000,1787096880000,1.4080000000000001,1.406,1.406,1.411,3,2,6,0.6759,TP_HIT,0.14204545454547043,0.10204545454547043,2.0409090909094085,3.580840595115608,1758.1129807405748
844,SHORT,1787097000000,1787097600000,1.407,1.41,1.405,1.41,3,2,10,0.6783,TIME_EXPIRY,-0.2132196162046831,-0.25321961620468314,-5.064392324093663,-8.903773884551997,1749.2092068560228
845,SHORT,1787097600000,1787097660000,1.4080000000000001,1.407,1.407,1.411,2,2,1,0.7694,TP_HIT,0.07102272727273522,0.03102272727273521,0.6204545454547042,1.0853048033450372,1750.2945116593678
846,SHORT,1787097720000,1787097840000,1.4060000000000001,1.404,1.404,1.409,3,2,2,0.7531,TP_HIT,0.1422475106685792,0.1022475106685792,2.044950213371584,3.579265135080937,1753.8737767944488
847,SHORT,1787098620000,1787098800000,1.4000000000000001,1.403,1.397,1.403,4,2,3,0.5802,SL_HIT,-0.21428571428570653,-0.25428571428570657,-5.085714285714131,-8.919700921982926,1744.9540758724659
848,SHORT,1787099100000,1787099580000,1.403,1.406,1.401,1.406,3,2,8,0.7199,SL_HIT,-0.21382751247326384,-0.25382751247326385,-5.076550249465277,-8.858347049175821,1736.09572882329
849,SHORT,1787099580000,1787099940000,1.405,1.408,1.403,1.408,3,2,6,0.7052,SL_HIT,-0.21352313167259016,-0.25352313167259016,-5.070462633451803,-8.802808521093768,1727.2929203021963
850,SHORT,1787100300000,1787100420000,1.405,1.408,1.403,1.408,3,2,2,0.6637,SL_HIT,-0.21352313167259016,-0.25352313167259016,-5.070462633451803,-8.758174209418131,1718.5347460927783
851,SHORT,1787100900000,1787101140000,1.407,1.405,1.405,1.41,3,2,4,0.74,TP_HIT,0.14214641080312734,0.10214641080312735,2.0429282160625473,3.510843123076822,1722.045589215855
852,SHORT,1787101200000,1787101560000,1.405,1.408,1.403,1.408,3,2,6,0.7484,SL_HIT,-0.21352313167259016,-0.25352313167259016,-5.070462633451803,-8.731567813219488,1713.3140214026355
853,SHORT,1787101620000,1787102160000,1.407,1.405,1.405,1.41,3,2,9,0.5944,TP_HIT,0.14214641080312734,0.10214641080312735,2.0429282160625473,3.500177557299035,1716.8141989599346
854,SHORT,1787102160000,1787102280000,1.4060000000000001,1.404,1.404,1.409,3,2,2,0.6736,TP_HIT,0.1422475106685792,0.1022475106685792,2.044950213371584,3.510799562482484,1720.3249985224172
855,SHORT,1787102340000,1787102400000,1.405,1.408,1.403,1.408,3,2,1,0.6481,SL_HIT,-0.21352313167259016,-0.25352313167259016,-5.070462633451803,-8.722843622400946,1711.6021549000163
856,SHORT,1787102400000,1787102460000,1.407,1.41,1.405,1.41,3,2,1,0.6828,SL_HIT,-0.2132196162046831,-0.25321961620468314,-5.064392324093663,-8.668224815177815,1702.9339300848385
857,SHORT,1787102700000,1787102820000,1.4040000000000001,1.407,1.402,1.407,3,2,2,0.6701,SL_HIT,-0.21367521367520592,-0.25367521367520596,-5.073504273504119,-8.639842571780592,1694.294087513058
858,SHORT,1787102820000,1787103420000,1.4060000000000001,1.408,1.404,1.409,3,2,10,0.7167,TIME_EXPIRY,-0.14224751066854763,-0.18224751066854764,-3.6449502133709526,-6.175617595793864,1688.118469917264
859,SHORT,1787103420000,1787103780000,1.4060000000000001,1.404,1.404,1.409,3,2,6,0.7073,TP_HIT,0.1422475106685792,0.1022475106685792,2.044950213371584,3.4521182252538214,1691.5705881425179
860,SHORT,1787103780000,1787104380000,1.4040000000000001,1.4049999999999998,1.402,1.407,3,2,10,0.6382,TIME_EXPIRY,-0.07122507122504756,-0.11122507122504756,-2.2245014245009513,-3.762901182966943,1687.807686959551
861,SHORT,1787104500000,1787105100000,1.4040000000000001,1.406,1.402,1.407,3,2,10,0.7446,TIME_EXPIRY,-0.14245014245012677,-0.18245014245012675,-3.649002849002535,-6.158815058283779,1681.648871901267
862,SHORT,1787105100000,1787105160000,1.4040000000000001,1.403,1.403,1.407,2,2,1,0.7428,TP_HIT,0.07122507122507919,0.031225071225079185,0.6245014245015836,1.0501921160138226,1682.699064017281
863,SHORT,1787105280000,1787105520000,1.4020000000000001,1.405,1.4,1.405,3,2,4,0.6109,SL_HIT,-0.21398002853066272,-0.2539800285306627,-5.0796005706132545,-8.547439125752572,1674.1516248915284
864,SHORT,1787105520000,1787105700000,1.4040000000000001,1.402,1.402,1.407,3,2,3,0.7092,TP_HIT,0.14245014245015838,0.10245014245015838,2.0490028490031675,3.4303414490660242,1677.5819663405944
865,SHORT,1787106120000,1787106240000,1.4040000000000001,1.407,1.402,1.407,3,2,2,0.6342,SL_HIT,-0.21367521367520592,-0.25367521367520596,-5.073504273504119,-8.51121927538245,1669.070747065212
866,SHORT,1787106240000,1787106840000,1.4060000000000001,1.406,1.404,1.409,3,2,10,0.6653,TIME_EXPIRY,1.5792646153985155e-14,-0.03999999999998421,-0.7999999999996843,-1.3352565976516426,1667.7354904675603
867,SHORT,1787106900000,1787107140000,1.4060000000000001,1.404,1.404,1.409,3,2,4,0.6468,TP_HIT,0.1422475106685792,0.1022475106685792,2.044950213371584,3.4104360470790014,1671.1459265146393
868,SHORT,1787107140000,1787107260000,1.405,1.403,1.403,1.408,3,2,2,0.6248,TP_HIT,0.1423487544483987,0.1023487544483987,2.046975088967974,3.4207940816057714,1674.566720596245
869,SHORT,1787107380000,1787107980000,1.4040000000000001,1.4049999999999998,1.402,1.407,3,2,10,0.5874,TIME_EXPIRY,-0.07122507122504756,-0.11122507122504756,-2.2245014245009513,-3.7250760553882336,1670.8416445408568
870,SHORT,1787108040000,1787108100000,1.4040000000000001,1.407,1.402,1.407,3,2,1,0.6925,SL_HIT,-0.21367521367520592,-0.25367521367520596,-5.073504273504119,-8.477022223926687,1662.36462231693
871,SHORT,1787108100000,1787108460000,1.4060000000000001,1.404,1.404,1.409,3,2,6,0.7056,TP_HIT,0.1422475106685792,0.1022475106685792,2.044950213371584,3.3994528891083795,1665.7640752060386
872,SHORT,1787108460000,1787108760000,1.4040000000000001,1.402,1.402,1.407,3,2,5,0.6364,TP_HIT,0.14245014245015838,0.10245014245015838,2.0490028490031675,3.4131553358643,1669.1772305419029
873,SHORT,1787108820000,1787109180000,1.4020000000000001,1.405,1.4,1.405,3,2,6,0.6479,SL_HIT,-0.21398002853066272,-0.2539800285306627,-5.0796005706132545,-8.478753612715304,1660.6984769291876
874,SHORT,1787109240000,1787109300000,1.405,1.408,1.403,1.408,3,2,1,0.6254,SL_HIT,-0.21352313167259016,-0.25352313167259016,-5.070462633451803,-8.420509572699768,1652.2779673564878
875,SHORT,1787109300000,1787109420000,1.407,1.41,1.405,1.41,3,2,2,0.6634,SL_HIT,-0.2132196162046831,-0.25321961620468314,-5.064392324093663,-8.367783855149275,1643.9101835013385
876,SHORT,1787109540000,1787109600000,1.407,1.41,1.405,1.41,3,2,1,0.6808,SL_HIT,-0.2132196162046831,-0.25321961620468314,-5.064392324093663,-8.325406114823583,1635.5847773865148
877,SHORT,1787109600000,1787109780000,1.409,1.407,1.407,1.412,3,2,3,0.6978,TP_HIT,0.1419446415897801,0.1019446415897801,2.038892831795602,3.334782078407371,1638.9195594649223
878,SHORT,1787109900000,1787110260000,1.407,1.41,1.405,1.41,3,2,6,0.6122,SL_HIT,-0.2132196162046831,-0.25321961620468314,-5.064392324093663,-8.300131636761119,1630.6194278281612
879,SHORT,1787110320000,1787110440000,1.409,1.412,1.408,1.412,2,2,2,0.5911,SL_HIT,-0.2129169623846623,-0.2529169623846623,-5.0583392476932465,-8.248226249834293,1622.371201578327
880,SHORT,1787110440000,1787110800000,1.411,1.414,1.409,1.414,3,2,6,0.6914,SL_HIT,-0.21261516654853943,-0.25261516654853944,-5.05230333097079,-8.196711425805264,1614.1744901525217
881,SHORT,1787110800000,1787111220000,1.4120000000000001,1.41,1.41,1.415,3,2,7,0.6024,TP_HIT,0.1416430594901008,0.10164305949010083,2.0328611898020164,3.2813926745995188,1617.4558828271213
882,SHORT,1787111340000,1787111940000,1.4100000000000001,1.4109999999999998,1.408,1.413,3,2,10,0.6149,TIME_EXPIRY,-0.07092198581557928,-0.11092198581557927,-2.2184397163115857,-3.5882283698455044,1613.8676544572759
883,SHORT,1787111940000,1787112300000,1.409,1.412,1.407,1.412,3,2,6,0.7213,SL_HIT,-0.2129169623846623,-0.2529169623846623,-5.0583392476932465,-8.163490097123882,1605.704164360152
884,SHORT,1787112300000,1787112540000,1.411,1.409,1.409,1.414,3,2,4,0.6752,TP_HIT,0.1417434443656982,0.10174344436569821,2.034868887313964,3.2673974462869406,1608.9715618064388
885,SHORT,1787112540000,1787112900000,1.4100000000000001,1.408,1.408,1.413,3,2,6,0.6692,TP_HIT,0.14184397163122153,0.10184397163122154,2.036879432624431,3.2772810819211435,1612.2488428883598
886,SHORT,1787112900000,1787113020000,1.4080000000000001,1.411,1.406,1.411,3,2,2,0.6517,SL_HIT,-0.21306818181817408,-0.2530681818181741,-5.061363636363482,-8.160177666164246,1604.0886652221957
887,SHORT,1787113020000,1787113620000,1.409,1.4109999999999998,1.407,1.412,3,2,10,0.6374,TIME_EXPIRY,-0.14194464158976436,-0.18194464158976437,-3.638892831795287,-5.837106745441118,1598.2515584767546
888,SHORT,1787113620000,1787113680000,1.409,1.408,1.408,1.412,2,2,1,0.6777,TP_HIT,0.07097232079489793,0.03097232079489793,0.6194464158979586,0.9900311996017522,1599.2415896763564
889,SHORT,1787113680000,1787113740000,1.4080000000000001,1.407,1.407,1.411,2,2,1,0.5567,TP_HIT,0.07102272727273522,0.03102272727273521,0.6204545454547042,0.9922567135949024,1600.2338463899514
890,SHORT,1787113800000,1787114340000,1.4080000000000001,1.406,1.406,1.411,3,2,9,0.5682,TP_HIT,0.14204545454547043,0.10204545454547043,2.0409090909094085,3.265931804678182,1603.4997781946295
891,SHORT,1787114400000,1787114520000,1.407,1.405,1.405,1.41,3,2,2,0.6569,TP_HIT,0.14214641080312734,0.10214641080312735,2.0429282160625473,3.275834941323845,1606.7756131359533
892,SHORT,1787114640000,1787114820000,1.4040000000000001,1.402,1.402,1.407,3,2,3,0.6349,TP_HIT,0.14245014245015838,0.10245014245015838,2.0490028490031675,3.29228780902438,1610.0679009449777
893,SHORT,1787114820000,1787115420000,1.403,1.4029999999999998,1.401,1.406,3,2,10,0.6349,TIME_EXPIRY,1.582641517640993e-14,-0.03999999999998418,-0.7999999999996836,-1.2880543207554727,1608.7798466242223
894,SHORT,1787115420000,1787115480000,1.401,1.4,1.4,1.404,2,2,1,0.555,TP_HIT,0.0713775874375526,0.0313775874375526,0.627551748751052,1.00959260610448,1609.7894392303267
895,SHORT,1787115480000,1787115720000,1.4000000000000001,1.403,1.398,1.403,3,2,4,0.6649,SL_HIT,-0.21428571428570653,-0.25428571428570657,-5.085714285714131,-8.186929148085413,1601.6025100822412
896,SHORT,1787115720000,1787115900000,1.4020000000000001,1.405,1.4,1.405,3,2,3,0.7009,SL_HIT,-0.21398002853066272,-0.2539800285306627,-5.0796005706132545,-8.135501024109374,1593.467009058132
897,SHORT,1787115900000,1787116260000,1.4040000000000001,1.402,1.402,1.407,3,2,6,0.6121,TP_HIT,0.14245014245015838,0.10245014245015838,2.0490028490031675,3.2650184413526686,1596.7320274994845
898,SHORT,1787116260000,1787116320000,1.4020000000000001,1.405,1.4,1.405,3,2,1,0.6231,SL_HIT,-0.21398002853066272,-0.2539800285306627,-5.0796005706132545,-8.11076091800284,1588.6212665814817
899,SHORT,1787116380000,1787116560000,1.4040000000000001,1.402,1.402,1.407,3,2,3,0.5941,TP_HIT,0.14245014245015838,0.10245014245015838,2.0490028490031675,3.2550895012124768,1591.8763560826942
900,SHORT,1787116620000,1787116800000,1.403,1.401,1.401,1.406,3,2,3,0.6268,TP_HIT,0.14255167498218116,0.10255167498218117,2.051033499643623,3.2649917336162266,1595.1413478163104
901,SHORT,1787117040000,1787117220000,1.399,1.402,1.397,1.402,3,2,3,0.6058,SL_HIT,-0.2144388849177907,-0.2544388849177907,-5.088777698355814,-8.117319716492876,1587.0240280998175
902,SHORT,1787117220000,1787117760000,1.401,1.404,1.399,1.404,3,2,9,0.5886,SL_HIT,-0.21413276231262607,-0.2541327623126261,-5.082655246252522,-8.066296002350349,1578.9577320974672
903,SHORT,1787117760000,1787118300000,1.403,1.401,1.401,1.406,3,2,9,0.6938,TP_HIT,0.14255167498218116,0.10255167498218117,2.051033499643623,3.238495203053226,1582.1962273005204
904,SHORT,1787118300000,1787118600000,1.401,1.399,1.399,1.404,3,2,5,0.6213,TP_HIT,0.14275517487508935,0.10275517487508935,2.0551034975017872,3.251577000459432,1585.44780430098
905,SHORT,1787118600000,1787118720000,1.399,1.402,1.397,1.402,3,2,2,0.6763,SL_HIT,-0.2144388849177907,-0.2544388849177907,-5.088777698355814,-8.06799142843402,1577.379812872546
906,SHORT,1787118720000,1787118900000,1.401,1.404,1.399,1.404,3,2,3,0.6301,SL_HIT,-0.21413276231262607,-0.2541327623126261,-5.082655246252522,-8.017277781229469,1569.3625350913164
907,SHORT,1787118900000,1787119260000,1.403,1.401,1.401,1.406,3,2,6,0.6394,TP_HIT,0.14255167498218116,0.10255167498218117,2.051033499643623,3.218815132557931,1572.5813502238743
908,SHORT,1787119260000,1787119740000,1.4000000000000001,1.398,1.398,1.403,3,2,8,0.5628,TP_HIT,0.14285714285715884,0.10285714285715884,2.057142857143177,3.2350244918896163,1575.816374715764
909,SHORT,1787119740000,1787119800000,1.3980000000000001,1.401,1.396,1.401,3,2,1,0.6917,SL_HIT,-0.21459227467810382,-0.25459227467810386,-5.091845493562077,-8.023813506277794,1567.7925612094862
910,SHORT,1787119920000,1787120160000,1.4000000000000001,1.403,1.398,1.403,3,2,4,0.6301,SL_HIT,-0.21428571428570653,-0.25428571428570657,-5.085714285714131,-7.97334502557943,1559.8192161839067
911,SHORT,1787120520000,1787120700000,1.407,1.405,1.405,1.41,3,2,3,0.6032,TP_HIT,0.14214641080312734,0.10214641080312735,2.0429282160625473,3.1865986886986692,1563.0058148726055
912,SHORT,1787120700000,1787121180000,1.405,1.403,1.403,1.408,3,2,8,0.5909,TP_HIT,0.1423487544483987,0.1023487544483987,2.046975088967974,3.1994339669563128,1566.2052488395618
913,SHORT,1787121180000,1787121540000,1.403,1.406,1.401,1.406,3,2,6,0.6182,SL_HIT,-0.21382751247326384,-0.25382751247326385,-5.076550249465277,-7.950919646710305,1558.2543291928514
914,SHORT,1787121540000,1787121660000,1.405,1.403,1.403,1.408,3,2,2,0.7105,TP_HIT,0.1423487544483987,0.1023487544483987,2.046975088967974,3.1897077941342684,1561.4440369869856
915,SHORT,1787121840000,1787122440000,1.4060000000000001,1.4069999999999998,1.404,1.409,3,2,10,0.6467,TIME_EXPIRY,-0.07112375533425802,-0.11112375533425803,-2.2224751066851605,-3.4702705026855587,1557.9737664843
916,SHORT,1787122620000,1787123220000,1.407,1.4089999999999998,1.405,1.41,3,2,10,0.8123,TIME_EXPIRY,-0.14214641080311155,-0.18214641080311156,-3.6429282160622316,-5.675586593810408,1552.2981798904898
917,SHORT,1787123220000,1787123460000,1.407,1.41,1.405,1.41,3,2,4,0.7063,SL_HIT,-0.2132196162046831,-0.25321961620468314,-5.064392324093663,-7.861446986941961,1544.4367329035479
918,SHORT,1787123460000,1787123700000,1.409,1.407,1.407,1.412,3,2,4,0.7662,TP_HIT,0.1419446415897801,0.1019446415897801,2.038892831795602,3.148940983878863,1547.5856738874268
919,SHORT,1787123940000,1787124540000,1.407,1.405,1.405,1.41,3,2,10,0.7207,TP_HIT,0.14214641080312734,0.10214641080312735,2.0429282160625473,3.1616064399587955,1550.7472803273856
920,SHORT,1787124600000,1787124720000,1.4060000000000001,1.409,1.404,1.409,3,2,2,0.6388,SL_HIT,-0.2133712660028372,-0.2533712660028372,-5.067425320056745,-7.858296033340128,1542.8889842940455
921,SHORT,1787124840000,1787125020000,1.4080000000000001,1.407,1.407,1.411,2,2,3,0.7472,TP_HIT,0.07102272727273522,0.03102272727273521,0.6204545454547042,0.9572924834372323,1543.8462767774827
922,SHORT,1787125020000,1787125380000,1.4080000000000001,1.407,1.407,1.411,2,2,6,0.7084,TP_HIT,0.07102272727273522,0.03102272727273521,0.6204545454547042,0.9578864399099106,1544.8041632173927
923,SHORT,1787125500000,1787125800000,1.4060000000000001,1.409,1.405,1.409,2,2,5,0.6473,SL_HIT,-0.2133712660028372,-0.2533712660028372,-5.067425320056745,-7.828179731216888,1536.975983486176
924,SHORT,1787125860000,1787126340000,1.407,1.405,1.405,1.41,3,2,8,0.6268,TP_HIT,0.14214641080312734,0.10214641080312735,2.0429282160625473,3.139931604074392,1540.1159150902504
925,SHORT,1787126340000,1787126760000,1.405,1.408,1.403,1.408,3,2,7,0.6517,SL_HIT,-0.21352313167259016,-0.25352313167259016,-5.070462633451803,-7.809100198649545,1532.3068148916009
926,SHORT,1787126760000,1787127360000,1.407,1.408,1.405,1.41,3,2,10,0.7148,TIME_EXPIRY,-0.07107320540155578,-0.11107320540155578,-2.2214641080311153,-3.40396459177317,1528.9028502998276
927,SHORT,1787127360000,1787127540000,1.4060000000000001,1.409,1.405,1.409,2,2,3,0.6528,SL_HIT,-0.2133712660028372,-0.2533712660028372,-5.067425320056745,-7.747601015516274,1521.1552492843114
928,SHORT,1787127540000,1787128140000,1.409,1.4109999999999998,1.407,1.412,3,2,10,0.7433,TIME_EXPIRY,-0.14194464158976436,-0.18194464158976437,-3.638892831795287,-5.535320932668454,1515.619928351643
929,SHORT,1787128140000,1787128200000,1.409,1.408,1.408,1.412,2,2,1,0.6294,TP_HIT,0.07097232079489793,0.03097232079489793,0.6194464158979586,0.9388453324809461,1516.558773684124
930,SHORT,1787128260000,1787128560000,1.409,1.412,1.407,1.412,3,2,5,0.6786,SL_HIT,-0.2129169623846623,-0.2529169623846623,-5.0583392476932465,-7.671268766359944,1508.887504917764
931,SHORT,1787128620000,1787128740000,1.411,1.414,1.409,1.414,3,2,2,0.585,SL_HIT,-0.21261516654853943,-0.25261516654853944,-5.05230333097079,-7.623357367156223,1501.264147550608
932,SHORT,1787128800000,1787129400000,1.411,1.412,1.409,1.414,3,2,10,0.6022,TIME_EXPIRY,-0.07087172218284124,-0.11087172218284123,-2.2174344436568245,-3.3289548298058196,1497.9351927208022
933,SHORT,1787129460000,1787130060000,1.4100000000000001,1.4129999999999998,1.408,1.413,3,2,10,0.6239,TIME_EXPIRY,-0.21276595744678506,-0.2527659574467851,-5.055319148935701,-7.5725404636261615,1490.362652257176
934,SHORT,1787130060000,1787130660000,1.411,1.414,1.41,1.414,2,2,10,0.7207,TIME_EXPIRY,-0.21261516654853943,-0.25261516654853944,-5.05230333097079,-7.529764192353391,1482.8328880648226
935,SHORT,1787130660000,1787130900000,1.4120000000000001,1.411,1.411,1.415,2,2,4,0.6727,TP_HIT,0.0708215297450504,0.03082152974505041,0.6164305949010082,0.9140635593285786,1483.746951624151
936,SHORT,1787130900000,1787131140000,1.411,1.41,1.41,1.414,2,2,4,0.5959,TP_HIT,0.07087172218285698,0.03087172218285697,0.6174344436571394,0.9161164736040343,1484.663068097755
937,SHORT,1787131260000,1787131860000,1.409,1.4109999999999998,1.407,1.412,3,2,10,0.6119,TIME_EXPIRY,-0.14194464158976436,-0.18194464158976437,-3.638892831795287,-5.40252979613212,1479.260538301623
938,SHORT,1787131860000,1787131920000,1.409,1.408,1.408,1.412,2,2,1,0.6701,TP_HIT,0.07097232079489793,0.03097232079489793,0.6194464158979586,0.9163226386302253,1480.1768609402532
939,SHORT,1787131920000,1787132160000,1.409,1.408,1.408,1.412,2,2,4,0.6331,TP_HIT,0.07097232079489793,0.03097232079489793,0.6194464158979586,0.9168902514045308,1481.0937511916577
940,SHORT,1787132940000,1787133000000,1.4080000000000001,1.407,1.407,1.411,2,2,1,0.6108,TP_HIT,0.07102272727273522,0.03102272727273521,0.6204545454547042,0.9189513501714228,1482.0127025418292
941,SHORT,1787133120000,1787133420000,1.407,1.41,1.406,1.41,2,2,5,0.5768,SL_HIT,-0.2132196162046831,-0.25321961620468314,-5.064392324093663,-7.505493754962145,1474.507208786867
942,SHORT,1787133420000,1787134020000,1.409,1.41,1.407,1.412,3,2,10,0.6683,TIME_EXPIRY,-0.07097232079488218,-0.11097232079488217,-2.2194464158976435,-3.2725897397572505,1471.2346190471098
943,SHORT,1787134080000,1787134200000,1.409,1.408,1.408,1.412,2,2,2,0.7271,TP_HIT,0.07097232079489793,0.03097232079489793,0.6194464158979586,0.9113510117137307,1472.1459700588237
944,SHORT,1787134200000,1787134800000,1.4080000000000001,1.411,1.407,1.411,2,2,10,0.6324,SL_HIT,-0.21306818181817408,-0.2530681818181741,-5.061363636363482,-7.451066080274774,1464.6949039785488
945,SHORT,1787134860000,1787135460000,1.4100000000000001,1.4109999999999998,1.408,1.413,3,2,10,0.6821,TIME_EXPIRY,-0.07092198581557928,-0.11092198581557927,-2.2184397163115857,-3.2493373472651967,1461.4455666312836
946,SHORT,1787135460000,1787135820000,1.409,1.412,1.407,1.412,3,2,6,0.5842,SL_HIT,-0.2129169623846623,-0.2529169623846623,-5.0583392476932465,-7.392487468058317,1454.0530791632252
947,SHORT,1787135880000,1787136480000,1.411,1.4129999999999998,1.409,1.414,3,2,10,0.6562,TIME_EXPIRY,-0.14174344436568248,-0.1817434443656825,-3.6348688873136497,-5.285292297953019,1448.7677868652722
948,SHORT,1787136480000,1787136840000,1.411,1.41,1.41,1.414,2,2,6,0.7189,TP_HIT,0.07087172218285698,0.03087172218285697,0.6174344436571394,0.8945191324715444,1449.6623059977437
949,SHORT,1787136900000,1787137500000,1.4100000000000001,1.412,1.408,1.413,3,2,10,0.6474,TIME_EXPIRY,-0.14184397163119003,-0.18184397163119004,-3.6368794326238003,-5.2722470249331845,1444.3900589728105
950,SHORT,1787137560000,1787138160000,1.4120000000000001,1.4129999999999998,1.41,1.415,3,2,10,0.7294,TIME_EXPIRY,-0.07082152974501896,-0.11082152974501895,-2.216430594900379,-3.2013903176773,1441.1886686551331
951,SHORT,1787138160000,1787138760000,1.411,1.414,1.41,1.414,2,2,10,0.7112,TIME_EXPIRY,-0.21261516654853943,-0.25261516654853944,-5.05230333097079,-7.281322311203687,1433.9073463439295
952,SHORT,1787138760000,1787138940000,1.4120000000000001,1.411,1.411,1.415,2,2,3,0.6666,TP_HIT,0.0708215297450504,0.03082152974505041,0.6164305949010082,0.8839043585397144,1434.7912507024691
953,SHORT,1787139420000,1787139540000,1.4100000000000001,1.409,1.409,1.413,2,2,2,0.5839,TP_HIT,0.07092198581561077,0.030921985815610765,0.6184397163122153,0.8873318940516836,1435.6785825965208
954,SHORT,1787139540000,1787139780000,1.409,1.408,1.408,1.412,2,2,4,0.5988,TP_HIT,0.07097232079489793,0.03097232079489793,0.6194464158979586,0.8893259523708761,1436.5679085488916
955,SHORT,1787139840000,1787140380000,1.4080000000000001,1.407,1.407,1.411,2,2,9,0.5968,TP_HIT,0.07102272727273522,0.03102272727273521,0.6204545454547042,0.8913250887135178,1437.4592336376052
956,SHORT,1787140380000,1787140980000,1.407,1.41,1.406,1.41,2,2,10,0.574,TIME_EXPIRY,-0.2132196162046831,-0.25321961620468314,-5.064392324093663,-7.279857509031846,1430.1793761285733
957,SHORT,1787140980000,1787141580000,1.4080000000000001,1.41,1.406,1.411,3,2,10,0.624,TIME_EXPIRY,-0.1420454545454389,-0.18204545454543888,-3.6409090909087776,-5.207153092176767,1424.9722230363966
958,SHORT,1787141580000,1787141700000,1.4080000000000001,1.407,1.407,1.411,2,2,2,0.6347,TP_HIT,0.07102272727273522,0.03102272727273521,0.6204545454547042,0.8841304929296269,1425.8563535293263
959,SHORT,1787142120000,1787142720000,1.407,1.41,1.406,1.41,2,2,10,0.6723,TIME_EXPIRY,-0.2132196162046831,-0.25321961620468314,-5.064392324093663,-7.2210959720740995,1418.635257557252
960,SHORT,1787142720000,1787142840000,1.4080000000000001,1.411,1.407,1.411,2,2,2,0.7054,SL_HIT,-0.21306818181817408,-0.2530681818181741,-5.061363636363482,-7.1802289058634186,1411.4550286513886
961,SHORT,1787142840000,1787143260000,1.4100000000000001,1.413,1.408,1.413,3,2,7,0.6525,SL_HIT,-0.2127659574468008,-0.2527659574468008,-5.055319148936016,-7.135355634203398,1404.319673017185
962,SHORT,1787143440000,1787143500000,1.4140000000000001,1.417,1.412,1.417,3,2,1,0.5975,SL_HIT,-0.21216407355020447,-0.2521640735502045,-5.04328147100409,-7.082379386294092,1397.237293630891
963,SHORT,1787144160000,1787144580000,1.413,1.41,1.41,1.416,4,2,7,0.5515,TP_HIT,0.21231422505308659,0.17231422505308658,3.446284501061732,4.815277229345579,1402.0525708602365
964,SHORT,1787144700000,1787145060000,1.409,1.412,1.406,1.412,4,2,6,0.5533,SL_HIT,-0.2129169623846623,-0.2529169623846623,-5.0583392476932465,-7.092057546511551,1394.960513313725
965,SHORT,1787145120000,1787145180000,1.411,1.414,1.409,1.414,3,2,1,0.631,SL_HIT,-0.21261516654853943,-0.25261516654853944,-5.05230333097079,-7.047763647987655,1387.9127496657372
966,SHORT,1787145360000,1787145720000,1.4120000000000001,1.415,1.41,1.415,3,2,6,0.6847,SL_HIT,-0.2124645892351198,-0.2524645892351198,-5.049291784702397,-7.007976444770921,1380.9047732209663
967,SHORT,1787145720000,1787145780000,1.4140000000000001,1.412,1.412,1.417,3,2,1,0.7643,TP_HIT,0.14144271570015726,0.10144271570015725,2.028854314003145,2.8016546063768923,1383.706427827343
968,SHORT,1787146980000,1787147580000,1.4040000000000001,1.4069999999999998,1.401,1.407,4,2,10,0.581,TIME_EXPIRY,-0.2136752136751901,-0.25367521367519014,-5.0735042735038025,-7.020240474856706,1376.6861873524863
969,SHORT,1787147940000,1787148240000,1.4040000000000001,1.407,1.402,1.407,3,2,5,0.747,SL_HIT,-0.21367521367520592,-0.25367521367520596,-5.073504273504119,-6.984623254806931,1369.7015640976795
970,SHORT,1787148600000,1787149200000,1.4080000000000001,1.411,1.406,1.411,3,2,10,0.6386,SL_HIT,-0.21306818181817408,-0.2530681818181741,-5.061363636363482,-6.93255768919418,1362.7690064084852
971,SHORT,1787149200000,1787149320000,1.4100000000000001,1.408,1.408,1.413,3,2,2,0.6229,TP_HIT,0.14184397163122153,0.10184397163122154,2.036879432624431,2.775796160571475,1365.5448025690566
972,SHORT,1787149440000,1787149860000,1.409,1.412,1.407,1.412,3,2,7,0.6442,SL_HIT,-0.2129169623846623,-0.2529169623846623,-5.0583392476932465,-6.907388869318584,1358.637413699738
973,SHORT,1787149920000,1787150520000,1.4140000000000001,1.416,1.411,1.418,4,3,10,0.5542,TIME_EXPIRY,-0.14144271570012584,-0.18144271570012585,-3.6288543140025173,-4.9302972398695175,1353.7071164598685
974,SHORT,1787150580000,1787150940000,1.415,1.418,1.413,1.418,3,2,6,0.7525,SL_HIT,-0.21201413427561072,-0.25201413427561076,-5.040282685512215,-6.823066540347344,1346.8840499195212
975,SHORT,1787151000000,1787151180000,1.4180000000000001,1.421,1.416,1.421,3,2,3,0.7988,SL_HIT,-0.2115655853314451,-0.25156558533144513,-5.031311706628902,-6.776593487831834,1340.1074564316893
976,SHORT,1787151180000,1787151240000,1.4200000000000002,1.423,1.418,1.423,3,2,1,0.8027,SL_HIT,-0.21126760563379515,-0.2512676056337952,-5.025352112675904,-6.734511837391722,1333.3729445942977
977,SHORT,1787151240000,1787151300000,1.4240000000000002,1.428,1.421,1.428,4,3,1,0.5824,SL_HIT,-0.280898876404479,-0.32089887640447906,-6.41797752808958,-8.557557594968836,1324.815386999329
978,SHORT,1787151300000,1787151360000,1.4240000000000002,1.428,1.42,1.428,5,3,1,0.6228,SL_HIT,-0.280898876404479,-0.32089887640447906,-6.41797752808958,-8.502635382628993,1316.3127516166999
979,SHORT,1787151360000,1787151780000,1.425,1.429,1.42,1.429,6,3,7,0.5912,SL_HIT,-0.2807017543859652,-0.32070175438596515,-6.414035087719304,-8.442876175281858,1307.8698754414181
980,SHORT,1787151840000,1787151900000,1.4280000000000002,1.433,1.422,1.433,7,4,1,0.5578,SL_HIT,-0.3501400560224015,-0.3901400560224015,-7.80280112044803,-10.205048529494524,1297.6648269119237
981,SHORT,1787151900000,1787152500000,1.4320000000000002,1.4369999999999998,1.426,1.437,7,4,10,0.5816,TIME_EXPIRY,-0.34916201117316137,-0.38916201117316135,-7.783240223463228,-10.100037077394333,1287.5647898345294
982,SHORT,1787152500000,1787152680000,1.435,1.429,1.429,1.44,7,4,3,0.6596,TP_HIT,0.41811846689895504,0.378118466898955,7.562369337979101,9.737040487306151,1297.3018303218355
983,SHORT,1787152860000,1787153040000,1.429,1.434,1.424,1.434,6,4,3,0.5516,SL_HIT,-0.34989503149054535,-0.3898950314905454,-7.797900629810907,-10.116230759721484,1287.185599562114
984,SHORT,1787153160000,1787153220000,1.437,1.442,1.432,1.442,6,4,1,0.5848,SL_HIT,-0.3479471120389626,-0.38794711203896265,-7.758942240779253,-9.987198720165255,1277.1984008419488
985,SHORT,1787153220000,1787153400000,1.463,1.451,1.451,1.472,13,8,3,0.5927,TP_HIT,0.8202323991797683,0.7802323991797683,15.604647983595365,19.93023145034954,1297.1286322922983
986,SHORT,1787153520000,1787154120000,1.457,1.4629999999999999,1.444,1.467,14,9,10,0.562,TIME_EXPIRY,-0.4118050789292919,-0.45180507892929195,-9.036101578585837,-11.720986081885327,1285.407646210413
987,SHORT,1787154120000,1787154360000,1.461,1.453,1.453,1.467,9,5,4,0.5704,TP_HIT,0.5475701574264207,0.5075701574264206,10.151403148528413,13.048691226882886,1298.456337437296
988,SHORT,1787154360000,1787154660000,1.451,1.443,1.443,1.457,9,5,5,0.6061,TP_HIT,0.5513439007580982,0.5113439007580983,10.226878015161965,13.279154570985211,1311.7354920082812
989,SHORT,1787155380000,1787155980000,1.449,1.4509999999999998,1.442,1.455,8,5,10,0.592,TIME_EXPIRY,-0.13802622498273154,-0.17802622498273152,-3.5605244996546306,-4.670466356362006,1307.065025651919
990,SHORT,1787155980000,1787156580000,1.449,1.452,1.444,1.453,6,3,10,0.6082,TIME_EXPIRY,-0.2070393374741126,-0.2470393374741126,-4.940786749482252,-6.457929559452683,1300.6070960924665
991,SHORT,1787156760000,1787156880000,1.449,1.453,1.445,1.453,5,3,2,0.572,SL_HIT,-0.27605244996549366,-0.3160524499654937,-6.321048999309873,-8.221201183250606,1292.385894909216
992,SHORT,1787156880000,1787156940000,1.455,1.459,1.45,1.459,6,3,1,0.5805,SL_HIT,-0.2749140893470793,-0.3149140893470793,-6.298281786941586,-8.139810543606918,1284.246084365609
993,SHORT,1787156940000,1787157180000,1.457,1.452,1.452,1.462,6,4,4,0.6312,TP_HIT,0.34317089910776355,0.30317089910776357,6.063417982155271,7.786920801454929,1292.033005167064
994,SHORT,1787157480000,1787157900000,1.449,1.445,1.445,1.453,5,3,7,0.5837,TP_HIT,0.27605244996549366,0.23605244996549365,4.721048999309873,6.099751126119296,1298.1327562931833
995,SHORT,1787158200000,1787158560000,1.447,1.451,1.443,1.451,5,3,6,0.5591,SL_HIT,-0.2764340013821703,-0.31643400138217026,-6.328680027643406,-8.215466847982354,1289.917289445201
996,SHORT,1787158560000,1787158860000,1.449,1.446,1.446,1.453,4,3,5,0.5618,TP_HIT,0.2070393374741279,0.1670393374741279,3.3407867494825583,4.309338588506986,1294.226628033708
997,SHORT,1787158860000,1787159040000,1.4440000000000002,1.448,1.44,1.448,5,3,3,0.6454,SL_HIT,-0.2770083102492923,-0.3170083102492923,-6.340166204985846,-8.205611928652102,1286.0210161050559
998,SHORT,1787159040000,1787159340000,1.447,1.451,1.443,1.451,5,3,5,0.6672,SL_HIT,-0.2764340013821703,-0.31643400138217026,-6.328680027643406,-8.138815519753747,1277.8822005853021
999,SHORT,1787159340000,1787159760000,1.4500000000000002,1.454,1.446,1.454,5,3,7,0.6599,SL_HIT,-0.27586206896550214,-0.3158620689655022,-6.317241379310043,-8.072690315421248,1269.809510269881
1000,SHORT,1787159760000,1787159940000,1.453,1.448,1.448,1.458,6,4,3,0.6073,TP_HIT,0.3441156228492853,0.3041156228492853,6.082312456985706,7.723378202313416,1277.5328884721944
1001,SHORT,1787159940000,1787160180000,1.447,1.452,1.442,1.452,6,4,4,0.5877,SL_HIT,-0.3455425017277051,-0.38554250172770516,-7.7108500345541025,-9.850864517219822,1267.6820239549745
1002,SHORT,1787160180000,1787160540000,1.449,1.454,1.444,1.454,6,4,6,0.5661,SL_HIT,-0.34506556245685943,-0.38506556245685947,-7.701311249137188,-9.762813831413444,1257.919210123561
1003,SHORT,1787160540000,1787160660000,1.453,1.448,1.448,1.458,6,4,2,0.6097,TP_HIT,0.3441156228492853,0.3041156228492853,6.082312456985706,7.651057681616155,1265.570267805177
1004,SHORT,1787160720000,1787161320000,1.4460000000000002,1.45,1.441,1.451,6,4,10,0.5523,TIME_EXPIRY,-0.2766251728907179,-0.3166251728907179,-6.332503457814358,-8.014228096983327,1257.5560397081938
1005,SHORT,1787161320000,1787161500000,1.4480000000000002,1.452,1.444,1.452,5,3,3,0.5916,SL_HIT,-0.27624309392263685,-0.31624309392263683,-6.324861878452737,-7.95386825556835,1249.6021714526255
1006,SHORT,1787161500000,1787161560000,1.451,1.455,1.448,1.455,4,3,1,0.6754,SL_HIT,-0.2756719503790491,-0.31567195037904916,-6.313439007580983,-7.889287093206906,1241.7128843594187
1007,SHORT,1787161560000,1787162160000,1.4540000000000002,1.4549999999999998,1.45,1.458,5,3,10,0.6499,TIME_EXPIRY,-0.06877579092157274,-0.10877579092157275,-2.1755158184314545,-2.701366021874063,1239.0115183375447
1008,SHORT,1787162160000,1787162460000,1.453,1.45,1.45,1.457,4,3,5,0.6085,TP_HIT,0.20646937370957424,0.16646937370957424,3.329387474191485,4.125149429531994,1243.1366677670767
1009,SHORT,1787162460000,1787162580000,1.4520000000000002,1.449,1.449,1.456,4,3,2,0.686,TP_HIT,0.2066115702479417,0.1666115702479417,3.3322314049588337,4.142419044989329,1247.279086812066
1010,SHORT,1787162580000,1787162940000,1.449,1.445,1.445,1.453,5,3,6,0.588,TP_HIT,0.27605244996549366,0.23605244996549365,4.721048999309873,5.8884656846542365,1253.1675524967202
1011,SHORT,1787163360000,1787163540000,1.4460000000000002,1.444,1.444,1.449,3,2,3,0.7444,TP_HIT,0.138312586445382,0.098312586445382,1.96625172890764,2.464042866707632,1255.6315953634278
1012,SHORT,1787163720000,1787164200000,1.441,1.444,1.438,1.444,4,2,8,0.5628,SL_HIT,-0.2081887578070709,-0.24818875780707092,-4.963775156141419,-6.232672918331198,1249.3989224450966
1013,SHORT,1787164980000,1787165580000,1.445,1.446,1.443,1.448,3,2,10,0.6986,TIME_EXPIRY,-0.06920415224912732,-0.10920415224912733,-2.184083044982547,-2.7287910029317994,1246.6701314421648
1014,SHORT,1787165580000,1787166180000,1.4440000000000002,1.4469999999999998,1.442,1.447,3,2,10,0.7161,TIME_EXPIRY,-0.20775623268695773,-0.24775623268695773,-4.955124653739155,-6.177405903389303,1240.4927255387754
1015,SHORT,1787166180000,1787166720000,1.445,1.448,1.443,1.448,3,2,9,0.7184,SL_HIT,-0.20761245674739737,-0.24761245674739737,-4.952249134947947,-6.143229026958623,1234.3494965118168
1016,SHORT,1787167200000,1787167380000,1.449,1.453,1.445,1.453,5,3,3,0.5929,SL_HIT,-0.27605244996549366,-0.3160524499654937,-6.321048999309873,-7.802383649724666,1226.5471128620923
1017,SHORT,1787167380000,1787167560000,1.4520000000000002,1.456,1.448,1.456,5,3,3,0.6224,SL_HIT,-0.27548209366389675,-0.3154820936638968,-6.309641873277935,-7.739073022862815,1218.8080398392294
1018,SHORT,1787167560000,1787167620000,1.457,1.462,1.452,1.462,6,4,1,0.604,SL_HIT,-0.34317089910774834,-0.3831708991077484,-7.663417982154967,-9.340235449298998,1209.4678043899305
1019,SHORT,1787167620000,1787168220000,1.459,1.46,1.452,1.465,8,5,10,0.555,TIME_EXPIRY,-0.06854009595612678,-0.10854009595612679,-2.170801919122536,-2.625515030886581,1206.842289359044
1020,SHORT,1787168520000,1787168640000,1.463,1.467,1.459,1.467,5,3,2,0.6074,SL_HIT,-0.27341079972658944,-0.3134107997265895,-6.26821599453179,-7.564748141037722,1199.2775412180063
1021,SHORT,1787168640000,1787168700000,1.4660000000000002,1.47,1.462,1.47,5,3,1,0.5855,SL_HIT,-0.2728512960436412,-0.31285129604364126,-6.257025920872825,-7.503910661721693,1191.7736305562846
1022,SHORT,1787168700000,1787168820000,1.4700000000000002,1.475,1.464,1.475,7,4,2,0.5915,SL_HIT,-0.3401360544217614,-0.3801360544217614,-7.602721088435229,-9.06072251367128,1182.7129080426134
1023,SHORT,1787168820000,1787168880000,1.475,1.481,1.468,1.481,8,5,1,0.6073,SL_HIT,-0.4067796610169495,-0.44677966101694955,-8.93559322033899,-10.568241442712988,1172.1446665999003
1024,SHORT,1787168880000,1787168940000,1.4800000000000002,1.486,1.472,1.486,9,5,1,0.7523,SL_HIT,-0.40540540540539066,-0.4454054054053907,-8.908108108107813,-10.441591408413903,1161.7030751914865
1025,SHORT,1787168940000,1787169180000,1.4860000000000002,1.494,1.476,1.494,11,7,4,0.7925,SL_HIT,-0.5383580080753556,-0.5783580080753555,-11.567160161507111,-13.437605530855263,1148.2654696606312
1026,SHORT,1787169180000,1787169600000,1.4940000000000002,1.502,1.484,1.502,11,7,7,0.7482,SL_HIT,-0.5354752342704004,-0.5754752342704005,-11.509504685408011,-13.215966803151264,1135.0495028574799
1027,SHORT,1787169600000,1787169840000,1.5010000000000001,1.51,1.489,1.51,13,8,4,0.6201,SL_HIT,-0.5996002664890004,-0.6396002664890005,-12.79200532978001,-14.519559290117034,1120.5299435673628
1028,SHORT,1787169960000,1787170440000,1.5110000000000001,1.519,1.5,1.519,12,7,8,0.5675,SL_HIT,-0.5294506949040227,-0.5694506949040228,-11.389013898080455,-12.761731100504004,1107.7682124668588
1029,SHORT,1787170440000,1787170500000,1.524,1.533,1.511,1.533,14,8,1,0.6602,SL_HIT,-0.5905511811023554,-0.6305511811023554,-12.61102362204711,-13.970091095172458,1093.7981213716864
1030,SHORT,1787170500000,1787170680000,1.528,1.538,1.514,1.538,15,9,3,0.7685,SL_HIT,-0.6544502617801053,-0.6944502617801054,-13.889005235602106,-15.1917678344231,1078.6063535372634
1031,SHORT,1787170680000,1787170920000,1.5350000000000001,1.522,1.522,1.544,14,8,4,0.7499,TP_HIT,0.8469055374592913,0.8069055374592914,16.13811074918583,17.406668788159845,1096.0130223254232
1032,SHORT,1787170920000,1787171520000,1.522,1.517,1.509,1.532,14,9,10,0.5684,TIME_EXPIRY,0.3285151116951456,0.28851511169514554,5.77030223390291,6.32432639111107,1102.3373487165343
1033,SHORT,1787171520000,1787171640000,1.5150000000000001,1.523,1.504,1.523,12,7,2,0.5693,SL_HIT,-0.5280528052805138,-0.5680528052805138,-11.361056105610277,-12.523716466078229,1089.813632250456
1034,SHORT,1787171640000,1787171700000,1.5210000000000001,1.529,1.51,1.529,12,7,1,0.5574,SL_HIT,-0.5259697567389733,-0.5659697567389733,-11.319395134779468,-12.336031126712152,1077.4776011237439
1035,SHORT,1787171880000,1787172120000,1.5370000000000001,1.546,1.525,1.546,13,8,4,0.6712,SL_HIT,-0.5855562784645345,-0.6255562784645345,-12.51112556929069,-13.480457565757268,1063.9971435579866
1036,SHORT,1787172120000,1787172600000,1.5450000000000002,1.554,1.532,1.554,14,8,8,0.7432,SL_HIT,-0.5825242718446535,-0.6225242718446534,-12.45048543689307,-13.247280940764536,1050.749862617222
1037,SHORT,1787172600000,1787172660000,1.558,1.567,1.545,1.567,14,8,1,0.731,SL_HIT,-0.5776636713735492,-0.6176636713735493,-12.353273427470986,-12.980200356788119,1037.769662260434
1038,SHORT,1787172660000,1787172720000,1.562,1.573,1.547,1.573,16,10,1,0.7801,SL_HIT,-0.7042253521126696,-0.7442253521126696,-14.884507042253393,-15.446689846152355,1022.3229724142816
1039,SHORT,1787172720000,1787172780000,1.5650000000000002,1.576,1.549,1.576,17,10,1,0.7873,SL_HIT,-0.7028753993610158,-0.7428753993610159,-14.857507987220316,-15.189171728164006,1007.1338006861176
1040,SHORT,1787172780000,1787173080000,1.5730000000000002,1.586,1.554,1.586,20,12,5,0.8159,SL_HIT,-0.8264462809917291,-0.866446280991729,-17.328925619834582,-17.45254672131104,989.6812539648066
1041,SHORT,1787173080000,1787173260000,1.584,1.596,1.567,1.596,18,11,3,0.8055,SL_HIT,-0.7575757575757582,-0.7975757575757583,-15.951515151515164,-15.786915517790142,973.8943384470165
1042,SHORT,1787173260000,1787173320000,1.616,1.632,1.593,1.632,24,15,1,0.7164,SL_HIT,-0.9900990099009771,-1.030099009900977,-20.60198019801954,-20.064151875648776,953.8301865713677
1043,SHORT,1787173320000,1787173380000,1.631,1.65,1.602,1.65,30,18,1,0.784,SL_HIT,-1.1649294911097428,-1.2049294911097428,-24.098589822194853,-22.985962426210982,930.8442241451567
1044,SHORT,1787173380000,1787173560000,1.6380000000000001,1.662,1.601,1.662,38,23,3,0.7727,SL_HIT,-1.465201465201453,-1.505201465201453,-30.104029304029055,-28.022161801151988,902.8220623440046
1045,SHORT,1787173560000,1787173680000,1.665,1.688,1.628,1.688,38,22,2,0.6806,SL_HIT,-1.3813813813813758,-1.4213813813813758,-28.427627627627515,-25.665089402322078,877.1569729416825
1046,SHORT,1787173680000,1787174280000,1.685,1.6729999999999998,1.647,1.71,39,24,10,0.7933,TIME_EXPIRY,0.7121661721068386,0.6721661721068387,13.443323442136773,11.791904896780652,888.9488778384632
1047,SHORT,1787174280000,1787174640000,1.671,1.697,1.63,1.697,42,25,6,0.6332,SL_HIT,-1.5559545182525447,-1.5959545182525448,-31.919090365050895,-28.3744395616365,860.5744382768268
1048,SHORT,1787174640000,1787175240000,1.7080000000000002,1.7009999999999998,1.668,1.734,41,25,10,0.5682,TIME_EXPIRY,0.40983606557379026,0.3698360655737903,7.3967213114758055,6.365429287713525,866.9398675645402
1049,SHORT,1787175240000,1787175540000,1.699,1.668,1.668,1.719,32,19,5,0.5886,TP_HIT,1.8246027074749933,1.7846027074749933,35.69205414949986,30.94286469747381,897.8827322620141
1050,SHORT,1787175600000,1787175720000,1.677,1.697,1.647,1.697,31,19,2,0.5564,SL_HIT,-1.1926058437686355,-1.2326058437686356,-24.65211687537271,-22.134710056102154,875.748022205912
1051,SHORT,1787175720000,1787176140000,1.6940000000000002,1.714,1.663,1.714,32,19,7,0.5707,SL_HIT,-1.1806375442738957,-1.2206375442738957,-24.412750885477912,-21.37941830456291,854.368603901349
1052,SHORT,1787176140000,1787176200000,1.719,1.739,1.689,1.739,31,19,1,0.6692,SL_HIT,-1.1634671320535206,-1.2034671320535204,-24.06934264107041,-20.564090669074538,833.8045132322745
1053,SHORT,1787176200000,1787176800000,1.7160000000000002,1.692,1.677,1.741,40,24,10,0.6867,TIME_EXPIRY,1.3986013986014127,1.3586013986014127,27.172027972028257,22.65615955675077,856.4606727890254
1054,SHORT,1787177160000,1787177760000,1.7140000000000002,1.714,1.684,1.734,31,19,10,0.6131,TIME_EXPIRY,1.2954761080806958e-14,-0.039999999999987046,-0.7999999999997408,-0.6851685382309983,855.7755042507944
1055,SHORT,1787177760000,1787177820000,1.7120000000000002,1.727,1.69,1.727,23,14,1,0.5649,SL_HIT,-0.8761682242990596,-0.9161682242990595,-18.32336448598119,-15.680686482561653,840.0948177682327
1056,SHORT,1787177820000,1787177880000,1.723,1.739,1.7,1.739,24,15,1,0.6473,SL_HIT,-0.9286128845037732,-0.9686128845037731,-19.37225769007546,-16.27453329390319,823.8202844743295
1057,SHORT,1787177880000,1787177940000,1.7260000000000002,1.746,1.696,1.746,31,19,1,0.6337,SL_HIT,-1.1587485515642986,-1.1987485515642986,-23.97497103128597,-19.75106745525782,804.0692170190716
1058,SHORT,1787177940000,1787178540000,1.7440000000000002,1.73,1.713,1.764,32,19,10,0.6699,TIME_EXPIRY,0.802752293577995,0.762752293577995,15.255045871559899,12.26611278953519,816.3353298086068
1059,SHORT,1787178840000,1787179440000,1.7530000000000001,1.755,1.721,1.774,33,20,10,0.5544,TIME_EXPIRY,-0.11409013120363833,-0.15409013120363832,-3.0818026240727665,-2.515784361527472,813.8195454470793
1060,SHORT,1787179440000,1787179680000,1.7530000000000001,1.771,1.725,1.771,29,17,4,0.5958,SL_HIT,-1.0268111808328462,-1.066811180832846,-21.33622361665692,-17.363835805264976,796.4557096418143
1061,SHORT,1787179680000,1787180220000,1.7730000000000001,1.744,1.744,1.792,30,18,9,0.657,TP_HIT,1.6356457980823538,1.5956457980823537,31.912915961647077,25.41722412897321,821.8729337707875
1062,SHORT,1787180580000,1787180820000,1.758,1.778,1.727,1.778,32,19,4,0.5837,SL_HIT,-1.137656427758818,-1.1776564277588177,-23.553128555176357,-19.357678865123304,802.5152549056643
1063,SHORT,1787180820000,1787181420000,1.768,1.7859999999999998,1.735,1.789,34,20,10,0.6412,TIME_EXPIRY,-1.0180995475113006,-1.0580995475113006,-21.161990950226013,-16.98282056173199,785.5324343439323
1064,SHORT,1787181420000,1787181480000,1.784,1.8,1.761,1.8,24,15,1,0.6821,SL_HIT,-0.896860986547086,-0.9368609865470859,-18.73721973094172,-14.718693828083811,770.8137405158485
1065,SHORT,1787181480000,1787181660000,1.7950000000000002,1.814,1.766,1.814,30,18,3,0.7562,SL_HIT,-1.0584958217270142,-1.098495821727014,-21.96991643454028,-16.93471346572861,753.8790270501199
1066,SHORT,1787181660000,1787181840000,1.816,1.786,1.786,1.836,31,19,3,0.7192,TP_HIT,1.6519823788546268,1.6119823788546268,32.23964757709253,24.304794147857276,778.1838211979772
1067,SHORT,1787181840000,1787182440000,1.7850000000000001,1.785,1.754,1.805,32,19,10,0.568,TIME_EXPIRY,1.243947366526786e-14,-0.03999999999998756,-0.7999999999997512,-0.6225470569581881,777.561274141019
1068,SHORT,1787182680000,1787183040000,1.79,1.806,1.765,1.806,26,15,6,0.5718,SL_HIT,-0.8938547486033528,-0.9338547486033527,-18.677094972067053,-14.52258576373328,763.0386883772857
1069,SHORT,1787183040000,1787183580000,1.8090000000000002,1.828,1.779,1.828,31,18,9,0.6119,SL_HIT,-1.050304035378657,-1.0903040353786568,-21.806080707573138,-16.638883221755844,746.3998051555299
1070,SHORT,1787183580000,1787183820000,1.818,1.787,1.787,1.838,32,19,4,0.6855,TP_HIT,1.7051705170517129,1.6651705170517128,33.30341034103426,24.85765898956263,771.2574641450925
1071,SHORT,1787183880000,1787184060000,1.786,1.756,1.756,1.805,31,18,3,0.5673,TP_HIT,1.6797312430011213,1.639731243001121,32.794624860022424,25.293099207130506,796.550563352223
1072,SHORT,1787185380000,1787185440000,1.78,1.799,1.75,1.799,31,18,1,0.563,SL_HIT,-1.0674157303370733,-1.1074157303370733,-22.148314606741465,-17.642252477302183,778.9083108749207
1073,SHORT,1787185500000,1787185740000,1.8030000000000002,1.825,1.769,1.825,35,21,4,0.6305,SL_HIT,-1.220188574597881,-1.260188574597881,-25.20377149195762,-19.631427080478193,759.2768837944426
1074,SHORT,1787185740000,1787185800000,1.836,1.859,1.8,1.859,37,22,1,0.7335,SL_HIT,-1.252723311546836,-1.292723311546836,-25.85446623093672,-19.63069855199428,739.6461852424483
1075,SHORT,1787185800000,1787186280000,1.844,1.805,1.805,1.869,40,24,8,0.7375,TP_HIT,2.1149674620390533,2.0749674620390532,41.49934924078107,30.69483535598781,770.3410205984361
1076,SHORT,1787186280000,1787186880000,1.8050000000000002,1.8019999999999998,1.765,1.83,41,24,10,0.5663,TIME_EXPIRY,0.16620498614960305,0.12620498614960307,2.524099722992061,1.9444175567019344,772.2854381551381
1077,SHORT,1787186940000,1787187480000,1.7990000000000002,1.818,1.771,1.818,29,18,9,0.5706,SL_HIT,-1.0561423012784827,-1.0961423012784826,-21.922846025569655,-16.93069474846469,755.3547434066734
1078,SHORT,1787187480000,1787187840000,1.81,1.825,1.788,1.825,23,14,6,0.5862,SL_HIT,-0.8287292817679504,-0.8687292817679503,-17.374585635359008,-13.123975674393876,742.2307677322794
1079,SHORT,1787187840000,1787188140000,1.8250000000000002,1.801,1.801,1.841,25,15,5,0.5622,TP_HIT,1.3150684931506982,1.2750684931506984,25.501369863013966,18.92790133164967,761.1586690639291
1080,SHORT,1787188320000,1787188560000,1.784,1.759,1.759,1.8,26,15,4,0.5569,TP_HIT,1.4013452914798281,1.3613452914798283,27.226905829596564,20.723995403984652,781.8826644679137
1081,SHORT,1787190540000,1787190600000,1.77,1.782,1.752,1.782,19,11,1,0.5545,SL_HIT,-0.6779661016949159,-0.7179661016949158,-14.359322033898318,-11.227304971817238,770.6553594960965
1082,SHORT,1787190600000,1787191200000,1.782,1.771,1.763,1.795,20,12,10,0.6697,TIME_EXPIRY,0.6172839506172907,0.5772839506172907,11.545679012345813,8.897739409885899,779.5530989059823
1083,SHORT,1787191260000,1787191860000,1.7770000000000001,1.775,1.755,1.792,23,14,10,0.5548,TIME_EXPIRY,0.1125492402926406,0.07254924029264061,1.4509848058528123,1.131119701868055,780.6842186078504
1084,SHORT,1787191860000,1787192400000,1.7730000000000001,1.757,1.757,1.784,17,10,9,0.587,TP_HIT,0.9024252679075146,0.8624252679075147,17.248505358150297,13.465635927680886,794.1498545355313
1085,SHORT,1787193480000,1787193720000,1.768,1.754,1.754,1.778,15,9,4,0.5551,TP_HIT,0.7918552036199101,0.7518552036199101,15.037104072398202,11.941714011730678,806.091568547262
1086,SHORT,1787194380000,1787194500000,1.6760000000000002,1.693,1.65,1.693,27,16,2,0.553,SL_HIT,-1.0143198090692065,-1.0543198090692065,-21.08639618138413,-16.99756617286093,789.094002374401
1087,SHORT,1787196060000,1787196660000,1.687,1.6849999999999998,1.67,1.699,18,11,10,0.6129,TIME_EXPIRY,0.11855364552461314,0.07855364552461315,1.571072910492263,1.239724210962339,790.3337265853634
1088,SHORT,1787196660000,1787196960000,1.683,1.671,1.671,1.692,13,8,5,0.5724,TP_HIT,0.7130124777183607,0.6730124777183607,13.460249554367214,10.638089191072018,800.9718157764354
1089,SHORT,1787204280000,1787204880000,1.651,1.6529999999999998,1.642,1.658,10,6,10,0.5562,TIME_EXPIRY,-0.12113870381585583,-0.16113870381585582,-3.2227740763171164,-2.581351203744945,798.3904645726905
1090,SHORT,1787205420000,1787205780000,1.649,1.654,1.643,1.654,7,4,6,0.5886,SL_HIT,-0.3032140691328013,-0.34321406913280134,-6.864281382656026,-5.480376802056415,792.910087770634
1091,SHORT,1787207520000,1787208120000,1.659,1.6629999999999998,1.649,1.667,11,7,10,0.5586,TIME_EXPIRY,-0.24110910186858234,-0.28110910186858235,-5.622182037371648,-4.457884852714836,788.4522029179192
1092,SHORT,1787208120000,1787208300000,1.661,1.655,1.655,1.666,7,4,3,0.65,TP_HIT,0.36122817579771255,0.3212281757977125,6.42456351595425,5.06546125694022,793.5176641748594
1093,SHORT,1787209080000,1787209440000,1.6440000000000001,1.652,1.634,1.652,11,7,6,0.5672,SL_HIT,-0.48661800486616696,-0.5266180048661669,-10.53236009732334,-8.357613782676513,785.1600503921829
1094,SHORT,1787211900000,1787212080000,1.641,1.648,1.633,1.648,9,6,3,0.605,SL_HIT,-0.4265691651431989,-0.46656916514319896,-9.33138330286398,-7.326629384305457,777.8334210078775
1095,SHORT,1787212080000,1787212620000,1.6500000000000001,1.657,1.641,1.657,10,6,9,0.5638,SL_HIT,-0.42424242424241787,-0.4642424242424179,-9.284848484848357,-7.222065460509407,770.6113555473681
1096,SHORT,1787212620000,1787212860000,1.6560000000000001,1.662,1.649,1.662,8,5,4,0.645,SL_HIT,-0.362318840579697,-0.402318840579697,-8.046376811593941,-6.200629342027317,764.4107262053408
1097,SHORT,1787213460000,1787213580000,1.683,1.693,1.669,1.693,15,9,2,0.6318,SL_HIT,-0.5941770647653005,-0.6341770647653006,-12.68354129530601,-9.695435012400297,754.7152911929405
1098,SHORT,1787213580000,1787214120000,1.6920000000000002,1.675,1.675,1.704,18,11,9,0.5877,TP_HIT,1.0047281323877142,0.9647281323877143,19.294562647754283,14.561901467140311,769.2771926600808
1099,SHORT,1787214120000,1787214720000,1.673,1.676,1.656,1.685,18,11,10,0.572,TIME_EXPIRY,-0.17931858936042389,-0.2193185893604239,-4.386371787208478,-3.3743357744271196,765.9028568856537
1100,SHORT,1787214900000,1787215080000,1.677,1.685,1.666,1.685,12,7,3,0.5623,SL_HIT,-0.4770423375074542,-0.5170423375074542,-10.340846750149083,-7.920084068555911,757.9827728170978
1101,SHORT,1787215560000,1787216100000,1.683,1.69,1.673,1.69,11,6,9,0.5511,SL_HIT,-0.4159239453357038,-0.4559239453357038,-9.118478906714076,-6.911649925585355,751.0711228915125
1102,SHORT,1787216100000,1787216580000,1.6920000000000002,1.699,1.683,1.699,10,6,8,0.5531,SL_HIT,-0.41371158392434365,-0.45371158392434363,-9.074231678486873,-6.81539337613887,744.2557295153736
1103,SHORT,1787216580000,1787217120000,1.6980000000000002,1.688,1.688,1.706,11,7,9,0.6154,TP_HIT,0.5889281507656201,0.5489281507656202,10.978563015312401,8.170858425991831,752.4265879413654
1104,SHORT,1787217180000,1787217360000,1.693,1.681,1.681,1.702,13,8,3,0.5555,TP_HIT,0.7088009450679273,0.6688009450679273,13.376018901358547,10.064472262188422,762.4910602035538
1105,SHORT,1787217960000,1787218020000,1.6920000000000002,1.7,1.681,1.7,12,7,1,0.5588,SL_HIT,-0.47281323877067283,-0.5128132387706729,-10.256264775413456,-7.820310202333371,754.6707500012204
1106,SHORT,1787218320000,1787218920000,1.695,1.682,1.682,1.705,14,9,10,0.5651,TP_HIT,0.7669616519174113,0.7269616519174114,14.539233038348225,10.97233390149278,765.6430839027132
1107,SHORT,1787219220000,1787219520000,1.685,1.675,1.675,1.693,11,7,5,0.5582,TP_HIT,0.5934718100890213,0.5534718100890212,11.069436201780427,8.475237270595501,774.1183211733087
1108,SHORT,1787219940000,1787220300000,1.669,1.678,1.657,1.678,13,8,6,0.5589,SL_HIT,-0.5392450569203053,-0.5792450569203054,-11.584901138406108,-8.968084220221689,765.150236953087
1109,SHORT,1787220840000,1787221020000,1.6820000000000002,1.689,1.673,1.689,10,6,3,0.6086,SL_HIT,-0.4161712247324551,-0.45617122473245514,-9.123424494649104,-6.9807904139043595,758.1694465391826
1110,SHORT,1787221020000,1787221380000,1.687,1.677,1.677,1.694,11,6,6,0.5782,TP_HIT,0.5927682276229999,0.5527682276229999,11.055364552459999,8.381839624027494,766.5512861632101
1111,SHORT,1787223660000,1787223720000,1.669,1.675,1.662,1.675,8,5,1,0.5536,SL_HIT,-0.35949670461354133,-0.39949670461354136,-7.989934092270827,-6.124694254789483,760.4265919084206
1112,SHORT,1787224080000,1787224680000,1.6780000000000002,1.67,1.67,1.685,9,6,10,0.5804,TP_HIT,0.4767580452920279,0.4367580452920279,8.735160905840559,6.642448637400007,767.0690405458206
1113,SHORT,1787224800000,1787225400000,1.6720000000000002,1.6689999999999998,1.664,1.678,9,5,10,0.572,TIME_EXPIRY,0.17942583732059422,0.13942583732059421,2.7885167464118847,2.138984865216118,769.2080254110367
1114,SHORT,1787226240000,1787226300000,1.6840000000000002,1.69,1.676,1.69,9,5,1,0.5819,SL_HIT,-0.3562945368170892,-0.3962945368170892,-7.925890736341784,-6.096658762925093,763.1113666481116
1115,SHORT,1787226300000,1787226360000,1.6900000000000002,1.697,1.681,1.697,10,6,1,0.5679,SL_HIT,-0.41420118343194645,-0.45420118343194643,-9.08402366863893,-6.9321217164388464,756.1792449316728
1116,SHORT,1787226840000,1787226900000,1.6780000000000002,1.668,1.668,1.685,11,6,1,0.5951,TP_HIT,0.5959475566150315,0.5559475566150316,11.11895113230063,8.407920071655258,764.587165003328
1117,SHORT,1787227020000,1787227380000,1.661,1.648,1.648,1.67,14,8,6,0.5745,TP_HIT,0.7826610475617172,0.7426610475617171,14.853220951234345,11.356582098272302,775.9437471016003
1118,SHORT,1787228880000,1787229000000,1.659,1.666,1.65,1.666,10,6,2,0.5705,SL_HIT,-0.4219409282700358,-0.46194092827003586,-9.238818565400717,-7.168803496428863,768.7749436051714
1119,SHORT,1787229000000,1787229300000,1.6660000000000001,1.657,1.657,1.673,10,6,5,0.5694,TP_HIT,0.5402160864345809,0.5002160864345808,10.004321728691618,7.6910718727828895,776.4660154779543
1120,SHORT,1787229660000,1787230080000,1.6660000000000001,1.656,1.656,1.674,11,7,7,0.5588,TP_HIT,0.6002400960384292,0.5602400960384292,11.204801920768585,8.700147901638912,785.1661633795933
1121,SHORT,1787230260000,1787230320000,1.671,1.678,1.661,1.678,11,6,1,0.568,SL_HIT,-0.41891083183721695,-0.4589108318372169,-9.17821663674434,-7.206425143339308,777.959738236254
1122,SHORT,1787230320000,1787230440000,1.6760000000000002,1.683,1.666,1.683,11,6,2,0.5675,SL_HIT,-0.4176610978520223,-0.4576610978520223,-9.153221957040447,-7.120838157717519,770.8389000785364
1123,SHORT,1787231160000,1787231760000,1.6640000000000001,1.67,1.653,1.672,12,7,10,0.5807,TIME_EXPIRY,-0.36057692307691,-0.40057692307691,-8.011538461538201,-6.175605495628997,764.6632945829074
1124,SHORT,1787231760000,1787232060000,1.6680000000000001,1.661,1.661,1.674,8,5,5,0.57,TP_HIT,0.4196642685851389,0.3796642685851389,7.593285371702778,5.8063066090344435,770.4696011919418
1125,SHORT,1787232180000,1787232600000,1.657,1.648,1.648,1.664,10,6,7,0.5597,TP_HIT,0.543150271575143,0.5031502715751429,10.06300543150286,7.753239781602352,778.2228409735442
1126,SHORT,1787232660000,1787232900000,1.6420000000000001,1.652,1.629,1.652,14,9,4,0.554,SL_HIT,-0.6090133982947494,-0.6490133982947495,-12.98026796589499,-10.101541013016687,768.1212999605275
1127,SHORT,1787234460000,1787234700000,1.6640000000000001,1.657,1.657,1.67,8,5,4,0.6084,TP_HIT,0.4206730769230839,0.3806730769230839,7.613461538461679,5.848061974122663,773.9693619346501
1128,SHORT,1787237880000,1787238120000,1.6420000000000001,1.648,1.634,1.648,9,5,4,0.6281,SL_HIT,-0.36540803897684426,-0.40540803897684424,-8.108160779536885,-6.275468025001718,767.6938939096484
1129,SHORT,1787238840000,1787239200000,1.6560000000000001,1.663,1.648,1.663,9,6,6,0.5502,SL_HIT,-0.4227053140096555,-0.4627053140096555,-9.25410628019311,-7.104320884895181,760.5895730247532
1130,SHORT,1787239200000,1787239380000,1.663,1.656,1.656,1.669,8,5,3,0.5657,TP_HIT,0.4209260372820275,0.38092603728202745,7.61852074564055,5.79456744100697,766.3841404657602
1131,SHORT,1787239800000,1787240160000,1.665,1.658,1.658,1.671,8,5,6,0.5874,TP_HIT,0.4204204204204275,0.38042042042042745,7.608408408408549,5.830963538390648,772.2151040041508
1132,SHORT,1787240220000,1787240820000,1.6600000000000001,1.666,1.653,1.666,8,5,10,0.5738,SL_HIT,-0.361445783132517,-0.401445783132517,-8.028915662650341,-6.200049943474088,766.0150540606767
1133,SHORT,1787240820000,1787241060000,1.6640000000000001,1.669,1.658,1.669,7,4,4,0.5579,SL_HIT,-0.3004807692307628,-0.3404807692307628,-6.809615384615256,-5.216267896978471,760.7987861636982
1134,SHORT,1787241060000,1787241660000,1.669,1.672,1.662,1.675,8,5,10,0.551,TIME_EXPIRY,-0.17974835230676403,-0.21974835230676404,-4.394967046135282,-3.3436855939291763,757.455100569769
1135,SHORT,1787241660000,1787241840000,1.6700000000000002,1.664,1.664,1.675,7,4,3,0.605,TP_HIT,0.35928143712576205,0.31928143712576207,6.385628742515241,4.836827061363089,762.2919276311321
1136,SHORT,1787241960000,1787242080000,1.669,1.663,1.663,1.674,7,4,2,0.5946,TP_HIT,0.35949670461354133,0.3194967046135413,6.389934092270827,4.870995176633017,767.1629228077652
1137,SHORT,1787242080000,1787242320000,1.665,1.659,1.659,1.67,7,4,4,0.5734,TP_HIT,0.3603603603603607,0.32036036036036064,6.407207207207214,4.915371808116065,772.0782946158813
1138,SHORT,1787242500000,1787242860000,1.657,1.663,1.65,1.663,8,5,6,0.5562,SL_HIT,-0.36210018105009084,-0.4021001810500908,-8.042003621001816,-6.209056440997825,765.8692381748834
1139,SHORT,1787243400000,1787243580000,1.6640000000000001,1.669,1.658,1.669,7,4,3,0.5639,SL_HIT,-0.3004807692307628,-0.3404807692307628,-6.809615384615256,-5.215274946879251,760.6539632280042
1140,SHORT,1787244000000,1787244120000,1.6680000000000001,1.673,1.662,1.673,7,4,2,0.5516,SL_HIT,-0.29976019184651637,-0.3397601918465164,-6.795203836930328,-5.1687987295031945,755.4851644985009
1141,SHORT,1787244120000,1787244360000,1.6740000000000002,1.68,1.667,1.68,8,5,4,0.5773,SL_HIT,-0.35842293906808737,-0.39842293906808735,-7.968458781361748,-6.020052393236605,749.4651121052643
1142,SHORT,1787244540000,1787244780000,1.6820000000000002,1.689,1.673,1.689,10,6,4,0.5829,SL_HIT,-0.4161712247324551,-0.45617122473245514,-9.123424494649104,-6.837688361666105,742.6274237435982
1143,SHORT,1787244780000,1787244960000,1.6880000000000002,1.695,1.679,1.695,10,6,3,0.5889,SL_HIT,-0.4146919431279559,-0.4546919431279559,-9.093838862559117,-6.7533341264416915,735.8740896171565
1144,SHORT,1787244960000,1787245560000,1.6940000000000002,1.6949999999999998,1.685,1.701,10,6,10,0.6006,TIME_EXPIRY,-0.05903187721367578,-0.09903187721367578,-1.9806375442735156,-1.4574998497538338,734.4165897674027
1145,SHORT,1787245560000,1787245620000,1.693,1.7,1.684,1.7,10,6,1,0.6865,SL_HIT,-0.41346721795628444,-0.4534672179562845,-9.069344359125688,-6.660676955655319,727.7559128117474
1146,SHORT,1787245620000,1787245740000,1.697,1.704,1.687,1.704,11,6,2,0.5934,SL_HIT,-0.4124926340600999,-0.45249263406009993,-9.049852681201997,-6.586083798819999,721.1698290129274
1147,SHORT,1787245800000,1787245920000,1.699,1.706,1.69,1.706,10,6,2,0.6357,SL_HIT,-0.4120070629782163,-0.4520070629782163,-9.040141259564328,-6.519477126412716,714.6503518865146
1148,SHORT,1787245920000,1787246160000,1.7060000000000002,1.695,1.695,1.714,12,7,4,0.6679,TP_HIT,0.6447831184056343,0.6047831184056343,12.095662368112684,8.644169367672204,723.2945212541869
1149,SHORT,1787246160000,1787246580000,1.6980000000000002,1.688,1.688,1.706,11,7,7,0.6815,TP_HIT,0.5889281507656201,0.5489281507656202,10.978563015312401,7.940734480219306,731.2352557344062
1150,SHORT,1787248020000,1787248260000,1.6800000000000002,1.686,1.673,1.686,8,5,4,0.554,SL_HIT,-0.3571428571428442,-0.3971428571428442,-7.942857142856884,-5.808097174118809,725.4271585602875
1151,SHORT,1787248260000,1787248560000,1.6900000000000002,1.682,1.682,1.696,9,5,5,0.6135,TP_HIT,0.4733727810651023,0.4333727810651023,8.667455621302045,6.287607703308534,731.714766263596
1152,SHORT,1787248560000,1787248920000,1.681,1.673,1.673,1.688,9,6,6,0.5828,TP_HIT,0.47590719809637155,0.4359071980963716,8.718143961927431,6.37919467135411,738.09396093495
1153,SHORT,1787249340000,1787249460000,1.6620000000000001,1.649,1.649,1.672,14,9,2,0.5627,TP_HIT,0.7821901323706452,0.7421901323706451,14.843802647412902,10.956121091365688,749.0500820263157
1154,SHORT,1787249580000,1787250180000,1.655,1.6589999999999998,1.638,1.667,18,11,10,0.5709,TIME_EXPIRY,-0.2416918429002889,-0.2816918429002889,-5.633836858005778,-4.2200259606121096,744.8300560657036
1155,SHORT,1787250660000,1787250840000,1.655,1.647,1.647,1.661,9,5,3,0.5746,TP_HIT,0.48338368580060465,0.44338368580060467,8.867673716012092,6.604909911069653,751.4349659767732
1156,SHORT,1787251200000,1787251500000,1.6540000000000001,1.659,1.648,1.659,7,4,5,0.554,SL_HIT,-0.30229746070132363,-0.34229746070132366,-6.845949214026473,-5.1442856147207,746.2906803620525
1157,SHORT,1787251560000,1787251680000,1.653,1.658,1.648,1.658,6,4,2,0.5536,SL_HIT,-0.302480338777973,-0.342480338777973,-6.84960677555946,-5.111797700744794,741.1788826613077
1158,SHORT,1787251860000,1787251980000,1.659,1.664,1.654,1.664,6,4,2,0.636,SL_HIT,-0.301386377335738,-0.341386377335738,-6.82772754671476,-5.060567474189877,736.1183151871179
1159,SHORT,1787251980000,1787252220000,1.659,1.654,1.654,1.664,6,4,4,0.552,TP_HIT,0.30138637733575135,0.2613863773357514,5.227727546715028,3.8482259939451513,739.966541181063
1160,SHORT,1787252220000,1787252340000,1.653,1.647,1.647,1.658,7,4,2,0.5519,TP_HIT,0.36297640653357566,0.3229764065335756,6.459528130671513,4.779834688514778,744.7463758695778
1161,SHORT,1787252460000,1787252580000,1.6440000000000001,1.65,1.637,1.65,8,5,2,0.5821,SL_HIT,-0.3649635036496218,-0.40496350364962186,-8.099270072992438,-6.031902034050049,738.7144738355278
1162,SHORT,1787253660000,1787253780000,1.6480000000000001,1.653,1.642,1.653,7,4,2,0.5611,SL_HIT,-0.30339805825242067,-0.3433980582524207,-6.867961165048414,-5.073462318361577,733.6410115171662
1163,SHORT,1787253900000,1787254020000,1.651,1.646,1.646,1.656,6,4,2,0.5609,TP_HIT,0.30284675953967993,0.2628467595396799,5.256935190793597,3.8567032508540025,737.4977147680203
1164,SHORT,1787254140000,1787254440000,1.6460000000000001,1.641,1.641,1.651,6,4,5,0.5604,TP_HIT,0.30376670716890125,0.26376670716890127,5.275334143378025,3.890546875379005,741.3882616433992
1165,SHORT,1787254800000,1787255280000,1.6500000000000001,1.644,1.644,1.655,7,4,8,0.5541,TP_HIT,0.36363636363637736,0.3236363636363774,6.472727272727548,4.798804020819298,746.1870656642185
1166,SHORT,1787255400000,1787255640000,1.647,1.651,1.642,1.651,6,3,4,0.5579,SL_HIT,-0.24286581663630868,-0.28286581663630866,-5.657316332726174,-4.221416273851202,741.9656493903673
1167,SHORT,1787255760000,1787256060000,1.6460000000000001,1.65,1.642,1.65,5,3,5,0.5662,SL_HIT,-0.24301336573510213,-0.28301336573510216,-5.660267314702043,-4.199723913875972,737.7659254764912
1168,SHORT,1787256720000,1787256780000,1.649,1.645,1.645,1.653,5,3,1,0.5687,TP_HIT,0.24257125530624643,0.20257125530624642,4.0514251061249285,2.9890033929189497,740.7549288694102
1169,SHORT,1787256960000,1787257320000,1.6460000000000001,1.65,1.642,1.65,5,3,6,0.5653,SL_HIT,-0.24301336573510213,-0.28301336573510216,-5.660267314702043,-4.19287091208396,736.5620579573261
1170,SHORT,1787259120000,1787259240000,1.647,1.651,1.642,1.651,6,3,2,0.5515,SL_HIT,-0.24286581663630868,-0.28286581663630866,-5.657316332726174,-4.166964560548384,732.3950933967777
1171,SHORT,1787259420000,1787259900000,1.6540000000000001,1.65,1.65,1.658,5,3,8,0.5672,TP_HIT,0.2418379685610777,0.20183796856107766,4.036759371221554,2.956502756706128,735.3515961534838
1172,SHORT,1787260560000,1787260740000,1.6560000000000001,1.652,1.652,1.66,5,3,3,0.5751,TP_HIT,0.24154589371982038,0.20154589371982035,4.030917874396407,2.964141892901006,738.3157380463848
1173,SHORT,1787261040000,1787261340000,1.6520000000000001,1.655,1.649,1.655,4,2,5,0.5532,SL_HIT,-0.1815980629539886,-0.22159806295398857,-4.431961259079771,-3.272186747990466,735.0435512983944
1174,SHORT,1787262600000,1787262780000,1.653,1.657,1.65,1.657,4,3,3,0.567,SL_HIT,-0.24198427102238373,-0.28198427102238377,-5.639685420447675,-4.145414399651638,730.8981368987428
1175,SHORT,1787262780000,1787263020000,1.6560000000000001,1.66,1.652,1.66,5,3,4,0.5951,SL_HIT,-0.24154589371979357,-0.2815458937197936,-5.630917874395871,-4.115627383425771,726.782509515317
1176,SHORT,1787263020000,1787263080000,1.6600000000000001,1.656,1.656,1.664,5,3,1,0.6339,TP_HIT,0.2409638554217003,0.20096385542170028,4.0192771084340055,2.9211403033051333,729.7036498186221
1177,SHORT,1787263080000,1787263320000,1.659,1.654,1.654,1.664,6,4,4,0.5887,TP_HIT,0.30138637733575135,0.2613863773357514,5.227727546715028,3.8146918710953073,733.5183416897174
1178,SHORT,1787265900000,1787266140000,1.6230000000000002,1.627,1.618,1.627,6,3,4,0.6168,SL_HIT,-0.24645717806529768,-0.2864571780652977,-5.729143561305953,-4.202431884391466,729.315909805326
1179,SHORT,1787266140000,1787266260000,1.6260000000000001,1.63,1.622,1.63,5,3,2,0.6178,SL_HIT,-0.2460024600245868,-0.28600246002458685,-5.7200492004917365,-4.171722886787858,725.1441869185381
1180,SHORT,1787266560000,1787266740000,1.622,1.627,1.617,1.627,6,4,3,0.6109,SL_HIT,-0.3082614056720033,-0.3482614056720033,-6.965228113440065,-5.0507946770226395,720.0933922415155
1181,SHORT,1787268240000,1787268300000,1.629,1.634,1.624,1.634,6,4,1,0.5756,SL_HIT,-0.30693677102516226,-0.3469367710251623,-6.938735420503246,-4.9965375268165415,715.096854714699
1182,SHORT,1787269380000,1787269440000,1.6480000000000001,1.652,1.644,1.652,5,3,1,0.5682,SL_HIT,-0.24271844660192846,-0.28271844660192846,-5.65436893203857,-4.043421438697293,711.0534332760018
1183,SHORT,1787269500000,1787269620000,1.649,1.653,1.645,1.653,5,3,2,0.586,SL_HIT,-0.24257125530624643,-0.28257125530624644,-5.651425106124929,-4.018465224612323,707.0349680513895
1184,SHORT,1787269980000,1787270160000,1.645,1.65,1.639,1.65,7,4,3,0.5691,SL_HIT,-0.30395136778114856,-0.34395136778114854,-6.879027355622972,-4.863712886607522,702.1712551647819
1185,SHORT,1787270160000,1787270460000,1.6480000000000001,1.643,1.643,1.653,6,4,5,0.6071,TP_HIT,0.30339805825243416,0.2633980582524341,5.267961165048683,3.6990109034215606,705.8702660682035
1186,SHORT,1787270940000,1787271240000,1.649,1.655,1.641,1.655,9,5,5,0.5525,SL_HIT,-0.36385688295936963,-0.4038568829593696,-8.077137659187391,-5.70141130856011,700.1688547596434
1187,SHORT,1787271240000,1787271300000,1.655,1.647,1.647,1.661,9,5,1,0.5714,TP_HIT,0.48338368580060465,0.44338368580060467,8.867673716012092,6.208868950122378,706.3777237097657
1188,SHORT,1787271480000,1787271960000,1.6540000000000001,1.644,1.644,1.662,11,7,8,0.5677,TP_HIT,0.6045949214026741,0.5645949214026741,11.291898428053482,7.976345507970301,714.3540692177361
1189,SHORT,1787272200000,1787272260000,1.635,1.643,1.624,1.643,12,7,1,0.5722,SL_HIT,-0.4892966360856273,-0.5292966360856274,-10.585932721712545,-7.562104116220541,706.7919651015155
1190,SHORT,1787272920000,1787273280000,1.6360000000000001,1.642,1.629,1.642,8,5,6,0.5652,SL_HIT,-0.3667481662591554,-0.4067481662591554,-8.134963325183108,-5.749726714634929,701.0422383868806
1191,SHORT,1787273280000,1787273340000,1.6420000000000001,1.648,1.634,1.648,9,5,1,0.5625,SL_HIT,-0.36540803897684426,-0.40540803897684424,-8.108160779536885,-5.684163182087253,695.3580752047934
1192,SHORT,1787273400000,1787274000000,1.647,1.6429999999999998,1.638,1.654,10,6,10,0.555,TIME_EXPIRY,0.24286581663632212,0.20286581663632208,4.057316332726442,2.8212876756216296,698.179362880415
1193,SHORT,1787274180000,1787274300000,1.645,1.65,1.639,1.65,7,4,2,0.5814,SL_HIT,-0.30395136778114856,-0.34395136778114854,-6.879027355622972,-4.8027949363857925,693.3765679440293
1194,SHORT,1787274300000,1787274480000,1.6480000000000001,1.653,1.642,1.653,7,4,3,0.5579,SL_HIT,-0.30339805825242067,-0.3433980582524207,-6.867961165048414,-4.762083341394146,688.6144846026351
1195,SHORT,1787274540000,1787274600000,1.6500000000000001,1.643,1.643,1.656,8,5,1,0.5712,TP_HIT,0.4242424242424313,0.38424242424243127,7.684848484848626,5.291897978643378,693.9063825812785
1196,SHORT,1787274960000,1787275080000,1.6500000000000001,1.657,1.641,1.657,10,6,2,0.6016,SL_HIT,-0.42424242424241787,-0.4642424242424179,-9.284848484848357,-6.442815624936388,687.4635669563421
1197,SHORT,1787275620000,1787275740000,1.6540000000000001,1.647,1.647,1.66,8,5,2,0.5756,TP_HIT,0.42321644498186917,0.3832164449818692,7.6643288996373835,5.268946883671293,692.7325138400134
1198,SHORT,1787275860000,1787275980000,1.655,1.662,1.646,1.662,10,6,2,0.5705,SL_HIT,-0.42296072507552235,-0.4629607250755224,-9.259214501510447,-6.414158937815239,686.3183549021982
1199,SHORT,1787276100000,1787276280000,1.6640000000000001,1.655,1.655,1.671,10,6,3,0.5909,TP_HIT,0.5408653846153917,0.5008653846153917,10.017307692307833,6.875062135933847,693.193417038132
1200,SHORT,1787276400000,1787276520000,1.6620000000000001,1.669,1.654,1.669,9,6,2,0.5768,SL_HIT,-0.4211793020457217,-0.4611793020457217,-9.223586040914434,-6.3937291250466926,686.7996879130853
1201,SHORT,1787276760000,1787276820000,1.6800000000000002,1.687,1.671,1.687,10,6,1,0.6331,SL_HIT,-0.4166666666666604,-0.45666666666666045,-9.133333333333209,-6.2727704829394275,680.5269174301459
1202,SHORT,1787276820000,1787277000000,1.685,1.674,1.674,1.693,12,7,3,0.6427,TP_HIT,0.65281899109793,0.61281899109793,12.2563798219586,8.340796379090525,688.8677138092364
1203,SHORT,1787277180000,1787277420000,1.6740000000000002,1.664,1.664,1.681,11,6,4,0.5789,TP_HIT,0.5973715651135143,0.5573715651135143,11.147431302270286,7.679105516040452,696.5468193252768
1204,SHORT,1787277420000,1787277480000,1.6660000000000001,1.673,1.656,1.673,11,6,1,0.6381,SL_HIT,-0.4201680672268844,-0.4601680672268844,-9.203361344537688,-6.4105720716389305,690.1362472536379
1205,SHORT,1787277480000,1787278080000,1.6700000000000002,1.6689999999999998,1.66,1.678,11,7,10,0.6501,TIME_EXPIRY,0.059880239520978075,0.019880239520978074,0.3976047904195615,0.27440147795022535,690.4106487315881
1206,SHORT,1787278080000,1787278320000,1.667,1.659,1.659,1.673,9,5,4,0.5729,TP_HIT,0.47990401919616116,0.4399040191961611,8.798080383923224,6.074288385457093,696.4849371170452
1207,SHORT,1787279100000,1787279280000,1.655,1.661,1.647,1.661,9,5,3,0.5598,SL_HIT,-0.3625377643504535,-0.40253776435045346,-8.05075528700907,-5.6072297898172305,690.877707327228
1208,SHORT,1787279280000,1787279580000,1.6600000000000001,1.653,1.653,1.666,8,5,5,0.6071,TP_HIT,0.4216867469879588,0.3816867469879588,7.633734939759177,5.273977293524575,696.1516846207526
1209,SHORT,1787280120000,1787280180000,1.655,1.66,1.649,1.66,7,4,1,0.6049,SL_HIT,-0.3021148036253712,-0.3421148036253712,-6.842296072507424,-4.763275937550002,691.3884086832026
1210,SHORT,1787280180000,1787280360000,1.659,1.652,1.652,1.665,8,5,3,0.5667,TP_HIT,0.42194092827004925,0.3819409282700493,7.638818565400984,5.281390612152291,696.6697992953549
1211,SHORT,1787280420000,1787281020000,1.653,1.65,1.645,1.659,9,5,10,0.5532,TIME_EXPIRY,0.18148820326679452,0.14148820326679454,2.829764065335891,1.9714111634507625,698.6412104588056
1212,SHORT,1787281080000,1787281440000,1.6500000000000001,1.644,1.644,1.655,7,4,6,0.5814,TP_HIT,0.36363636363637736,0.3236363636363774,6.472727272727548,4.522114016788098,703.1633244755938
1213,SHORT,1787281500000,1787281620000,1.645,1.639,1.639,1.65,7,4,2,0.5822,TP_HIT,0.36474164133738635,0.3247416413373863,6.494832826747726,4.5669282423691495,707.7302527179629
1214,SHORT,1787282160000,1787282760000,1.647,1.648,1.639,1.653,9,5,10,0.575,TIME_EXPIRY,-0.06071645415907043,-0.10071645415907042,-2.0143290831814085,-1.425601631097121,706.3046510868658
1215,SHORT,1787282940000,1787283120000,1.651,1.656,1.645,1.656,7,4,3,0.5919,SL_HIT,-0.30284675953966644,-0.3428467595396665,-6.85693519079333,-4.843085217458534,701.4615658694072
1216,SHORT,1787283600000,1787284200000,1.663,1.668,1.656,1.669,8,5,10,0.5803,TIME_EXPIRY,-0.3006614552014368,-0.3406614552014368,-6.813229104028736,-4.779218355939015,696.6823475134681
1217,SHORT,1787284200000,1787284380000,1.6660000000000001,1.671,1.661,1.671,6,4,3,0.6199,SL_HIT,-0.3001200480192013,-0.3401200480192013,-6.802400960384025,-4.739112669808213,691.9432348436599
1218,SHORT,1787284380000,1787284440000,1.6720000000000002,1.677,1.666,1.677,7,4,1,0.5727,SL_HIT,-0.2990430622009505,-0.33904306220095054,-6.780861244019011,-4.6919710642125185,687.2512637794473
1219,SHORT,1787284440000,1787284740000,1.677,1.67,1.67,1.683,8,5,5,0.5756,TP_HIT,0.4174120453190291,0.37741204531902905,7.548240906380581,5.187538102221775,692.4388018816691
1220,SHORT,1787284920000,1787285340000,1.6700000000000002,1.662,1.662,1.676,9,5,7,0.5911,TP_HIT,0.4790419161676784,0.43904191616767835,8.780838323353567,6.080193168139588,698.5189950498086
1221,SHORT,1787285580000,1787286180000,1.663,1.6629999999999998,1.656,1.669,8,5,10,0.584,TIME_EXPIRY,1.335205080727789e-14,-0.03999999999998665,-0.799999999999733,-0.5588151960396605,697.960179853769
1222,SHORT,1787286540000,1787286660000,1.659,1.663,1.655,1.663,5,3,2,0.5818,SL_HIT,-0.24110910186859574,-0.2811091018685958,-5.622182037371915,-3.924059185974732,694.0361206677942
1223,SHORT,1787286840000,1787286960000,1.6660000000000001,1.67,1.661,1.67,6,3,2,0.5772,SL_HIT,-0.24009603841535299,-0.280096038415353,-5.60192076830706,-3.887935358324181,690.14818530947
1224,SHORT,1787287020000,1787287320000,1.673,1.667,1.667,1.678,7,4,5,0.5724,TP_HIT,0.35863717872086104,0.318637178720861,6.372743574417221,4.398137413326631,694.5463227227966
1225,SHORT,1787287920000,1787288400000,1.669,1.674,1.664,1.674,6,4,8,0.5741,SL_HIT,-0.2995805871779445,-0.3395805871779445,-6.79161174355889,-4.717088961849789,689.8292337609469
1226,SHORT,1787288400000,1787288460000,1.673,1.677,1.668,1.677,6,3,1,0.5983,SL_HIT,-0.239091452480574,-0.27909145248057404,-5.581829049611481,-3.8505088562780823,685.9787249046688
1227,SHORT,1787288640000,1787288880000,1.667,1.673,1.66,1.673,8,5,4,0.5581,SL_HIT,-0.3599280143971209,-0.3999280143971209,-7.998560287942419,-5.486842187395862,680.4918827172729
1228,SHORT,1787289120000,1787289300000,1.677,1.682,1.671,1.682,7,4,3,0.5735,SL_HIT,-0.2981514609421523,-0.33815146094215226,-6.763029218843046,-4.602186486002432,675.8896962312705
1229,SHORT,1787289300000,1787289360000,1.6820000000000002,1.688,1.675,1.688,8,5,1,0.5561,SL_HIT,-0.3567181926278111,-0.3967181926278111,-7.9343638525562215,-5.362754774092598,670.5269414571778
1230,SHORT,1787289420000,1787289720000,1.693,1.684,1.684,1.7,10,6,5,0.5902,TP_HIT,0.5316007088009521,0.4916007088009521,9.83201417601904,6.592630393809662,677.1195718509875
1231,SHORT,1787290020000,1787290140000,1.6800000000000002,1.687,1.671,1.687,10,6,2,0.5842,SL_HIT,-0.4166666666666604,-0.45666666666666045,-9.133333333333209,-6.184358756238935,670.9352130947486
1232,SHORT,1787290380000,1787290500000,1.6900000000000002,1.696,1.682,1.696,9,5,2,0.5599,SL_HIT,-0.3550295857988037,-0.3950295857988037,-7.900591715976074,-5.300785186533013,665.6344279082156
1233,SHORT,1787290620000,1787290980000,1.7000000000000002,1.707,1.691,1.707,10,6,6,0.5968,SL_HIT,-0.4117647058823467,-0.45176470588234674,-9.035294117646934,-6.0142028309823825,659.6202250772332
1234,SHORT,1787290980000,1787291160000,1.705,1.696,1.696,1.712,10,6,3,0.5812,TP_HIT,0.5278592375366639,0.4878592375366638,9.757184750733277,6.436036401398831,666.056261478632
1235,SHORT,1787291280000,1787291400000,1.6960000000000002,1.703,1.687,1.703,10,6,2,0.5602,SL_HIT,-0.41273584905659755,-0.45273584905659753,-9.054716981131952,-6.0309509411998325,660.0253105374321
1236,SHORT,1787291400000,1787292000000,1.7020000000000002,1.7009999999999998,1.693,1.709,10,6,10,0.5949,TIME_EXPIRY,0.05875440658051315,0.018754406580513146,0.37508813161026294,0.247567660544969,660.2728781979771
1237,SHORT,1787292000000,1787292180000,1.699,1.705,1.692,1.705,8,5,3,0.6495,SL_HIT,-0.353148911124191,-0.393148911124191,-7.862978222483818,-5.191711262167405,655.0811669358097
1238,SHORT,1787292180000,1787292420000,1.705,1.712,1.697,1.712,9,6,4,0.6239,SL_HIT,-0.410557184750727,-0.450557184750727,-9.011143695014539,-5.903030527156389,649.1781364086534
1239,SHORT,1787292420000,1787292600000,1.7100000000000002,1.7,1.7,1.718,11,7,3,0.5655,TP_HIT,0.5847953216374403,0.5447953216374403,10.895906432748806,7.073384232494927,656.2515206411483
1240,SHORT,1787292600000,1787293200000,1.699,1.702,1.689,1.707,11,7,10,0.5838,TIME_EXPIRY,-0.17657445556208898,-0.21657445556208899,-4.33148911124178,-2.842546315892994,653.4089743252554
1241,SHORT,1787293200000,1787293380000,1.7000000000000002,1.692,1.692,1.706,9,5,3,0.5589,TP_HIT,0.4705882352941311,0.43058823529413104,8.61176470588262,5.6270043436011985,659.0359786688566
1242,SHORT,1787293500000,1787294100000,1.699,1.6949999999999998,1.69,1.706,10,6,10,0.5752,TIME_EXPIRY,0.2354326074161404,0.19543260741614038,3.9086521483228074,2.5759423938460504,661.6119210627027
1243,SHORT,1787294160000,1787294580000,1.6940000000000002,1.688,1.688,1.699,7,4,7,0.5723,TP_HIT,0.35419126328218575,0.3141912632821858,6.283825265643715,4.157453705624886,665.7693747683276
1244,SHORT,1787294880000,1787295120000,1.701,1.708,1.693,1.708,9,6,4,0.5824,SL_HIT,-0.41152263374484976,-0.4515226337448498,-9.030452674896996,-6.012198831241143,659.7571759370865
1245,SHORT,1787295120000,1787295720000,1.7040000000000002,1.71,1.696,1.71,9,5,10,0.5928,SL_HIT,-0.3521126760563253,-0.39211267605632527,-7.842253521126505,-5.173983036081096,654.5831929010054
1246,SHORT,1787295720000,1787295960000,1.7100000000000002,1.716,1.703,1.716,8,5,4,0.5993,SL_HIT,-0.35087719298244346,-0.39087719298244344,-7.817543859648869,-5.117232820292607,649.4659600807128
1247,SHORT,1787296080000,1787296380000,1.715,1.721,1.708,1.721,8,5,5,0.6046,SL_HIT,-0.34985422740524813,-0.3898542274052481,-7.797084548104963,-5.063941001865481,644.4020190788473
1248,SHORT,1787296380000,1787296560000,1.721,1.727,1.714,1.727,8,5,3,0.6065,SL_HIT,-0.34863451481696717,-0.3886345148169672,-7.772690296339343,-5.008737320635637,639.3932817582116
1249,SHORT,1787296860000,1787297040000,1.7100000000000002,1.702,1.702,1.716,9,5,3,0.582,TP_HIT,0.4678362573099549,0.4278362573099549,8.556725146199097,5.471112572331254,644.8643943305428
1250,SHORT,1787297520000,1787298000000,1.7060000000000002,1.713,1.697,1.713,10,6,8,0.5641,SL_HIT,-0.4103165298944838,-0.45031652989448384,-9.006330597889676,-5.807861926148762,639.056532404394
1251,SHORT,1787298060000,1787298360000,1.7180000000000002,1.724,1.71,1.724,9,5,5,0.576,SL_HIT,-0.3492433061699524,-0.3892433061699524,-7.784866123399048,-4.974969550051833,634.0815628543422
1252,SHORT,1787298480000,1787298780000,1.7240000000000002,1.716,1.716,1.73,9,5,5,0.5612,TP_HIT,0.46403712296985083,0.4240371229698508,8.480742459397018,5.3774824328196384,639.4590452871619
1253,SHORT,1787298780000,1787298900000,1.7160000000000002,1.722,1.709,1.722,8,5,2,0.583,SL_HIT,-0.349650349650337,-0.389650349650337,-7.79300699300674,-4.9833088116642665,634.4757364754976
1254,SHORT,1787298900000,1787299020000,1.7200000000000002,1.726,1.713,1.726,8,5,2,0.612,SL_HIT,-0.34883720930231293,-0.38883720930231297,-7.77674418604626,-4.934155494823245,629.5415809806743
1255,SHORT,1787299020000,1787299380000,1.7240000000000002,1.73,1.717,1.73,8,5,6,0.6424,SL_HIT,-0.3480278422273656,-0.38802784222736564,-7.760556844547311,-4.8855932252067085,624.6559877554677
1256,SHORT,1787299380000,1787299500000,1.7300000000000002,1.722,1.722,1.736,9,5,2,0.5961,TP_HIT,0.4624277456647531,0.42242774566475305,8.448554913295062,5.277440414470636,629.9334281699383
1257,SHORT,1787299500000,1787299980000,1.721,1.713,1.713,1.727,9,5,8,0.5634,TP_HIT,0.46484601975595624,0.42484601975595626,8.496920395119124,5.352494193384457,635.2859223633228
1258,SHORT,1787300280000,1787300460000,1.7280000000000002,1.736,1.718,1.736,11,7,3,0.5601,SL_HIT,-0.4629629629629505,-0.5029629629629505,-10.05925925925901,-6.390505796810156,628.8954165665126
1259,SHORT,1787300460000,1787300700000,1.7320000000000002,1.74,1.722,1.74,11,7,4,0.5773,SL_HIT,-0.46189376443416763,-0.5018937644341677,-10.037875288683354,-6.312773761119221,622.5826428053933
1260,SHORT,1787300700000,1787301300000,1.7380000000000002,1.736,1.726,1.747,13,8,10,0.5995,TIME_EXPIRY,0.11507479861911528,0.07507479861911528,1.5014959723823056,0.9348053306474297,623.5174481360408
1261,SHORT,1787301300000,1787301600000,1.7340000000000002,1.741,1.726,1.741,9,6,5,0.5785,SL_HIT,-0.40369088811994774,-0.4436908881199478,-8.873817762398955,-5.532980206435269,617.9844679296056
1262,SHORT,1787301600000,1787301720000,1.741,1.748,1.732,1.748,10,6,2,0.5903,SL_HIT,-0.40206777713956887,-0.4420677771395689,-8.841355542791378,-5.463820400888399,612.5206475287172
1263,SHORT,1787301720000,1787301780000,1.7480000000000002,1.755,1.738,1.755,11,6,1,0.6028,SL_HIT,-0.40045766590387144,-0.4404576659038715,-8.809153318077428,-5.395788294568534,607.1248592341486
1264,SHORT,1787301780000,1787302020000,1.7570000000000001,1.766,1.745,1.766,13,8,4,0.6638,SL_HIT,-0.5122367672168411,-0.552236767216841,-11.044735344336821,-6.7055333912089194,600.4193258429397
1265,SHORT,1787302020000,1787302200000,1.76,1.769,1.747,1.769,14,8,3,0.5942,SL_HIT,-0.5113636363636306,-0.5513636363636306,-11.02727272727261,-6.620987656795256,593.7983381861444
1266,SHORT,1787302320000,1787302440000,1.7770000000000001,1.785,1.766,1.785,12,7,2,0.6478,SL_HIT,-0.45019696117049995,-0.4901969611705,-9.80393922341,-5.821562818538817,587.9767753676056
1267,SHORT,1787302440000,1787302620000,1.784,1.793,1.772,1.793,13,8,3,0.5637,SL_HIT,-0.5044843049327297,-0.5444843049327297,-10.889686098654593,-6.40288251705237,581.5738928505532
1268,SHORT,1787304120000,1787304420000,1.7160000000000002,1.727,1.7,1.727,17,10,5,0.5599,SL_HIT,-0.641025641025635,-0.681025641025635,-13.620512820512701,-7.92133466364644,573.6525581869067
1269,SHORT,1787304780000,1787304900000,1.731,1.74,1.719,1.74,13,8,2,0.5918,SL_HIT,-0.5199306759098727,-0.5599306759098728,-11.198613518197455,-6.424113292860446,567.2284448940463
1270,SHORT,1787304900000,1787304960000,1.7380000000000002,1.747,1.726,1.747,13,8,1,0.5694,SL_HIT,-0.5178365937859548,-0.5578365937859548,-11.156731875719098,-6.328415671963981,560.9000292220824
1271,SHORT,1787304960000,1787305080000,1.745,1.754,1.732,1.754,14,8,2,0.737,SL_HIT,-0.515759312320911,-0.555759312320911,-11.11518624641822,-6.234508290424868,554.6655209316575
1272,SHORT,1787305080000,1787305140000,1.75,1.759,1.737,1.759,14,8,1,0.7,SL_HIT,-0.5142857142857084,-0.5542857142857084,-11.085714285714168,-6.148863489185167,548.5166574424724
1273,SHORT,1787305140000,1787305380000,1.7570000000000001,1.767,1.743,1.767,15,9,4,0.7194,SL_HIT,-0.5691519635742621,-0.6091519635742622,-12.183039271485244,-6.68259997868546,541.8340574637868
1274,SHORT,1787305380000,1787305620000,1.7650000000000001,1.749,1.749,1.776,17,10,4,0.7132,TP_HIT,0.9065155807365447,0.8665155807365448,17.330311614730896,9.390153059321433,551.2242105231082
1275,SHORT,1787305620000,1787305740000,1.756,1.766,1.742,1.766,15,9,2,0.6453,SL_HIT,-0.5694760820045562,-0.6094760820045563,-12.189521640091126,-6.719159442713575,544.5050510803947
1276,SHORT,1787305740000,1787305920000,1.7650000000000001,1.775,1.752,1.775,14,9,3,0.6221,SL_HIT,-0.5665722379603279,-0.6065722379603279,-12.131444759206557,-6.6056329482907525,537.8994181321038
1277,SHORT,1787305920000,1787306040000,1.7710000000000001,1.781,1.756,1.781,16,9,2,0.6508,SL_HIT,-0.5646527385657699,-0.60465273856577,-12.0930547713154,-6.504847124930216,531.3945710071737
1278,SHORT,1787306040000,1787306160000,1.784,1.768,1.768,1.795,17,10,2,0.7049,TP_HIT,0.896860986547086,0.8568609865470861,17.137219730941723,9.10662552717945,540.5011965343531
1279,SHORT,1787306160000,1787306760000,1.7710000000000001,1.7619999999999998,1.752,1.784,20,12,10,0.5925,TIME_EXPIRY,0.508187464709223,0.46818746470922307,9.36374929418446,5.061117697554405,545.5623142319075
1280,SHORT,1787306760000,1787307300000,1.76,1.773,1.741,1.773,20,12,9,0.6065,SL_HIT,-0.738636363636358,-0.778636363636358,-15.57272727272716,-8.495893129811371,537.0664211020961
1281,SHORT,1787307300000,1787307420000,1.7650000000000001,1.778,1.746,1.778,20,12,2,0.615,SL_HIT,-0.7365439093484363,-0.7765439093484362,-15.530878186968724,-8.341113164447904,528.7253079376483
1282,SHORT,1787307420000,1787307840000,1.7730000000000001,1.756,1.756,1.785,18,11,7,0.6218,TP_HIT,0.9588268471517274,0.9188268471517275,18.376536943034548,9.716140154033512,538.4414480916818
1283,SHORT,1787309220000,1787309580000,1.75,1.758,1.739,1.758,12,7,6,0.5743,SL_HIT,-0.4571428571428575,-0.49714285714285755,-9.94285714285715,-5.353646398168726,533.087801693513
1284,SHORT,1787309580000,1787309760000,1.7570000000000001,1.765,1.747,1.765,11,7,3,0.6154,SL_HIT,-0.45532157085940717,-0.4953215708594072,-9.906431417188145,-5.280997746816381,527.8068039466966
1285,SHORT,1787309760000,1787309940000,1.7670000000000001,1.756,1.756,1.775,12,7,3,0.6475,TP_HIT,0.6225240520656549,0.5825240520656548,11.650481041313096,6.149203162857048,533.9560071095536
1286,SHORT,1787310120000,1787310240000,1.758,1.767,1.746,1.767,13,8,2,0.5583,SL_HIT,-0.5119453924914618,-0.5519453924914618,-11.038907849829235,-5.894291158345126,528.0617159512085
1287,SHORT,1787310240000,1787310360000,1.768,1.777,1.756,1.777,13,8,2,0.6279,SL_HIT,-0.5090497737556503,-0.5490497737556503,-10.980995475113007,-5.79864331344063,522.2630726377679
1288,SHORT,1787310360000,1787310660000,1.7730000000000001,1.783,1.759,1.783,15,9,5,0.5613,SL_HIT,-0.5640157924421763,-0.6040157924421763,-12.080315848843526,-6.309102873651745,515.9539697641161
1289,SHORT,1787310660000,1787310720000,1.782,1.769,1.769,1.792,14,9,1,0.6681,TP_HIT,0.7295173961840696,0.6895173961840697,13.790347923681393,7.115184755651751,523.0691545197678
1290,SHORT,1787310780000,1787311200000,1.7730000000000001,1.785,1.756,1.785,18,11,7,0.5534,SL_HIT,-0.6768189509306141,-0.7168189509306141,-14.336379018612282,-7.498917652140466,515.5702368676274
1291,SHORT,1787311200000,1787311320000,1.784,1.795,1.768,1.795,17,10,2,0.642,SL_HIT,-0.6165919282511154,-0.6565919282511155,-13.131838565022308,-6.770385119475995,508.7998517481514
1292,SHORT,1787311320000,1787311380000,1.79,1.802,1.773,1.802,18,11,1,0.5898,SL_HIT,-0.6703910614525146,-0.7103910614525146,-14.20782122905029,-7.228937335005027,501.5709144131464
1293,SHORT,1787311380000,1787311560000,1.806,1.819,1.787,1.819,20,12,3,0.5843,SL_HIT,-0.7198228128460631,-0.7598228128460631,-15.196456256921262,-7.622100460623377,493.94881395252304
1294,SHORT,1787311560000,1787311920000,1.8230000000000002,1.799,1.799,1.839,25,15,6,0.6991,TP_HIT,1.3165112452002325,1.2765112452002327,25.53022490400465,12.610624311274263,506.5594382637973
1295,SHORT,1787312280000,1787312880000,1.802,1.787,1.772,1.821,31,18,10,0.6353,TIME_EXPIRY,0.8324084350721489,0.792408435072149,15.84816870144298,8.02803943491285,514.5874776987101
1296,SHORT,1787313120000,1787313480000,1.8010000000000002,1.782,1.782,1.814,20,12,6,0.6254,TP_HIT,1.0549694614103347,1.0149694614103346,20.299389228206692,10.445811501767249,525.0332892004774
1297,SHORT,1787313540000,1787314140000,1.778,1.787,1.761,1.79,18,11,10,0.6146,TIME_EXPIRY,-0.5061867266591618,-0.5461867266591618,-10.923734533183236,-5.735324272310036,519.2979649281674
1298,SHORT,1787314140000,1787314200000,1.7850000000000001,1.796,1.77,1.796,16,10,1,0.5771,SL_HIT,-0.616246498599434,-0.6562464985994341,-13.12492997198868,-6.815749424278431,512.4822155038889
1299,SHORT,1787314200000,1787314560000,1.792,1.804,1.775,1.804,18,11,6,0.5523,SL_HIT,-0.6696428571428578,-0.7096428571428577,-14.192857142857154,-7.27358687290163,505.20862863098733
1300,SHORT,1787314560000,1787314740000,1.7950000000000002,1.776,1.776,1.808,20,12,3,0.6534,TP_HIT,1.0584958217270264,1.0184958217270266,20.36991643454053,10.291057547222033,515.4996861782093
1301,SHORT,1787315040000,1787315460000,1.798,1.811,1.778,1.811,21,12,7,0.5979,SL_HIT,-0.7230255839821969,-0.7630255839821969,-15.260511679643937,-7.866788981775349,507.632897196434
1302,SHORT,1787315460000,1787315580000,1.8270000000000002,1.842,1.804,1.842,24,14,2,0.6061,SL_HIT,-0.8210180623973672,-0.8610180623973671,-17.220361247947345,-8.74162187106471,498.8912753253693
1303,SHORT,1787315640000,1787315880000,1.8450000000000002,1.863,1.817,1.863,29,17,4,0.5961,SL_HIT,-0.9756097560975497,-1.0156097560975497,-20.312195121950992,-10.133576929047877,488.7576983963214
1304,SHORT,1787315880000,1787316480000,1.856,1.8359999999999999,1.826,1.875,31,18,10,0.6984,TIME_EXPIRY,1.0775862068965647,1.0375862068965647,20.751724137931294,10.142564927410685,498.9002633237321
1305,SHORT,1787316480000,1787316600000,1.834,1.849,1.811,1.849,24,14,2,0.5715,SL_HIT,-0.8178844056706599,-0.8578844056706598,-17.157688113413197,-8.559975117808312,490.34028820592374
1306,SHORT,1787316600000,1787316780000,1.8550000000000002,1.87,1.832,1.87,24,14,3,0.6861,SL_HIT,-0.8086253369272184,-0.8486253369272183,-16.972506738544364,-8.322303845754828,482.0179843601689
1307,SHORT,1787316780000,1787316840000,1.8940000000000001,1.912,1.866,1.912,29,17,1,0.6204,SL_HIT,-0.9503695881731675,-0.9903695881731674,-19.80739176346335,-9.547519053256815,472.4704653069121
1308,SHORT,1787316840000,1787317020000,1.915,1.885,1.885,1.935,31,19,3,0.5955,TP_HIT,1.5665796344647531,1.5265796344647533,30.531592689295067,14.425275804472358,486.89574111138444
1309,SHORT,1787317080000,1787317620000,1.8820000000000001,1.841,1.841,1.909,42,26,9,0.5726,TP_HIT,2.1785334750265752,2.138533475026575,42.7706695005315,20.824856824291373,507.7205979356758
1310,SHORT,1787317620000,1787318220000,1.8450000000000002,1.8299999999999998,1.812,1.866,34,20,10,0.5642,TIME_EXPIRY,0.8130081300813194,0.7730081300813194,15.46016260162639,7.849443000280525,515.5700409359563
1311,SHORT,1787318880000,1787319000000,1.82,1.803,1.803,1.832,18,11,2,0.5551,TP_HIT,0.934065934065941,0.894065934065941,17.88131868131882,9.219072204516424,524.7891131404728
1312,SHORT,1787319000000,1787319420000,1.8070000000000002,1.82,1.788,1.82,20,12,7,0.5836,SL_HIT,-0.7194244604316491,-0.7594244604316491,-15.188489208632983,-7.970753781742145,516.8183593587306
1313,SHORT,1787319480000,1787319540000,1.8290000000000002,1.842,1.809,1.842,21,12,1,0.6023,SL_HIT,-0.7107709130672444,-0.7507709130672444,-15.015418261344887,-7.760243830913389,509.0581155278172
1314,SHORT,1787319540000,1787319660000,1.842,1.857,1.819,1.857,24,14,2,0.6681,SL_HIT,-0.8143322475569978,-0.8543322475569979,-17.086644951139956,-8.6980952795202,500.360020248297
1315,SHORT,1787319660000,1787320140000,1.864,1.88,1.841,1.88,24,15,8,0.7511,SL_HIT,-0.858369098712435,-0.898369098712435,-17.9673819742487,-8.990159608443967,491.3698606398531
1316,SHORT,1787320140000,1787320620000,1.885,1.861,1.861,1.901,25,15,8,0.6899,TP_HIT,1.2732095490716193,1.2332095490716193,24.664190981432384,12.119240085341152,503.48910072519425
1317,SHORT,1787320620000,1787320860000,1.8630000000000002,1.878,1.84,1.878,24,14,4,0.6184,SL_HIT,-0.8051529790660052,-0.8451529790660053,-16.903059581320104,-8.510506268103239,494.978594457091
1318,SHORT,1787320860000,1787321220000,1.875,1.89,1.852,1.89,24,14,6,0.6616,SL_HIT,-0.7999999999999948,-0.8399999999999948,-16.799999999999894,-8.315640386879078,486.6629540702119
1319,SHORT,1787321220000,1787321400000,1.883,1.899,1.86,1.899,24,15,3,0.6122,SL_HIT,-0.8497079129049397,-0.8897079129049397,-17.794158258098793,-8.659757623079216,478.0031964471327
1320,SHORT,1787321400000,1787321700000,1.897,1.873,1.873,1.913,25,15,5,0.6793,TP_HIT,1.2651555086979451,1.2251555086979453,24.503110173958902,11.712564986048616,489.71576143318134
1321,SHORT,1787321700000,1787321940000,1.8880000000000001,1.864,1.864,1.904,25,15,4,0.6623,TP_HIT,1.2711864406779672,1.2311864406779673,24.623728813559346,12.058628105256382,501.77438953843773
1322,SHORT,1787323080000,1787323500000,1.866,1.879,1.847,1.879,20,12,7,0.5511,SL_HIT,-0.6966773847802733,-0.7366773847802733,-14.733547695605468,-7.39291690069789,494.3814726377398
1323,SHORT,1787323500000,1787323980000,1.879,1.891,1.862,1.891,18,11,8,0.7315,SL_HIT,-0.6386375731772225,-0.6786375731772225,-13.57275146354445,-6.710116856293144,487.67135578144666
1324,SHORT,1787323980000,1787324520000,1.9000000000000001,1.912,1.882,1.912,19,11,9,0.7457,SL_HIT,-0.6315789473684098,-0.6715789473684098,-13.431578947368198,-6.550196315548585,481.1211594658981
1325,SHORT,1787324520000,1787324640000,1.909,1.924,1.886,1.924,24,14,2,0.6561,SL_HIT,-0.7857517024620169,-0.8257517024620168,-16.515034049240334,-7.945732330389296,473.17542713550876
1326,SHORT,1787324640000,1787324760000,1.9200000000000002,1.939,1.891,1.939,30,18,2,0.5671,SL_HIT,-0.9895833333333284,-1.0295833333333284,-20.591666666666566,-9.743470670431972,463.4319564650768
1327,SHORT,1787324760000,1787325000000,1.9220000000000002,1.941,1.893,1.941,30,18,4,0.6191,SL_HIT,-0.9885535900104008,-1.0285535900104008,-20.571071800208014,-9.53329205095397,453.89866441412283
1328,SHORT,1787325000000,1787325600000,1.937,1.938,1.909,1.956,29,18,10,0.7518,TIME_EXPIRY,-0.05162622612286473,-0.09162622612286474,-1.8325245224572948,-0.8317804332494944,453.06688398087334
1329,SHORT,1787325600000,1787325900000,1.9360000000000002,1.952,1.913,1.952,24,15,5,0.692,SL_HIT,-0.8264462809917248,-0.8664462809917247,-17.328925619834497,-7.85116233331474,445.2157216475586
1330,SHORT,1787325900000,1787326200000,1.951,1.966,1.928,1.966,24,14,5,0.6965,SL_HIT,-0.7688364941055819,-0.8088364941055819,-16.176729882111637,-7.202134468361959,438.01358717919663
1331,SHORT,1787326200000,1787326320000,1.9620000000000002,1.938,1.938,1.978,25,15,2,0.6992,TP_HIT,1.2232415902140796,1.1832415902140796,23.664831804281594,10.365517868585723,448.37910504778233
1332,SHORT,1787326380000,1787326740000,1.945,1.917,1.917,1.963,29,17,6,0.6058,TP_HIT,1.4395886889460168,1.3995886889460167,27.991773778920336,12.55092647569228,460.9300315234746
1333,SHORT,1787330100000,1787330700000,1.8470000000000002,1.835,1.835,1.856,13,8,10,0.5803,TP_HIT,0.6497022198159302,0.6097022198159302,12.194044396318604,5.620601267993783,466.5506327914684
1334,SHORT,1787331420000,1787331720000,1.8450000000000002,1.853,1.835,1.853,11,7,5,0.6047,SL_HIT,-0.43360433604334875,-0.47360433604334873,-9.472086720866974,-4.419208053476153,462.13142473799223
1335,SHORT,1787331840000,1787332260000,1.85,1.839,1.839,1.858,12,7,7,0.5517,TP_HIT,0.5945945945946011,0.554594594594601,11.091891891892022,5.125911803039845,467.2573365410321
1336,SHORT,1787332320000,1787332560000,1.8350000000000002,1.825,1.825,1.843,11,7,4,0.5616,TP_HIT,0.5449591280654077,0.5049591280654077,10.099182561308153,4.7189171448384855,471.9762536858706
1337,SHORT,1787332560000,1787332860000,1.8250000000000002,1.835,1.811,1.835,15,9,5,0.5762,SL_HIT,-0.5479452054794404,-0.5879452054794404,-11.758904109588808,-5.549923509095114,466.4263301767755
1338,SHORT,1787333160000,1787333760000,1.858,1.8479999999999999,1.836,1.873,23,14,10,0.5612,TIME_EXPIRY,0.538213132400443,0.498213132400443,9.964262648008859,4.647594459828292,471.07392463660375
1339,SHORT,1787333940000,1787334540000,1.8470000000000002,1.8419999999999999,1.835,1.856,13,8,10,0.6203,TIME_EXPIRY,0.2707092582566506,0.23070925825665062,4.614185165133012,2.1736223147392035,473.24754695134294
1340,SHORT,1787334540000,1787334780000,1.84,1.848,1.83,1.848,11,7,4,0.6541,SL_HIT,-0.43478260869565255,-0.47478260869565253,-9.49565217391305,-4.493794098007538,468.7537528533354
1341,SHORT,1787334780000,1787335200000,1.8470000000000002,1.838,1.838,1.854,10,6,7,0.577,TP_HIT,0.4872766648619447,0.4472766648619447,8.945533297238892,4.1932523043552035,472.9470051576906
1342,SHORT,1787335200000,1787335440000,1.8370000000000002,1.844,1.828,1.844,10,6,4,0.6062,SL_HIT,-0.38105606967881844,-0.42105606967881837,-8.421121393576367,-3.9827441431613018,468.9642610145293
1343,SHORT,1787336040000,1787336580000,1.8410000000000002,1.83,1.83,1.849,12,7,9,0.5635,TP_HIT,0.5975013579576383,0.5575013579576382,11.150027159152764,5.228964246984008,474.1932252615133
1344,SHORT,1787336640000,1787336760000,1.822,1.83,1.811,1.83,12,7,2,0.5669,SL_HIT,-0.43907793633369957,-0.4790779363336996,-9.581558726673991,-4.543510235634139,469.6497150258792
1345,SHORT,1787336760000,1787337240000,1.828,1.836,1.817,1.836,12,7,8,0.5776,SL_HIT,-0.4376367614879653,-0.47763676148796536,-9.552735229759307,-4.486439378374135,465.16327564750503
1346,SHORT,1787337840000,1787338380000,1.8010000000000002,1.813,1.784,1.813,18,11,9,0.592,SL_HIT,-0.666296501943353,-0.706296501943353,-14.12593003886706,-6.5708638884468895,458.59241175905817
1347,SHORT,1787339220000,1787339340000,1.7710000000000001,1.783,1.754,1.783,18,11,2,0.5606,SL_HIT,-0.6775832862789264,-0.7175832862789264,-14.35166572557853,-6.5815649978528725,452.0108467612053
1348,SHORT,1787340240000,1787340360000,1.778,1.786,1.768,1.786,11,7,2,0.5906,SL_HIT,-0.4499437570303716,-0.48994375703037163,-9.798875140607432,-4.42919784961329,447.581648911592
1349,SHORT,1787340420000,1787340780000,1.7850000000000001,1.776,1.776,1.792,10,6,6,0.5844,TP_HIT,0.5042016806722756,0.4642016806722755,9.28403361344551,4.155363073256588,451.7370119848486
1350,SHORT,1787341260000,1787341500000,1.772,1.764,1.764,1.778,9,5,4,0.5569,TP_HIT,0.4514672686230252,0.4114672686230252,8.229345372460504,3.7174998891466497,455.4545118739953
1351,SHORT,1787345160000,1787345220000,1.7930000000000001,1.798,1.787,1.798,7,4,1,0.5519,SL_HIT,-0.27886224205242016,-0.3188622420524202,-6.3772448410484035,-2.9045449361806552,452.54996693781465
1352,SHORT,1787346960000,1787347320000,1.8130000000000002,1.819,1.806,1.819,8,5,6,0.5857,SL_HIT,-0.33094318808603324,-0.37094318808603327,-7.418863761720665,-3.357406550082838,449.1925603877318
1353,SHORT,1787347320000,1787347920000,1.8190000000000002,1.823,1.811,1.825,9,5,10,0.5728,TIME_EXPIRY,-0.21990104452994946,-0.2599010445299495,-5.19802089059899,-2.334912312797078,446.85764807493473
1354,SHORT,1787348520000,1787349120000,1.816,1.823,1.807,1.823,10,6,10,0.5759,SL_HIT,-0.3854625550660735,-0.42546255506607356,-8.509251101321471,-3.8024239340155614,443.05522414091917
1355,SHORT,1787349180000,1787349780000,1.824,1.8239999999999998,1.815,1.831,10,6,10,0.5514,TIME_EXPIRY,1.2173498077030224e-14,-0.03999999999998782,-0.7999999999997565,-0.35444417931262745,442.70077996160654
1356,SHORT,1787349960000,1787350020000,1.8230000000000002,1.83,1.813,1.83,11,6,1,0.556,SL_HIT,-0.38398244651672486,-0.4239824465167249,-8.479648930334498,-3.753947195259685,438.94683276634686
1357,SHORT,1787350020000,1787350620000,1.83,1.8359999999999999,1.82,1.838,11,7,10,0.5843,TIME_EXPIRY,-0.32786885245900454,-0.3678688524590046,-7.357377049180092,-3.2294973532054123,435.7173354131414
1358,SHORT,1787350620000,1787350980000,1.834,1.842,1.823,1.842,12,7,6,0.5824,SL_HIT,-0.4362050163576885,-0.4762050163576885,-9.52410032715377,-4.14981561675487,431.56751979638653
1359,SHORT,1787350980000,1787351400000,1.8390000000000002,1.828,1.828,1.847,12,7,7,0.5964,TP_HIT,0.5981511691136553,0.5581511691136553,11.163023382273105,4.817598314516674,436.3851181109032
1360,SHORT,1787351580000,1787351760000,1.8350000000000002,1.844,1.823,1.844,13,8,3,0.5689,SL_HIT,-0.4904632152588499,-0.5304632152588499,-10.609264305177,-4.629725056884455,431.7553930540187
1361,SHORT,1787351760000,1787352240000,1.842,1.85,1.831,1.85,12,7,8,0.5638,SL_HIT,-0.4343105320304021,-0.47431053203040213,-9.486210640608043,-4.09572260372894,427.6596704502898
1362,SHORT,1787352240000,1787352300000,1.848,1.856,1.837,1.856,12,7,1,0.5607,SL_HIT,-0.43290043290043323,-0.47290043290043327,-9.458008658008666,-4.044808865799974,423.61486158448986
1363,SHORT,1787352300000,1787352420000,1.8530000000000002,1.862,1.841,1.862,13,8,2,0.6,SL_HIT,-0.4856988667026388,-0.5256988667026388,-10.513977334052777,-4.453877053067231,419.1609845314226
1364,SHORT,1787352480000,1787352540000,1.86,1.87,1.846,1.87,15,9,1,0.571,SL_HIT,-0.5376344086021511,-0.577634408602151,-11.552688172043021,-4.842436148178074,414.31854838324455
1365,SHORT,1787352540000,1787352960000,1.87,1.881,1.854,1.881,17,10,7,0.6748,SL_HIT,-0.5882352941176416,-0.6282352941176416,-12.564705882352833,-5.20579070203884,409.1127576812057
1366,SHORT,1787352960000,1787353380000,1.8800000000000001,1.863,1.863,1.892,18,11,7,0.6734,TP_HIT,0.9042553191489429,0.8642553191489429,17.28510638297886,7.071557539153493,416.1843152203592
1367,SHORT,1787353380000,1787353920000,1.8710000000000002,1.884,1.851,1.884,21,12,9,0.5737,SL_HIT,-0.6948156066274547,-0.7348156066274547,-14.696312132549094,-6.1163746011496025,410.0679406192096
1368,SHORT,1787353920000,1787354040000,1.883,1.894,1.867,1.894,17,10,2,0.6732,SL_HIT,-0.5841741901221401,-0.6241741901221401,-12.483483802442803,-5.11907649462098,404.9488641245886
1369,SHORT,1787354040000,1787354640000,1.891,1.903,1.874,1.903,18,11,10,0.7102,SL_HIT,-0.6345848757271291,-0.674584875727129,-13.491697514542581,-5.463447583626555,399.4854165409621
1370,SHORT,1787354640000,1787354700000,1.9000000000000001,1.912,1.883,1.912,18,11,1,0.6537,SL_HIT,-0.6315789473684098,-0.6715789473684098,-13.431578947368198,-5.365719910592202,394.1196966303699
1371,SHORT,1787354700000,1787355240000,1.9100000000000001,1.891,1.891,1.923,20,12,9,0.6891,TP_HIT,0.9947643979057659,0.954764397905766,19.09528795811532,7.5258290971219655,401.6455257274919
1372,SHORT,1787355240000,1787355780000,1.893,1.878,1.878,1.904,16,10,9,0.5531,TP_HIT,0.7923930269413695,0.7523930269413696,15.04786053882739,6.043905857191306,407.6894315846832
1373,SHORT,1787355960000,1787356080000,1.879,1.889,1.866,1.889,14,9,2,0.5654,SL_HIT,-0.5321979776476854,-0.5721979776476854,-11.443959552953709,-4.665581365221803,403.0238502194614
1374,SHORT,1787356140000,1787356200000,1.889,1.876,1.876,1.899,14,9,1,0.5971,TP_HIT,0.6881948120698848,0.6481948120698847,12.963896241397693,5.224759377053703,408.2486095965151
1375,SHORT,1787356260000,1787356860000,1.874,1.8809999999999998,1.857,1.886,18,11,10,0.5682,TIME_EXPIRY,-0.37353255069368585,-0.41353255069368583,-8.270651013873717,-3.3764817768719535,404.87212781964314
1376,SHORT,1787357640000,1787357760000,1.8800000000000001,1.893,1.861,1.893,20,12,2,0.5631,SL_HIT,-0.6914893617021223,-0.7314893617021223,-14.629787234042446,-5.9231930869954175,398.94893473264773
1377,SHORT,1787357760000,1787358060000,1.891,1.904,1.871,1.904,21,12,5,0.6654,SL_HIT,-0.687466948704384,-0.7274669487043839,-14.549338974087679,-5.804443284776473,393.14449144787125
1378,SHORT,1787358060000,1787358660000,1.9020000000000001,1.904,1.882,1.915,21,12,10,0.6709,TIME_EXPIRY,-0.10515247108305886,-0.14515247108305887,-2.9030494216611773,-1.1413178885270203,392.00317355934425
1379,SHORT,1787358660000,1787358780000,1.9020000000000001,1.915,1.883,1.915,20,12,2,0.6327,SL_HIT,-0.6834910620399527,-0.7234910620399526,-14.469821240799053,-5.672215847229638,386.3309577121146
1380,SHORT,1787358780000,1787359200000,1.911,1.892,1.892,1.924,20,12,7,0.7638,TP_HIT,0.9942438513867151,0.9542438513867152,19.084877027734304,7.373078819942529,393.7040365320571
1381,SHORT,1787359260000,1787359740000,1.889,1.902,1.87,1.902,20,12,8,0.6137,SL_HIT,-0.688194812069873,-0.7281948120698729,-14.563896241397458,-5.733864737872235,387.97017179418486
1382,SHORT,1787359740000,1787359980000,1.9020000000000001,1.915,1.883,1.915,20,12,4,0.6061,SL_HIT,-0.6834910620399527,-0.7234910620399526,-14.469821240799053,-5.613859032623954,382.3563127615609
1383,SHORT,1787359980000,1787360040000,1.9160000000000001,1.929,1.897,1.929,20,12,1,0.7189,SL_HIT,-0.6784968684759864,-0.7184968684759864,-14.369937369519729,-5.494436267224127,376.8618764943368
1384,SHORT,1787360040000,1787360520000,1.9380000000000002,1.914,1.914,1.954,25,15,8,0.7294,TP_HIT,1.2383900928792693,1.1983900928792695,23.96780185758539,9.032550783494083,385.89442727783086
1385,SHORT,1787360640000,1787361240000,1.9240000000000002,1.9189999999999998,1.9,1.94,25,15,10,0.5666,TIME_EXPIRY,0.25987525987527743,0.2198752598752774,4.397505197505549,1.696972749642688,387.5914000274735
1386,SHORT,1787361240000,1787361300000,1.917,1.929,1.9,1.929,18,11,1,0.69,SL_HIT,-0.6259780907668236,-0.6659780907668237,-13.319561815336476,-5.162547611758742,382.4288524157148
1387,SHORT,1787361300000,1787361900000,1.927,1.94,1.908,1.94,20,12,10,0.7529,SL_HIT,-0.6746237675142658,-0.7146237675142658,-14.292475350285317,-5.465854946389505,376.9629974693253
1388,SHORT,1787361900000,1787362500000,1.949,1.9349999999999998,1.925,1.965,25,15,10,0.6183,TIME_EXPIRY,0.7183170856849787,0.6783170856849786,13.566341713699574,5.114008837089335,382.0770063064146
1389,SHORT,1787362740000,1787363340000,1.933,1.9249999999999998,1.914,1.946,20,12,10,0.5738,TIME_EXPIRY,0.4138644593895618,0.37386445938956175,7.477289187791236,2.856900268158598,384.9339065745732
1390,SHORT,1787363760000,1787364120000,1.953,1.966,1.934,1.966,20,12,6,0.5676,SL_HIT,-0.665642601126467,-0.705642601126467,-14.11285202252934,-5.432515261941086,379.5013913126321
1391,SHORT,1787364120000,1787364600000,1.9640000000000002,1.978,1.944,1.978,21,13,8,0.5692,SL_HIT,-0.7128309572301319,-0.7528309572301318,-15.056619144602637,-5.7140079138411135,373.787383398791
1392,SHORT,1787364600000,1787365020000,1.975,1.987,1.957,1.987,19,11,7,0.6141,SL_HIT,-0.6075949367088612,-0.6475949367088613,-12.951898734177226,-4.841256337894218,368.9461270608968
1393,SHORT,1787365140000,1787365440000,2.04,2.059,2.01,2.059,31,18,5,0.6083,SL_HIT,-0.9313725490196141,-0.971372549019614,-19.42745098039228,-7.167682797881154,361.7784442630157
1394,SHORT,1787365440000,1787365500000,2.061,2.081,2.031,2.081,31,19,1,0.5995,SL_HIT,-0.970402717127609,-1.0104027171276089,-20.208054342552177,-7.310838461631006,354.46760580138465
1395,SHORT,1787365740000,1787365800000,2.12,2.147,2.078,2.147,43,26,1,0.6484,SL_HIT,-1.2735849056603628,-1.3135849056603626,-26.271698113207254,-9.31246593052533,345.15513987085933
1396,SHORT,1787365800000,1787366040000,2.138,2.094,2.094,2.166,45,27,4,0.706,TP_HIT,2.0579981290926117,2.0179981290926117,40.35996258185223,13.930448530121856,359.0855884009812
1397,SHORT,1787366160000,1787366460000,2.117,2.148,2.068,2.148,50,30,5,0.6096,SL_HIT,-1.4643363249881973,-1.5043363249881974,-30.086726499763948,-10.80370988822713,348.2818785127541
1398,SHORT,1787366460000,1787366700000,2.172,2.203,2.123,2.203,50,30,4,0.6583,SL_HIT,-1.4272559852670208,-1.4672559852670206,-29.345119705340416,-10.220373416157598,338.0615050965965
1399,SHORT,1787366700000,1787367300000,2.2070000000000003,2.197,2.155,2.24,53,32,10,0.6862,TIME_EXPIRY,0.4531037607612247,0.4131037607612247,8.262075215224494,2.7930895824800785,340.85459467907657
1400,SHORT,1787367300000,1787367780000,2.1950000000000003,2.224,2.15,2.224,46,28,8,0.5909,SL_HIT,-1.3211845102505655,-1.3611845102505655,-27.22369020501131,-9.279319890497877,331.57527478857867
1401,SHORT,1787367780000,1787368200000,2.218,2.245,2.176,2.245,43,26,7,0.5609,SL_HIT,-1.2173128944995553,-1.257312894499555,-25.1462578899911,-8.337877369778264,323.2373974188004
1402,SHORT,1787368200000,1787368800000,2.233,2.2399999999999998,2.192,2.259,42,25,10,0.6368,TIME_EXPIRY,-0.3134796238244367,-0.35347962382443676,-7.069592476488736,-2.2851566729117505,320.9522407458887
1403,SHORT,1787368860000,1787369040000,2.251,2.278,2.209,2.278,43,26,3,0.6336,SL_HIT,-1.1994669035984067,-1.2394669035984067,-24.789338071968135,-7.956193600805541,312.99604714508314
1404,SHORT,1787369040000,1787369160000,2.2800000000000002,2.308,2.236,2.308,45,27,2,0.6606,SL_HIT,-1.2280701754385779,-1.268070175438578,-25.361403508771556,-7.9380190482969395,305.0580280967862
1405,SHORT,1787369160000,1787369520000,2.307,2.335,2.262,2.335,46,27,6,0.5722,SL_HIT,-1.2136974425661042,-1.2536974425661043,-25.073948851322086,-7.649009393183993,297.4090187036022
1406,SHORT,1787369520000,1787369820000,2.329,2.284,2.284,2.357,46,27,5,0.7431,TP_HIT,1.932159725203966,1.892159725203966,37.843194504079314,11.254907342067781,308.66392604567
1407,SHORT,1787369940000,1787370240000,2.319,2.352,2.266,2.352,54,32,5,0.6605,SL_HIT,-1.4230271668822734,-1.4630271668822734,-29.260543337645466,-9.031674184827123,299.63225186084287
1408,SHORT,1787370240000,1787370420000,2.349,2.379,2.302,2.379,48,29,3,0.6952,SL_HIT,-1.2771392081736825,-1.3171392081736824,-26.34278416347365,-7.893147739185759,291.73910412165714
1409,SHORT,1787370420000,1787370480000,2.3810000000000002,2.415,2.328,2.415,54,33,1,0.7094,SL_HIT,-1.4279714405711803,-1.4679714405711803,-29.359428811423605,-8.565293458968291,283.1738106626888
1410,SHORT,1787370480000,1787370540000,2.402,2.439,2.343,2.439,60,36,1,0.6985,SL_HIT,-1.5403830141548676,-1.5803830141548676,-31.607660283097356,-8.9504616084964,274.2233490541924
1411,SHORT,1787370540000,1787370660000,2.452,2.493,2.387,2.493,66,40,2,0.6371,SL_HIT,-1.6721044045676967,-1.7121044045676967,-34.242088091353935,-9.389980075019755,264.83336897917263
1412,SHORT,1787370660000,1787370720000,2.4970000000000003,2.54,2.427,2.54,71,42,1,0.7189,SL_HIT,-1.7220664797757186,-1.7620664797757188,-35.24132959551437,-9.333080044085497,255.50028893508713
1413,SHORT,1787370720000,1787370840000,2.548,2.596,2.471,2.596,78,47,2,0.7122,SL_HIT,-1.8838304552590284,-1.9238304552590284,-38.47660910518057,-9.83078474361604,245.66950419147108
1414,SHORT,1787370840000,1787370900000,2.6020000000000003,2.66,2.508,2.66,95,57,1,0.6812,SL_HIT,-2.229054573405066,-2.269054573405066,-45.381091468101324,-11.148750240636252,234.52075395083483
1415,SHORT,1787370900000,1787371080000,2.646,2.709,2.543,2.709,104,62,3,0.7406,SL_HIT,-2.3809523809523876,-2.4209523809523876,-48.41904761904775,-11.355271553200453,223.16548239763438
1416,SHORT,1787371080000,1787371200000,2.682,2.751,2.57,2.751,113,68,2,0.657,SL_HIT,-2.572706935123041,-2.612706935123041,-52.254138702460814,-11.661320070807566,211.50416232682682
1417,SHORT,1787371200000,1787371260000,2.759,2.635,2.635,2.835,125,75,1,0.5759,TP_HIT,4.494382022471914,4.454382022471915,89.08764044943828,18.84240676693198,230.3465690937588
1418,SHORT,1787371260000,1787371440000,2.681,2.773,2.531,2.773,151,91,3,0.7189,SL_HIT,-3.4315553897799362,-3.471555389779936,-69.4311077955987,-15.993217469095097,214.3533516246637
1419,SHORT,1787371440000,1787371740000,2.7600000000000002,2.607,2.607,2.853,154,92,5,0.7106,TP_HIT,5.543478260869565,5.503478260869566,110.06956521739133,23.59378021621734,237.94713184088104
1420,SHORT,1787371920000,1787372520000,2.696,2.706,2.555,2.782,142,85,10,0.6452,TIME_EXPIRY,-0.3709198813056301,-0.41091988130563006,-8.218397626112601,-1.9555441434613992,235.99158769741965
1421,SHORT,1787372700000,1787373060000,2.694,2.743,2.614,2.743,81,48,6,0.5844,SL_HIT,-1.8188567186339992,-1.8588567186339993,-37.17713437267999,-8.773490966649064,227.21809673077058
1422,SHORT,1787373180000,1787373240000,2.786,2.838,2.703,2.838,84,51,1,0.6624,SL_HIT,-1.866475233309406,-1.906475233309406,-38.12950466618812,-8.663713479538302,218.55438325123228
1423,SHORT,1787373240000,1787373420000,2.814,2.87,2.723,2.87,92,55,3,0.6071,SL_HIT,-1.9900497512437827,-2.0300497512437827,-40.60099502487566,-8.873525427048051,209.68085782418422
1424,SHORT,1787373420000,1787373540000,2.894,2.951,2.802,2.951,93,56,2,0.6732,SL_HIT,-1.969592259847959,-2.009592259847959,-40.19184519695918,-8.42746057843522,201.253397245749
1425,SHORT,1787373540000,1787374020000,2.9490000000000003,3.013,2.845,3.013,105,63,8,0.6799,SL_HIT,-2.1702271956595323,-2.2102271956595323,-44.20454391319065,-8.896314636228514,192.3570826095205
1426,SHORT,1787374020000,1787374080000,3.0900000000000003,3.169,2.96,3.169,131,78,1,0.7214,SL_HIT,-2.556634304207111,-2.596634304207111,-51.93268608414222,-9.989619987221642,182.36746262229886
1427,SHORT,1787374080000,1787374200000,3.1590000000000003,3.245,3.018,3.245,142,85,2,0.7157,SL_HIT,-2.7223805001582733,-2.7623805001582733,-55.24761000316546,-10.075366452223621,172.29209617007524
1428,SHORT,1787374200000,1787374260000,3.335,3.141,3.141,3.453,195,117,1,0.7121,TP_HIT,5.8170914542728624,5.777091454272862,115.54182908545725,19.906943928457995,192.19904009853323
1429,SHORT,1787374260000,1787374620000,3.1910000000000003,3.33,2.963,3.33,229,138,6,0.6768,SL_HIT,-4.356001253525534,-4.396001253525533,-87.92002507051066,-16.898144423991127,175.30089567454212
1430,SHORT,1787374620000,1787374980000,3.277,3.396,3.082,3.396,196,118,6,0.7382,SL_HIT,-3.6313701556301425,-3.671370155630142,-73.42740311260285,-12.871889532694942,162.42900614184717
1431,SHORT,1787374980000,1787375160000,3.416,3.528,3.232,3.528,185,111,3,0.5522,SL_HIT,-3.2786885245901667,-3.3186885245901667,-66.37377049180333,-10.781025574870677,151.64798056697649
1432,SHORT,1787375160000,1787375280000,3.619,3.392,3.392,3.757,228,137,2,0.6213,TP_HIT,6.272450953302025,6.232450953302025,124.64901906604051,18.902772021019594,170.55075258799607
1433,SHORT,1787377080000,1787377680000,2.9890000000000003,3.042,2.803,3.102,187,112,10,0.6032,TIME_EXPIRY,-1.7731682837069083,-1.8131682837069083,-36.26336567413817,-6.184744307097969,164.36600828089811
1434,SHORT,1787377680000,1787378280000,3.04,3.024,2.894,3.129,147,88,10,0.7529,TIME_EXPIRY,0.5263157894736846,0.4863157894736846,9.726315789473693,1.598675701595263,165.96468398249337
1435,SHORT,1787378280000,1787378700000,3.0220000000000002,2.91,2.91,3.091,113,68,7,0.5929,TP_HIT,3.706154864328262,3.6661548643282624,73.32309728656526,12.169044669782421,178.13372865227578
1436,SHORT,1787379780000,1787380380000,2.939,2.9379999999999997,2.842,2.999,98,59,10,0.5878,TIME_EXPIRY,0.03402517863219918,-0.005974821367800821,-0.11949642735601643,-0.021286344165553014,178.11244230811022
1437,SHORT,1787380500000,1787380620000,2.967,3.015,2.89,3.015,78,47,2,0.7627,SL_HIT,-1.617795753286149,-1.6577957532861491,-33.155915065722986,-5.905481009316189,172.20696129879403
1438,SHORT,1787380620000,1787380860000,3.0100000000000002,3.068,2.916,3.068,95,57,4,0.7505,SL_HIT,-1.9269102990033162,-1.9669102990033165,-39.33820598006633,-6.77431291477327,165.43264838402075
1439,SHORT,1787380860000,1787381460000,3.04,3.029,2.949,3.096,92,55,10,0.7955,TIME_EXPIRY,0.3618421052631619,0.32184210526316187,6.436842105263238,1.0648638367034733,166.49751222072422
1440,SHORT,1787381460000,1787381820000,3.027,2.956,2.956,3.071,72,43,6,0.619,TP_HIT,2.3455566567558694,2.3055566567558694,46.111133135117385,7.677388952675648,174.17490117339986
1441,SHORT,1787381820000,1787382180000,2.966,3.012,2.892,3.012,75,45,6,0.7004,SL_HIT,-1.5509103169251455,-1.5909103169251453,-31.818206338502907,-5.541932944523589,168.63296822887628
1442,SHORT,1787382180000,1787382540000,2.995,2.927,2.927,3.038,69,42,6,0.5833,TP_HIT,2.270450751252089,2.230450751252089,44.60901502504178,7.522550613439336,176.15551884231562
1443,SHORT,1787383980000,1787384040000,2.976,2.923,2.923,3.01,54,33,1,0.6548,TP_HIT,1.7809139784946213,1.7409139784946213,34.818279569892425,6.133432102831198,182.2889509451468
1444,SHORT,1787386320000,1787386920000,2.8480000000000003,2.8289999999999997,2.802,2.877,47,28,10,0.5607,TIME_EXPIRY,0.6671348314606942,0.6271348314606942,12.542696629213884,2.286395010562628,184.57534595570942
1445,SHORT,1787388180000,1787388780000,2.785,2.737,2.706,2.834,80,48,10,0.5571,TIME_EXPIRY,1.7235188509874342,1.6835188509874341,33.670377019748685,6.214721486879282,190.7900674425887
1446,SHORT,1787397300000,1787397840000,2.6990000000000003,2.639,2.639,2.736,61,36,9,0.5621,TP_HIT,2.223045572434253,2.183045572434253,43.660911448685056,8.330068239899516,199.1201356824882
1447,SHORT,1787398680000,1787398740000,2.722,2.756,2.668,2.756,55,33,1,0.7062,SL_HIT,-1.2490815576781709,-1.2890815576781707,-25.781631153563417,-5.133641893413413,193.98649378907479
1448,SHORT,1787398740000,1787399340000,2.7470000000000003,2.73,2.686,2.785,62,37,10,0.6069,TIME_EXPIRY,0.6188569348380177,0.5788569348380177,11.577138696760352,2.2458085438943596,196.23230233296914
1449,SHORT,1787399340000,1787399460000,2.728,2.685,2.685,2.756,44,27,2,0.6441,TP_HIT,1.5762463343108557,1.5362463343108557,30.724926686217113,6.029223102648069,202.26152543561722
1450,SHORT,1787399760000,1787399820000,2.6830000000000003,2.708,2.644,2.708,40,24,1,0.558,SL_HIT,-0.9317927692881068,-0.9717927692881068,-19.435855385762135,-3.9311257584703063,198.33039967714691
1451,SHORT,1787399820000,1787400000000,2.696,2.655,2.655,2.722,42,25,3,0.5879,TP_HIT,1.5207715133531294,1.4807715133531294,29.615430267062585,5.873640121477197,204.2040397986241
1452,SHORT,1787405880000,1787406180000,2.5100000000000002,2.543,2.458,2.543,53,32,5,0.5914,SL_HIT,-1.3147410358565703,-1.3547410358565704,-27.094820717131405,-5.532871848057687,198.67116795056643
1453,SHORT,1787414040000,1787414100000,2.419,2.439,2.388,2.439,32,19,1,0.5714,SL_HIT,-0.8267879288962388,-0.8667879288962387,-17.33575857792477,-3.4441154039853656,195.22705254658106
1454,SHORT,1787414400000,1787414460000,2.44,2.462,2.405,2.462,36,21,1,0.5521,SL_HIT,-0.9016393442623051,-0.941639344262305,-18.8327868852461,-3.6766694748445032,191.55038307173655
1455,SHORT,1787414760000,1787415240000,2.459,2.486,2.416,2.486,44,26,8,0.5966,SL_HIT,-1.0980073200488059,-1.1380073200488057,-22.760146400976115,-4.359714761875781,187.19066830986077
1456,SHORT,1787415300000,1787415360000,2.4850000000000003,2.511,2.444,2.511,42,25,1,0.5767,SL_HIT,-1.0462776659959676,-1.0862776659959676,-21.725553319919353,-4.066820845357218,183.12384746450354
1457,SHORT,1787415360000,1787415540000,2.505,2.535,2.458,2.535,48,29,3,0.559,SL_HIT,-1.1976047904191716,-1.2376047904191716,-24.75209580838343,-4.532699017241185,178.59114844726236
1458,SHORT,1787415540000,1787416080000,2.5300000000000002,2.564,2.477,2.564,54,33,9,0.6628,SL_HIT,-1.3438735177865535,-1.3838735177865535,-27.67747035573107,-4.942951216945071,173.6481972303173
1459,SHORT,1787416080000,1787416680000,2.569,2.589,2.522,2.599,48,29,10,0.668,TIME_EXPIRY,-0.7785130400934223,-0.8185130400934222,-16.370260801868444,-2.8426662764345836,170.8055309538827
1460,SHORT,1787416680000,1787417280000,2.587,2.556,2.544,2.614,44,26,10,0.7854,TIME_EXPIRY,1.1982991882489422,1.1582991882489422,23.165983764978844,3.956878157046239,174.76240911092896
1461,SHORT,1787417280000,1787417400000,2.5540000000000003,2.582,2.51,2.582,45,27,2,0.5632,SL_HIT,-1.0963194988253555,-1.1363194988253553,-22.726389976507107,-3.971718662688851,170.7906904482401
1462,SHORT,1787417400000,1787417700000,2.58,2.535,2.535,2.609,46,28,5,0.6397,TP_HIT,1.744186046511625,1.704186046511625,34.083720930232495,5.821182230719541,176.61187267895963
1463,SHORT,1787417820000,1787417880000,2.5460000000000003,2.573,2.504,2.573,43,26,1,0.5657,SL_HIT,-1.0604870384917395,-1.1004870384917396,-22.00974076983479,-3.887181534538969,172.72469114442066
1464,SHORT,1787417880000,1787418480000,2.568,2.569,2.525,2.595,44,26,10,0.6444,TIME_EXPIRY,-0.03894080996884306,-0.07894080996884306,-1.578816199376861,-0.2727005404111764,172.4519906040095
1465,SHORT,1787418480000,1787418660000,2.567,2.589,2.533,2.589,35,21,3,0.6428,SL_HIT,-0.8570315543435838,-0.8970315543435837,-17.940631086871676,-3.0938975436231946,169.3580930603863
1466,SHORT,1787418660000,1787419260000,2.584,2.592,2.549,2.607,36,22,10,0.7079,TIME_EXPIRY,-0.30959752321981454,-0.3495975232198145,-6.99195046439629,-1.1841433974228384,168.17394966296345
1467,SHORT,1787419260000,1787419680000,2.5900000000000003,2.555,2.555,2.613,36,22,7,0.659,TP_HIT,1.3513513513513566,1.3113513513513566,26.227027027027134,4.4107027230524425,172.5846523860159
1468,SHORT,1787419800000,1787419920000,2.576,2.601,2.538,2.601,39,24,2,0.6093,SL_HIT,-0.9704968944099344,-1.0104968944099342,-20.209937888198688,-3.4879251051777427,169.09672728083817
1469,SHORT,1787419920000,1787420040000,2.5980000000000003,2.622,2.56,2.622,39,23,2,0.6635,SL_HIT,-0.9237875288683439,-0.9637875288683438,-19.27575057736688,-3.259466338514466,165.8372609423237
1470,SHORT,1787420040000,1787420640000,2.615,2.578,2.578,2.639,38,23,10,0.6374,TP_HIT,1.4149139579350043,1.3749139579350045,27.49827915870009,4.560239296306209,170.3975002386299
1471,SHORT,1787420640000,1787421240000,2.587,2.5709999999999997,2.556,2.607,32,19,10,0.6208,TIME_EXPIRY,0.6184770003865658,0.5784770003865658,11.569540007731316,1.971420696228235,172.36892093485812
1472,SHORT,1787421420000,1787422020000,2.573,2.581,2.547,2.59,27,16,10,0.5535,TIME_EXPIRY,-0.31092110376991866,-0.3509211037699187,-7.018422075398374,-1.2097578398018054,171.15916309505633
1473,SHORT,1787422020000,1787422320000,2.579,2.594,2.557,2.594,23,14,5,0.6065,SL_HIT,-0.581620783249309,-0.621620783249309,-12.43241566498618,-2.127921860468903,169.0312412345874
1474,SHORT,1787422320000,1787422920000,2.5900000000000003,2.589,2.564,2.607,27,16,10,0.6502,TIME_EXPIRY,0.0386100386100515,-0.001389961389948501,-0.027799227798970018,-0.00469893798022295,169.02654229660718
1475,SHORT,1787422920000,1787423100000,2.587,2.567,2.567,2.601,21,13,3,0.6218,TP_HIT,0.7730962504831858,0.7330962504831857,14.661925009663715,2.4782544877956068,171.50479678440277
1476,SHORT,1787423100000,1787423640000,2.576,2.59,2.555,2.59,22,13,9,0.6703,SL_HIT,-0.5434782608695571,-0.5834782608695571,-11.66956521739114,-2.0013864111710027,169.50341037323176
1477,SHORT,1787423640000,1787424120000,2.588,2.566,2.566,2.603,23,14,8,0.6394,TP_HIT,0.8500772797527142,0.8100772797527143,16.201545595054284,2.746217231679112,172.24962760491087
1478,SHORT,1787424120000,1787424300000,2.572,2.551,2.551,2.586,22,13,3,0.5629,TP_HIT,0.8164852255054397,0.7764852255054396,15.529704510108791,2.674985818680544,174.9246134235914
1479,SHORT,1787426100000,1787426280000,2.4570000000000003,2.474,2.431,2.474,27,16,3,0.5543,SL_HIT,-0.6919006919006879,-0.731900691900688,-14.638013838013759,-2.5605489119037386,172.36406451168767
1480,SHORT,1787427240000,1787427480000,2.458,2.473,2.436,2.473,23,14,4,0.6108,SL_HIT,-0.6102522375915248,-0.6502522375915248,-13.005044751830496,-2.241602372581897,170.12246213910578
1481,SHORT,1787427540000,1787427600000,2.463,2.476,2.444,2.476,20,12,1,0.5551,SL_HIT,-0.5278116118554568,-0.5678116118554568,-11.356232237109134,-1.9319501888004915,168.19051195030528
1482,SHORT,1787427600000,1787427660000,2.478,2.492,2.457,2.492,22,13,1,0.6028,SL_HIT,-0.5649717514124208,-0.6049717514124209,-12.099435028248418,-2.035010171710558,166.15550177859473
1483,SHORT,1787427660000,1787427840000,2.486,2.504,2.459,2.504,28,17,3,0.6628,SL_HIT,-0.724054706355583,-0.764054706355583,-15.281094127111661,-2.539037862416175,163.61646391617856
1484,SHORT,1787427840000,1787428020000,2.5060000000000002,2.524,2.478,2.524,29,17,3,0.5995,SL_HIT,-0.7182761372705424,-0.7582761372705424,-15.165522745410847,-2.4813292050444993,161.13513471113407
1485,SHORT,1787428020000,1787428620000,2.527,2.5109999999999997,2.497,2.547,31,19,10,0.6086,TIME_EXPIRY,0.6331618519984352,0.5931618519984352,11.863237039968705,1.9115842985454727,163.04671900967955
1486,SHORT,1787428620000,1787428740000,2.509,2.487,2.487,2.524,23,14,2,0.6994,TP_HIT,0.876843363889988,0.836843363889988,16.73686727779976,2.728891296145718,165.77561030582527
1487,SHORT,1787428740000,1787429160000,2.484,2.5,2.459,2.5,26,15,7,0.6269,SL_HIT,-0.6441223832528187,-0.6841223832528187,-13.682447665056374,-2.2682161121522344,163.50739419367304
1488,SHORT,1787429160000,1787429760000,2.5060000000000002,2.489,2.48,2.523,27,16,10,0.5858,TIME_EXPIRY,0.6783719074222005,0.6383719074222005,12.767438148444011,2.087570542180974,165.594964735854
1489,SHORT,1787430540000,1787430840000,2.496,2.477,2.477,2.509,20,12,5,0.5504,TP_HIT,0.7612179487179538,0.7212179487179537,14.424358974359075,2.3886012156962906,167.9835659515503
1490,SHORT,1787431380000,1787431680000,2.476,2.459,2.459,2.488,18,11,5,0.5764,TP_HIT,0.6865912762520155,0.6465912762520155,12.931825525040312,2.1723341659595508,170.15590011750984
1491,SHORT,1787434080000,1787434200000,2.459,2.44,2.44,2.472,20,12,2,0.5678,TP_HIT,0.7726718178121239,0.732671817812124,14.653436356242477,2.4933686530110823,172.64926877052093
1492,SHORT,1787435820000,1787436000000,2.2720000000000002,2.294,2.238,2.294,35,21,3,0.5646,SL_HIT,-0.9683098591549205,-1.0083098591549204,-20.166197183098408,-3.4816791975440795,169.16758957297685
1493,SHORT,1787437620000,1787437740000,2.319,2.336,2.293,2.336,27,16,2,0.5666,SL_HIT,-0.7330746011211687,-0.7730746011211688,-15.461492022423377,-2.6155833366351735,166.55200623634167
1494,SHORT,1787441400000,1787441940000,2.371,2.385,2.35,2.385,22,13,9,0.6289,SL_HIT,-0.5904681568958157,-0.6304681568958157,-12.609363137916313,-2.1001147279825347,164.45189150835913
1495,SHORT,1787442840000,1787443140000,2.411,2.383,2.383,2.429,29,17,5,0.6107,TP_HIT,1.1613438407299885,1.1213438407299885,22.426876814599773,3.6881423127858963,168.140033821145
1496,SHORT,1787444040000,1787444220000,2.398,2.421,2.363,2.421,36,22,3,0.6081,SL_HIT,-0.9591326105087443,-0.9991326105087442,-19.982652210174884,-3.3598838184549833,164.78015000269002
1497,SHORT,1787444280000,1787444880000,2.4050000000000002,2.405,2.368,2.429,38,23,10,0.5923,TIME_EXPIRY,1.846524781081341e-14,-0.039999999999981536,-0.7999999999996307,-0.13182412000209118,164.64832588268794
1498,SHORT,1787444880000,1787445060000,2.403,2.422,2.374,2.422,30,18,3,0.5653,SL_HIT,-0.7906783187682117,-0.8306783187682116,-16.613566375364233,-2.735395890644637,161.9129299920433
1499,SHORT,1787445060000,1787445120000,2.423,2.442,2.394,2.442,30,18,1,0.611,SL_HIT,-0.784151877837397,-0.824151877837397,-16.483037556747938,-2.6688169059819495,159.24411308606136
1500,SHORT,1787445120000,1787445600000,2.438,2.403,2.403,2.461,36,22,8,0.6751,TP_HIT,1.4356029532403667,1.3956029532403669,27.912059064807337,4.444831090181004,163.68894417624236
1501,SHORT,1787445660000,1787445900000,2.408,2.374,2.374,2.43,35,21,4,0.6099,TP_HIT,1.4119601328903575,1.3719601328903577,27.43920265780715,4.491494112094395,168.18043828833675
1502,SHORT,1787445900000,1787445960000,2.375,2.336,2.336,2.4,40,24,1,0.5547,TP_HIT,1.642105263157901,1.602105263157901,32.042105263158014,5.388855306838938,173.56929359517568
1503,SHORT,1787446320000,1787446560000,2.402,2.428,2.361,2.428,42,25,4,0.6658,SL_HIT,-1.0824313072439549,-1.122431307243955,-22.448626144879096,-3.896392182148857,169.67290141302684
1504,SHORT,1787446560000,1787447040000,2.419,2.38,2.38,2.444,40,24,8,0.6239,TP_HIT,1.6122364613476703,1.5722364613476703,31.444729226953406,5.335318442084189,175.00821985511104
1505,SHORT,1787450040000,1787450220000,2.361,2.334,2.334,2.379,28,17,3,0.617,TP_HIT,1.1435832274460032,1.1035832274460031,22.071664548920065,3.862722721945663,178.8709425770567
1506,SHORT,1787457000000,1787457360000,2.25,2.267,2.224,2.267,27,16,6,0.5812,SL_HIT,-0.7555555555555513,-0.7955555555555512,-15.911111111111026,-2.846035441892709,176.024907135164
1507,SHORT,1787457360000,1787457600000,2.2640000000000002,2.279,2.242,2.279,23,14,4,0.5974,SL_HIT,-0.6625441696112933,-0.7025441696112933,-14.050883392225867,-2.473305444283576,173.55160169088043
1508,SHORT,1787458320000,1787458440000,2.27,2.286,2.246,2.286,25,15,2,0.577,SL_HIT,-0.7048458149779742,-0.7448458149779742,-14.896916299559484,-2.5853836840435322,170.9662180068369
1509,SHORT,1787459940000,1787460540000,2.269,2.2479999999999998,2.243,2.286,27,16,10,0.557,TIME_EXPIRY,0.9255178492728229,0.885517849272823,17.71035698545646,3.0278727533544556,173.99409076019134
1510,SHORT,1787461860000,1787461980000,2.279,2.296,2.253,2.296,27,16,2,0.5953,SL_HIT,-0.7459412022816982,-0.7859412022816983,-15.718824045633964,-2.7349824976395145,171.25910826255182
1511,SHORT,1787461980000,1787462160000,2.294,2.268,2.268,2.311,27,16,3,0.6653,TP_HIT,1.1333914559721117,1.0933914559721118,21.867829119442238,3.7450649146335415,175.00417317718535
1512,SHORT,1787462580000,1787462640000,2.376,2.408,2.325,2.408,52,31,1,0.591,SL_HIT,-1.3468013468013482,-1.386801346801348,-27.73602693602696,-4.8539204611595395,170.15025271602582
1513,SHORT,1787462760000,1787463180000,2.414,2.356,2.356,2.45,59,35,7,0.5764,TP_HIT,2.402651201325612,2.362651201325612,47.253024026512236,8.040113979707497,178.1903666957333
1514,SHORT,1787463540000,1787463720000,2.3400000000000003,2.366,2.299,2.366,42,25,3,0.565,SL_HIT,-1.1111111111111025,-1.1511111111111023,-23.022222222222048,-4.1023382199284075,174.0880284758049
1515,SHORT,1787463720000,1787464320000,2.363,2.367,2.323,2.388,41,24,10,0.5918,TIME_EXPIRY,-0.16927634363097774,-0.20927634363097775,-4.185526872619555,-0.7286501213868397,173.35937835441806
1516,SHORT,1787464320000,1787464500000,2.365,2.384,2.336,2.384,30,18,3,0.5954,SL_HIT,-0.8033826638477668,-0.8433826638477667,-16.867653276955334,-2.9241658863908393,170.4352124680272
1517,SHORT,1787464560000,1787464980000,2.379,2.399,2.349,2.399,31,19,7,0.5969,SL_HIT,-0.8406893652795299,-0.8806893652795298,-17.6137873055906,-3.002009581794974,167.43320288623224
1518,SHORT,1787464980000,1787465580000,2.3890000000000002,2.412,2.353,2.412,37,22,10,0.624,SL_HIT,-0.9627459187944615,-1.0027459187944614,-20.054918375889226,-3.3578592172970883,164.07534366893515
1519,SHORT,1787465580000,1787465640000,2.422,2.445,2.386,2.445,37,22,1,0.6798,SL_HIT,-0.9496284062757921,-0.9896284062757921,-19.792568125515842,-3.2474724172848233,160.82787125165032
1520,SHORT,1787465640000,1787465700000,2.458,2.487,2.413,2.487,46,28,1,0.6878,SL_HIT,-1.1798209926769696,-1.2198209926769696,-24.396419853539392,-3.9236242712062395,156.90424698044407
1521,SHORT,1787465700000,1787466240000,2.46,2.492,2.409,2.492,52,31,9,0.7307,SL_HIT,-1.3008130081300826,-1.3408130081300824,-26.816260162601647,-4.207585107644692,152.69666187279938
1522,SHORT,1787466300000,1787466540000,2.466,2.422,2.422,2.494,45,27,4,0.5705,TP_HIT,1.7842660178426617,1.7442660178426617,34.885320356853235,5.3268719668547035,158.02353383965408
1523,SHORT,1787466780000,1787467380000,2.486,2.4739999999999998,2.437,2.517,50,30,10,0.5547,TIME_EXPIRY,0.4827031375704125,0.44270313757041246,8.85406275140825,1.3991502848155823,159.42268412446967
1524,SHORT,1787467380000,1787467980000,2.472,2.4619999999999997,2.438,2.494,35,21,10,0.7032,TIME_EXPIRY,0.40453074433657893,0.3645307443365789,7.290614886731578,1.1622893941605645,160.58497351863022
1525,SHORT,1787468040000,1787468280000,2.4730000000000003,2.443,2.443,2.493,31,19,4,0.6661,TP_HIT,1.2131014961585218,1.173101496158522,23.462029923170437,3.7676494539056344,164.35262297253587
1526,SHORT,1787468340000,1787468700000,2.4690000000000003,2.494,2.431,2.494,39,24,6,0.5835,SL_HIT,-1.0125556905629771,-1.0525556905629772,-21.05111381125954,-3.459805771373882,160.892817201162
1527,SHORT,1787468700000,1787469000000,2.529,2.556,2.486,2.556,44,26,5,0.5704,SL_HIT,-1.0676156583629948,-1.1076156583629946,-22.152313167259894,-3.56414807300284,157.32866912815916
1528,SHORT,1787469000000,1787469600000,2.549,2.518,2.5,2.58,50,30,10,0.6187,TIME_EXPIRY,1.2161632012553998,1.1761632012554,23.523264025108,3.700883822620546,161.0295529507797
1529,SHORT,1787469660000,1787470260000,2.5020000000000002,2.46,2.46,2.529,43,26,10,0.5619,TP_HIT,1.678657074340538,1.6386570743405378,32.77314148681076,5.277444322413789,166.3069972731935
1530,SHORT,1787471940000,1787472060000,2.459,2.433,2.433,2.476,27,16,2,0.5979,TP_HIT,1.057340382269225,1.0173403822692253,20.346807645384505,3.383816483599153,169.69081375679266
1531,SHORT,1787472060000,1787472120000,2.444,2.463,2.415,2.463,30,18,1,0.5591,SL_HIT,-0.777414075286421,-0.817414075286421,-16.34828150572842,-2.7741531922321796,166.9166605645605
1532,SHORT,1787472360000,1787472600000,2.488,2.511,2.453,2.511,36,22,4,0.5741,SL_HIT,-0.9244372990353751,-0.964437299035375,-19.2887459807075,-3.2196130655777844,163.6970474989827
1533,SHORT,1787472600000,1787472720000,2.519,2.543,2.482,2.543,38,23,2,0.6928,SL_HIT,-0.9527590313616522,-0.9927590313616521,-19.855180627233043,-3.250234446237049,160.44681305274565
1534,SHORT,1787472720000,1787473020000,2.536,2.497,2.497,2.561,40,24,5,0.6975,TP_HIT,1.5378548895899111,1.497854889589911,29.95709779179822,4.806520869003469,165.25333392174912
1535,SHORT,1787473020000,1787473620000,2.512,2.518,2.473,2.537,40,24,10,0.6824,TIME_EXPIRY,-0.23885350318470475,-0.27885350318470475,-5.577070063694095,-0.9216294215406309,164.33170450020847
1536,SHORT,1787473620000,1787473860000,2.516,2.49,2.49,2.533,27,16,4,0.5757,TP_HIT,1.0333863275039668,0.9933863275039667,19.867726550079333,3.264897368518584,167.59660186872705
1537,SHORT,1787473860000,1787474340000,2.4930000000000003,2.51,2.467,2.51,27,16,8,0.6099,SL_HIT,-0.6819093461692521,-0.7219093461692522,-14.438186923385043,-2.4197910655048243,165.17681080322222
1538,SHORT,1787474340000,1787474460000,2.513,2.531,2.486,2.531,28,17,2,0.6207,SL_HIT,-0.7162753680859626,-0.7562753680859626,-15.12550736171925,-2.4983830677894456,162.6784277354328
1539,SHORT,1787474460000,1787474820000,2.5220000000000002,2.494,2.494,2.54,29,17,6,0.6292,TP_HIT,1.1102299762093586,1.0702299762093586,21.404599524187173,3.482066596901362,166.16049433233417
1540,SHORT,1787475180000,1787475420000,2.505,2.481,2.481,2.521,25,15,4,0.5629,TP_HIT,0.9580838323353302,0.9180838323353303,18.361676646706606,3.0509852683872456,169.21147960072142
1541,SHORT,1787476740000,1787477340000,2.491,2.48,2.47,2.505,22,13,10,0.5585,TIME_EXPIRY,0.44158972300281496,0.4015897230028149,8.031794460056298,1.359071824435004,170.57055142515642
1542,SHORT,1787479020000,1787479620000,2.455,2.469,2.435,2.469,21,13,10,0.6205,SL_HIT,-0.5702647657841055,-0.6102647657841055,-12.205295315682111,-2.0818639523027764,168.48868747285366
1543,SHORT,1787479920000,1787480460000,2.47,2.485,2.448,2.485,23,14,9,0.5794,SL_HIT,-0.6072874493926995,-0.6472874493926996,-12.945748987853992,-2.181212255316543,166.3074752175371
1544,SHORT,1787480640000,1787481000000,2.475,2.489,2.454,2.489,22,13,6,0.599,SL_HIT,-0.5656565656565572,-0.6056565656565571,-12.113131313131143,-2.0145042856653306,164.29297093187176
1545,SHORT,1787481180000,1787481420000,2.503,2.482,2.482,2.517,22,13,4,0.5584,TP_HIT,0.838993208150216,0.7989932081502161,15.97986416300432,2.625379358427728,166.9183502902995
1546,SHORT,1787481660000,1787482260000,2.488,2.4819999999999998,2.467,2.502,22,13,10,0.5777,TIME_EXPIRY,0.2411575562701056,0.20115755627010556,4.023151125402111,0.6715377488206823,167.58988803912015
1547,SHORT,1787482380000,1787482440000,2.4850000000000003,2.497,2.468,2.497,18,11,1,0.569,SL_HIT,-0.48289738430581747,-0.5228973843058174,-10.45794768611635,-1.7526462818352149,165.83724175728494
1548,SHORT,1787482680000,1787483220000,2.476,2.488,2.459,2.488,18,11,9,0.6073,SL_HIT,-0.48465266558966114,-0.5246526655896612,-10.493053311793224,-1.7401390188399324,164.09710273844502
1549,SHORT,1787483400000,1787483880000,2.4890000000000003,2.502,2.47,2.502,20,12,8,0.5906,SL_HIT,-0.5222981116914205,-0.5622981116914205,-11.245962233828411,-1.8454298200772135,162.2516729183678
1550,SHORT,1787483880000,1787484060000,2.499,2.512,2.48,2.512,20,12,3,0.5921,SL_HIT,-0.5202080832332893,-0.5602080832332893,-11.204161664665786,-1.8178939737398685,160.43377894462793
1551,SHORT,1787484120000,1787484240000,2.5340000000000003,2.552,2.507,2.552,28,17,2,0.5753,SL_HIT,-0.7103393843725253,-0.7503393843725253,-15.006787687450506,-2.407595658517399,158.02618328611052
1552,SHORT,1787484240000,1787484360000,2.552,2.571,2.523,2.571,30,18,2,0.5847,SL_HIT,-0.7445141065830772,-0.7845141065830772,-15.690282131661542,-2.4794753999487322,155.54670788616178
1553,SHORT,1787484900000,1787485500000,2.577,2.562,2.54,2.601,38,23,10,0.6271,TIME_EXPIRY,0.5820721769499466,0.5420721769499466,10.841443538998933,1.686350851224983,157.23305873738676
1554,SHORT,1787485620000,1787486220000,2.552,2.558,2.524,2.57,29,17,10,0.5698,TIME_EXPIRY,-0.23510971786833007,-0.2751097178683301,-5.502194357366602,-0.8651268485763409,156.3679318888104
1555,SHORT,1787486340000,1787486460000,2.5580000000000003,2.539,2.539,2.571,20,12,2,0.594,TP_HIT,0.7427677873338595,0.7027677873338595,14.05535574667719,2.197806910069419,158.56573879887983
1556,SHORT,1787486460000,1787486520000,2.5460000000000003,2.562,2.522,2.562,25,15,1,0.5542,SL_HIT,-0.6284367635506507,-0.6684367635506507,-13.368735271013016,-2.119823385054822,156.44591541382502
1557,SHORT,1787486520000,1787486760000,2.56,2.535,2.535,2.576,26,15,4,0.5734,TP_HIT,0.9765624999999966,0.9365624999999966,18.731249999999932,2.9304275530951998,159.37634296692022
1558,SHORT,1787486940000,1787487540000,2.5660000000000003,2.5669999999999997,2.54,2.583,27,16,10,0.6131,TIME_EXPIRY,-0.03897116134058635,-0.07897116134058635,-1.579423226811727,-0.2517226978862656,159.12462026903395
1559,SHORT,1787487540000,1787487660000,2.565,2.581,2.541,2.581,25,15,2,0.5508,SL_HIT,-0.623781676413256,-0.6637816764132559,-13.275633528265118,-2.1124801440160423,157.0121401250179
1560,SHORT,1787488320000,1787488380000,2.576,2.591,2.554,2.591,23,14,1,0.5673,SL_HIT,-0.5822981366459675,-0.6222981366459676,-12.445962732919352,-1.9541672446118843,155.05797288040603
1561,SHORT,1787488380000,1787488980000,2.5860000000000003,2.586,2.563,2.601,24,14,10,0.6663,TIME_EXPIRY,1.7172823273397626e-14,-0.03999999999998283,-0.7999999999996565,-0.12404637830427158,154.93392650210174
1562,SHORT,1787489040000,1787489160000,2.585,2.599,2.565,2.599,21,13,2,0.5714,SL_HIT,-0.5415860735009762,-0.5815860735009762,-11.631721470019524,-1.8021482793289239,153.13177822277282
1563,SHORT,1787489160000,1787489220000,2.6,2.616,2.576,2.616,25,15,1,0.6106,SL_HIT,-0.6153846153846159,-0.6553846153846159,-13.107692307692318,-2.007204231473885,151.12457399129894
1564,SHORT,1787489220000,1787489820000,2.607,2.612,2.58,2.625,28,17,10,0.596,TIME_EXPIRY,-0.19179133103183324,-0.23179133103183328,-4.635826620636665,-0.7005873231412391,150.4239866681577
1565,SHORT,1787489820000,1787489880000,2.6100000000000003,2.627,2.584,2.627,27,16,1,0.6955,SL_HIT,-0.6513409961685616,-0.6913409961685616,-13.826819923371234,-2.079885375816212,148.3441012923415
1566,SHORT,1787489940000,1787490480000,2.617,2.587,2.587,2.637,31,19,9,0.6403,TP_HIT,1.1463507833396944,1.1063507833396946,22.12701566679389,3.2824122533721005,151.62651354571358
1567,SHORT,1787491020000,1787491080000,2.601,2.618,2.575,2.618,27,16,1,0.5885,SL_HIT,-0.6535947712418264,-0.6935947712418263,-13.871895424836527,-2.1033471395386982,149.52316640617488
1568,SHORT,1787491080000,1787491140000,2.626,2.646,2.595,2.646,32,19,1,0.5846,SL_HIT,-0.7616146230007623,-0.8016146230007622,-16.032292460015245,-2.3971991333713225,147.12596727280356
1569,SHORT,1787491140000,1787491200000,2.706,2.738,2.656,2.738,51,31,1,0.6402,SL_HIT,-1.1825572801182567,-1.2225572801182567,-24.451145602365134,-3.5973984476761274,143.52856882512742
1570,SHORT,1787491200000,1787491620000,2.705,2.74,2.65,2.74,56,34,7,0.6464,SL_HIT,-1.2939001848428888,-1.3339001848428889,-26.67800369685778,-3.8290556897214554,139.69951313540597
1571,SHORT,1787491620000,1787492220000,2.729,2.706,2.673,2.764,57,34,10,0.701,TIME_EXPIRY,0.8427995602784951,0.8027995602784952,16.055991205569903,2.2430141543244755,141.94252728973044
1572,SHORT,1787492220000,1787492520000,2.704,2.732,2.66,2.732,45,27,5,0.7237,SL_HIT,-1.0355029585798825,-1.0755029585798823,-21.510059171597646,-3.0531921609682158,138.8893351287622
1573,SHORT,1787492520000,1787493120000,2.71,2.707,2.66,2.741,51,30,10,0.6462,TIME_EXPIRY,0.11070110701107432,0.07070110701107432,1.4140221402214863,0.1963925949127116,139.08572772367492
1574,SHORT,1787493120000,1787493720000,2.705,2.728,2.67,2.728,36,22,10,0.5895,SL_HIT,-0.8502772643253282,-0.8902772643253282,-17.805545286506565,-2.476497223690615,136.6092304999843
1575,SHORT,1787493720000,1787493900000,2.724,2.746,2.691,2.746,34,21,3,0.7143,SL_HIT,-0.807635829662254,-0.8476358296622539,-16.952716593245075,-2.315897568687525,134.2933329312968
1576,SHORT,1787493900000,1787494140000,2.736,2.697,2.697,2.761,40,24,4,0.673,TP_HIT,1.4254385964912333,1.3854385964912335,27.70877192982467,3.721103333889316,138.0144362651861
1577,SHORT,1787494140000,1787494380000,2.7030000000000003,2.726,2.667,2.726,37,22,4,0.628,SL_HIT,-0.8509064002959558,-0.8909064002959557,-17.818128005919114,-2.4591588920378515,135.55527737314824
1578,SHORT,1787494380000,1787494560000,2.725,2.746,2.693,2.746,33,20,3,0.6902,SL_HIT,-0.770642201834859,-0.810642201834859,-16.21284403669718,-2.197736570402079,133.35754080274617
1579,SHORT,1787494560000,1787494620000,2.7760000000000002,2.802,2.736,2.802,41,25,1,0.7316,SL_HIT,-0.9365994236311168,-0.9765994236311167,-19.531988472622334,-2.604737949696501,130.75280285304967
1580,SHORT,1787494620000,1787494800000,2.795,2.825,2.748,2.825,48,29,3,0.6966,SL_HIT,-1.07334525939178,-1.1133452593917799,-22.266905187835597,-2.911460264172617,127.84134258887705
1581,SHORT,1787494800000,1787494860000,2.83,2.861,2.78,2.861,51,30,1,0.6836,SL_HIT,-1.0954063604240332,-1.135406360424033,-22.70812720848066,-2.9030374700111765,124.93830511886588
1582,SHORT,1787494860000,1787494920000,2.85,2.884,2.795,2.884,56,33,1,0.6685,SL_HIT,-1.1929824561403441,-1.232982456140344,-24.659649122806883,-3.08093476622942,121.85737035263647
1583,SHORT,1787494920000,1787495100000,2.869,2.906,2.81,2.906,60,36,3,0.7269,SL_HIT,-1.2896479609620048,-1.3296479609620047,-26.592959219240093,-3.2405480803514983,118.61682227228496
1584,SHORT,1787495100000,1787495700000,2.9,2.907,2.82,2.949,81,48,10,0.8021,TIME_EXPIRY,-0.24137931034483162,-0.28137931034483166,-5.627586206896633,-0.6675263929254203,117.94929587935954
1585,SHORT,1787495700000,1787495940000,2.9050000000000002,2.842,2.842,2.944,64,38,4,0.6971,TP_HIT,2.1686746987951864,2.1286746987951863,42.57349397590372,5.021513637581998,122.97080951694154
1586,SHORT,1787495940000,1787496120000,2.8280000000000003,2.761,2.761,2.87,68,41,3,0.615,TP_HIT,2.369165487977375,2.3291654879773747,46.5833097595475,5.72838731111,128.69919682805156
1587,SHORT,1787497920000,1787498040000,2.732,2.693,2.693,2.757,40,24,2,0.5622,TP_HIT,1.4275256222547636,1.3875256222547638,27.750512445095275,3.571468663250611,132.27066549130217
1588,SHORT,1787499840000,1787500080000,2.728,2.699,2.699,2.747,30,18,4,0.7131,TP_HIT,1.063049853372447,1.0230498533724472,20.460997067448943,2.706389698727054,134.97705519002923
1589,SHORT,1787500080000,1787500380000,2.71,2.68,2.68,2.73,31,19,5,0.5943,TP_HIT,1.1070110701106939,1.067011070110694,21.34022140221388,2.8804402419740662,137.8574954320033
1590,SHORT,1787500560000,1787501040000,2.7,2.72,2.669,2.72,32,19,8,0.5726,SL_HIT,-0.7407407407407414,-0.7807407407407414,-15.614814814814828,-2.152619262004913,135.70487616999839
1591,SHORT,1787501040000,1787501220000,2.7110000000000003,2.683,2.683,2.729,29,17,3,0.5526,TP_HIT,1.0328292143120792,0.9928292143120793,19.856584286241585,2.6946353117235504,138.39951148172193
1592,SHORT,1787502780000,1787502900000,2.692,2.71,2.665,2.71,28,17,2,0.5655,SL_HIT,-0.6686478454680458,-0.7086478454680458,-14.172956909360918,-1.9615303125070467,136.43798116921488
1593,SHORT,1787502900000,1787503380000,2.704,2.721,2.678,2.721,27,16,8,0.5893,SL_HIT,-0.6286982248520675,-0.6686982248520674,-13.37396449704135,-1.824716716205076,134.6132644530098
1594,SHORT,1787503380000,1787503800000,2.7150000000000003,2.731,2.691,2.731,25,15,7,0.6809,SL_HIT,-0.5893186003683082,-0.6293186003683082,-12.586372007366165,-1.6942926235315414,132.91897182947827
1595,SHORT,1787503800000,1787503980000,2.7310000000000003,2.747,2.707,2.747,25,15,3,0.6845,SL_HIT,-0.5858659831563372,-0.6258659831563371,-12.517319663126743,-1.6637892596837183,131.25518256979456
1596,SHORT,1787503980000,1787504040000,2.74,2.757,2.714,2.757,27,16,1,0.6401,SL_HIT,-0.620437956204376,-0.6604379562043761,-13.208759124087521,-1.7337180903525473,129.52146447944202
1597,SHORT,1787504040000,1787504520000,2.7560000000000002,2.727,2.727,2.775,30,18,8,0.702,TP_HIT,1.0522496371553105,1.0122496371553107,20.24499274310621,2.6221611084627923,132.1436255879048
1598,SHORT,1787504700000,1787505300000,2.737,2.705,2.705,2.758,33,20,10,0.5747,TP_HIT,1.1691633175009144,1.1291633175009146,22.583266350018288,2.9842346931087467,135.12786028101357
1599,SHORT,1787506620000,1787506920000,2.7,2.715,2.677,2.715,24,14,5,0.5507,SL_HIT,-0.5555555555555437,-0.5955555555555437,-11.911111111110873,-1.6095229580138186,133.51833732299974
1600,SHORT,1787506920000,1787507100000,2.714,2.729,2.691,2.729,24,14,3,0.6717,SL_HIT,-0.5526897568165116,-0.5926897568165116,-11.853795136330232,-1.5826990175702738,131.93563830542948
1601,SHORT,1787507100000,1787507580000,2.726,2.7,2.7,2.743,27,16,8,0.6324,TP_HIT,0.953778429933962,0.9137784299339621,18.27556859867924,2.411198808461409,134.3468371138909
1602,SHORT,1787507580000,1787508180000,2.701,2.7079999999999997,2.682,2.714,20,12,10,0.554,TIME_EXPIRY,-0.2591632728618909,-0.2991632728618909,-5.9832654572378186,-0.8038327897926992,133.5430043240982
1603,SHORT,1787508540000,1787508660000,2.716,2.731,2.694,2.731,23,14,2,0.5987,SL_HIT,-0.5522827687776023,-0.5922827687776023,-11.845655375552045,-1.5819044070391242,131.96109991705907
1604,SHORT,1787508660000,1787509260000,2.726,2.718,2.703,2.741,24,14,10,0.5874,TIME_EXPIRY,0.29347028613352927,0.25347028613352923,5.069405722670585,0.6689643550894442,132.63006427214853
1605,SHORT,1787509320000,1787509620000,2.71,2.724,2.689,2.724,22,13,5,0.5585,SL_HIT,-0.5166051660516692,-0.5566051660516692,-11.132103321033386,-1.476451578952856,131.15361269319567
1606,SHORT,1787509620000,1787509860000,2.714,2.696,2.696,2.727,19,12,4,0.5968,TP_HIT,0.6632277081798008,0.6232277081798008,12.464554163596016,1.6347713091656315,132.7883840023613
1607,SHORT,1787510160000,1787510400000,2.706,2.72,2.685,2.72,22,13,4,0.58,SL_HIT,-0.5173688100517455,-0.5573688100517455,-11.147376201034911,-1.4802420716018077,131.30814193075952
1608,SHORT,1787510400000,1787511000000,2.7190000000000003,2.717,2.699,2.733,21,13,10,0.6588,TIME_EXPIRY,0.07355645457889752,0.03355645457889751,0.6711290915779503,0.0881247140107792,131.3962666447703
1609,SHORT,1787511000000,1787511600000,2.7150000000000003,2.707,2.698,2.727,18,11,10,0.585,TIME_EXPIRY,0.2946593001841787,0.25465930018417865,5.093186003683573,0.6692256262114188,132.0654922709817
1610,SHORT,1787511600000,1787511780000,2.705,2.716,2.69,2.716,16,10,3,0.591,SL_HIT,-0.4066543438077679,-0.4466543438077679,-8.933086876155357,-1.1797525157989037,130.8857397551828
1611,SHORT,1787511960000,1787512080000,2.692,2.675,2.675,2.704,18,11,2,0.5701,TP_HIT,0.6315007429420635,0.5915007429420635,11.830014858841269,1.548380246114244,132.43412000129706
1612,SHORT,1787512080000,1787512140000,2.68,2.694,2.66,2.694,21,13,1,0.5533,SL_HIT,-0.5223880597014846,-0.5623880597014846,-11.247761194029692,-1.4895873557160608,130.944532645581
1613,SHORT,1787512380000,1787512620000,2.706,2.72,2.686,2.72,21,13,4,0.5864,SL_HIT,-0.5173688100517455,-0.5573688100517455,-11.147376201034911,-1.4596879668689888,129.48484467871202
1614,SHORT,1787512620000,1787513220000,2.718,2.706,2.7,2.73,19,11,10,0.6411,TIME_EXPIRY,0.4415011037527598,0.4015011037527598,8.030022075055196,1.039766161155151,130.52461083986717
1615,SHORT,1787513280000,1787513340000,2.7,2.71,2.685,2.71,16,9,1,0.6144,SL_HIT,-0.37037037037036247,-0.41037037037036245,-8.207407407407247,-1.0712686578560742,129.45334218201108
1616,SHORT,1787513340000,1787513580000,2.708,2.692,2.692,2.719,17,10,4,0.5722,TP_HIT,0.5908419497784347,0.5508419497784347,11.016838995568696,1.4261666282574776,130.87950881026856
1617,SHORT,1787513580000,1787513820000,2.7,2.712,2.683,2.712,18,11,4,0.5667,SL_HIT,-0.4444444444444448,-0.4844444444444448,-9.688888888888897,-1.2680770186950476,129.61143179157352
1618,SHORT,1787513940000,1787514300000,2.71,2.722,2.693,2.722,18,11,6,0.6072,SL_HIT,-0.4428044280442809,-0.48280442804428086,-9.656088560885618,-1.2515394638826196,128.35989232769091
1619,SHORT,1787514420000,1787514600000,2.71,2.693,2.693,2.722,18,11,3,0.562,TP_HIT,0.6273062730627271,0.5873062730627271,11.746125461254541,1.5077313994741819,129.8676237271651
1620,SHORT,1787514720000,1787515200000,2.686,2.667,2.667,2.699,20,12,8,0.5589,TP_HIT,0.7073715562174285,0.6673715562174285,13.347431124348569,1.7333991629811523,131.60102289014625
1621,SHORT,1787515980000,1787516580000,2.701,2.691,2.681,2.715,21,13,10,0.5588,TIME_EXPIRY,0.3702332469455843,0.33023324694558426,6.604664938911685,0.8691806618074631,132.47020355195372
1622,SHORT,1787516580000,1787516760000,2.689,2.7,2.674,2.7,16,10,3,0.563,SL_HIT,-0.4090740052064009,-0.44907400520640095,-8.98148010412802,-1.1897784975916612,131.28042505436204
1623,SHORT,1787518260000,1787518320000,2.656,2.638,2.638,2.668,19,11,1,0.5523,TP_HIT,0.677710843373503,0.6377108433735029,12.754216867470058,1.6743790115969834,132.95480406595902
1624,SHORT,1787518680000,1787518860000,2.657,2.669,2.64,2.669,18,11,3,0.5619,SL_HIT,-0.45163718479488185,-0.4916371847948819,-9.832743695897637,-1.3073105115188643,131.64749355444016
1625,SHORT,1787519040000,1787519640000,2.69,2.679,2.666,2.706,25,15,10,0.6135,TIME_EXPIRY,0.4089219330855064,0.36892193308550636,7.378438661710127,0.9713529561593159,132.61884651059947
1626,SHORT,1787519880000,1787520120000,2.693,2.706,2.674,2.706,20,12,4,0.5621,SL_HIT,-0.482733011511322,-0.522733011511322,-10.45466023022644,-1.3864849803928687,131.2323615302066
1627,SHORT,1787520660000,1787520720000,2.716,2.73,2.695,2.73,22,13,1,0.5638,SL_HIT,-0.5154639175257655,-0.5554639175257655,-11.10927835051531,-1.4578968328345223,129.77446469737205
1628,SHORT,1787520780000,1787520900000,2.732,2.707,2.707,2.749,26,16,2,0.5549,TP_HIT,0.9150805270863964,0.8750805270863965,17.50161054172793,2.2712621393946257,132.04572683676668
1629,SHORT,1787521500000,1787521980000,2.7070000000000003,2.724,2.681,2.724,27,16,8,0.5851,SL_HIT,-0.628001477650532,-0.6680014776505321,-13.36002955301064,-1.7641348128879732,130.28159202387872
1630,SHORT,1787521980000,1787522280000,2.72,2.698,2.698,2.735,23,14,5,0.5984,TP_HIT,0.8088235294117735,0.7688235294117735,15.376470588235469,2.003271067943664,132.2848630918224
1631,SHORT,1787522280000,1787522400000,2.7030000000000003,2.717,2.683,2.717,21,13,2,0.5727,SL_HIT,-0.5179430262671028,-0.5579430262671028,-11.158860525342055,-1.4761483368556152,130.8087147549668
1632,SHORT,1787523360000,1787523420000,2.709,2.69,2.69,2.722,20,12,1,0.575,TP_HIT,0.7013658176448921,0.6613658176448921,13.22731635289784,1.7302482517799214,132.5389630067467
1633,SHORT,1787523840000,1787524020000,2.6990000000000003,2.71,2.684,2.71,16,10,3,0.6203,SL_HIT,-0.40755835494626436,-0.4475583549462644,-8.951167098925287,-1.186378404991667,131.35258460175504
1634,SHORT,1787525340000,1787525940000,2.697,2.689,2.682,2.708,16,10,10,0.5737,TIME_EXPIRY,0.2966258806080833,0.2566258806080833,5.132517612161665,0.674169453871463,132.0267540556265
1635,SHORT,1787525940000,1787526000000,2.6870000000000003,2.697,2.674,2.697,14,9,1,0.708,SL_HIT,-0.3721622627465495,-0.41216226274654955,-8.24324525493099,-1.0883289138929841,130.93842514173352
1636,SHORT,1787526060000,1787526300000,2.688,2.699,2.672,2.699,17,10,4,0.5563,SL_HIT,-0.4092261904761784,-0.44922619047617846,-8.98452380952357,-1.1764193982674245,129.7620057434661
1637,SHORT,1787532960000,1787533080000,2.5580000000000003,2.572,2.537,2.572,22,13,2,0.552,SL_HIT,-0.5473025801407267,-0.5873025801407268,-11.746051602814536,-1.5241912155474688,128.23781452791863
1638,SHORT,1787538240000,1787538660000,2.535,2.551,2.512,2.551,24,15,7,0.5743,SL_HIT,-0.6311637080867855,-0.6711637080867855,-13.42327416173571,-1.7213713423100663,126.51644318560857
1639,SHORT,1787541840000,1787541900000,2.548,2.561,2.529,2.561,20,12,1,0.5816,SL_HIT,-0.5102040816326491,-0.5502040816326491,-11.004081632652984,-1.3921972686873398,125.12424591692123
1640,SHORT,1787542320000,1787542560000,2.551,2.529,2.529,2.566,23,14,4,0.5578,TP_HIT,0.8624068992552034,0.8224068992552035,16.44813798510407,2.058060862123615,127.18230677904484
1641,SHORT,1787542980000,1787543400000,2.523,2.535,2.507,2.535,17,11,7,0.5979,SL_HIT,-0.4756242568370991,-0.5156242568370991,-10.312485136741982,-1.311565648315459,125.87074113072937
1642,SHORT,1787543760000,1787543880000,2.513,2.495,2.495,2.525,19,11,2,0.5521,TP_HIT,0.7162753680859448,0.6762753680859448,13.525507361718898,1.7024656357886936,127.57320676651807
1643,SHORT,1787545140000,1787545740000,2.517,2.53,2.499,2.53,19,12,10,0.5923,SL_HIT,-0.5164878823996782,-0.5564878823996783,-11.129757647993566,-1.4198588736887192,126.15334789282934
1644,SHORT,1787545740000,1787546340000,2.533,2.52,2.512,2.547,22,13,10,0.5593,TIME_EXPIRY,0.5132254243979433,0.47322542439794324,9.464508487958865,1.1939794319161108,127.34732732474545
1645,SHORT,1787547480000,1787547600000,2.498,2.48,2.48,2.51,19,11,2,0.5604,TP_HIT,0.7205764611689447,0.6805764611689447,13.611529223378893,1.7333918673999702,129.0807191921454
1646,SHORT,1787548260000,1787548380000,2.5060000000000002,2.52,2.485,2.52,22,13,2,0.5732,SL_HIT,-0.5586592178770866,-0.5986592178770866,-11.973184357541731,-1.5455072478916323,127.53521194425377
1647,SHORT,1787548440000,1787548800000,2.519,2.498,2.498,2.533,22,13,6,0.5853,TP_HIT,0.8336641524414413,0.7936641524414414,15.87328304882883,2.0244025178835154,129.5596144621373
1648,SHORT,1787549160000,1787549460000,2.4970000000000003,2.48,2.48,2.509,18,11,5,0.5584,TP_HIT,0.6808169803764655,0.6408169803764655,12.816339607529311,1.6604800183673176,131.2200944805046
1649,SHORT,1787550720000,1787550840000,2.474,2.486,2.457,2.486,18,11,2,0.5673,SL_HIT,-0.4850444624090545,-0.5250444624090546,-10.500889248181092,-1.3779276792756379,129.84216680122896
1650,SHORT,1787550960000,1787551080000,2.4770000000000003,2.489,2.461,2.489,17,11,2,0.5805,SL_HIT,-0.48445700444083833,-0.5244570044408383,-10.489140088816768,-1.3619326770136044,128.48023412421534
1651,SHORT,1787551500000,1787552040000,2.478,2.488,2.464,2.488,15,9,9,0.5774,SL_HIT,-0.4035512510088695,-0.4435512510088695,-8.87102502017739,-1.1397513715141634,127.34048275270118
1652,SHORT,1787552100000,1787552460000,2.4930000000000003,2.475,2.475,2.505,19,11,6,0.6384,TP_HIT,0.722021660649829,0.6820216606498289,13.640433212996578,1.7369793502989632,129.07746210300013
1653,SHORT,1787552460000,1787552520000,2.4770000000000003,2.46,2.46,2.489,18,11,1,0.5647,TP_HIT,0.6863140896245598,0.6463140896245598,12.926281792491196,1.668491648202983,130.7459537512031
1654,SHORT,1787553360000,1787553900000,2.4610000000000003,2.474,2.442,2.474,20,12,9,0.5742,SL_HIT,-0.5282405526208818,-0.5682405526208818,-11.364811052417636,-1.485903060250558,129.26005069095254
1655,SHORT,1787553900000,1787554080000,2.4770000000000003,2.49,2.458,2.49,20,12,3,0.5787,SL_HIT,-0.5248284214775898,-0.5648284214775898,-11.296568429551797,-1.4601950078376793,127.79985568311486
1656,SHORT,1787554080000,1787554140000,2.494,2.509,2.472,2.509,23,14,1,0.6331,SL_HIT,-0.6014434643143416,-0.6414434643143416,-12.828869286286832,-1.639527643365002,126.16032803974986
1657,SHORT,1787554140000,1787554500000,2.505,2.481,2.481,2.521,25,15,6,0.6464,TP_HIT,0.9580838323353302,0.9180838323353303,18.361676646706606,2.3165151491083193,128.47684318885817
1658,SHORT,1787554920000,1787555400000,2.498,2.513,2.476,2.513,23,14,8,0.5545,SL_HIT,-0.6004803843074331,-0.6404803843074331,-12.809607686148663,-1.6457379580041143,126.83110523085405
1659,SHORT,1787555400000,1787555520000,2.513,2.527,2.493,2.527,21,13,2,0.5573,SL_HIT,-0.5571030640668617,-0.5971030640668618,-11.942061281337235,-1.5146248310465906,125.31648039980746
1660,SHORT,1787555640000,1787556240000,2.533,2.5189999999999997,2.51,2.548,24,14,10,0.642,TIME_EXPIRY,0.5527043031977984,0.5127043031977984,10.254086063955969,1.285005975251677,126.60148637505914
1661,SHORT,1787556300000,1787556720000,2.517,2.499,2.499,2.529,19,11,7,0.5728,TP_HIT,0.7151370679380132,0.6751370679380132,13.502741358760264,1.709467126157035,128.31095350121618
1662,SHORT,1787556900000,1787557080000,2.484,2.466,2.466,2.496,19,11,3,0.6447,TP_HIT,0.724637681159412,0.6846376811594119,13.692753623188239,1.7569302734485155,130.0678837746647
1663,SHORT,1787557080000,1787557140000,2.471,2.483,2.453,2.483,19,11,1,0.6102,SL_HIT,-0.4856333468231489,-0.5256333468231489,-10.51266693646298,-1.3673603412536273,128.70052343341106
1664,SHORT,1787557140000,1787557740000,2.4770000000000003,2.475,2.458,2.49,20,12,10,0.5622,TIME_EXPIRY,0.08074283407348501,0.040742834073485,0.8148566814697,0.10487248142836271,128.80539591483944
1665,SHORT,1787560380000,1787560680000,2.41,2.391,2.391,2.423,20,12,5,0.5508,TP_HIT,0.7883817427385944,0.7483817427385944,14.96763485477189,1.9279121333776437,130.73330804821708
1666,SHORT,1787561040000,1787561640000,2.415,2.421,2.397,2.427,19,11,10,0.5718,TIME_EXPIRY,-0.24844720496893513,-0.28844720496893517,-5.768944099378704,-0.7541931460570203,129.97911490216006
1667,SHORT,1787561820000,1787561940000,2.4170000000000003,2.427,2.404,2.427,14,9,2,0.5788,SL_HIT,-0.41373603640876233,-0.45373603640876237,-9.074720728175247,-1.1795241682325042,128.79959073392757
1668,SHORT,1787562780000,1787562960000,2.446,2.456,2.433,2.456,14,9,3,0.5623,SL_HIT,-0.40883074407194553,-0.4488307440719455,-8.97661488143891,-1.1561843229054154,127.64340641102216
1669,SHORT,1787563380000,1787563800000,2.454,2.464,2.44,2.464,15,9,7,0.5745,SL_HIT,-0.4074979625101787,-0.44749796251017876,-8.949959250203575,-1.142403285935822,126.50100312508633
1670,SHORT,1787564040000,1787564640000,2.471,2.46,2.453,2.483,19,11,10,0.5572,TIME_EXPIRY,0.4451639012545577,0.40516390125455765,8.103278025091154,1.0250727987754995,127.52607592386182
1671,SHORT,1787564820000,1787565000000,2.448,2.433,2.433,2.459,16,10,3,0.5547,TP_HIT,0.6127450980392208,0.5727450980392208,11.454901960784415,1.460798697151387,128.98687462101321
1672,SHORT,1787565420000,1787565780000,2.428,2.44,2.411,2.44,18,11,6,0.5715,SL_HIT,-0.4942339373970351,-0.5342339373970351,-10.684678747940701,-1.3781833180264318,127.60869130298678
1673,SHORT,1787566980000,1787567160000,2.4490000000000003,2.46,2.433,2.46,17,10,3,0.5522,SL_HIT,-0.4491629236422897,-0.48916292364228975,-9.783258472845795,-1.2484288103987091,126.36026249258808
1674,SHORT,1787568180000,1787568480000,2.479,2.498,2.45,2.498,30,18,5,0.5517,SL_HIT,-0.7664380798709208,-0.8064380798709208,-16.128761597418414,-2.038034549130165,124.32222794345792
1675,SHORT,1787568480000,1787568600000,2.4970000000000003,2.514,2.471,2.514,27,16,2,0.5558,SL_HIT,-0.68081698037643,-0.72081698037643,-14.4163396075286,-1.7922714587974713,122.52995648466045
1676,SHORT,1787568600000,1787568960000,2.523,2.494,2.494,2.542,30,18,6,0.6342,TP_HIT,1.1494252873563184,1.1094252873563184,22.18850574712637,2.7187566436550323,125.24871312831547
1677,SHORT,1787568960000,1787569260000,2.496,2.469,2.469,2.514,28,17,5,0.5873,TP_HIT,1.0817307692307745,1.0417307692307747,20.834615384615493,2.609508765446494,127.85822189376196
1678,SHORT,1787569860000,1787570460000,2.5020000000000002,2.491,2.478,2.518,25,15,10,0.5979,TIME_EXPIRY,0.43964828137490486,0.3996482813749048,7.992965627498097,1.0219663727898642,128.88018826655184
1679,SHORT,1787570580000,1787570640000,2.486,2.498,2.469,2.498,18,11,1,0.5822,SL_HIT,-0.4827031375703946,-0.5227031375703947,-10.454062751407893,-1.3473215755517962,127.53286669100004
1680,SHORT,1787570700000,1787571120000,2.494,2.506,2.476,2.506,19,11,7,0.5503,SL_HIT,-0.4811547714514661,-0.5211547714514662,-10.423095429029322,-1.3292872398579685,126.20357945114208
1681,SHORT,1787571120000,1787571300000,2.5060000000000002,2.519,2.487,2.519,20,12,3,0.6398,SL_HIT,-0.5187549880287271,-0.558754988028727,-11.175099760574541,-1.410337590508108,124.79324186063397
1682,SHORT,1787571300000,1787571360000,2.5140000000000002,2.527,2.495,2.527,20,12,1,0.6351,SL_HIT,-0.5171042163882219,-0.5571042163882219,-11.142084327764438,-1.390456824346287,123.40278503628768
1683,SHORT,1787571360000,1787571600000,2.5300000000000002,2.545,2.508,2.545,23,14,4,0.71,SL_HIT,-0.5928853754940584,-0.6328853754940584,-12.657707509881169,-1.5619963588940702,121.84078867739362
1684,SHORT,1787571600000,1787572140000,2.544,2.515,2.515,2.563,30,18,9,0.5928,TP_HIT,1.1399371069182356,1.0999371069182358,21.99874213836471,2.680344092048969,124.52113276944259
1685,SHORT,1787572140000,1787572740000,2.516,2.5229999999999997,2.492,2.532,25,15,10,0.6114,TIME_EXPIRY,-0.2782193958664417,-0.3182193958664417,-6.364387917328834,-0.79250079284994,123.72863197659265
1686,SHORT,1787572740000,1787573220000,2.521,2.502,2.502,2.534,20,12,8,0.6281,TP_HIT,0.7536691788972681,0.7136691788972681,14.273383577945362,1.7660262237763429,125.49465820036899
1687,SHORT,1787573460000,1787573640000,2.511,2.522,2.495,2.522,17,10,3,0.5699,SL_HIT,-0.43807248108322083,-0.47807248108322087,-9.561449621664417,-1.1999108521708235,124.29474734819817
1688,SHORT,1787573640000,1787573700000,2.519,2.531,2.501,2.531,19,11,1,0.5653,SL_HIT,-0.4763795156808261,-0.5163795156808262,-10.327590313616522,-1.2836652287466643,123.0110821194515
1689,SHORT,1787573700000,1787573760000,2.5300000000000002,2.511,2.511,2.543,20,12,1,0.6322,TP_HIT,0.7509881422924951,0.7109881422924951,14.219762845849901,1.7491884151499675,124.76027053460147
1690,SHORT,1787573880000,1787574360000,2.524,2.541,2.498,2.541,27,16,8,0.5508,SL_HIT,-0.6735340729001547,-0.7135340729001547,-14.270681458003093,-1.780414079413587,122.97985645518789
1691,SHORT,1787574360000,1787574780000,2.537,2.516,2.516,2.551,22,13,7,0.5915,TP_HIT,0.8277493102089046,0.7877493102089047,15.754986204178092,1.9375459418432874,124.91740239703117
1692,SHORT,1787574900000,1787575500000,2.5340000000000003,2.534,2.511,2.55,24,15,10,0.5994,TIME_EXPIRY,1.7525225329521018e-14,-0.03999999999998247,-0.7999999999996497,-0.09993392191758117,124.81746847511359
1693,SHORT,1787575500000,1787575560000,2.532,2.544,2.514,2.544,19,11,1,0.5591,SL_HIT,-0.4739336492890999,-0.5139336492890999,-10.278672985781999,-1.2829579413688463,123.53451053374474
1694,SHORT,1787575560000,1787575860000,2.548,2.562,2.528,2.562,21,13,5,0.624,SL_HIT,-0.5494505494505413,-0.5894505494505413,-11.789010989010826,-1.4563497022043903,122.07816083154034
1695,SHORT,1787575860000,1787576160000,2.552,2.566,2.531,2.566,22,13,5,0.6294,SL_HIT,-0.5485893416927817,-0.5885893416927818,-11.771786833855636,-1.4370780863780375,120.64108274516231
1696,SHORT,1787576160000,1787576520000,2.559,2.538,2.538,2.573,22,13,6,0.6739,TP_HIT,0.8206330597889938,0.7806330597889938,15.612661195779875,1.8835283511922647,122.52461109635458
1697,SHORT,1787577180000,1787577360000,2.5460000000000003,2.524,2.524,2.561,23,14,3,0.6027,TP_HIT,0.8641005498821775,0.8241005498821776,16.482010997643552,2.0194519875721157,124.54406308392669
1698,SHORT,1787577600000,1787578020000,2.532,2.511,2.511,2.546,22,13,7,0.5837,TP_HIT,0.8293838862559206,0.7893838862559207,15.787677725118412,1.966261530545852,126.51032461447254
1699,SHORT,1787580840000,1787580960000,2.492,2.505,2.473,2.505,20,12,2,0.625,SL_HIT,-0.521669341894057,-0.561669341894057,-11.23338683788114,-1.4211394153802863,125.08918519909226
1700,SHORT,1787581020000,1787581140000,2.503,2.484,2.484,2.516,20,12,2,0.5686,TP_HIT,0.7590890930882991,0.719089093088299,14.38178186176598,1.7990053747993906,126.88819057389165
1701,SHORT,1787581200000,1787581380000,2.495,2.509,2.475,2.509,21,13,3,0.5724,SL_HIT,-0.5611222444889695,-0.6011222444889696,-12.02244488977939,-1.5255062783384372,125.36268429555321
1702,SHORT,1787581860000,1787582340000,2.505,2.52,2.482,2.52,24,14,8,0.5564,SL_HIT,-0.5988023952095858,-0.6388023952095858,-12.776047904191717,-1.6016396599580505,123.76104463559516
1703,SHORT,1787582340000,1787582940000,2.515,2.495,2.495,2.529,21,13,10,0.6111,TP_HIT,0.7952286282306169,0.7552286282306169,15.104572564612337,1.8693576793705735,125.63040231496574
1704,SHORT,1787583000000,1787583420000,2.4810000000000003,2.497,2.457,2.497,25,15,7,0.5641,SL_HIT,-0.6449012494961535,-0.6849012494961535,-13.698024989923068,-1.7208883904044896,123.90951392456125
1705,SHORT,1787583480000,1787584080000,2.496,2.509,2.478,2.509,19,12,10,0.5555,SL_HIT,-0.5208333333333293,-0.5608333333333293,-11.216666666666587,-1.3898517145204854,122.51966221004076
1706,SHORT,1787584320000,1787584560000,2.5060000000000002,2.519,2.488,2.519,19,12,4,0.5816,SL_HIT,-0.5187549880287271,-0.558754988028727,-11.175099760574541,-1.3691694478291003,121.15049276221167
1707,SHORT,1787584680000,1787585160000,2.511,2.525,2.491,2.525,21,13,8,0.5549,SL_HIT,-0.5575467941059256,-0.5975467941059256,-11.950935882118511,-1.4478617710882546,119.70263099112341
1708,SHORT,1787585160000,1787585640000,2.5340000000000003,2.511,2.511,2.55,24,15,8,0.5724,TP_HIT,0.9076558800315757,0.8676558800315757,17.353117600631514,2.0772138326939635,121.77984482381737
1709,SHORT,1787585700000,1787585880000,2.511,2.492,2.492,2.524,20,12,3,0.5596,TP_HIT,0.7566706491437725,0.7166706491437724,14.333412982875448,1.7455208088502616,123.52536563266763
1710,SHORT,1787586780000,1787587260000,2.4890000000000003,2.502,2.47,2.502,20,12,8,0.5681,SL_HIT,-0.5222981116914205,-0.5622981116914205,-11.245962233828411,-1.389161596824826,122.13620403584281
1711,SHORT,1787587560000,1787588160000,2.505,2.509,2.49,2.516,16,10,10,0.5542,TIME_EXPIRY,-0.15968063872255503,-0.19968063872255504,-3.993612774451101,-0.487764704660508,121.6484393311823
1712,SHORT,1787588220000,1787588280000,2.508,2.518,2.493,2.518,16,9,1,0.5642,SL_HIT,-0.3987240829346007,-0.43872408293460075,-8.774481658692016,-1.0674019997199675,120.58103733146234
1713,SHORT,1787588280000,1787588640000,2.515,2.526,2.499,2.526,17,10,6,0.5794,SL_HIT,-0.4373757455268261,-0.47737574552682616,-9.547514910536522,-1.1512492518500979,119.42978807961224
1714,SHORT,1787588760000,1787589060000,2.517,2.503,2.503,2.527,15,9,5,0.6404,TP_HIT,0.5562177195073417,0.5162177195073417,10.324354390146834,1.2330354568740507,120.66282353648629
1715,SHORT,1787589120000,1787589600000,2.498,2.485,2.485,2.508,14,9,8,0.6036,TP_HIT,0.5204163330664668,0.48041633306646686,9.608326661329338,1.1593678244168983,121.82219136090319
1716,SHORT,1787590740000,1787590800000,2.483,2.467,2.467,2.494,17,10,1,0.5526,TP_HIT,0.6443817962142575,0.6043817962142575,12.087635924285149,1.4725422966691935,123.29473365757238
1717,SHORT,1787595060000,1787595360000,2.4490000000000003,2.458,2.436,2.458,14,8,5,0.5562,SL_HIT,-0.3674969375255164,-0.4074969375255164,-8.149938750510328,-1.004844527569699,122.28988913000268
1718,SHORT,1787595540000,1787595960000,2.458,2.466,2.447,2.466,12,7,7,0.5789,SL_HIT,-0.32546786004882045,-0.3654678600488204,-7.309357200976409,-0.8938604817189918,121.39602864828369
1719,SHORT,1787596020000,1787596500000,2.459,2.447,2.447,2.468,13,8,8,0.5522,TP_HIT,0.48800325335502276,0.4480032533550228,8.960065067100455,1.0877163155762126,122.4837449638599
1720,SHORT,1787596500000,1787596680000,2.446,2.434,2.434,2.455,13,8,3,0.5571,TP_HIT,0.4905968928863454,0.4505968928863454,9.011937857726908,1.1038158981959767,123.58756086205588
1721,SHORT,1787596740000,1787596800000,2.436,2.446,2.423,2.446,14,9,1,0.6092,SL_HIT,-0.41050903119869586,-0.45050903119869584,-9.010180623973918,-1.1135462462434933,122.4740146158124
1722,SHORT,1787596800000,1787597340000,2.4450000000000003,2.455,2.431,2.455,15,9,9,0.5578,SL_HIT,-0.40899795501021613,-0.44899795501021617,-8.979959100204324,-1.099811642087822,121.37420297372458
1723,SHORT,1787597520000,1787598120000,2.435,2.422,2.422,2.445,14,9,10,0.5501,TP_HIT,0.5338809034907557,0.49388090349075564,9.877618069815114,1.1988880205026693,122.57309099422724
1724,SHORT,1787599800000,1787599920000,2.4330000000000003,2.442,2.421,2.442,13,8,2,0.6237,SL_HIT,-0.36991368680640757,-0.4099136868064075,-8.19827373612815,-1.0048877526540192,121.56820324157323
1725,SHORT,1787600520000,1787601000000,2.446,2.455,2.433,2.455,14,8,8,0.5682,SL_HIT,-0.3679476696647545,-0.40794766966475454,-8.158953393295091,-0.9918693043546211,120.5763339372186
1726,SHORT,1787601180000,1787601720000,2.435,2.423,2.423,2.444,13,8,9,0.5756,TP_HIT,0.4928131416837787,0.4528131416837787,9.056262833675573,1.0919709716564878,121.6683049088751
1727,SHORT,1787603040000,1787603220000,2.416,2.401,2.401,2.426,16,9,3,0.554,TP_HIT,0.620860927152323,0.5808609271523231,11.61721854304646,1.4134472878884146,123.08175219676352
1728,SHORT,1787604480000,1787604720000,2.4210000000000003,2.411,2.411,2.429,11,7,4,0.5774,TP_HIT,0.4130524576621326,0.3730524576621326,7.461049153242652,0.9183190030072844,124.0000711997708
1729,SHORT,1787605020000,1787605560000,2.4210000000000003,2.428,2.411,2.428,11,6,9,0.6046,SL_HIT,-0.28913672036347265,-0.32913672036347263,-6.582734407269452,-0.8162595351905932,123.1838116645802
1730,SHORT,1787608440000,1787608680000,2.436,2.443,2.427,2.443,10,6,4,0.5595,SL_HIT,-0.28735632183908527,-0.3273563218390853,-6.5471264367817055,-0.8064999899327118,122.37731167464749
1731,SHORT,1787608680000,1787608920000,2.443,2.449,2.435,2.449,9,5,4,0.5787,SL_HIT,-0.24559967253376108,-0.2855996725337611,-5.711993450675222,-0.6990184027968269,121.67829327185066
1732,SHORT,1787609460000,1787610060000,2.431,2.429,2.421,2.438,11,6,10,0.5801,TIME_EXPIRY,0.08227067050597384,0.04227067050597383,0.8454134101194767,0.10286846085247305,121.78116173270314
1733,SHORT,1787610300000,1787610840000,2.424,2.431,2.416,2.431,9,6,9,0.5976,SL_HIT,-0.2887788778877936,-0.32877887788779364,-6.575577557755873,-0.8007814740470011,120.98038025865614
1734,SHORT,1787611620000,1787611800000,2.423,2.43,2.414,2.43,10,6,3,0.6237,SL_HIT,-0.288898060255886,-0.32889806025588597,-6.57796120511772,-0.7958042479218298,120.1845760107343
1735,SHORT,1787611860000,1787612040000,2.4290000000000003,2.42,2.42,2.436,10,6,3,0.5532,TP_HIT,0.37052284890903003,0.33052284890903005,6.610456978180601,0.7944749691598355,120.97905097989414
1736,SHORT,1787612040000,1787612160000,2.4210000000000003,2.412,2.412,2.428,10,6,2,0.5587,TP_HIT,0.3717472118959248,0.3317472118959248,6.6349442379184955,0.8026892572078966,121.78174023710204
1737,SHORT,1787612160000,1787612520000,2.414,2.403,2.403,2.422,12,7,6,0.5837,TP_HIT,0.45567522783761893,0.4156752278376189,8.313504556752378,1.0124330523903824,122.79417328949242
1738,SHORT,1787616000000,1787616300000,2.392,2.38,2.38,2.401,13,8,5,0.5827,TP_HIT,0.501672240802676,0.461672240802676,9.23344481605352,1.1338132228014417,123.92798651229386
1739,SHORT,1787617800000,1787618160000,2.376,2.388,2.359,2.388,18,11,6,0.5596,SL_HIT,-0.5050505050505055,-0.5450505050505056,-10.901010101010112,-1.3509402327683602,122.57704627952549
1740,SHORT,1787618160000,1787618580000,2.388,2.399,2.373,2.399,16,10,7,0.5727,SL_HIT,-0.4606365159129029,-0.5006365159129029,-10.012730318258058,-1.2273309076055259,121.34971537191997
1741,SHORT,1787618640000,1787618700000,2.412,2.425,2.393,2.425,20,12,1,0.6238,SL_HIT,-0.5389718076285199,-0.57897180762852,-11.579436152570398,-1.405161281281738,119.94455409063823
1742,SHORT,1787618700000,1787618760000,2.423,2.438,2.401,2.438,23,14,1,0.6739,SL_HIT,-0.6190672719768933,-0.6590672719768933,-13.181345439537868,-1.5810306010600375,118.3635234895782
1743,SHORT,1787618760000,1787618820000,2.435,2.451,2.41,2.451,26,15,1,0.6563,SL_HIT,-0.657084188911705,-0.697084188911705,-13.941683778234099,-1.6501868153692831,116.71333667420892
1744,SHORT,1787618820000,1787619240000,2.448,2.465,2.422,2.465,27,16,7,0.7111,SL_HIT,-0.6944444444444405,-0.7344444444444406,-14.68888888888881,-1.7143892342589262,114.99894743994999
1745,SHORT,1787619240000,1787619660000,2.459,2.476,2.434,2.476,26,16,7,0.7313,SL_HIT,-0.6913379422529444,-0.7313379422529445,-14.626758845058891,-1.682061871639751,113.31688556831024
1746,SHORT,1787619660000,1787619780000,2.467,2.482,2.444,2.482,24,14,2,0.582,SL_HIT,-0.6080259424402158,-0.6480259424402158,-12.960518848804314,-1.4686456312958867,111.84823993701436
1747,SHORT,1787619780000,1787620200000,2.486,2.461,2.461,2.503,26,16,7,0.6074,TP_HIT,1.0056315366050022,0.9656315366050022,19.312630732100043,2.160083755938883,114.00832369295324
1748,SHORT,1787620320000,1787620680000,2.452,2.467,2.429,2.467,24,14,6,0.5773,SL_HIT,-0.6117455138662367,-0.6517455138662367,-13.034910277324736,-1.4860882702058413,112.5222354227474
1749,SHORT,1787621220000,1787621820000,2.479,2.46,2.46,2.492,20,12,10,0.5513,TP_HIT,0.7664380798709208,0.7264380798709208,14.528761597418416,1.6348087328656868,114.1570441556131
1750,SHORT,1787621820000,1787621880000,2.472,2.484,2.454,2.484,19,11,1,0.6202,SL_HIT,-0.48543689320388395,-0.525436893203884,-10.50873786407768,-1.199646452369279,112.95739770324381
1751,SHORT,1787621880000,1787622300000,2.479,2.46,2.46,2.492,20,12,7,0.5563,TP_HIT,0.7664380798709208,0.7264380798709208,14.528761597418416,1.641131101895208,114.59852880513903
1752,SHORT,1787622300000,1787622900000,2.462,2.468,2.446,2.474,17,11,10,0.6511,TIME_EXPIRY,-0.24370430544272065,-0.2837043054427207,-5.6740861088544134,-0.6502419203883918,113.94828688475063
1753,SHORT,1787622900000,1787623140000,2.466,2.478,2.449,2.478,18,11,4,0.5773,SL_HIT,-0.4866180048661804,-0.5266180048661804,-10.53236009732361,-1.2001443899433308,112.7481424948073
1754,SHORT,1787623140000,1787623740000,2.474,2.471,2.458,2.485,17,10,10,0.7259,TIME_EXPIRY,0.12126111560226813,0.08126111560226813,1.6252223120453626,0.18324079682423072,112.93138329163153
1755,SHORT,1787623740000,1787624100000,2.4690000000000003,2.453,2.453,2.48,17,10,6,0.6152,TP_HIT,0.6480356419603264,0.6080356419603263,12.160712839206527,1.373326122743897,114.30470941437542
1756,SHORT,1787624160000,1787624220000,2.46,2.471,2.444,2.471,17,10,1,0.5574,SL_HIT,-0.4471544715447203,-0.48715447154472036,-9.743089430894408,-1.1136810061966576,113.19102840817877
1757,SHORT,1787624220000,1787624280000,2.49,2.506,2.467,2.506,24,15,1,0.6382,SL_HIT,-0.6425702811244807,-0.6825702811244807,-13.651405622489616,-1.5452166416267934,111.64581176655197
1758,SHORT,1787624280000,1787624820000,2.495,2.513,2.469,2.513,27,17,9,0.6366,SL_HIT,-0.7214428857715348,-0.7614428857715347,-15.228857715430696,-1.7002381819165782,109.9455735846354
1759,SHORT,1787624820000,1787625420000,2.5140000000000002,2.5,2.49,2.53,25,15,10,0.6102,TIME_EXPIRY,0.5568814638027142,0.5168814638027142,10.337629276054283,1.1365765802611074,111.0821501648965
1760,SHORT,1787625420000,1787625960000,2.498,2.48,2.48,2.511,19,12,9,0.6309,TP_HIT,0.7205764611689447,0.6805764611689447,13.611529223378893,1.5119979331652516,112.59414809806175
1761,SHORT,1787625960000,1787626020000,2.482,2.494,2.465,2.494,18,11,1,0.6005,SL_HIT,-0.4834810636583404,-0.5234810636583405,-10.469621273166808,-1.1788180881615615,111.41533000990019
1762,SHORT,1787626980000,1787627520000,2.4810000000000003,2.493,2.463,2.493,19,11,9,0.5588,SL_HIT,-0.48367593712211066,-0.5236759371221107,-10.473518742442213,-1.1669105470540742,110.24841946284612
1763,SHORT,1787627520000,1787627760000,2.496,2.507,2.48,2.507,17,10,4,0.5833,SL_HIT,-0.4407051282051331,-0.48070512820513306,-9.61410256410266,-1.0599396122460145,109.1884798506001
1764,SHORT,1787627760000,1787628240000,2.5,2.485,2.485,2.511,16,10,8,0.6061,TP_HIT,0.600000000000005,0.5600000000000049,11.200000000000099,1.2229109743267321,110.41139082492684
1765,SHORT,1787628300000,1787628900000,2.486,2.4779999999999998,2.471,2.497,16,10,10,0.5907,TIME_EXPIRY,0.32180209171361424,0.28180209171361426,5.636041834272285,0.6222832176694748,111.03367404259632
1766,SHORT,1787628960000,1787629440000,2.48,2.465,2.465,2.49,16,9,8,0.5707,TP_HIT,0.6048387096774244,0.5648387096774243,11.296774193548487,1.2543223435392765,112.28799638613559
1767,SHORT,1787630100000,1787630580000,2.4530000000000003,2.465,2.437,2.465,17,11,8,0.5556,SL_HIT,-0.48919690175293784,-0.5291969017529379,-10.583938035058758,-1.1884491958317607,111.09954719030382
1768,SHORT,1787630940000,1787631540000,2.464,2.447,2.447,2.476,18,11,10,0.5596,TP_HIT,0.6899350649350611,0.649935064935061,12.99870129870122,1.44414982834772,112.54369701865154
1769,SHORT,1787631540000,1787631720000,2.454,2.464,2.439,2.464,16,9,3,0.6459,SL_HIT,-0.4074979625101787,-0.44749796251017876,-8.949959250203575,-1.0072615021841889,111.53643551646735
1770,SHORT,1787631840000,1787632020000,2.463,2.448,2.448,2.473,16,9,3,0.5532,TP_HIT,0.6090133982947675,0.5690133982947675,11.38026796589535,1.2693145241382058,112.80575004060556
1771,SHORT,1787632020000,1787632260000,2.45,2.435,2.435,2.46,16,9,4,0.5951,TP_HIT,0.6122448979591887,0.5722448979591886,11.444897959183772,1.2910502984239214,114.09680033902949
1772,SHORT,1787633220000,1787633820000,2.45,2.445,2.437,2.46,14,9,10,0.5501,TIME_EXPIRY,0.204081632653075,0.164081632653075,3.2816326530614996,0.3744237856023976,114.47122412463189
1773,SHORT,1787633820000,1787634060000,2.443,2.451,2.432,2.451,12,7,4,0.5992,SL_HIT,-0.3274662300450269,-0.36746623004502693,-7.349324600900539,-0.8412861835543565,113.62993794107753
1774,SHORT,1787634240000,1787634360000,2.458,2.466,2.447,2.466,12,7,2,0.5612,SL_HIT,-0.32546786004882045,-0.3654678600488204,-7.309357200976409,-0.8305618051361175,112.79937613594142
1775,SHORT,1787634360000,1787634660000,2.4650000000000003,2.473,2.455,2.473,11,7,5,0.5639,SL_HIT,-0.3245436105476496,-0.36454361054764955,-7.290872210952992,-0.8224058368823695,111.97697029905905
1776,SHORT,1787634660000,1787634720000,2.476,2.484,2.465,2.484,12,7,1,0.5926,SL_HIT,-0.3231017770597741,-0.36310177705977414,-7.262035541195483,-0.8131807381071579,111.16378956095188
1777,SHORT,1787634720000,1787635260000,2.4810000000000003,2.468,2.468,2.49,14,8,9,0.6234,TP_HIT,0.5239822652156526,0.48398226521565263,9.679645304313054,1.0760260536333124,112.2398156145852
1778,SHORT,1787635260000,1787635620000,2.4690000000000003,2.478,2.457,2.478,13,8,6,0.6381,SL_HIT,-0.36452004860266896,-0.4045200486026689,-8.090400972053379,-0.9080651133513321,111.33175050123387
1779,SHORT,1787635620000,1787635740000,2.476,2.483,2.466,2.483,11,6,2,0.5909,SL_HIT,-0.28271405492730683,-0.32271405492730687,-6.454281098546137,-0.7185664129281683,110.6131840883057
1780,SHORT,1787635740000,1787636100000,2.478,2.486,2.468,2.486,11,7,6,0.5624,SL_HIT,-0.32284100080710276,-0.36284100080710274,-7.256820016142056,-0.8026999683412228,109.81048411996449
1781,SHORT,1787636340000,1787636820000,2.491,2.476,2.476,2.501,16,9,8,0.5669,TP_HIT,0.602167804094746,0.5621678040947461,11.24335608189492,1.2346383744860283,111.04512249445051
1782,SHORT,1787636940000,1787637540000,2.4850000000000003,2.472,2.472,2.494,14,8,10,0.5513,TP_HIT,0.5231388329980017,0.4831388329980017,9.662776659960034,1.0730042178417794,112.1181267122923
1783,SHORT,1787637540000,1787637660000,2.472,2.463,2.463,2.479,10,6,2,0.6112,TP_HIT,0.36407766990290846,0.3240776699029084,6.481553398058169,0.7266996251759746,112.84482633746826
1784,SHORT,1787637900000,1787638020000,2.455,2.464,2.443,2.464,13,8,2,0.5521,SL_HIT,-0.36659877800406915,-0.4065987780040691,-8.131975560081383,-0.9176513698579198,111.92717496761034
1785,SHORT,1787638380000,1787638440000,2.4570000000000003,2.464,2.448,2.464,10,6,1,0.5881,SL_HIT,-0.2849002849002716,-0.32490028490027156,-6.498005698005431,-0.7273034207011828,111.19987154690916
1786,SHORT,1787638440000,1787638980000,2.462,2.469,2.452,2.469,11,6,9,0.5578,SL_HIT,-0.28432168968317106,-0.3243216896831711,-6.486433793663422,-0.7212906046529034,110.47858094225626
1787,SHORT,1787638980000,1787639400000,2.468,2.457,2.457,2.476,12,7,7,0.5635,TP_HIT,0.445705024311188,0.405705024311188,8.11410048622376,0.8964343073408726,111.37501524959713
1788,SHORT,1787639400000,1787639520000,2.455,2.445,2.445,2.462,11,6,2,0.5527,TP_HIT,0.4073319755600909,0.36733197556009084,7.3466395112018175,0.8182320875933953,112.19324733719053
1789,SHORT,1787639580000,1787639640000,2.447,2.455,2.436,2.455,12,7,1,0.5897,SL_HIT,-0.3269309358398041,-0.36693093583980413,-7.338618716796083,-0.8233434648068388,111.36990387238369
1790,SHORT,1787640360000,1787640660000,2.452,2.443,2.443,2.459,10,6,5,0.5835,TP_HIT,0.3670473083197348,0.3270473083197348,6.540946166394695,0.7284645457858139,112.0983684181695
1791,SHORT,1787640840000,1787641140000,2.44,2.447,2.431,2.447,10,6,5,0.5922,SL_HIT,-0.28688524590164416,-0.32688524590164414,-6.537704918032883,-0.7328660545109288,111.36550236365856
1792,SHORT,1787641140000,1787641200000,2.444,2.452,2.434,2.452,11,7,1,0.5647,SL_HIT,-0.32733224222585955,-0.3673322422258596,-7.346644844517192,-0.8181627937970393,110.54733956986152
1793,SHORT,1787641260000,1787641380000,2.456,2.464,2.445,2.464,12,7,2,0.5727,SL_HIT,-0.32573289902280156,-0.3657328990228016,-7.314657980456032,-0.8086159796028706,109.73872359025864
1794,SHORT,1787641560000,1787641860000,2.466,2.474,2.456,2.474,11,7,5,0.5632,SL_HIT,-0.3244120032441203,-0.3644120032441203,-7.288240064882406,-0.7998021619395792,108.93892142831906
1795,SHORT,1787642100000,1787642460000,2.471,2.478,2.462,2.478,10,6,6,0.6057,SL_HIT,-0.2832861189801747,-0.32328611898017473,-6.465722379603495,-0.7043688222889494,108.2345526060301
1796,SHORT,1787642460000,1787642640000,2.4730000000000003,2.464,2.464,2.48,10,6,3,0.6042,TP_HIT,0.36393044884756737,0.32393044884756733,6.478608976951347,0.7012093441297396,108.93576195015984
1797,SHORT,1787642700000,1787642820000,2.464,2.471,2.455,2.471,10,6,2,0.6562,SL_HIT,-0.2840909090909139,-0.32409090909091387,-6.481818181818277,-0.7061018024587739,108.22966014770107
1798,SHORT,1787642880000,1787643300000,2.468,2.459,2.459,2.475,10,6,7,0.5772,TP_HIT,0.36466774716369116,0.3246677471636911,6.493354943273823,0.7027735987289206,108.93243374643
1799,SHORT,1787643300000,1787643900000,2.458,2.465,2.449,2.465,10,6,10,0.5898,SL_HIT,-0.28478437754270436,-0.32478437754270434,-6.495687550854087,-0.707591053770923,108.22484269265907
1800,SHORT,1787645640000,1787645760000,2.442,2.452,2.429,2.452,14,9,2,0.5817,SL_HIT,-0.40950040950040073,-0.44950040950040077,-8.990008190008016,-0.9729422221693341,107.25190047048973
1801,SHORT,1787645760000,1787646000000,2.451,2.461,2.438,2.461,14,9,4,0.6212,SL_HIT,-0.40799673602610304,-0.44799673602610307,-8.959934720522062,-0.9609700268675174,106.29093044362222
1802,SHORT,1787646000000,1787646600000,2.464,2.468,2.45,2.474,15,9,10,0.5762,TIME_EXPIRY,-0.16233766233766247,-0.20233766233766248,-4.04675324675325,-0.43013316787315203,105.86079727574906
1803,SHORT,1787646600000,1787646720000,2.466,2.474,2.455,2.474,12,7,2,0.5829,SL_HIT,-0.3244120032441203,-0.3644120032441203,-7.288240064882406,-0.7715389040055086,105.08925837174355
1804,SHORT,1787646840000,1787647140000,2.462,2.451,2.451,2.47,12,7,5,0.5543,TP_HIT,0.446791226645009,0.40679122664500894,8.135824532900179,0.8549877664051169,105.94424613814867
1805,SHORT,1787647140000,1787647440000,2.45,2.458,2.439,2.458,12,7,5,0.5609,SL_HIT,-0.3265306122448982,-0.36653061224489825,-7.3306122448979645,-0.7766361880167966,105.16760995013188
1806,SHORT,1787647440000,1787647620000,2.4570000000000003,2.447,2.447,2.465,11,7,3,0.6109,TP_HIT,0.40700040700041634,0.3670004070004163,7.340008140008327,0.7719311130991886,105.93954106323106
1807,SHORT,1787647620000,1787647920000,2.4490000000000003,2.439,2.439,2.457,11,7,5,0.6017,TP_HIT,0.4083299305839212,0.36832993058392116,7.366598611678424,0.7804140761182473,106.71995513934931
1808,SHORT,1787647920000,1787648520000,2.44,2.4379999999999997,2.429,2.448,12,7,10,0.6234,TIME_EXPIRY,0.08196721311476327,0.04196721311476327,0.8393442622952654,0.08957478201862096,106.80952992136793
1809,SHORT,1787648580000,1787648700000,2.434,2.425,2.425,2.441,10,6,2,0.5586,TP_HIT,0.3697617091208028,0.32976170912080277,6.595234182416056,0.7044338627451963,107.51396378411312
1810,SHORT,1787648700000,1787648880000,2.43,2.42,2.42,2.438,11,7,3,0.5855,TP_HIT,0.4115226337448655,0.37152263374486544,7.4304526748973085,0.7988774197884758,108.3128412039016
1811,SHORT,1787650560000,1787651160000,2.447,2.438,2.438,2.454,10,6,10,0.5534,TP_HIT,0.36779730281977513,0.3277973028197751,6.555946056395502,0.710093144147711,109.0229343480493
1812,SHORT,1787651460000,1787651520000,2.419,2.406,2.406,2.428,14,8,1,0.5649,TP_HIT,0.5374121537825506,0.4974121537825506,9.948243075651012,1.0845866517151364,110.10752099976445
1813,SHORT,1787655780000,1787655960000,2.3890000000000002,2.397,2.379,2.397,11,7,3,0.5569,SL_HIT,-0.334868145667625,-0.37486814566762505,-7.497362913352501,-0.8255160444248156,109.28200495533963
1814,SHORT,1787668980000,1787669580000,2.31,2.3049999999999997,2.297,2.319,14,8,10,0.5848,TIME_EXPIRY,0.21645021645023108,0.17645021645023107,3.529004329004622,0.3856566685696981,109.66766162390932
1815,SHORT,1787670120000,1787670180000,2.298,2.308,2.285,2.308,14,9,1,0.5873,SL_HIT,-0.43516100957353293,-0.4751610095735329,-9.503220191470659,-1.042195936295707,108.62546568761361
1816,SHORT,1787673420000,1787673540000,2.291,2.3,2.279,2.3,13,8,2,0.5633,SL_HIT,-0.3928415539065865,-0.4328415539065865,-8.656831078131729,-0.9403523072410654,107.68511338037254
1817,SHORT,1787675040000,1787675340000,2.2680000000000002,2.277,2.255,2.277,14,8,5,0.5577,SL_HIT,-0.3968253968253922,-0.43682539682539223,-8.736507936507845,-0.9407918476913719,106.74432153268117
1818,SHORT,1787676960000,1787677320000,2.282,2.29,2.272,2.29,11,7,6,0.5676,SL_HIT,-0.35056967572305026,-0.3905696757230503,-7.811393514461005,-0.833821900925926,105.91049963175524
1819,SHORT,1787677380000,1787677680000,2.282,2.271,2.271,2.29,12,7,5,0.5848,TP_HIT,0.4820333041191989,0.44203330411919894,8.84066608238398,0.9363193618627995,106.84681899361804
1820,SHORT,1787679120000,1787679660000,2.293,2.301,2.282,2.301,12,7,9,0.557,SL_HIT,-0.3488879197557787,-0.38888791975577874,-7.777758395115574,-0.8310287434190071,106.01579025019903
1821,SHORT,1787679720000,1787679960000,2.298,2.306,2.287,2.306,12,7,4,0.5942,SL_HIT,-0.3481288076588341,-0.38812880765883406,-7.762576153176681,-0.822955645256376,105.19283460494266
1822,SHORT,1787680020000,1787680080000,2.3040000000000003,2.312,2.294,2.312,11,7,1,0.5504,SL_HIT,-0.3472222222222032,-0.3872222222222032,-7.744444444444065,-0.8146600635515716,104.37817454139109
1823,SHORT,1787680380000,1787680980000,2.297,2.302,2.286,2.305,12,7,10,0.5525,TIME_EXPIRY,-0.21767522855898536,-0.2576752285589854,-5.153504571179708,-0.5379133996304524,103.84026114176064
1824,SHORT,1787680980000,1787681100000,2.3000000000000003,2.291,2.291,2.307,10,6,2,0.6221,TP_HIT,0.39130434782610174,0.3513043478261017,7.026086956522034,0.7295907043699663,104.5698518461306
1825,SHORT,1787681100000,1787681340000,2.293,2.3,2.283,2.3,11,6,4,0.6343,SL_HIT,-0.30527692978629184,-0.3452769297862919,-6.905538595725838,-0.7221111478727876,103.84774069825782
1826,SHORT,1787681340000,1787681580000,2.2960000000000003,2.303,2.287,2.303,10,6,4,0.5546,SL_HIT,-0.30487804878047353,-0.34487804878047357,-6.897560975609471,-0.7162961236455146,103.1314445746123
1827,SHORT,1787681580000,1787681820000,2.303,2.31,2.294,2.31,10,6,4,0.5947,SL_HIT,-0.3039513677811601,-0.34395136778116014,-6.8790273556232036,-0.7094440284536963,102.4220005461586
1828,SHORT,1787682000000,1787682600000,2.306,2.304,2.297,2.313,10,6,10,0.605,TIME_EXPIRY,0.08673026886384318,0.046730268863843176,0.9346053772768635,0.0957241524618937,102.5177246986205
1829,SHORT,1787682600000,1787683020000,2.302,2.294,2.294,2.308,9,5,7,0.5938,TP_HIT,0.34752389226759367,0.3075238922675937,6.150477845351873,0.630532994514748,103.14825769313525
1830,SHORT,1787683020000,1787683140000,2.298,2.304,2.29,2.304,9,5,2,0.5711,SL_HIT,-0.26109660574411586,-0.3010966057441159,-6.021932114882318,-0.6211518055964483,102.5271058875388
1831,SHORT,1787683140000,1787683380000,2.302,2.308,2.295,2.308,8,5,4,0.5713,SL_HIT,-0.2606429192006856,-0.30064291920068564,-6.012858384013713,-0.6164809682245493,101.91062491931424
1832,SHORT,1787683440000,1787683980000,2.309,2.301,2.301,2.315,9,5,9,0.5592,TP_HIT,0.3464703334776963,0.30647033347769626,6.129406669553925,0.6246516640788532,102.5352765833931
1833,SHORT,1787683980000,1787684220000,2.299,2.305,2.292,2.305,8,5,4,0.5575,SL_HIT,-0.2609830361026632,-0.30098303610266325,-6.019660722053264,-0.6172275770739193,101.91804900631918
1834,SHORT,1787684220000,1787684280000,2.3080000000000003,2.314,2.301,2.314,8,5,1,0.6139,SL_HIT,-0.25996533795492993,-0.2999653379549299,-5.999306759098599,-0.6114376402777529,101.30661136604142
1835,SHORT,1787684280000,1787684400000,2.3120000000000003,2.318,2.304,2.318,9,5,2,0.6048,SL_HIT,-0.25951557093424665,-0.29951557093424663,-5.990311418684933,-0.6068581508542747,100.69975321518714
1836,SHORT,1787684460000,1787684520000,2.315,2.321,2.307,2.321,9,5,1,0.5582,SL_HIT,-0.2591792656587571,-0.29917926565875713,-5.983585313175142,-0.6025455643787552,100.09720765080839
1837,SHORT,1787684520000,1787684640000,2.319,2.31,2.31,2.326,10,6,2,0.5725,TP_HIT,0.3880983182406165,0.34809831824061654,6.96196636481233,0.6968733928765635,100.79408104368495
1838,SHORT,1787684700000,1787684820000,2.31,2.3,2.3,2.317,11,6,2,0.5699,TP_HIT,0.4329004329004429,0.39290043290044285,7.858008658008857,0.7920407615173228,101.58612180520228
1839,SHORT,1787684940000,1787685540000,2.301,2.303,2.29,2.309,12,7,10,0.5877,TIME_EXPIRY,-0.08691873098651802,-0.126918730986518,-2.5383746197303605,-0.25786363330716244,101.32825817189511
1840,SHORT,1787685540000,1787685720000,2.301,2.294,2.294,2.307,8,5,3,0.5605,TP_HIT,0.30421555845285164,0.26421555845285166,5.284311169057033,0.53545004639884,101.86370821829395
1841,SHORT,1787687100000,1787687460000,2.274,2.281,2.265,2.281,10,6,6,0.5914,SL_HIT,-0.3078276165347457,-0.34782761653474575,-6.956552330694915,-0.7086202168191996,101.15508800147475
1842,SHORT,1787687520000,1787687580000,2.283,2.29,2.273,2.29,11,6,1,0.5632,SL_HIT,-0.3066141042488006,-0.3466141042488006,-6.932282084976012,-0.7012356043567953,100.45385239711796
1843,SHORT,1787687760000,1787688180000,2.2880000000000003,2.279,2.279,2.295,10,6,7,0.5612,TP_HIT,0.3933566433566582,0.35335664335665823,7.0671328671331635,0.7099207219058159,101.16377311902377
1844,SHORT,1787688900000,1787689140000,2.2800000000000002,2.287,2.271,2.287,10,6,4,0.5548,SL_HIT,-0.30701754385963476,-0.3470175438596348,-6.940350877192696,-0.7021120815067395,100.46166103751703
1845,SHORT,1787691660000,1787691780000,2.233,2.243,2.219,2.243,15,9,2,0.5579,SL_HIT,-0.447828034034921,-0.48782803403492103,-9.75656068069842,-0.9801602919962912,99.48150074552075
1846,SHORT,1787693400000,1787693820000,2.202,2.211,2.19,2.211,13,8,7,0.6056,SL_HIT,-0.4087193460490417,-0.44871934604904173,-8.974386920980834,-0.8927854791701465,98.5887152663506
1847,SHORT,1787694060000,1787694480000,2.213,2.202,2.202,2.221,12,7,7,0.5561,TP_HIT,0.4970628106642621,0.45706281066426213,9.141256213285242,0.9012247059883373,99.48993997233895
1848,SHORT,1787696100000,1787696160000,2.229,2.235,2.221,2.235,9,5,1,0.5709,SL_HIT,-0.26917900403767536,-0.30917900403767534,-6.183580080753508,-0.6152040110483173,98.87473596129063
1849,SHORT,1787696640000,1787697180000,2.208,2.216,2.197,2.216,12,7,9,0.5851,SL_HIT,-0.3623188405797105,-0.40231884057971046,-8.04637681159421,-0.795583382691429,98.07915257859919
1850,SHORT,1787698140000,1787698200000,2.216,2.222,2.209,2.222,8,5,1,0.5607,SL_HIT,-0.2707581227436725,-0.31075812274367254,-6.21516245487345,-0.6095778667123143,97.46957471188688
1851,SHORT,1787698440000,1787699040000,2.225,2.225,2.217,2.231,9,5,10,0.5683,TIME_EXPIRY,0.0,-0.04,-0.8,-0.0779756597695095,97.39159905211737
1852,SHORT,1787699220000,1787699460000,2.222,2.216,2.216,2.227,7,4,4,0.5627,TP_HIT,0.27002700270026025,0.23002700270026025,4.600540054005204,0.4480539523628813,97.83965300448025
1853,SHORT,1787699640000,1787699760000,2.213,2.219,2.206,2.219,8,5,2,0.55,SL_HIT,-0.27112516945322107,-0.3111251694532211,-6.222503389064422,-0.6088075724052655,97.23084543207499
1854,SHORT,1787700360000,1787700420000,2.205,2.212,2.196,2.212,10,6,1,0.5536,SL_HIT,-0.31746031746032277,-0.35746031746032275,-7.149206349206455,-0.695123377501702,96.53572205457328
1855,SHORT,1787702340000,1787702520000,2.1710000000000003,2.181,2.158,2.181,14,9,3,0.6512,SL_HIT,-0.4606172270842831,-0.5006172270842831,-10.012344541685662,-0.9665489097907912,95.5691731447825
1856,SHORT,1787703900000,1787704200000,2.1790000000000003,2.188,2.167,2.188,13,8,5,0.6231,SL_HIT,-0.41303350160623664,-0.4530335016062367,-9.060670032124733,-0.8659207431078706,94.70325240167463
1857,SHORT,1787704320000,1787704920000,2.189,2.193,2.178,2.197,12,7,10,0.5937,TIME_EXPIRY,-0.18273184102329845,-0.22273184102329846,-4.45463682046597,-0.4218685951663821,94.28138380650825
1858,SHORT,1787705520000,1787706120000,2.205,2.206,2.195,2.213,11,7,10,0.6047,TIME_EXPIRY,-0.0453514739228975,-0.0853514739228975,-1.7070294784579498,-0.16094110142751758,94.12044270508073
1859,SHORT,1787706840000,1787707020000,2.206,2.213,2.197,2.213,10,6,3,0.6226,SL_HIT,-0.3173164097914831,-0.35731640979148316,-7.146328195829662,-0.6726155735072888,93.44782713157345
1860,SHORT,1787707140000,1787707620000,2.209,2.2,2.2,2.216,10,6,8,0.5589,TP_HIT,0.4074241738343095,0.3674241738343095,7.348483476686191,0.686699813608595,94.13452694518205
1861,SHORT,1787707680000,1787707860000,2.198,2.205,2.19,2.205,9,6,3,0.5679,SL_HIT,-0.3184713375796232,-0.3584713375796232,-7.169426751592464,-0.6748905957292898,93.45963634945275
1862,SHORT,1787708820000,1787709420000,2.2030000000000003,2.203,2.193,2.211,11,7,10,0.5807,TIME_EXPIRY,2.0158384468908878e-14,-0.03999999999997984,-0.7999999999995968,-0.07476770907952453,93.38486864037323
1863,SHORT,1787709420000,1787709720000,2.201,2.207,2.193,2.207,9,5,5,0.5868,SL_HIT,-0.2726033621081228,-0.31260336210812284,-6.252067242162457,-0.5838484781401215,92.8010201622331
1864,SHORT,1787709780000,1787709840000,2.197,2.187,2.187,2.204,11,6,1,0.5884,TP_HIT,0.45516613563951885,0.4151661356395189,8.303322712790377,0.7705568184831878,93.57157698071629
1865,SHORT,1787710980000,1787711100000,2.201,2.208,2.191,2.208,11,6,2,0.5597,SL_HIT,-0.31803725579282677,-0.3580372557928268,-7.160745115856535,-0.6700422128476581,92.90153476786863
1866,SHORT,1787711820000,1787712420000,2.208,2.211,2.198,2.215,11,6,10,0.5747,TIME_EXPIRY,-0.13586956521737634,-0.17586956521737634,-3.5173913043475267,-0.3267710505530405,92.57476371731559
1867,SHORT,1787712420000,1787712540000,2.209,2.201,2.201,2.216,9,6,2,0.5669,TP_HIT,0.36215482118605735,0.3221548211860573,6.443096423721147,0.5964681290338663,93.17123184634946
1868,SHORT,1787712660000,1787712960000,2.193,2.201,2.183,2.201,11,7,5,0.5778,SL_HIT,-0.3647970816233473,-0.40479708162334727,-8.095941632466946,-0.7543088548530908,92.41692299149636
1869,SHORT,1787713020000,1787713140000,2.201,2.207,2.193,2.207,9,5,2,0.6287,SL_HIT,-0.2726033621081228,-0.31260336210812284,-6.252067242162457,-0.5777968168565849,91.83912617463977
1870,SHORT,1787713140000,1787713260000,2.206,2.212,2.198,2.212,9,5,2,0.6402,SL_HIT,-0.2719854941069913,-0.3119854941069913,-6.239709882139826,-0.5730495031589862,91.26607667148079
1871,SHORT,1787713260000,1787713380000,2.21,2.201,2.201,2.217,10,6,2,0.5517,TP_HIT,0.4072398190045202,0.3672398190045202,7.344796380090404,0.6703307495617454,91.93640742104253
1872,SHORT,1787713620000,1787714100000,2.193,2.2,2.183,2.2,11,6,8,0.5628,SL_HIT,-0.31919744642043396,-0.359197446420434,-7.183948928408681,-0.6604664555741424,91.2759409654684
1873,SHORT,1787714100000,1787714280000,2.1990000000000003,2.193,2.193,2.204,7,4,3,0.6066,TP_HIT,0.27285129604366654,0.2328512960436665,4.6570259208733304,0.42507442302829024,91.70101538849669
1874,SHORT,1787714700000,1787714760000,2.2,2.205,2.194,2.205,7,4,1,0.5559,SL_HIT,-0.2272727272727224,-0.26727272727272244,-5.345454545454449,-0.49018360953122797,91.21083177896546
1875,SHORT,1787714880000,1787715000000,2.201,2.196,2.196,2.206,6,4,2,0.6018,TP_HIT,0.22716946842343905,0.18716946842343904,3.743389368468781,0.34143765797057374,91.55226943693603
1876,SHORT,1787716200000,1787716380000,2.185,2.179,2.179,2.19,7,4,3,0.5724,TP_HIT,0.2745995423341065,0.2345995423341065,4.69199084668213,0.42956241019108005,91.98183184712711
1877,SHORT,1787716680000,1787717280000,2.1910000000000003,2.1919999999999997,2.18,2.199,12,7,10,0.5611,TIME_EXPIRY,-0.04564125969874239,-0.0856412596987424,-1.7128251939748478,-0.15754879897571733,91.8242830481514
1878,SHORT,1787717760000,1787718240000,2.2030000000000003,2.211,2.193,2.211,11,7,8,0.5804,SL_HIT,-0.363141171130257,-0.403141171130257,-8.06282342260514,-0.7403629801245593,91.08392006802684
1879,SHORT,1787718540000,1787718720000,2.208,2.215,2.2,2.215,9,6,3,0.5875,SL_HIT,-0.3170289855072316,-0.3570289855072316,-7.140579710144632,-0.6503919915581879,90.43352807646865
1880,SHORT,1787718960000,1787719140000,2.212,2.219,2.203,2.219,10,6,3,0.5584,SL_HIT,-0.31645569620251685,-0.3564556962025169,-7.129113924050337,-0.6447109242109498,89.78881715225769
1881,SHORT,1787719440000,1787719680000,2.2190000000000003,2.21,2.21,2.226,10,6,4,0.576,TP_HIT,0.40558810274900137,0.36558810274900133,7.311762054980027,0.6565144662154176,90.4453316184731
1882,SHORT,1787719800000,1787720160000,2.216,2.208,2.208,2.222,9,5,6,0.5817,TP_HIT,0.36101083032491,0.32101083032491,6.4202166064982,0.5806786200371576,91.02601023851027
1883,SHORT,1787720160000,1787720220000,2.208,2.215,2.198,2.215,11,6,1,0.5506,SL_HIT,-0.3170289855072316,-0.3570289855072316,-7.140579710144632,-0.649978481804524,90.37603175670574
1884,SHORT,1787720220000,1787720760000,2.214,2.204,2.204,2.222,11,7,9,0.5662,TP_HIT,0.45167118337849077,0.4116711833784908,8.233423667569815,0.7441041588467023,91.12013591555244
1885,SHORT,1787720880000,1787721000000,2.204,2.212,2.194,2.212,11,7,2,0.5818,SL_HIT,-0.3629764065335756,-0.4029764065335756,-8.059528130671511,-0.7343852986820065,90.38575061687044
1886,SHORT,1787721240000,1787721660000,2.209,2.216,2.2,2.216,10,6,7,0.5608,SL_HIT,-0.3168854685378052,-0.35688546853780523,-7.137709370756104,-0.6451472191608605,89.74060339770958
1887,SHORT,1787722200000,1787722620000,2.224,2.233,2.212,2.233,13,8,7,0.5809,SL_HIT,-0.4046762589928011,-0.4446762589928011,-8.89352517985602,-0.798110315973003,88.94249308173657
1888,SHORT,1787722620000,1787723220000,2.2310000000000003,2.233,2.219,2.24,13,8,10,0.5669,TIME_EXPIRY,-0.08964589870012458,-0.12964589870012458,-2.5929179740024915,-0.23062058896422702,88.71187249277234
1889,SHORT,1787723220000,1787723280000,2.2310000000000003,2.238,2.222,2.238,10,6,1,0.5673,SL_HIT,-0.31376064545045595,-0.353760645450456,-7.075212909009119,-0.627655385443234,88.08421710732911
1890,SHORT,1787723280000,1787723460000,2.255,2.266,2.239,2.266,17,10,3,0.6822,SL_HIT,-0.48780487804878586,-0.5278048780487858,-10.556097560975717,-0.9298255893671324,87.15439151796198
1891,SHORT,1787723460000,1787723520000,2.255,2.269,2.234,2.269,22,13,1,0.5581,SL_HIT,-0.6208425720620947,-0.6608425720620947,-13.216851441241895,-1.1519066451447362,86.00248487281725
1892,SHORT,1787723520000,1787724120000,2.262,2.2649999999999997,2.239,2.278,24,15,10,0.6757,TIME_EXPIRY,-0.13262599469494563,-0.1726259946949456,-3.4525198938989123,-0.2969252899481418,85.70555958286911
1893,SHORT,1787724120000,1787724420000,2.263,2.274,2.247,2.274,17,10,5,0.6919,SL_HIT,-0.4860804242156483,-0.5260804242156483,-10.521608484312967,-0.9017603428599061,84.80379924000921
1894,SHORT,1787724420000,1787724480000,2.267,2.278,2.252,2.278,16,10,1,0.6732,SL_HIT,-0.4852227613586291,-0.5252227613586291,-10.504455227172581,-0.8908177122108091,83.91298152779841
1895,SHORT,1787724480000,1787725080000,2.278,2.26,2.26,2.29,19,11,10,0.6684,TP_HIT,0.7901668129938647,0.7501668129938647,15.003336259877296,1.2589746784304316,85.17195620622884
1896,SHORT,1787725080000,1787725680000,2.259,2.2569999999999997,2.244,2.27,16,10,10,0.6724,TIME_EXPIRY,0.08853474988934147,0.04853474988934147,0.9706949977868294,0.08267599184110523,85.25463219806994
1897,SHORT,1787725680000,1787725740000,2.255,2.265,2.242,2.265,14,9,1,0.5688,SL_HIT,-0.44345898004435613,-0.48345898004435617,-9.669179600887123,-0.8243423505307124,84.43028984753923
1898,SHORT,1787725740000,1787725800000,2.261,2.272,2.245,2.272,17,10,1,0.5674,SL_HIT,-0.48651039363112236,-0.5265103936311224,-10.530207872622448,-0.8890685028403527,83.54122134469887
1899,SHORT,1787725800000,1787726040000,2.271,2.284,2.253,2.284,19,12,4,0.5999,SL_HIT,-0.5724350506384809,-0.6124350506384809,-12.248701012769619,-1.023271442492824,82.51794990220604
1900,SHORT,1787726040000,1787726160000,2.285,2.298,2.266,2.298,20,12,2,0.5912,SL_HIT,-0.5689277899343501,-0.6089277899343501,-12.178555798687002,-1.004949457277275,81.51300044492876
1901,SHORT,1787726160000,1787726760000,2.294,2.284,2.27,2.31,25,15,10,0.6587,TIME_EXPIRY,0.43591979075851045,0.39591979075851047,7.918395815170209,0.6454522016050913,82.15845264653386
1902,SHORT,1787726880000,1787727120000,2.282,2.294,2.265,2.294,18,11,4,0.6223,SL_HIT,-0.5258545135845754,-0.5658545135845754,-11.317090271691507,-0.9297946251833158,81.22865802135054
1903,SHORT,1787727120000,1787727300000,2.2920000000000003,2.276,2.276,2.303,17,10,3,0.743,TP_HIT,0.6980802792321316,0.6580802792321315,13.16160558464263,1.0690995590468337,82.29775758039737
1904,SHORT,1787727300000,1787727360000,2.2760000000000002,2.288,2.259,2.288,18,11,1,0.6701,SL_HIT,-0.5272407732864484,-0.5672407732864484,-11.344815465728969,-0.9336528729929057,81.36410470740446
1905,SHORT,1787727360000,1787727540000,2.286,2.298,2.268,2.298,19,11,3,0.709,SL_HIT,-0.5249343832021002,-0.5649343832021002,-11.298687664042003,-0.9193076061533728,80.4447971012511
1906,SHORT,1787727540000,1787727720000,2.297,2.279,2.279,2.31,19,12,3,0.771,TP_HIT,0.7836308228123743,0.7436308228123742,14.872616456247483,1.1964246131875569,81.64122171443866
1907,SHORT,1787727720000,1787728200000,2.281,2.294,2.263,2.294,19,12,8,0.6337,SL_HIT,-0.56992547128452,-0.60992547128452,-12.198509425690398,-0.9959012126084597,80.6453205018302
1908,SHORT,1787728200000,1787728320000,2.2920000000000003,2.303,2.276,2.303,17,10,2,0.6327,SL_HIT,-0.47993019197206266,-0.5199301919720627,-10.398603839441254,-0.838598739403302,79.8067217624269
1909,SHORT,1787728320000,1787728500000,2.298,2.311,2.28,2.311,19,12,3,0.6642,SL_HIT,-0.5657093124456005,-0.6057093124456006,-12.114186248912013,-0.966793491345139,78.83992827108176
1910,SHORT,1787728500000,1787728620000,2.302,2.283,2.283,2.315,20,12,2,0.721,TP_HIT,0.8253692441355398,0.7853692441355399,15.707384882710798,1.2383690974791934,80.07829736856095
1911,SHORT,1787728740000,1787729340000,2.278,2.26,2.26,2.291,19,12,10,0.5831,TP_HIT,0.7901668129938647,0.7501668129938647,15.003336259877296,1.2014416225389672,81.27973899109992
1912,SHORT,1787730420000,1787730900000,2.259,2.247,2.247,2.268,13,8,8,0.561,TP_HIT,0.5312084993359899,0.49120849933598987,9.824169986719797,0.7985059723247827,82.0782449634247
1913,SHORT,1787731020000,1787731080000,2.2470000000000003,2.235,2.235,2.256,13,8,1,0.6162,TP_HIT,0.5340453938584981,0.49404539385849816,9.880907877169962,0.8110075772033889,82.88925254062808
1914,SHORT,1787732160000,1787732340000,2.25,2.238,2.238,2.259,13,8,3,0.5805,TP_HIT,0.5333333333333339,0.49333333333333385,9.866666666666676,0.8178406250675313,83.70709316569561
1915,SHORT,1787732340000,1787732940000,2.241,2.239,2.229,2.25,13,8,10,0.5543,TIME_EXPIRY,0.08924587237841249,0.04924587237841247,0.9849174475682496,0.08244457654411459,83.78953774223973
1916,SHORT,1787733600000,1787734200000,2.226,2.23,2.216,2.234,11,7,10,0.5574,TIME_EXPIRY,-0.179694519317161,-0.219694519317161,-4.3938903863432195,-0.3681620443617695,83.42137569787796
1917,SHORT,1787735220000,1787735820000,2.2350000000000003,2.226,2.226,2.242,10,6,10,0.5593,TP_HIT,0.4026845637584045,0.36268456375840447,7.253691275168089,0.6051129050622167,84.02648860294018
1918,SHORT,1787739240000,1787739300000,2.226,2.235,2.214,2.235,13,8,1,0.5608,SL_HIT,-0.4043126684636072,-0.44431266846360723,-8.886253369272143,-0.7466806674559846,83.27980793548419
1919,SHORT,1787739300000,1787739360000,2.2350000000000003,2.245,2.222,2.245,14,9,1,0.6493,SL_HIT,-0.44742729306486734,-0.4874272930648673,-9.748545861297348,-0.8118570269791023,82.46795090850509
1920,SHORT,1787739360000,1787739780000,2.242,2.252,2.228,2.252,15,9,7,0.6704,SL_HIT,-0.4460303300624347,-0.48603033006243473,-9.720606601248695,-0.801638507992668,81.66631240051242
1921,SHORT,1787740260000,1787740320000,2.266,2.276,2.253,2.276,14,9,1,0.5642,SL_HIT,-0.4413062665489756,-0.4813062665489756,-9.626125330979512,-0.786130158486259,80.88018224202617
1922,SHORT,1787740320000,1787740680000,2.286,2.269,2.269,2.298,18,11,6,0.6044,TP_HIT,0.7436570428696371,0.703657042869637,14.07314085739274,1.1382381972636293,82.0184204392898
1923,SHORT,1787741160000,1787741280000,2.274,2.284,2.26,2.284,15,9,2,0.6361,SL_HIT,-0.4397537379067628,-0.4797537379067628,-9.595074758135256,-0.7869728756591544,81.23144756363064
1924,SHORT,1787741280000,1787741880000,2.2880000000000003,2.272,2.272,2.299,17,10,10,0.6244,TP_HIT,0.6993006993007193,0.6593006993007192,13.186013986014384,1.0711190036782277,82.30256656730887
1925,SHORT,1787741880000,1787742420000,2.275,2.261,2.261,2.285,15,9,9,0.6166,TP_HIT,0.6153846153846062,0.5753846153846062,11.507692307692123,0.9471126121899393,83.24967917949881
1926,SHORT,1787742540000,1787743140000,2.265,2.2649999999999997,2.255,2.273,11,7,10,0.565,TIME_EXPIRY,1.9606587631349342e-14,-0.03999999999998039,-0.7999999999996079,-0.06659974334356643,83.18307943615524
1927,SHORT,1787743320000,1787743440000,2.265,2.256,2.256,2.272,10,6,2,0.5521,TP_HIT,0.39735099337749846,0.3573509933774984,7.147019867549968,0.5945111213741887,83.77759055752942
1928,SHORT,1787743560000,1787743920000,2.255,2.245,2.245,2.262,11,6,6,0.564,TP_HIT,0.4434589800443364,0.40345898004433645,8.069179600886727,0.676016424738257,84.45360698226767
1929,SHORT,1787745120000,1787745720000,2.244,2.249,2.234,2.251,11,6,10,0.5662,TIME_EXPIRY,-0.22281639928698277,-0.2628163992869828,-5.256327985739655,-0.44391585787755156,84.00969112439012
1930,SHORT,1787745720000,1787745960000,2.2470000000000003,2.24,2.24,2.253,8,5,4,0.5513,TP_HIT,0.31152647975078396,0.2715264797507839,5.430529595015679,0.4562171139191266,84.46590823830924
1931,SHORT,1787746080000,1787746320000,2.241,2.232,2.232,2.248,10,6,4,0.5867,TP_HIT,0.40160642570280664,0.3616064257028066,7.232128514056132,0.610868303435925,85.07677654174516
1932,SHORT,1787746500000,1787746620000,2.241,2.248,2.232,2.248,10,6,2,0.5504,SL_HIT,-0.312360553324414,-0.35236055332441396,-7.047211066488279,-0.599554001146137,84.47722254059903
1933,SHORT,1787746800000,1787746920000,2.248,2.256,2.238,2.256,11,7,2,0.6179,SL_HIT,-0.355871886120977,-0.3958718861209769,-7.917437722419539,-0.6688431484281688,83.80837939217086
1934,SHORT,1787748180000,1787748780000,2.258,2.258,2.245,2.267,14,8,10,0.5617,TIME_EXPIRY,0.0,-0.04,-0.8,-0.06704670351373669,83.74133268865712
1935,SHORT,1787748780000,1787748900000,2.2560000000000002,2.265,2.244,2.265,13,8,2,0.571,SL_HIT,-0.39893617021276134,-0.4389361702127613,-8.778723404255228,-0.7351419971774377,83.00619069147969
1936,SHORT,1787748960000,1787749020000,2.2720000000000002,2.282,2.258,2.282,15,9,1,0.5564,SL_HIT,-0.4401408450704131,-0.4801408450704131,-9.602816901408262,-0.7970932508936582,82.20909744058604
1937,SHORT,1787749260000,1787749680000,2.274,2.259,2.259,2.284,16,9,7,0.56,TP_HIT,0.6596306068601638,0.6196306068601638,12.392612137203276,1.0187854587307332,83.22788289931677
1938,SHORT,1787749740000,1787750340000,2.25,2.2439999999999998,2.237,2.26,14,9,10,0.602,TIME_EXPIRY,0.26666666666667677,0.22666666666667673,4.533333333333535,0.37729973581025283,83.60518263512702
1939,SHORT,1787750640000,1787751000000,2.24,2.25,2.226,2.25,15,9,6,0.5754,SL_HIT,-0.44642857142856185,-0.4864285714285619,-9.728571428571238,-0.813358991064577,82.79182364406245
1940,SHORT,1787751180000,1787751780000,2.2520000000000002,2.247,2.236,2.263,17,10,10,0.5798,TIME_EXPIRY,0.22202486678509487,0.18202486678509489,3.6404973357018977,0.3014034133941107,83.09322705745656
1941,SHORT,1787751840000,1787752200000,2.248,2.234,2.234,2.258,15,9,6,0.5541,TP_HIT,0.6227758007117542,0.5827758007117542,11.655516014235083,0.9684944386426568,84.06172149609921
1942,SHORT,1787753700000,1787754180000,2.2310000000000003,2.219,2.219,2.24,13,8,8,0.5787,TP_HIT,0.5378753922008271,0.4978753922008271,9.957507844016542,0.8370452511789418,84.89876674727815
1943,SHORT,1787759100000,1787759160000,2.1750000000000003,2.183,2.165,2.183,11,7,1,0.6232,SL_HIT,-0.36781609195400283,-0.4078160919540028,-8.156321839080057,-0.6924616653317885,84.20630508194635
1944,SHORT,1787759760000,1787760060000,2.173,2.162,2.162,2.181,12,7,5,0.5615,TP_HIT,0.5062126092959098,0.4662126092959098,9.324252185918196,0.7851608242284328,84.99146590617478
1945,SHORT,1787762760000,1787762880000,2.194,2.204,2.179,2.204,16,9,2,0.6365,SL_HIT,-0.4557885141294545,-0.4957885141294545,-9.91577028258909,-0.8427558519061317,84.14871005426865
1946,SHORT,1787762880000,1787763120000,2.2030000000000003,2.188,2.188,2.214,16,10,4,0.6787,TP_HIT,0.6808896958692747,0.6408896958692747,12.817793917385496,1.0786008238894405,85.2273108781581
1947,SHORT,1787763600000,1787763660000,2.194,2.202,2.184,2.202,11,7,1,0.5928,SL_HIT,-0.3646308113035555,-0.4046308113035555,-8.09261622607111,-0.6897119189169891,84.53759895924111
1948,SHORT,1787763840000,1787764440000,2.194,2.197,2.182,2.203,13,8,10,0.5545,TIME_EXPIRY,-0.13673655423883838,-0.17673655423883836,-3.5347310847767677,-0.2988176788736217,84.23878128036749
1949,SHORT,1787764440000,1787764560000,2.1950000000000003,2.201,2.187,2.201,9,5,2,0.6261,SL_HIT,-0.27334851936217686,-0.3133485193621769,-6.266970387243538,-0.5279219477415484,83.71085933262594
1950,SHORT,1787764560000,1787764620000,2.201,2.208,2.193,2.208,9,6,1,0.57,SL_HIT,-0.31803725579282677,-0.3580372557928268,-7.160745115856535,-0.5994321271102547,83.1114272055157
1951,SHORT,1787764620000,1787764680000,2.206,2.213,2.197,2.213,10,6,1,0.5552,SL_HIT,-0.3173164097914831,-0.35731640979148316,-7.146328195829662,-0.5939415356344214,82.51748566988127
1952,SHORT,1787764740000,1787764920000,2.217,2.205,2.205,2.226,13,8,3,0.5667,TP_HIT,0.5412719891745607,0.5012719891745607,10.025439783491214,0.8272740836684938,83.34475975354977
1953,SHORT,1787764920000,1787765100000,2.212,2.222,2.199,2.222,14,9,3,0.5634,SL_HIT,-0.45207956600360694,-0.49207956600360697,-9.841591320072139,-0.8202450641640331,82.52451468938574
1954,SHORT,1787765580000,1787766180000,2.234,2.233,2.22,2.244,15,9,10,0.5642,TIME_EXPIRY,0.04476275738585004,0.004762757385850039,0.09525514771700078,0.007860884837011238,82.53237557422275
1955,SHORT,1787766180000,1787766360000,2.2310000000000003,2.22,2.22,2.239,12,7,3,0.6983,TP_HIT,0.49305244285074495,0.4530524428507449,9.0610488570149,0.7478298873635355,83.28020546158629
1956,SHORT,1787766360000,1787766960000,2.2190000000000003,2.221,2.208,2.227,12,7,10,0.6318,TIME_EXPIRY,-0.09013068949976473,-0.13013068949976472,-2.602613789995295,-0.21674621116796597,83.06345925041832
1957,SHORT,1787766960000,1787767020000,2.2190000000000003,2.225,2.211,2.225,9,5,1,0.6305,SL_HIT,-0.27039206849931424,-0.3103920684993143,-6.207841369986284,-0.5156447786689168,82.5478144717494
1958,SHORT,1787767020000,1787767140000,2.224,2.231,2.215,2.231,10,6,2,0.6346,SL_HIT,-0.3147482014388342,-0.35474820143883423,-7.094964028776685,-0.5856737743311935,81.9621406974182
1959,SHORT,1787767140000,1787767500000,2.229,2.219,2.219,2.236,11,6,6,0.6834,TP_HIT,0.4486316733961522,0.40863167339615214,8.172633467923044,0.6698465341663373,82.63198723158455
1960,SHORT,1787767500000,1787767680000,2.218,2.225,2.209,2.225,10,6,3,0.6409,SL_HIT,-0.3155996393147032,-0.35559963931470323,-7.111992786294065,-0.5876780971081726,82.04430913447638
1961,SHORT,1787767680000,1787767800000,2.2270000000000003,2.234,2.218,2.234,10,6,2,0.6183,SL_HIT,-0.31432420296361346,-0.3543242029636135,-7.08648405927227,-0.5814056888354732,81.4629034456409
1962,SHORT,1787767800000,1787768160000,2.2350000000000003,2.243,2.224,2.243,12,7,6,0.6104,SL_HIT,-0.357941834451882,-0.39794183445188197,-7.958836689037641,-0.6483499447386978,80.8145535009022
1963,SHORT,1787768160000,1787768460000,2.241,2.25,2.229,2.25,13,8,5,0.6633,SL_HIT,-0.40160642570280664,-0.4416064257028066,-8.832128514056132,-0.7137645223260334,80.10078897857618
1964,SHORT,1787768460000,1787768640000,2.253,2.239,2.239,2.263,15,9,3,0.6656,TP_HIT,0.6213936972925093,0.5813936972925092,11.627873945850185,0.9314018772060296,81.0321908557822
1965,SHORT,1787768640000,1787769000000,2.241,2.25,2.228,2.25,14,8,6,0.6302,SL_HIT,-0.40160642570280664,-0.4416064257028066,-8.832128514056132,-0.7156867234137927,80.31650413236841
1966,SHORT,1787769000000,1787769600000,2.2430000000000003,2.241,2.232,2.251,12,7,10,0.6815,TIME_EXPIRY,0.08916629514044688,0.04916629514044688,0.9833259028089375,0.07897729893641893,80.39548143130483
1967,SHORT,1787769600000,1787769900000,2.2390000000000003,2.247,2.229,2.247,11,7,5,0.6157,SL_HIT,-0.35730236712816266,-0.3973023671281627,-7.946047342563253,-0.6388263015813131,79.75665512972351
1968,SHORT,1787769900000,1787770200000,2.245,2.252,2.236,2.252,10,6,5,0.6503,SL_HIT,-0.3118040089086714,-0.3518040089086714,-7.036080178173429,-0.5611742202356618,79.19548090948786
1969,SHORT,1787770200000,1787770440000,2.25,2.257,2.242,2.257,9,6,4,0.6325,SL_HIT,-0.31111111111111633,-0.35111111111111637,-7.022222222222327,-0.5561282659421897,78.63935264354566
1970,SHORT,1787770440000,1787770500000,2.259,2.25,2.25,2.266,10,6,1,0.6381,TP_HIT,0.3984063745019875,0.3584063745019875,7.168127490039749,0.5636969054831297,79.20304954902879
1971,SHORT,1787770500000,1787770620000,2.248,2.256,2.237,2.256,12,7,2,0.6047,SL_HIT,-0.355871886120977,-0.3958718861209769,-7.917437722419539,-0.6270852122301444,78.57596433679865
1972,SHORT,1787770620000,1787771160000,2.257,2.266,2.244,2.266,14,8,9,0.6805,SL_HIT,-0.3987594151528532,-0.43875941515285316,-8.775188303057064,-0.6895188831497044,77.88644545364895
1973,SHORT,1787771160000,1787771760000,2.266,2.268,2.254,2.275,13,8,10,0.6519,TIME_EXPIRY,-0.08826125330978728,-0.12826125330978727,-2.5652250661957456,-0.19979626219458796,77.68664919145436
1974,SHORT,1787771760000,1787772060000,2.266,2.257,2.257,2.273,10,6,5,0.7423,TP_HIT,0.39717563989408194,0.3571756398940819,7.143512797881639,0.5549555727236956,78.24160476417806
1975,SHORT,1787772060000,1787772300000,2.2560000000000002,2.263,2.248,2.263,9,6,4,0.673,SL_HIT,-0.3102836879432479,-0.35028368794324793,-7.005673758864958,-0.5481351573478858,77.69346960683018
1976,SHORT,1787772300000,1787772360000,2.262,2.269,2.254,2.269,9,6,1,0.6381,SL_HIT,-0.30946065428824565,-0.3494606542882457,-6.989213085764915,-0.5430162144545362,77.15045339237564
1977,SHORT,1787772360000,1787772600000,2.271,2.261,2.261,2.279,11,7,4,0.6503,TP_HIT,0.440334654337287,0.400334654337287,8.00669308674574,0.6177200018160334,77.76817339419168
1978,SHORT,1787772600000,1787772900000,2.261,2.252,2.252,2.268,10,6,5,0.6677,TP_HIT,0.39805395842549046,0.3580539584254905,7.16107916850981,0.5569040464662048,78.32507744065788
1979,SHORT,1787773800000,1787774220000,2.2310000000000003,2.223,2.223,2.238,9,6,7,0.5629,TP_HIT,0.35858359480055807,0.31858359480055803,6.3716718960111605,0.4990616946815376,78.82413913533942
1980,SHORT,1787774220000,1787774520000,2.226,2.217,2.217,2.233,10,6,5,0.5679,TP_HIT,0.4043126684636072,0.36431266846360716,7.286253369272144,0.5743326493548432,79.39847178469427
1981,SHORT,1787774520000,1787774640000,2.22,2.228,2.21,2.228,11,7,2,0.5584,SL_HIT,-0.3603603603603607,-0.4003603603603607,-8.007207207207214,-0.6357600155156425,78.76271176917862
1982,SHORT,1787774820000,1787775420000,2.2230000000000003,2.218,2.214,2.23,10,6,10,0.5519,TIME_EXPIRY,0.22492127755287164,0.18492127755287163,3.698425551057433,0.2912980256777022,79.05400979485633
1983,SHORT,1787777460000,1787777880000,2.2310000000000003,2.237,2.224,2.237,8,5,7,0.5666,SL_HIT,-0.26893769610039364,-0.3089376961003937,-6.178753922007873,-0.4884552730704174,78.56555452178591
1984,SHORT,1787778000000,1787778180000,2.2350000000000003,2.24,2.229,2.24,7,4,3,0.6038,SL_HIT,-0.22371364653243367,-0.2637136465324337,-5.2742729306486735,-0.4143761774956579,78.15117834429026
1985,SHORT,1787778360000,1787778480000,2.246,2.252,2.238,2.252,9,5,2,0.6193,SL_HIT,-0.2671415850400616,-0.3071415850400616,-6.142831700801231,-0.48006953578827694,77.67110880850198
1986,SHORT,1787778480000,1787778540000,2.2560000000000002,2.263,2.247,2.263,10,6,1,0.5617,SL_HIT,-0.3102836879432479,-0.35028368794324793,-7.005673758864958,-0.5441384488016673,77.12697035970032
1987,SHORT,1787778540000,1787778600000,2.2640000000000002,2.254,2.254,2.272,11,7,1,0.7354,TP_HIT,0.44169611307421514,0.4016961130742151,8.033922261484303,0.6196320841336365,77.74660244383396
1988,SHORT,1787778600000,1787779080000,2.261,2.27,2.249,2.27,13,8,8,0.5905,SL_HIT,-0.39805395842547087,-0.4380539584254709,-8.761079168509418,-0.6811441390930573,77.0654583047409
1989,SHORT,1787779200000,1787779320000,2.267,2.275,2.256,2.275,12,7,2,0.5868,SL_HIT,-0.3528892809880903,-0.39288928098809034,-7.857785619761806,-0.6055638500473461,76.45989445469355
1990,SHORT,1787779560000,1787779740000,2.263,2.253,2.253,2.271,11,7,3,0.5719,TP_HIT,0.44189129474148414,0.40189129474148416,8.037825894829682,0.6145713195638803,77.07446577425743
1991,SHORT,1787779740000,1787779980000,2.258,2.247,2.247,2.266,12,7,4,0.5594,TP_HIT,0.4871567759078884,0.4471567759078884,8.943135518157769,0.689287392408797,77.76375316666623
1992,SHORT,1787780160000,1787780340000,2.258,2.266,2.248,2.266,11,7,3,0.5581,SL_HIT,-0.35429583702391526,-0.39429583702391524,-7.885916740478304,-0.613238482899436,77.1505146837668
1993,SHORT,1787780940000,1787781000000,2.2640000000000002,2.271,2.255,2.271,10,6,1,0.6153,SL_HIT,-0.309187279151929,-0.34918727915192904,-6.983745583038581,-0.5387995661519096,76.61171511761489
1994,SHORT,1787781060000,1787781360000,2.271,2.278,2.261,2.278,11,6,5,0.568,SL_HIT,-0.3082342580361126,-0.34823425803611263,-6.964685160722252,-0.533576475417133,76.07813864219776
1995,SHORT,1787781360000,1787781660000,2.277,2.286,2.265,2.286,13,8,5,0.6067,SL_HIT,-0.3952569169960429,-0.4352569169960429,-8.705138339920858,-0.6622707215240102,75.41586792067375
1996,SHORT,1787781660000,1787781720000,2.29,2.3,2.276,2.3,15,9,1,0.6237,SL_HIT,-0.4366812227074143,-0.4766812227074143,-9.533624454148287,-0.7189865626393525,74.69688135803439
1997,SHORT,1787781720000,1787782260000,2.286,2.271,2.271,2.297,16,10,9,0.6191,TP_HIT,0.6561679790026301,0.6161679790026301,12.323359580052601,0.9205165284835858,75.61739788651798
1998,SHORT,1787782260000,1787782380000,2.27,2.278,2.259,2.278,12,7,2,0.6075,SL_HIT,-0.3524229074889871,-0.39242290748898706,-7.848458149779741,-0.5934799827075794,75.0239179038104
1999,SHORT,1787782380000,1787782740000,2.273,2.281,2.262,2.281,12,7,6,0.6153,SL_HIT,-0.3519577650681921,-0.39195776506819213,-7.839155301363842,-0.588124143764741,74.43579376004566
2000,SHORT,1787782740000,1787782980000,2.282,2.291,2.27,2.291,13,8,4,0.5905,SL_HIT,-0.39439088518842663,-0.43439088518842667,-8.687817703768532,-0.646684606822588,73.78910915322307
2001,SHORT,1787782980000,1787783520000,2.2840000000000003,2.273,2.273,2.292,12,7,9,0.6217,TP_HIT,0.48161120840630994,0.4416112084063099,8.8322241681262,0.651721953207599,74.44083110643066
2002,SHORT,1787783520000,1787783700000,2.274,2.266,2.266,2.28,9,5,3,0.5859,TP_HIT,0.35180299032541806,0.3118029903254181,6.2360598065083614,0.46421747482588965,74.90504858125655
2003,SHORT,1787784060000,1787784120000,2.261,2.268,2.253,2.268,9,6,1,0.5632,SL_HIT,-0.3095975232197998,-0.3495975232197998,-6.991950464395996,-0.5237323892133214,74.38131619204323
2004,SHORT,1787784300000,1787784660000,2.262,2.254,2.254,2.268,9,5,6,0.5548,TP_HIT,0.3536693191865609,0.3136693191865609,6.273386383731218,0.4666227362031704,74.84793892824639
2005,SHORT,1787784780000,1787785260000,2.257,2.263,2.25,2.263,8,5,8,0.5719,SL_HIT,-0.26583961010189555,-0.3058396101018956,-6.116792202037911,-0.4578292891749074,74.39010963907148
2006,SHORT,1787785260000,1787785380000,2.2600000000000002,2.265,2.254,2.265,7,4,2,0.6028,SL_HIT,-0.2212389380530926,-0.2612389380530926,-5.224778761061852,-0.38867186487528327,74.0014377741962
2007,SHORT,1787785380000,1787785860000,2.2640000000000002,2.269,2.258,2.269,7,4,8,0.6163,SL_HIT,-0.22084805653709774,-0.26084805653709775,-5.216961130741955,-0.3860626244870011,73.61537514970921
2008,SHORT,1787786040000,1787786280000,2.266,2.272,2.259,2.272,8,5,4,0.5777,SL_HIT,-0.2647837599293814,-0.30478375992938145,-6.095675198587629,-0.4487354165348065,73.1666397331744
2009,SHORT,1787786340000,1787786460000,2.271,2.277,2.264,2.277,8,5,2,0.5827,SL_HIT,-0.2642007926023878,-0.30420079260238786,-6.084015852047757,-0.44514699597770035,72.72149273719671
2010,SHORT,1787786460000,1787786520000,2.277,2.283,2.269,2.283,9,5,1,0.5614,SL_HIT,-0.26350461133068875,-0.3035046113306888,-6.070092226613776,-0.44142616777180793,72.2800665694249
2011,SHORT,1787786520000,1787786580000,2.281,2.287,2.273,2.287,9,5,1,0.5845,SL_HIT,-0.26304252520823246,-0.3030425252082325,-6.06085050416465,-0.43807867790835336,71.84198789151655
2012,SHORT,1787786640000,1787786880000,2.287,2.295,2.277,2.295,11,7,4,0.6223,SL_HIT,-0.3498032356799303,-0.38980323567993036,-7.796064713598608,-0.5600847867558306,71.28190310476072
2013,SHORT,1787786880000,1787787000000,2.293,2.3,2.283,2.3,11,6,2,0.5723,SL_HIT,-0.30527692978629184,-0.3452769297862919,-6.905538595725838,-0.49223993306671454,70.789663171694
2014,SHORT,1787787000000,1787787180000,2.302,2.291,2.291,2.31,12,7,3,0.609,TP_HIT,0.47784535186794613,0.43784535186794615,8.756907037358923,0.6198984996004749,71.40956167129448
2015,SHORT,1787787360000,1787787480000,2.295,2.303,2.285,2.303,11,7,2,0.5861,SL_HIT,-0.34858387799564305,-0.38858387799564303,-7.771677559912861,-0.5549720880040129,70.85458958329048
2016,SHORT,1787787540000,1787787660000,2.31,2.32,2.296,2.32,15,9,2,0.6122,SL_HIT,-0.4329004329004236,-0.47290043290042366,-9.458008658008472,-0.6701433217383983,70.18444626155208
2017,SHORT,1787787660000,1787787840000,2.318,2.33,2.301,2.33,18,11,3,0.6119,SL_HIT,-0.5176876617773948,-0.5576876617773948,-11.153753235547896,-0.782819994574924,69.40162626697716
2018,SHORT,1787787840000,1787788020000,2.333,2.346,2.314,2.346,20,12,3,0.7045,SL_HIT,-0.5572224603514745,-0.5972224603514745,-11.94444920702949,-0.8289641998311524,68.57266206714601
2019,SHORT,1787788020000,1787788440000,2.355,2.332,2.332,2.37,24,14,7,0.763,TP_HIT,0.9766454352441669,0.9366454352441669,18.73290870488334,1.2845654181546633,69.85722748530067
2020,SHORT,1787788440000,1787789040000,2.335,2.32,2.313,2.35,23,14,10,0.6184,TIME_EXPIRY,0.6423982869379069,0.6023982869379069,12.047965738758137,0.8416374833475357,70.69886496864821
2021,SHORT,1787789040000,1787789220000,2.318,2.333,2.295,2.333,24,14,3,0.6497,SL_HIT,-0.6471095772217482,-0.6871095772217483,-13.742191544434965,-0.9715573443733069,69.7273076242749
2022,SHORT,1787789220000,1787789520000,2.3320000000000003,2.306,2.306,2.349,27,16,5,0.6269,TP_HIT,1.114922813036031,1.074922813036031,21.498456260720623,1.4990294731382856,71.22633709741318
2023,SHORT,1787789640000,1787790240000,2.309,2.303,2.287,2.324,23,14,10,0.5725,TIME_EXPIRY,0.25985275010828185,0.2198527501082818,4.3970550021656365,0.31318612182011646,71.53952321923329
2024,SHORT,1787790300000,1787790900000,2.301,2.295,2.289,2.31,13,8,10,0.6145,TIME_EXPIRY,0.2607561929595927,0.22075619295959265,4.415123859191853,0.31585585584044645,71.85537907507373
2025,SHORT,1787791320000,1787791380000,2.2840000000000003,2.292,2.273,2.292,12,7,1,0.5589,SL_HIT,-0.3502626970227479,-0.3902626970227479,-7.805253940454959,-0.5608494806686041,71.29452959440512
2026,SHORT,1787792160000,1787792340000,2.281,2.272,2.272,2.288,10,6,3,0.5726,TP_HIT,0.39456378781237794,0.35456378781237796,7.091275756247558,0.5055691692658791,71.800098763671
2027,SHORT,1787792400000,1787792640000,2.273,2.281,2.262,2.281,12,7,4,0.5759,SL_HIT,-0.3519577650681921,-0.39195776506819213,-7.839155301363842,-0.562852124861679,71.23724663880932
2028,SHORT,1787793240000,1787793660000,2.2600000000000002,2.268,2.25,2.268,11,7,7,0.5945,SL_HIT,-0.3539823008849364,-0.39398230088493635,-7.879646017698727,-0.5613242867893159,70.67592235202001
2029,SHORT,1787794020000,1787794080000,2.277,2.285,2.267,2.285,11,7,1,0.5559,SL_HIT,-0.35133948177426466,-0.3913394817742647,-7.826789635485293,-0.5531655765431536,70.12275677547686
2030,SHORT,1787795700000,1787796300000,2.29,2.288,2.278,2.299,13,8,10,0.5916,TIME_EXPIRY,0.08733624454149448,0.04733624454149449,0.9467248908298898,0.06638695925295424,70.18914373472981
2031,SHORT,1787796300000,1787796780000,2.286,2.277,2.277,2.293,10,6,8,0.592,TP_HIT,0.3937007874015703,0.3537007874015703,7.074015748031405,0.4965191081203185,70.68566284285014
2032,SHORT,1787796840000,1787797440000,2.2800000000000002,2.276,2.27,2.288,11,7,10,0.5551,TIME_EXPIRY,0.17543859649124768,0.13543859649124768,2.7087719298249535,0.1914713393497832,70.87713418219992
2033,SHORT,1787797560000,1787798160000,2.275,2.274,2.268,2.281,8,5,10,0.6043,TIME_EXPIRY,0.043956043956039116,0.0039560439560391136,0.07912087912078226,0.0056078611660573055,70.88274204336598
2034,SHORT,1787798280000,1787798400000,2.269,2.262,2.262,2.275,8,5,2,0.5563,TP_HIT,0.3085059497576076,0.2685059497576076,5.3701189951521515,0.3806487594755497,71.26339080284153
2035,SHORT,1787798400000,1787798460000,2.263,2.255,2.255,2.269,9,5,1,0.5591,TP_HIT,0.3535130357931952,0.31351303579319517,6.270260715863904,0.4468400398303143,71.71023084267185
2036,SHORT,1787798580000,1787798760000,2.245,2.255,2.232,2.255,14,9,3,0.558,SL_HIT,-0.4454342984409705,-0.4854342984409705,-9.70868596881941,-0.6962121120030491,71.0140187306688
2037,SHORT,1787799420000,1787799720000,2.25,2.256,2.243,2.256,8,5,5,0.5564,SL_HIT,-0.266666666666657,-0.30666666666665704,-6.133333333333141,-0.435552648214755,70.57846608245404
2038,SHORT,1787799720000,1787799960000,2.251,2.257,2.244,2.257,8,5,4,0.5518,SL_HIT,-0.26654820079965474,-0.3065482007996547,-6.1309640159930945,-0.4327140358555149,70.14575204659853
2039,SHORT,1787800260000,1787800320000,2.259,2.252,2.252,2.265,8,5,1,0.5888,TP_HIT,0.3098716246126657,0.2698716246126657,5.397432492253314,0.3786069612898553,70.52435900788839
2040,SHORT,1787800620000,1787800740000,2.2470000000000003,2.253,2.24,2.253,8,5,2,0.5681,SL_HIT,-0.2670226969292293,-0.30702269692922934,-6.140453938584586,-0.4330515780361417,70.09130742985225
2041,SHORT,1787801340000,1787801520000,2.269,2.261,2.261,2.275,9,5,3,0.5806,TP_HIT,0.3525782282944031,0.31257822829440307,6.251564565888061,0.4381803339052309,70.52948776375749
2042,SHORT,1787802660000,1787803200000,2.25,2.257,2.241,2.257,10,6,9,0.5507,SL_HIT,-0.31111111111111633,-0.35111111111111637,-7.022222222222327,-0.49527373629661553,70.03421402746088
2043,SHORT,1787803320000,1787803440000,2.263,2.269,2.256,2.269,8,5,2,0.5617,SL_HIT,-0.2651347768449062,-0.30513477684490625,-6.102695536898125,-0.4273974853755536,69.60681654208533
2044,SHORT,1787803620000,1787803680000,2.27,2.275,2.264,2.275,7,4,1,0.5714,SL_HIT,-0.22026431718061204,-0.26026431718061205,-5.205286343612241,-0.36232341156883935,69.24449313051649
2045,SHORT,1787803920000,1787804160000,2.269,2.275,2.261,2.275,9,5,4,0.559,SL_HIT,-0.2644336712207926,-0.30443367122079257,-6.088673424415852,-0.4216071051109218,68.82288602540557
2046,SHORT,1787804520000,1787805000000,2.263,2.256,2.256,2.269,8,5,8,0.5769,TP_HIT,0.3093239063190507,0.2693239063190507,5.3864781263810135,0.3707129701702606,69.19359899557583
2047,SHORT,1787805000000,1787805360000,2.2560000000000002,2.251,2.251,2.261,6,4,6,0.5906,TP_HIT,0.2216312056737738,0.1816312056737738,3.632624113475476,0.2513543362094812,69.44495333178531
2048,SHORT,1787805480000,1787805540000,2.25,2.255,2.245,2.255,6,4,1,0.5519,SL_HIT,-0.2222222222222175,-0.2622222222222175,-5.24444444444435,-0.36420019969557865,69.08075313208974
2049,SHORT,1787805660000,1787805780000,2.254,2.259,2.249,2.259,6,4,2,0.5516,SL_HIT,-0.22182786157940965,-0.2618278615794097,-5.236557231588193,-0.3617453173774033,68.71900781471234
2050,SHORT,1787806560000,1787807040000,2.254,2.248,2.248,2.259,7,4,8,0.5602,TP_HIT,0.26619343389528766,0.22619343389528762,4.523868677905753,0.31087576702973785,69.02988358174208
2051,SHORT,1787809860000,1787809980000,2.259,2.251,2.251,2.265,9,5,2,0.555,TP_HIT,0.3541389995573266,0.3141389995573266,6.282779991146531,0.43369957135854365,69.46358315310063
2052,SHORT,1787810220000,1787810700000,2.25,2.241,2.241,2.257,10,6,8,0.5831,TP_HIT,0.3999999999999954,0.3599999999999954,7.199999999999908,0.5001377987023181,69.96372095180294
2053,SHORT,1787810940000,1787811180000,2.241,2.235,2.235,2.246,7,4,4,0.571,TP_HIT,0.26773761713521765,0.22773761713521762,4.554752342704353,0.31866742190953806,70.28238837371248
2054,SHORT,1787812020000,1787812500000,2.238,2.243,2.232,2.243,7,4,8,0.5523,SL_HIT,-0.22341376228775214,-0.26341376228775215,-5.268275245755043,-0.3702669668817715,69.9121214068307
2055,SHORT,1787812620000,1787812740000,2.25,2.243,2.243,2.256,8,5,2,0.6143,TP_HIT,0.31111111111111633,0.2711111111111163,5.422222222222326,0.37907905829482275,70.29120046512553
2056,SHORT,1787813040000,1787813160000,2.2470000000000003,2.253,2.24,2.253,8,5,2,0.5545,SL_HIT,-0.2670226969292293,-0.30702269692922934,-6.140453938584586,-0.4316198787439188,69.85958058638161
2057,SHORT,1787813160000,1787813640000,2.2520000000000002,2.245,2.245,2.258,8,5,8,0.55,TP_HIT,0.31083481349911707,0.2708348134991171,5.416696269982341,0.37840812958478404,70.2379887159664
2058,SHORT,1787813820000,1787814420000,2.2520000000000002,2.2479999999999998,2.244,2.258,9,5,10,0.6165,TIME_EXPIRY,0.17761989342808382,0.1376198934280838,2.752397868561676,0.19332289043388498,70.43131160640029
2059,SHORT,1787814420000,1787814660000,2.246,2.251,2.24,2.251,7,4,4,0.5654,SL_HIT,-0.22261798753338796,-0.262617987533388,-5.252359750667759,-0.3699305862681959,70.06138102013209
2060,SHORT,1787814720000,1787814840000,2.249,2.254,2.243,2.254,7,4,2,0.5598,SL_HIT,-0.22232103156958175,-0.26232103156958175,-5.246420631391635,-0.36757147484781133,69.69380954528428
2061,SHORT,1787814960000,1787815500000,2.251,2.245,2.245,2.256,7,4,9,0.5988,TP_HIT,0.266548200799635,0.22654820079963497,4.5309640159927,0.3157801431871316,70.00958968847141
2062,SHORT,1787816340000,1787816940000,2.248,2.249,2.242,2.253,7,4,10,0.6139,TIME_EXPIRY,-0.04448398576511965,-0.08448398576511966,-1.6896797153023932,-0.11829378357325374,69.89129590489816
2063,SHORT,1787816940000,1787817000000,2.2470000000000003,2.252,2.242,2.252,6,4,1,0.59,SL_HIT,-0.2225189141076746,-0.26251891410767464,-5.250378282153492,-0.36695574213064064,69.52434016276752
2064,SHORT,1787817120000,1787817540000,2.249,2.254,2.244,2.254,6,4,7,0.5677,SL_HIT,-0.22232103156958175,-0.26232103156958175,-5.246420631391635,-0.36475393261383354,69.15958623015368
2065,SHORT,1787817540000,1787817720000,2.251,2.256,2.245,2.256,7,4,3,0.5871,SL_HIT,-0.22212350066636577,-0.2621235006663658,-5.242470013327316,-0.36256705694570546,68.79701917320797
2066,SHORT,1787817720000,1787817780000,2.2600000000000002,2.266,2.253,2.266,8,5,1,0.5679,SL_HIT,-0.2654867256637072,-0.3054867256637072,-6.109734513274144,-0.4203315224529318,68.37668765075504
2067,SHORT,1787817840000,1787818080000,2.279,2.289,2.265,2.289,15,9,4,0.5518,SL_HIT,-0.43878894251865874,-0.4787889425186587,-9.575778850373174,-0.6547600394646729,67.72192761129037
2068,SHORT,1787818080000,1787818140000,2.29,2.301,2.274,2.301,17,10,1,0.665,SL_HIT,-0.48034934497817117,-0.5203493449781712,-10.406986899563424,-0.7047812134638815,67.0171463978265
2069,SHORT,1787818140000,1787818200000,2.301,2.314,2.283,2.314,19,12,1,0.6879,SL_HIT,-0.5649717514124251,-0.6049717514124251,-12.0994350282485,-0.8108696086191198,66.20627678920738
2070,SHORT,1787818200000,1787818740000,2.321,2.294,2.294,2.339,28,17,9,0.589,TP_HIT,1.1632916846187047,1.1232916846187047,22.465833692374094,1.4873792037376201,67.693655992945
2071,SHORT,1787818740000,1787819040000,2.297,2.31,2.279,2.31,19,12,5,0.5783,SL_HIT,-0.5659555942533696,-0.6059555942533696,-12.119111885067394,-0.8203869908877633,66.87326900205723
2072,SHORT,1787819040000,1787819400000,2.31,2.32,2.295,2.32,16,9,6,0.6237,SL_HIT,-0.4329004329004236,-0.47290043290042366,-9.458008658008472,-0.6324879572107869,66.24078104484644
2073,SHORT,1787819580000,1787819880000,2.327,2.338,2.311,2.338,17,10,5,0.5951,SL_HIT,-0.4727116458960086,-0.5127116458960086,-10.254232917920172,-0.679248397498807,65.56153264734763
2074,SHORT,1787819880000,1787820060000,2.3440000000000003,2.356,2.327,2.356,18,11,3,0.6481,SL_HIT,-0.511945392491449,-0.551945392491449,-11.03890784982898,-0.7237277173876248,64.83780492996001
2075,SHORT,1787820060000,1787820360000,2.3560000000000003,2.337,2.337,2.369,20,12,5,0.6956,TP_HIT,0.8064516129032312,0.7664516129032312,15.329032258064624,0.9939008033134585,65.83170573327348
2076,SHORT,1787820480000,1787821080000,2.337,2.33,2.318,2.35,20,12,10,0.5859,TIME_EXPIRY,0.2995293110825895,0.2595293110825895,5.19058622165179,0.34170514472696445,66.17341087800044
2077,SHORT,1787821080000,1787821320000,2.3280000000000003,2.313,2.313,2.338,16,9,4,0.6453,TP_HIT,0.6443298969072218,0.6043298969072217,12.086597938144434,0.7998114114780247,66.97322228947846
2078,SHORT,1787821320000,1787821800000,2.321,2.332,2.306,2.332,16,10,8,0.5854,SL_HIT,-0.4739336492890856,-0.5139336492890856,-10.27867298578171,-0.6883958507176159,66.28482643876085
2079,SHORT,1787821860000,1787822400000,2.331,2.34,2.318,2.34,14,8,9,0.6041,SL_HIT,-0.38610038610038167,-0.4261003861003817,-8.522007722007634,-0.5648798027630557,65.71994663599779
2080,SHORT,1787822400000,1787822700000,2.342,2.351,2.33,2.351,13,8,5,0.6189,SL_HIT,-0.38428693424423127,-0.4242869342442313,-8.485738684884627,-0.5576822935376397,65.16226434246015
2081,SHORT,1787822700000,1787822820000,2.3520000000000003,2.362,2.337,2.362,16,9,2,0.6257,SL_HIT,-0.42517006802720175,-0.46517006802720173,-9.303401360544035,-0.6062306987397738,64.55603364372037
2082,SHORT,1787822820000,1787823060000,2.354,2.366,2.337,2.366,18,11,4,0.6069,SL_HIT,-0.5097706032285476,-0.5497706032285476,-10.995412064570953,-0.7098201911670113,63.84621345255336
2083,SHORT,1787823060000,1787823300000,2.362,2.345,2.345,2.374,18,11,4,0.6078,TP_HIT,0.7197290431837384,0.6797290431837385,13.594580863674768,0.8679625116201766,64.71417596417353
2084,SHORT,1787823300000,1787823900000,2.3440000000000003,2.347,2.328,2.355,17,10,10,0.5675,TIME_EXPIRY,-0.12798634812285278,-0.16798634812285276,-3.3597269624570556,-0.21742196184002413,64.49675400233352
2085,SHORT,1787823900000,1787823960000,2.345,2.354,2.333,2.354,13,8,1,0.5882,SL_HIT,-0.38379530916843907,-0.4237953091684391,-8.475906183368782,-0.546668436055594,63.95008556627792
2086,SHORT,1787823960000,1787824080000,2.35,2.359,2.338,2.359,13,8,2,0.5904,SL_HIT,-0.38297872340425093,-0.4229787234042509,-8.459574468085018,-0.540990511088337,63.40909505518958
2087,SHORT,1787824080000,1787824140000,2.37,2.381,2.354,2.381,17,10,1,0.6914,SL_HIT,-0.4641350210970328,-0.5041350210970328,-10.082700421940656,-0.6393349094678351,62.76976014572175
2088,SHORT,1787824140000,1787824200000,2.374,2.356,2.356,2.386,19,11,1,0.6738,TP_HIT,0.7582139848357303,0.7182139848357303,14.364279696714604,0.9016423912288365,63.67140253695058
2089,SHORT,1787824440000,1787824620000,2.3600000000000003,2.341,2.341,2.373,20,12,3,0.5931,TP_HIT,0.8050847457627173,0.7650847457627172,15.301694915254343,0.9742803764467693,64.64568291339735
2090,SHORT,1787824680000,1787825160000,2.333,2.349,2.309,2.349,25,15,8,0.5603,SL_HIT,-0.6858122588941283,-0.7258122588941284,-14.516245177882567,-0.9384125828625298,63.70727033053482
2091,SHORT,1787825220000,1787825820000,2.3600000000000003,2.362,2.34,2.374,21,13,10,0.6167,TIME_EXPIRY,-0.08474576271185506,-0.12474576271185507,-2.4949152542371014,-0.15894424055345802,63.54832608998136
2092,SHORT,1787825820000,1787826300000,2.3600000000000003,2.343,2.343,2.372,18,11,8,0.6007,TP_HIT,0.7203389830508621,0.6803389830508622,13.606779661017242,0.8646880709328498,64.4130141609142
2093,SHORT,1787828100000,1787828460000,2.326,2.335,2.314,2.335,13,8,6,0.5795,SL_HIT,-0.38693035253653896,-0.42693035253653894,-8.538607050730779,-0.5499974168732035,63.863016744041
2094,SHORT,1787828460000,1787828520000,2.334,2.343,2.321,2.343,14,8,1,0.6461,SL_HIT,-0.38560411311053544,-0.4256041131105354,-8.51208226221071,-0.5436072520382169,63.319409492002784
2095,SHORT,1787828700000,1787829300000,2.35,2.351,2.335,2.36,16,9,10,0.5675,TIME_EXPIRY,-0.04255319148935701,-0.08255319148935703,-1.6510638297871403,-0.10454438673572632,63.21486510526706
2096,SHORT,1787829300000,1787829480000,2.349,2.338,2.338,2.357,12,7,3,0.6418,TP_HIT,0.4682843763303584,0.42828437633035843,8.565687526607169,0.5414787815283408,63.7563438867954
2097,SHORT,1787829600000,1787829660000,2.343,2.352,2.331,2.352,13,8,1,0.5773,SL_HIT,-0.3841229193341825,-0.4241229193341825,-8.48245838668365,-0.5408105339068345,63.21553335288856
2098,SHORT,1787829840000,1787830020000,2.35,2.338,2.338,2.359,13,8,3,0.5716,TP_HIT,0.5106382978723408,0.4706382978723408,9.412765957446817,0.5950330203259133,63.81056637321448
2099,SHORT,1787830620000,1787830920000,2.355,2.366,2.34,2.366,16,10,5,0.589,SL_HIT,-0.46709129511677794,-0.507091295116778,-10.14182590233556,-0.647155654886569,63.16341071832791
2100,SHORT,1787830980000,1787831220000,2.374,2.356,2.356,2.386,19,11,4,0.6533,TP_HIT,0.7582139848357303,0.7182139848357303,14.364279696714604,0.9072968981565234,64.07070761648443
2101,SHORT,1787831640000,1787832000000,2.342,2.354,2.325,2.354,18,11,6,0.5514,SL_HIT,-0.5123825789923148,-0.5523825789923147,-11.047651579846294,-0.7078308542211242,63.362876762263305
2102,SHORT,1787832000000,1787832420000,2.354,2.365,2.339,2.365,16,10,7,0.5865,SL_HIT,-0.4672897196261733,-0.5072897196261733,-10.145794392523467,-0.6428667197487264,62.72001004251458
2103,SHORT,1787832600000,1787833020000,2.359,2.37,2.343,2.37,17,10,7,0.6078,SL_HIT,-0.4662992793556643,-0.5062992793556643,-10.125985587113286,-0.6351019177141032,62.08490812480048
2104,SHORT,1787833200000,1787833740000,2.357,2.367,2.343,2.367,15,9,9,0.5641,SL_HIT,-0.42426813746286746,-0.46426813746286744,-9.285362749257349,-0.5764808931930873,61.50842723160739
2105,SHORT,1787833740000,1787833980000,2.371,2.383,2.354,2.383,18,11,4,0.5866,SL_HIT,-0.5061155630535643,-0.5461155630535643,-10.922311261071286,-0.6718141874025692,60.836613044204825
2106,SHORT,1787834880000,1787835480000,2.371,2.351,2.351,2.385,21,13,10,0.5555,TP_HIT,0.8435259384226071,0.8035259384226072,16.070518768452143,0.9776759317359542,61.81428897594078
2107,SHORT,1787835480000,1787835600000,2.3520000000000003,2.362,2.337,2.362,16,9,2,0.5906,SL_HIT,-0.42517006802720175,-0.46517006802720173,-9.303401360544035,-0.5750831401598295,61.23920583578095
2108,SHORT,1787835600000,1787835780000,2.362,2.373,2.346,2.373,17,10,3,0.5702,SL_HIT,-0.4657070279424268,-0.5057070279424268,-10.114140558848536,-0.619381935535346,60.619823900245606
2109,SHORT,1787835780000,1787836020000,2.369,2.379,2.354,2.379,16,9,4,0.5986,SL_HIT,-0.42211903756858526,-0.4621190375685853,-9.242380751371707,-0.5602714935671725,60.059552406678435
2110,SHORT,1787836020000,1787836380000,2.3810000000000002,2.366,2.366,2.391,16,9,6,0.5697,TP_HIT,0.6299874002520001,0.5899874002520001,11.799748005040001,0.7086875836942994,60.768239990372734
2111,SHORT,1787836440000,1787837040000,2.371,2.38,2.355,2.382,17,10,10,0.6289,TIME_EXPIRY,-0.37958667229016857,-0.4195866722901686,-8.391733445803371,-0.5099508719698168,60.25828911840292
2112,SHORT,1787837040000,1787837220000,2.378,2.366,2.366,2.387,13,8,3,0.6529,TP_HIT,0.504625735912532,0.464625735912532,9.29251471825064,0.5599510385293616,60.81824015693228
2113,SHORT,1787837220000,1787837400000,2.367,2.355,2.355,2.376,13,8,3,0.5844,TP_HIT,0.5069708491761729,0.4669708491761728,9.339416983523458,0.5680069050296618,61.386247061961946
2114,SHORT,1787838660000,1787839260000,2.371,2.375,2.35,2.385,22,13,10,0.5577,TIME_EXPIRY,-0.16870518768452145,-0.20870518768452145,-4.174103753690429,-0.2562325642863034,61.130014497675646
2115,SHORT,1787839260000,1787839380000,2.373,2.385,2.356,2.385,18,11,2,0.5977,SL_HIT,-0.5056890012642041,-0.5456890012642042,-10.913780025284083,-0.667159531170059,60.46285496650559
2116,SHORT,1787839380000,1787839440000,2.382,2.394,2.365,2.394,18,11,1,0.6076,SL_HIT,-0.5037783375314866,-0.5437783375314866,-10.875566750629732,-0.6575678151218759,59.805287151383716
2117,SHORT,1787839440000,1787839680000,2.439,2.408,2.408,2.459,32,19,4,0.6551,TP_HIT,1.271012710127107,1.2310127101271071,24.620254202542142,1.4724213723230946,61.27770852370681
2118,SHORT,1787839740000,1787839800000,2.411,2.43,2.382,2.43,30,18,1,0.5572,SL_HIT,-0.7880547490667825,-0.8280547490667824,-16.56109498133565,-1.0148259510997097,60.262882572607104
2119,SHORT,1787839800000,1787839980000,2.427,2.449,2.394,2.449,34,21,3,0.6312,SL_HIT,-0.9064688916357558,-0.9464688916357558,-18.929377832715115,-1.1407388735054231,59.122143699101684
2120,SHORT,1787839980000,1787840280000,2.442,2.464,2.408,2.464,35,21,5,0.7081,SL_HIT,-0.9009009009008926,-0.9409009009008925,-18.818018018017852,-1.1125615653935361,58.00958213370815
2121,SHORT,1787840280000,1787840460000,2.4690000000000003,2.492,2.433,2.492,37,22,3,0.76,SL_HIT,-0.9315512353179296,-0.9715512353179295,-19.431024706358592,-1.127185623645621,56.88239651006253
2122,SHORT,1787840460000,1787840580000,2.487,2.509,2.452,2.509,36,21,2,0.7979,SL_HIT,-0.8845999195818173,-0.9245999195818172,-18.491998391636344,-1.051869184776497,55.83052732528603
2123,SHORT,1787840580000,1787841180000,2.491,2.4939999999999998,2.456,2.514,36,22,10,0.7195,TIME_EXPIRY,-0.12043356081893496,-0.16043356081893495,-3.208671216378699,-0.1791418060238897,55.651385519262135
2124,SHORT,1787841180000,1787841300000,2.492,2.511,2.463,2.511,30,18,2,0.7025,SL_HIT,-0.7624398073836328,-0.8024398073836327,-16.048796147672657,-0.8931377415341801,54.75824777772795
2125,SHORT,1787841300000,1787841360000,2.512,2.532,2.481,2.532,32,19,1,0.7125,SL_HIT,-0.7961783439490453,-0.8361783439490452,-16.723566878980904,-0.9157532188866411,53.84249455884131
2126,SHORT,1787841360000,1787841540000,2.5460000000000003,2.571,2.506,2.571,41,24,3,0.7302,SL_HIT,-0.9819324430479148,-1.0219324430479146,-20.438648860958295,-1.1004678400862151,52.74202671875509
2127,SHORT,1787841540000,1787841960000,2.5820000000000003,2.611,2.536,2.611,47,28,7,0.7771,SL_HIT,-1.1231603408210655,-1.1631603408210653,-23.263206816421306,-1.2269486754756183,51.51507804327947
2128,SHORT,1787841960000,1787842500000,2.5980000000000003,2.549,2.549,2.629,50,30,9,0.7783,TP_HIT,1.8860662047729164,1.8460662047729164,36.92132409545833,1.902004892238751,53.41708293551822
2129,SHORT,1787842560000,1787843160000,2.529,2.534,2.465,2.569,65,39,10,0.6847,TIME_EXPIRY,-0.19770660340054938,-0.2377066034005494,-4.754132068010987,-0.2539518669633497,53.163131068554875
2130,SHORT,1787843520000,1787843820000,2.561,2.589,2.517,2.589,45,27,5,0.7495,SL_HIT,-1.093322920734089,-1.1333229207340891,-22.666458414681784,-1.2050198995596764,51.9581111689952
2131,SHORT,1787843820000,1787843880000,2.604,2.64,2.546,2.64,59,35,1,0.7062,SL_HIT,-1.382488479262674,-1.422488479262674,-28.449769585253478,-1.4781962908428987,50.4799148781523
2132,SHORT,1787843880000,1787844480000,2.64,2.629,2.574,2.681,67,40,10,0.7591,TIME_EXPIRY,0.41666666666667124,0.37666666666667126,7.533333333333426,0.38028202541541867,50.86019690356772
2133,SHORT,1787844480000,1787844960000,2.6270000000000002,2.654,2.585,2.654,43,26,8,0.6315,SL_HIT,-1.027788351732002,-1.0677883517320017,-21.355767034640035,-1.0861585164085128,49.77403838715921
2134,SHORT,1787844960000,1787845380000,2.645,2.604,2.604,2.671,42,25,7,0.6947,TP_HIT,1.5500945179584094,1.5100945179584093,30.20189035916819,1.503270050102011,51.27730843726122
2135,SHORT,1787845380000,1787845800000,2.611,2.571,2.571,2.637,41,25,7,0.5971,TP_HIT,1.531980084258906,1.491980084258906,29.839601685178117,1.5300944592558983,52.80740289651712
2136,SHORT,1787845860000,1787846460000,2.638,2.6029999999999998,2.576,2.677,63,38,10,0.6331,TIME_EXPIRY,1.3267626990144104,1.2867626990144103,25.73525398028821,1.3590119255812754,54.166414822098396
2137,SHORT,1787846580000,1787847000000,2.636,2.663,2.594,2.663,43,26,7,0.6609,SL_HIT,-1.0242792109256331,-1.0642792109256332,-21.285584218512664,-1.1529637845106682,53.01345103758773
2138,SHORT,1787847000000,1787847060000,2.672,2.699,2.63,2.699,43,26,1,0.7185,SL_HIT,-1.010479041916156,-1.050479041916156,-21.00958083832312,-1.1137903850926842,51.899660652495044
2139,SHORT,1787847060000,1787847120000,2.7070000000000003,2.741,2.654,2.741,54,33,1,0.77,SL_HIT,-1.256002955301064,-1.2960029553010641,-25.92005910602128,-1.3452422716951187,50.55441838079992
2140,SHORT,1787847120000,1787847720000,2.733,2.727,2.677,2.768,57,34,10,0.7898,TIME_EXPIRY,0.21953896816685792,0.1795389681668579,3.5907793633371585,0.18152976224728912,50.73594814304721
2141,SHORT,1787847720000,1787847840000,2.725,2.755,2.678,2.755,48,29,2,0.6894,SL_HIT,-1.1009174311926533,-1.1409174311926533,-22.818348623853066,-1.157710552489782,49.57823759055743
2142,SHORT,1787847840000,1787848020000,2.765,2.799,2.711,2.799,55,33,3,0.7294,SL_HIT,-1.2296564195298303,-1.2696564195298303,-25.393128390596605,-1.2589465525165275,48.3192910380409
2143,SHORT,1787848020000,1787848560000,2.803,2.744,2.744,2.84,60,36,9,0.7093,TP_HIT,2.1048876204066973,2.0648876204066973,41.297752408133945,1.9954781178255785,50.31476915586648
2144,SHORT,1787848800000,1787849400000,2.7390000000000003,2.711,2.687,2.772,53,32,10,0.5708,TIME_EXPIRY,1.022270901788991,0.982270901788991,19.645418035779823,0.9884546734407575,51.303223829307235
2145,SHORT,1787849580000,1787849760000,2.729,2.754,2.69,2.754,40,24,3,0.5582,SL_HIT,-0.9160864785635732,-0.9560864785635731,-19.121729571271462,-0.981006372198423,50.32221745710881
2146,SHORT,1787849760000,1787850120000,2.746,2.709,2.709,2.77,38,23,6,0.6797,TP_HIT,1.3474144209759622,1.3074144209759622,26.148288419519243,1.3158398559782476,51.63805731308706
2147,SHORT,1787850660000,1787851260000,2.712,2.715,2.674,2.737,39,24,10,0.554,TIME_EXPIRY,-0.11061946902653648,-0.15061946902653647,-3.0123893805307294,-0.15555393548118063,51.48250337760588
2148,SHORT,1787853240000,1787853300000,2.6470000000000002,2.677,2.6,2.677,48,29,1,0.6398,SL_HIT,-1.1333585190781943,-1.173358519078194,-23.467170381563886,-1.2081486784317155,50.27435469917417
2149,SHORT,1787853300000,1787853900000,2.6790000000000003,2.657,2.628,2.711,52,31,10,0.6915,TIME_EXPIRY,0.8212019410227787,0.7812019410227786,15.624038820455574,0.7854884694932505,51.05984316866742
2150,SHORT,1787853900000,1787854320000,2.6550000000000002,2.617,2.617,2.679,39,23,7,0.6839,TP_HIT,1.4312617702448305,1.3912617702448307,27.825235404896613,1.4207521559052732,52.4805953245727
2151,SHORT,1787854320000,1787854620000,2.621,2.589,2.589,2.642,33,20,5,0.6217,TP_HIT,1.220908050362458,1.1809080503624583,23.618161007249167,1.239495150132046,53.72009047470474
2152,SHORT,1787854620000,1787855160000,2.5820000000000003,2.542,2.542,2.608,41,25,9,0.5689,TP_HIT,1.5491866769945963,1.5091866769945963,30.18373353989193,1.6214728966273744,55.341563371332114
2153,SHORT,1787856240000,1787856540000,2.533,2.551,2.506,2.551,28,17,5,0.5702,SL_HIT,-0.7106198183971669,-0.750619818397167,-15.01239636794334,-0.8308094849520924,54.51075388638002
2154,SHORT,1787856540000,1787856840000,2.5460000000000003,2.561,2.524,2.561,23,14,5,0.5827,SL_HIT,-0.5891594658287383,-0.6291594658287384,-12.583189316574767,-0.6859191359415336,53.82483475043849
2155,SHORT,1787856840000,1787857440000,2.556,2.553,2.538,2.569,19,12,10,0.5628,TIME_EXPIRY,0.11737089201878378,0.07737089201878379,1.547417840375676,0.08328950954810116,53.90812425998659
2156,SHORT,1787857500000,1787858100000,2.555,2.539,2.539,2.566,17,10,10,0.5666,TP_HIT,0.6262230919765172,0.5862230919765171,11.724461839530342,0.6320437457268727,54.54016800571347
2157,SHORT,1787863500000,1787863560000,2.569,2.576,2.559,2.576,11,6,1,0.5535,SL_HIT,-0.2724795640327021,-0.31247956403270216,-6.249591280654043,-0.3408537584139135,54.199314247299554
2158,SHORT,1787864040000,1787864220000,2.557,2.566,2.545,2.566,13,8,3,0.5863,SL_HIT,-0.3519749706687484,-0.39197497066874837,-7.839499413374967,-0.42489549224703044,53.77441875505252
2159,SHORT,1787865300000,1787865480000,2.576,2.565,2.565,2.584,12,7,3,0.555,TP_HIT,0.4270186335403774,0.38701863354037735,7.740372670807546,0.41623404132016933,54.19065279637269
2160,SHORT,1787865540000,1787865660000,2.5580000000000003,2.567,2.545,2.567,14,8,2,0.5533,SL_HIT,-0.35183737294761125,-0.39183737294761123,-7.8367474589522255,-0.42467846060093606,53.76597433577175
2161,SHORT,1787866860000,1787867040000,2.527,2.539,2.509,2.539,19,11,3,0.5512,SL_HIT,-0.47487138899881326,-0.5148713889988132,-10.297427779976264,-0.553651237742667,53.21232309802908
2162,SHORT,1787867280000,1787867880000,2.549,2.557,2.534,2.56,16,10,10,0.5566,TIME_EXPIRY,-0.3138485680659085,-0.35384856806590853,-7.0769713613181695,-0.3765820866339612,52.83574101139512
2163,SHORT,1787868900000,1787869080000,2.56,2.569,2.547,2.569,14,8,3,0.5641,SL_HIT,-0.351562499999996,-0.391562499999996,-7.83124999999992,-0.41376989679548387,52.421971114599636
2164,SHORT,1787869680000,1787869860000,2.545,2.555,2.532,2.555,14,9,3,0.5592,SL_HIT,-0.3929273084479462,-0.43292730844794625,-8.658546168958924,-0.4538980571635921,51.968073057436044
2165,SHORT,1787870520000,1787870700000,2.555,2.547,2.547,2.561,9,5,3,0.5517,TP_HIT,0.3131115459882586,0.27311154598825854,5.4622309197651715,0.2838616154949425,52.251934672930986
2166,SHORT,1787870820000,1787871420000,2.541,2.5429999999999997,2.531,2.549,11,7,10,0.5695,TIME_EXPIRY,-0.07870916961825186,-0.11870916961825187,-2.3741833923650377,-0.12405567551941564,52.12787899741157
2167,SHORT,1787871420000,1787871840000,2.541,2.532,2.532,2.548,10,6,7,0.5858,TP_HIT,0.3541912632821683,0.31419126328216834,6.283825265643367,0.3275624830883351,52.45544148049991
2168,SHORT,1787871960000,1787872080000,2.535,2.542,2.526,2.542,10,6,2,0.5622,SL_HIT,-0.27613412228795553,-0.3161341222879555,-6.322682445759111,-0.33165909903330104,52.123782381466604
2169,SHORT,1787872440000,1787872680000,2.533,2.54,2.524,2.54,10,6,4,0.5612,SL_HIT,-0.2763521515988992,-0.31635215159889923,-6.3270430319779845,-0.32978941411699514,51.79399296734961
2170,SHORT,1787873760000,1787874000000,2.544,2.551,2.535,2.551,10,6,4,0.5549,SL_HIT,-0.2751572327044071,-0.31515723270440715,-6.303144654088142,-0.32646502988602855,51.46752793746358
2171,SHORT,1787874420000,1787874480000,2.5380000000000003,2.546,2.527,2.546,12,7,1,0.5547,SL_HIT,-0.31520882584710647,-0.3552088258471065,-7.104176516942131,-0.36563440335839187,51.10189353410519
2172,SHORT,1787874900000,1787875080000,2.5540000000000003,2.544,2.544,2.561,11,6,3,0.57,TP_HIT,0.3915426781519276,0.3515426781519276,7.030853563038551,0.3592899302322802,51.461183464337466
2173,SHORT,1787875080000,1787875320000,2.549,2.557,2.539,2.557,11,7,4,0.5622,SL_HIT,-0.3138485680659085,-0.35384856806590853,-7.0769713613181695,-0.36418932159665646,51.09699414274081
2174,SHORT,1787876160000,1787876220000,2.5860000000000003,2.601,2.564,2.601,23,14,1,0.5941,SL_HIT,-0.5800464037122846,-0.6200464037122846,-12.40092807424569,-0.6336501491742823,50.46334399356653
2175,SHORT,1787876220000,1787876340000,2.612,2.629,2.586,2.629,27,16,2,0.6547,SL_HIT,-0.6508422664624771,-0.6908422664624772,-13.816845329249544,-0.6972442187558228,49.76609977481071
2176,SHORT,1787876340000,1787876580000,2.628,2.648,2.598,2.648,31,19,4,0.55,SL_HIT,-0.7610350076103507,-0.8010350076103506,-16.020700152207013,-0.7972877622370594,48.96881201257365
2177,SHORT,1787876580000,1787876940000,2.658,2.681,2.622,2.681,37,22,6,0.5894,SL_HIT,-0.8653122648608026,-0.9053122648608025,-18.10624529721605,-0.8866413222129185,48.08217069036073
2178,SHORT,1787876940000,1787877120000,2.67,2.691,2.638,2.691,33,20,3,0.5722,SL_HIT,-0.7865168539325809,-0.8265168539325808,-16.530337078651616,-0.7948144889849261,47.28735620137581
2179,SHORT,1787877120000,1787877720000,2.69,2.677,2.651,2.715,40,24,10,0.6917,TIME_EXPIRY,0.4832713754646803,0.4432713754646803,8.865427509293605,0.41922262850944264,47.70657882988525
2180,SHORT,1787877720000,1787878080000,2.6750000000000003,2.697,2.641,2.697,35,21,6,0.655,SL_HIT,-0.8224299065420484,-0.8624299065420483,-17.248598130840968,-0.822871606433976,46.883707223451275
2181,SHORT,1787878080000,1787878680000,2.685,2.698,2.651,2.707,35,21,10,0.6771,TIME_EXPIRY,-0.48417132216014525,-0.5241713221601453,-10.483426443202907,-0.49150189606171224,46.39220532738956
2182,SHORT,1787878680000,1787878740000,2.696,2.715,2.668,2.715,29,18,1,0.6661,SL_HIT,-0.7047477744807005,-0.7447477744807004,-14.89495548961401,-0.6910098334165014,45.70119549397306
2183,SHORT,1787878740000,1787878860000,2.6910000000000003,2.711,2.66,2.711,32,19,2,0.6847,SL_HIT,-0.7432181345224664,-0.7832181345224664,-15.664362690449327,-0.7158801016047225,44.985315392368335
2184,SHORT,1787879100000,1787879280000,2.708,2.726,2.68,2.726,29,17,3,0.561,SL_HIT,-0.6646971935007309,-0.7046971935007309,-14.09394387001462,-0.634020510114944,44.35129488225339
2185,SHORT,1787879280000,1787879400000,2.722,2.742,2.691,2.742,32,19,2,0.609,SL_HIT,-0.7347538574577523,-0.7747538574577524,-15.495077149155048,-0.6872267358654418,43.66406814638795
2186,SHORT,1787879400000,1787879520000,2.736,2.755,2.706,2.755,31,18,2,0.6342,SL_HIT,-0.6944444444444329,-0.7344444444444329,-14.688888888888657,-0.6413766454391551,43.022691500948795
2187,SHORT,1787879520000,1787879640000,2.755,2.727,2.727,2.774,29,18,2,0.7553,TP_HIT,1.0163339382940118,0.9763339382940118,19.526678765880238,0.8400902765825929,43.86278177753139
2188,SHORT,1787879640000,1787879760000,2.733,2.758,2.695,2.758,39,24,2,0.6568,SL_HIT,-0.9147457006952033,-0.9547457006952034,-19.094914013904067,-0.8375560464526001,43.02522573107879
2189,SHORT,1787879760000,1787880000000,2.77,2.797,2.728,2.797,43,26,4,0.6968,SL_HIT,-0.9747292418772612,-1.014729241877261,-20.29458483754522,-0.8731790937539121,42.15204663732488
2190,SHORT,1787880000000,1787880420000,2.7880000000000003,2.812,2.751,2.812,38,23,7,0.6687,SL_HIT,-0.8608321377331267,-0.9008321377331266,-18.01664275466253,-0.7594383656425565,41.39260827168232
2191,SHORT,1787880420000,1787880600000,2.807,2.829,2.773,2.829,35,21,3,0.574,SL_HIT,-0.7837548984681241,-0.823754898468124,-16.47509796936248,-0.6819472764834099,40.71066099519891
2192,SHORT,1787880600000,1787880660000,2.834,2.856,2.8,2.856,35,21,1,0.596,SL_HIT,-0.7762879322512278,-0.8162879322512279,-16.325758645024557,-0.6646324256870326,40.046028569511876
2193,SHORT,1787880720000,1787880780000,2.8850000000000002,2.911,2.845,2.911,41,25,1,0.6105,SL_HIT,-0.9012131715771161,-0.941213171577116,-18.82426343154232,-0.7538369911795615,39.292191578332314
2194,SHORT,1787880780000,1787881200000,2.8970000000000002,2.848,2.848,2.928,50,30,7,0.6049,TP_HIT,1.6914049016223807,1.6514049016223806,33.02809803244761,1.2977463553588722,40.58993793369119
2195,SHORT,1787883240000,1787883540000,2.7310000000000003,2.687,2.687,2.759,45,27,5,0.5565,TP_HIT,1.6111314536799881,1.5711314536799879,31.42262907359976,1.2754425638108147,41.865380497502
2196,LONG,1787884080000,1787884560000,2.659,2.704,2.704,2.631,46,27,8,0.5511,TP_HIT,1.6923655509590212,1.6523655509590212,33.04731101918043,1.383538250237279,43.24891874773928
2197,SHORT,1787885580000,1787885760000,2.686,2.708,2.651,2.708,36,21,3,0.5611,SL_HIT,-0.8190618019359732,-0.8590618019359733,-17.181236038719465,-0.743069881424308,42.50584886631498
2198,SHORT,1787885760000,1787886360000,2.709,2.683,2.676,2.73,34,20,10,0.6782,TIME_EXPIRY,0.9597637504614339,0.919763750461434,18.39527500922868,0.7819067793965752,43.287755645711556
2199,SHORT,1787887200000,1787887800000,2.697,2.71,2.67,2.715,28,17,10,0.5938,TIME_EXPIRY,-0.48201705598813127,-0.5220170559881313,-10.440341119762625,-0.45193893525015905,42.835816710461394
2200,SHORT,1787887800000,1787888220000,2.708,2.686,2.686,2.723,23,14,7,0.5664,TP_HIT,0.8124076809453561,0.7724076809453561,15.44815361890712,0.6617342769345563,43.497550987395954
2201,SHORT,1787888220000,1787888280000,2.693,2.708,2.67,2.708,24,14,1,0.5532,SL_HIT,-0.5569996286669188,-0.5969996286669188,-11.939992573338376,-0.519360435747915,42.97819055164804
2202,SHORT,1787888400000,1787888640000,2.704,2.681,2.681,2.719,24,14,4,0.5663,TP_HIT,0.8505917159763362,0.8105917159763363,16.211834319526723,0.6967553045763669,43.674945856224404
2203,SHORT,1787888940000,1787889540000,2.706,2.6959999999999997,2.682,2.722,25,15,10,0.5656,TIME_EXPIRY,0.3695491500369635,0.32954915003696345,6.590983000739269,0.28786082569658306,43.96280668192099
2204,SHORT,1787889540000,1787889840000,2.694,2.674,2.674,2.708,21,13,5,0.5533,TP_HIT,0.7423904974016339,0.702390497401634,14.047809948032677,0.6175811530497272,44.580387834970715
2205,SHORT,1787889960000,1787890200000,2.66,2.676,2.636,2.676,25,15,4,0.5538,SL_HIT,-0.6015037593984968,-0.6415037593984967,-12.830075187969936,-0.5719697278315345,44.00841810713918
2206,SHORT,1787890320000,1787890380000,2.6950000000000003,2.712,2.669,2.712,27,16,1,0.5881,SL_HIT,-0.630797773654913,-0.6707977736549129,-13.41595547309826,-0.5904149777668705,43.41800312937231
2207,SHORT,1787890380000,1787890440000,2.709,2.727,2.682,2.727,28,17,1,0.6335,SL_HIT,-0.6644518272425173,-0.7044518272425173,-14.089036544850348,-0.6117178327941533,42.80628529657815
2208,SHORT,1787890440000,1787890500000,2.732,2.754,2.698,2.754,35,21,1,0.586,SL_HIT,-0.8052708638360101,-0.84527086383601,-16.905417276720204,-0.7236581150049863,42.082627181573166
2209,SHORT,1787890500000,1787890620000,2.7560000000000002,2.78,2.718,2.78,39,23,2,0.6255,SL_HIT,-0.8708272859216101,-0.91082728592161,-18.2165457184322,-0.7666001020048653,41.3160270795683
2210,SHORT,1787890620000,1787891100000,2.778,2.739,2.739,2.803,40,24,8,0.6201,TP_HIT,1.4038876889848866,1.3638876889848865,27.277753779697733,1.1270084138317882,42.44303549340009
2211,SHORT,1787891280000,1787891520000,2.728,2.695,2.695,2.749,34,20,4,0.553,TP_HIT,1.2096774193548518,1.169677419354852,23.393548387097038,0.9928932045101321,43.43592869791022
2212,SHORT,1787891520000,1787891700000,2.704,2.727,2.668,2.727,37,22,3,0.5825,SL_HIT,-0.8505917159763198,-0.8905917159763197,-17.811834319526394,-0.7736735654819387,42.662255132428285
2213,SHORT,1787891880000,1787892480000,2.729,2.722,2.698,2.749,32,19,10,0.5717,TIME_EXPIRY,0.2565042139978057,0.21650421399780567,4.330084279956113,0.18473116029640474,42.84698629272469
2214,SHORT,1787892540000,1787892660000,2.721,2.738,2.695,2.738,27,16,2,0.567,SL_HIT,-0.6247703050349102,-0.6647703050349101,-13.295406100698203,-0.5696680829528241,42.27731820977186
2215,SHORT,1787892660000,1787893260000,2.75,2.731,2.722,2.769,29,18,10,0.6338,TIME_EXPIRY,0.6909090909090956,0.6509090909090955,13.018181818181912,0.5503738152399431,42.82769202501181
2216,SHORT,1787893260000,1787893440000,2.729,2.745,2.706,2.745,24,15,3,0.5861,SL_HIT,-0.5862953462806895,-0.6262953462806894,-12.52590692561379,-0.5364556841441499,42.291236340867655
2217,SHORT,1787893440000,1787893680000,2.745,2.718,2.718,2.763,28,17,4,0.5795,TP_HIT,0.9836065573770542,0.9436065573770542,18.872131147541083,0.7981257586165099,43.08936209948416
2218,SHORT,1787893860000,1787893980000,2.713,2.729,2.688,2.729,26,15,2,0.5734,SL_HIT,-0.5897530409141177,-0.6297530409141178,-12.595060818282356,-0.5427131362639936,42.54664896322017
2219,SHORT,1787894220000,1787894520000,2.72,2.699,2.699,2.734,22,13,5,0.575,TP_HIT,0.7720588235294247,0.7320588235294246,14.641176470588494,0.6229329957026876,43.16958195892286
2220,SHORT,1787894700000,1787894820000,2.716,2.731,2.694,2.731,23,14,2,0.5562,SL_HIT,-0.5522827687776023,-0.5922827687776023,-11.845655375552045,-0.5113719905920492,42.658209968330816
2221,SHORT,1787894940000,1787895480000,2.732,2.746,2.711,2.746,22,13,9,0.5973,SL_HIT,-0.5124450951683671,-0.5524450951683672,-11.048901903367343,-0.47132637731333404,42.186883591017484
2222,SHORT,1787895480000,1787895600000,2.7390000000000003,2.752,2.72,2.752,20,12,2,0.5801,SL_HIT,-0.4746257758305752,-0.5146257758305752,-10.292515516611504,-0.4342091539580307,41.752674437059454
2223,SHORT,1787895600000,1787895900000,2.7470000000000003,2.761,2.726,2.761,22,13,5,0.6094,SL_HIT,-0.5096468875136435,-0.5496468875136435,-10.992937750272871,-0.458984550994004,41.29368988606545
2224,SHORT,1787895900000,1787896020000,2.7600000000000002,2.776,2.736,2.776,25,15,2,0.607,SL_HIT,-0.5797101449275206,-0.6197101449275206,-12.394202898550413,-0.5118023708777143,40.781887515187734
2225,SHORT,1787896020000,1787896200000,2.77,2.786,2.746,2.786,25,15,3,0.592,SL_HIT,-0.577617328519856,-0.6176173285198561,-12.35234657039712,-0.5037520083825504,40.278135506805185
2226,SHORT,1787896200000,1787896800000,2.773,2.7649999999999997,2.747,2.79,27,16,10,0.628,TIME_EXPIRY,0.28849621348721427,0.24849621348721423,4.9699242697442845,0.2001792831953201,40.4783147900005
2227,SHORT,1787896800000,1787896860000,2.763,2.777,2.742,2.777,22,13,1,0.7207,SL_HIT,-0.5066956207021438,-0.5466956207021438,-10.933912414042876,-0.4425863485819219,40.035728441418584
2228,SHORT,1787896860000,1787896980000,2.775,2.79,2.753,2.79,23,14,2,0.7097,SL_HIT,-0.5405405405405451,-0.580540540540545,-11.610810810810902,-0.4648472686063125,39.57088117281227
2229,SHORT,1787896980000,1787897220000,2.7800000000000002,2.794,2.759,2.794,22,13,4,0.7281,SL_HIT,-0.5035971223021507,-0.5435971223021507,-10.871942446043015,-0.4302123426500221,39.14066883016225
2230,SHORT,1787897220000,1787897280000,2.7920000000000003,2.807,2.77,2.807,23,14,1,0.6356,SL_HIT,-0.5372492836676103,-0.5772492836676103,-11.544985673352206,-0.45187846088964645,38.6887903692726
2231,SHORT,1787897280000,1787897760000,2.81,2.826,2.786,2.826,25,15,8,0.6461,SL_HIT,-0.5693950177935948,-0.6093950177935948,-12.187900355871896,-0.47153512190991076,38.217255247362694
2232,SHORT,1787897760000,1787898120000,2.823,2.841,2.796,2.841,28,17,6,0.6884,SL_HIT,-0.637619553666321,-0.6776195536663209,-13.552391073326419,-0.5179351888613954,37.6993200585013
2233,SHORT,1787898120000,1787898480000,2.846,2.812,2.812,2.868,35,21,6,0.5741,TP_HIT,1.1946591707659961,1.1546591707659961,23.093183415319924,0.8705973127438199,38.56991737124512
2234,SHORT,1787899680000,1787899800000,2.8000000000000003,2.818,2.773,2.818,28,17,2,0.5581,SL_HIT,-0.6428571428571355,-0.6828571428571355,-13.65714285714271,-0.5267548715272848,38.04316249971783
2235,SHORT,1787899800000,1787899860000,2.813,2.831,2.785,2.831,29,17,1,0.689,SL_HIT,-0.6398862424457801,-0.6798862424457801,-13.597724848915602,-0.5173004560537473,37.525862043664084
2236,SHORT,1787899860000,1787900040000,2.827,2.799,2.799,2.846,29,18,3,0.7846,TP_HIT,0.9904492394764777,0.9504492394764777,19.008984789529556,0.7133285408019951,38.23919058446608
2237,SHORT,1787900040000,1787900640000,2.7960000000000003,2.796,2.764,2.817,33,20,10,0.5846,TIME_EXPIRY,1.5883018950288362e-14,-0.03999999999998412,-0.7999999999996824,-0.030591352467560718,38.20859923199852
2238,SHORT,1787900700000,1787900760000,2.8040000000000003,2.777,2.777,2.822,28,17,1,0.5793,TP_HIT,0.9629101283880219,0.922910128388022,18.45820256776044,0.7052620644546047,38.91386129645313
2239,SHORT,1787902080000,1787902680000,2.781,2.7729999999999997,2.76,2.795,22,13,10,0.5696,TIME_EXPIRY,0.28766630708379903,0.247666307083799,4.95332614167598,0.19275304643327443,39.1066143428864
2240,SHORT,1787903220000,1787903820000,2.805,2.807,2.77,2.828,36,22,10,0.6496,TIME_EXPIRY,-0.07130124777182816,-0.11130124777182816,-2.2260249554365634,-0.08705229944989858,39.0195620434365
2241,SHORT,1787903820000,1787904360000,2.805,2.821,2.78,2.821,26,15,9,0.6308,SL_HIT,-0.5704099821746885,-0.6104099821746886,-12.208199643493773,-0.47635860342796466,38.54320344000854
2242,SHORT,1787904360000,1787904600000,2.821,2.839,2.793,2.839,29,17,4,0.6247,SL_HIT,-0.638071605813534,-0.678071605813534,-13.561432116270677,-0.5227010369952863,38.02050240301325
2243,SHORT,1787904600000,1787905200000,2.834,2.827,2.808,2.851,27,16,10,0.6255,TIME_EXPIRY,0.24700070571630617,0.20700070571630616,4.140014114326123,0.15740541658224516,38.1779078195955
2244,SHORT,1787905200000,1787905800000,2.825,2.835,2.798,2.843,28,17,10,0.5819,TIME_EXPIRY,-0.3539823008849482,-0.39398230088494823,-7.879646017698964,-0.30082839931475386,37.877079420280744
2245,SHORT,1787905800000,1787905860000,2.833,2.848,2.811,2.848,23,14,1,0.595,SL_HIT,-0.5294740557712558,-0.5694740557712559,-11.389481115425118,-0.4314002807647449,37.445679139515995
2246,SHORT,1787905860000,1787905920000,2.847,2.864,2.821,2.864,27,16,1,0.6254,SL_HIT,-0.5971197752019636,-0.6371197752019636,-12.742395504039273,-0.4771476535130658,36.96853148600293
2247,SHORT,1787905920000,1787906220000,2.862,2.829,2.829,2.884,34,21,5,0.5595,TP_HIT,1.1530398322851123,1.1130398322851125,22.260796645702246,0.822948961700152,37.79148044770308
2248,SHORT,1787906280000,1787906820000,2.846,2.816,2.816,2.866,31,19,9,0.5655,TP_HIT,1.054111033028821,1.0141110330288212,20.28222066057642,0.7664951455301733,38.55797559323325
2249,SHORT,1787907360000,1787907600000,2.8120000000000003,2.786,2.786,2.829,27,16,4,0.5591,TP_HIT,0.9246088193456702,0.8846088193456703,17.692176386913406,0.6821745053177848,39.240150098551034
2250,SHORT,1787908260000,1787908860000,2.8360000000000003,2.82,2.806,2.856,31,19,10,0.5908,TIME_EXPIRY,0.5641748942172234,0.5241748942172234,10.483497884344468,0.41137403053951915,39.651524129090554
2251,SHORT,1787909340000,1787909460000,2.8000000000000003,2.774,2.774,2.817,27,16,2,0.552,TP_HIT,0.9285714285714373,0.8885714285714373,17.771428571428746,0.7046642288084163,40.35618835789897
2252,SHORT,1787911080000,1787911320000,2.696,2.665,2.665,2.716,32,19,4,0.5523,TP_HIT,1.1498516320474828,1.1098516320474827,22.197032640949658,0.8957876302445961,41.25197598814357
2253,SHORT,1787913600000,1787913780000,2.709,2.721,2.691,2.721,19,11,3,0.5535,SL_HIT,-0.44296788482835037,-0.4829678848283504,-9.659357696567007,-0.398467591759672,40.8535083963839
2254,SHORT,1787914740000,1787914860000,2.734,2.745,2.719,2.745,16,10,2,0.5758,SL_HIT,-0.4023408924652568,-0.4423408924652568,-8.846817849305136,-0.3614235472878663,40.49208484909604
2255,SHORT,1787914920000,1787914980000,2.737,2.749,2.721,2.749,17,11,1,0.5524,SL_HIT,-0.4384362440628429,-0.4784362440628429,-9.568724881256859,-0.38745761978950916,40.10462722930653
2256,SHORT,1787915280000,1787915520000,2.749,2.729,2.729,2.763,21,13,4,0.6529,TP_HIT,0.7275372862859228,0.6875372862859228,13.750745725718454,0.5514685314549188,40.656095760761445
2257,SHORT,1787915580000,1787916120000,2.75,2.766,2.726,2.766,25,15,9,0.5915,SL_HIT,-0.5818181818181823,-0.6218181818181823,-12.436363636363646,-0.5056139909156518,40.1504817698458
2258,SHORT,1787916240000,1787916660000,2.7680000000000002,2.747,2.747,2.782,22,13,7,0.5655,TP_HIT,0.7586705202312265,0.7186705202312265,14.37341040462453,0.5770993524213891,40.72758112226719
2259,SHORT,1787916660000,1787916900000,2.75,2.73,2.73,2.763,21,12,4,0.5611,TP_HIT,0.7272727272727278,0.6872727272727278,13.745454545454558,0.5598191150624368,41.28740023732963
2260,SHORT,1787917020000,1787917080000,2.73,2.707,2.707,2.745,24,14,1,0.5666,TP_HIT,0.8424908424908473,0.8024908424908473,16.04981684981695,0.6626552120142293,41.95005544934386
2261,SHORT,1787917080000,1787917680000,2.716,2.734,2.689,2.734,28,17,10,0.5573,SL_HIT,-0.6627393225331293,-0.7027393225331293,-14.054786450662588,-0.5895990709339823,41.36045637840987
2262,SHORT,1787919120000,1787919360000,2.7190000000000003,2.731,2.702,2.731,18,11,4,0.5663,SL_HIT,-0.44133872747331976,-0.4813387274733198,-9.626774549466395,-0.3981677888179912,40.96228858959188
2263,SHORT,1787919420000,1787919780000,2.7430000000000003,2.724,2.724,2.756,20,12,6,0.5684,TP_HIT,0.6926722566533039,0.6526722566533039,13.053445133066077,0.5346989866290562,41.49698757622093
2264,SHORT,1787920260000,1787920860000,2.7230000000000003,2.707,2.707,2.735,17,11,10,0.5604,TP_HIT,0.5875872199779822,0.5475872199779822,10.951744399559646,0.45446440128647375,41.9514519775074
2265,SHORT,1787921520000,1787922120000,2.7350000000000003,2.743,2.718,2.747,18,11,10,0.5506,TIME_EXPIRY,-0.2925045703838962,-0.33250457038389625,-6.650091407677924,-0.27898099033523505,41.67247098717217
2266,SHORT,1787922780000,1787923380000,2.721,2.725,2.705,2.732,17,10,10,0.5526,TIME_EXPIRY,-0.14700477765527392,-0.1870047776552739,-3.7400955531054785,-0.15585902342603972,41.51661196374613
2267,SHORT,1787924880000,1787925420000,2.7430000000000003,2.763,2.712,2.763,32,19,9,0.5561,SL_HIT,-0.7291286912139836,-0.7691286912139836,-15.382573824279671,-0.6386323484662976,40.877979615279834
2268,SHORT,1787925480000,1787925600000,2.751,2.724,2.724,2.769,28,17,2,0.5611,TP_HIT,0.981461286804787,0.941461286804787,18.829225736095744,0.7697007058116242,41.64768032109146
2269,SHORT,1787927640000,1787927820000,2.806,2.84,2.751,2.84,56,33,3,0.5816,SL_HIT,-1.211689237348532,-1.251689237348532,-25.03378474697064,-1.0425990643688485,40.605081256722606
2270,SHORT,1787927820000,1787928420000,2.835,2.8009999999999997,2.777,2.871,59,35,10,0.6864,TIME_EXPIRY,1.1992945326278748,1.159294532627875,23.185890652557497,0.9414649739565824,41.54654623067919
2271,SHORT,1787928480000,1787928900000,2.797,2.826,2.751,2.826,47,28,7,0.5547,SL_HIT,-1.0368251698248092,-1.076825169824809,-21.536503396496183,-0.894767334009708,40.651778896669484
2272,SHORT,1787928900000,1787929200000,2.8320000000000003,2.857,2.794,2.857,39,24,5,0.7266,SL_HIT,-0.8827683615819176,-0.9227683615819176,-18.455367231638352,-0.7502435081574014,39.90153538851208
2273,SHORT,1787929200000,1787929500000,2.8600000000000003,2.886,2.819,2.886,42,25,5,0.664,SL_HIT,-0.9090909090909021,-0.949090909090902,-18.981818181818042,-0.7574036899201146,39.14413169859196
2274,SHORT,1787929500000,1787930100000,2.862,2.818,2.811,2.894,52,31,10,0.6232,TIME_EXPIRY,1.5373864430468218,1.4973864430468218,29.947728860936433,1.1722778426062193,40.31640954119818
2275,SHORT,1787930100000,1787930460000,2.8160000000000003,2.843,2.774,2.843,43,26,6,0.6551,SL_HIT,-0.9588068181818071,-0.998806818181807,-19.97613636363614,-0.805366094687176,39.51104344651101
2276,SHORT,1787930460000,1787930700000,2.85,2.878,2.805,2.878,46,27,4,0.6157,SL_HIT,-0.9824561403508781,-1.022456140350878,-20.44912280701756,-0.8079661796711102,38.7030772668399
2277,SHORT,1787930700000,1787931000000,2.8720000000000003,2.828,2.828,2.9,45,27,5,0.7117,TP_HIT,1.5320334261838606,1.4920334261838606,29.840668523677216,1.1549256995660366,39.858002966405934
2278,SHORT,1787931000000,1787931600000,2.834,2.819,2.793,2.86,42,25,10,0.586,TIME_EXPIRY,0.5292872265349373,0.4892872265349373,9.785744530698747,0.3900402345330813,40.248043200939016
2279,SHORT,1787934780000,1787935380000,2.7310000000000003,2.73,2.687,2.759,45,27,10,0.5588,TIME_EXPIRY,0.03661662394728428,-0.0033833760527157185,-0.06766752105431438,-0.0027234853106944956,40.24531971562832
2280,SHORT,1787935560000,1787935800000,2.738,2.705,2.705,2.759,34,20,4,0.6176,TP_HIT,1.2052593133674185,1.1652593133674185,23.305186267348372,0.9379246723617058,41.18324438799002
2281,SHORT,1787935860000,1787936400000,2.701,2.668,2.668,2.722,34,20,9,0.5514,TP_HIT,1.2217697149203968,1.181769714920397,23.635394298407938,0.9733822195978402,42.15662660758786
2282,SHORT,1787936400000,1787936880000,2.6550000000000002,2.678,2.619,2.678,37,22,8,0.5824,SL_HIT,-0.8662900188323799,-0.9062900188323798,-18.125800376647597,-0.7641225984420082,41.39250400914585
2283,SHORT,1787938320000,1787938920000,2.6790000000000003,2.6759999999999997,2.656,2.694,24,14,10,0.5628,TIME_EXPIRY,0.11198208286676214,0.07198208286676214,1.4396416573352429,0.05959037307298243,41.45209438221884
2284,SHORT,1787939100000,1787939160000,2.684,2.696,2.666,2.696,19,11,1,0.5841,SL_HIT,-0.4470938897168409,-0.4870938897168409,-9.741877794336817,-0.40382123779089163,41.048273144427945
2285,SHORT,1787939160000,1787939220000,2.694,2.707,2.675,2.707,20,12,1,0.5566,SL_HIT,-0.48255382331105795,-0.5225538233110579,-10.45107646622116,-0.42899864143874894,40.6192745029892
2286,SHORT,1787939460000,1787940060000,2.729,2.699,2.699,2.749,31,19,10,0.6005,TP_HIT,1.0993037742763008,1.059303774276301,21.18607548552602,0.8605630157876315,41.47983751877683
2287,SHORT,1787940060000,1787940300000,2.709,2.688,2.688,2.723,22,13,4,0.6788,TP_HIT,0.775193798449609,0.735193798449609,14.70387596899218,0.609914386090043,42.08975190486687
2288,SHORT,1787940300000,1787940420000,2.6630000000000003,2.632,2.632,2.683,32,19,2,0.6467,TP_HIT,1.1641006383777746,1.1241006383777745,22.48201276755549,0.9462623397084601,43.036014244575334
2289,SHORT,1787940660000,1787940780000,2.6430000000000002,2.608,2.608,2.665,36,21,2,0.573,TP_HIT,1.324252743094973,1.2842527430949733,25.685054861899463,1.1053823869094044,44.14139663148474
2290,SHORT,1787940840000,1787941440000,2.593,2.557,2.546,2.623,48,29,10,0.5582,TIME_EXPIRY,1.3883532587736225,1.3483532587736224,26.96706517547245,1.190363919897629,45.33176055138237
2291,SHORT,1787942820000,1787943000000,2.5460000000000003,2.563,2.52,2.563,27,16,3,0.5614,SL_HIT,-0.6677140612725806,-0.7077140612725806,-14.154281225451612,-0.6416384872890996,44.690122064093266
2292,SHORT,1787943000000,1787943180000,2.56,2.577,2.534,2.577,27,16,3,0.6175,SL_HIT,-0.6640624999999962,-0.7040624999999963,-14.081249999999926,-0.6292927813150101,44.06082928277826
2293,SHORT,1787943240000,1787943660000,2.583,2.599,2.559,2.599,25,15,7,0.5744,SL_HIT,-0.6194347657762297,-0.6594347657762297,-13.188695315524596,-0.5811048527599065,43.47972443001835
2294,SHORT,1787943660000,1787944200000,2.6020000000000003,2.616,2.581,2.616,22,13,9,0.6037,SL_HIT,-0.5380476556494923,-0.5780476556494922,-11.560953112989845,-0.5026670555011613,42.97705737451719
2295,SHORT,1787945100000,1787945520000,2.617,2.599,2.599,2.629,19,11,7,0.6187,TP_HIT,0.6878104700038132,0.6478104700038133,12.956209400076265,0.5568197547433366,43.533877129260524
2296,SHORT,1787945520000,1787945880000,2.597,2.609,2.581,2.609,17,11,6,0.5768,SL_HIT,-0.4620716211012711,-0.5020716211012711,-10.041432422025423,-0.4371424852622277,43.096734643998296
2297,SHORT,1787946480000,1787946600000,2.592,2.601,2.579,2.601,14,8,2,0.5515,SL_HIT,-0.34722222222221827,-0.38722222222221825,-7.744444444444365,-0.3337602671874056,42.76297437681089
2298,SHORT,1787948700000,1787949060000,2.6180000000000003,2.606,2.606,2.627,13,8,6,0.5692,TP_HIT,0.4583651642475345,0.41836516424753445,8.367303284950689,0.3578107759773519,43.12078515278824
2299,SHORT,1787949120000,1787949420000,2.605,2.612,2.595,2.612,11,6,5,0.5646,SL_HIT,-0.2687140115163193,-0.30871401151631933,-6.174280230326387,-0.266239811285012,42.854545341503226
2300,SHORT,1787950260000,1787950380000,2.629,2.618,2.618,2.637,12,7,2,0.5556,TP_HIT,0.4184100418410087,0.37841004184100874,7.568200836820174,0.32433180591511285,43.17887714741834
2301,SHORT,1787950620000,1787950800000,2.62,2.628,2.61,2.628,11,7,3,0.5519,SL_HIT,-0.3053435114503819,-0.34534351145038195,-6.906870229007639,-0.29823090109148204,42.88064624632686
2302,SHORT,1787951940000,1787952240000,2.613,2.622,2.601,2.622,13,8,5,0.5644,SL_HIT,-0.34443168771526583,-0.38443168771526587,-7.688633754305317,-0.3296935841359343,42.55095266219093
2303,SHORT,1787953200000,1787953320000,2.63,2.616,2.616,2.64,15,9,2,0.5807,TP_HIT,0.532319391634973,0.49231939163497296,9.84638783269946,0.41897318256276744,42.969925844753696
2304,SHORT,1787953320000,1787953920000,2.616,2.6,2.6,2.627,17,10,10,0.5564,TP_HIT,0.6116207951070342,0.5716207951070341,11.432415902140683,0.4912500635413681,43.46117590829506
2305,SHORT,1787954160000,1787954340000,2.603,2.615,2.587,2.615,17,11,3,0.552,SL_HIT,-0.4610065309258552,-0.5010065309258552,-10.020130618517104,-0.4354866594354653,43.0256892488596
2306,SHORT,1787954340000,1787954400000,2.616,2.627,2.601,2.627,16,10,1,0.5543,SL_HIT,-0.42048929663607326,-0.4604892966360733,-9.209785932721466,-0.39625738758979234,42.62943186126981
2307,SHORT,1787954820000,1787955120000,2.632,2.643,2.617,2.643,16,10,5,0.554,SL_HIT,-0.4179331306990758,-0.4579331306990758,-9.158662613981516,-0.3904285838430843,42.239003277426725
2308,SHORT,1787955120000,1787955720000,2.6430000000000002,2.6439999999999997,2.629,2.653,15,9,10,0.5755,TIME_EXPIRY,-0.037835792659835256,-0.07783579265983526,-1.5567158531967051,-0.06575412602519777,42.17324915140153
2309,SHORT,1787955720000,1787955900000,2.642,2.651,2.63,2.651,13,8,3,0.5982,SL_HIT,-0.34065102195306196,-0.380651021953062,-7.6130204390612395,-0.3210658077712419,41.85218334363029
2310,SHORT,1787955900000,1787955960000,2.6550000000000002,2.665,2.642,2.665,14,9,1,0.5911,SL_HIT,-0.37664783427494486,-0.4166478342749448,-8.332956685498896,-0.34875243099602954,41.50343091263426
2311,SHORT,1787955960000,1787956020000,2.662,2.672,2.647,2.672,16,9,1,0.5729,SL_HIT,-0.37565740045079754,-0.4156574004507975,-8.31314800901595,-0.3450241640586965,41.15840674857556
2312,SHORT,1787956140000,1787956560000,2.6630000000000003,2.674,2.648,2.674,16,10,7,0.6137,SL_HIT,-0.4130679684566157,-0.45306796845661573,-9.061359369132314,-0.3729511146097638,40.785455633965796
2313,SHORT,1787956560000,1787957160000,2.681,2.678,2.662,2.694,20,12,10,0.6414,TIME_EXPIRY,0.1118985453189151,0.0718985453189151,1.4379709063783022,0.058648298605025836,40.844103932570825
2314,SHORT,1787957220000,1787957340000,2.681,2.691,2.667,2.691,15,9,2,0.5682,SL_HIT,-0.3729951510630282,-0.41299515106302825,-8.259903021260564,-0.3373683374733223,40.5067355950975
2315,SHORT,1787957340000,1787957700000,2.693,2.678,2.678,2.704,16,10,6,0.5927,TP_HIT,0.5569996286669188,0.5169996286669188,10.339992573338376,0.4188393452234894,40.92557494032099
2316,SHORT,1787957760000,1787958360000,2.676,2.662,2.662,2.686,15,9,10,0.6556,TP_HIT,0.5231689088191418,0.48316890881914176,9.663378176382837,0.39547930773421813,41.32105424805521
2317,SHORT,1787958540000,1787958840000,2.664,2.673,2.652,2.673,13,8,5,0.5831,SL_HIT,-0.33783783783783394,-0.377837837837834,-7.5567567567566805,-0.31225315588530056,41.00880109216991
2318,SHORT,1787959020000,1787959320000,2.665,2.672,2.655,2.672,11,6,5,0.5608,SL_HIT,-0.26266416510319385,-0.3026641651031939,-6.053283302063877,-0.24823789088889103,40.76056320128102
2319,SHORT,1787959380000,1787959440000,2.6790000000000003,2.688,2.666,2.688,14,8,1,0.5818,SL_HIT,-0.3359462486002201,-0.3759462486002201,-7.5189249720044025,-0.30647561652707556,40.45408758475395
2320,SHORT,1787959620000,1787960220000,2.7390000000000003,2.737,2.704,2.762,36,22,10,0.5616,TIME_EXPIRY,0.07301935012779202,0.03301935012779203,0.6603870025558406,0.026715353641227107,40.48080293839518
2321,SHORT,1787960220000,1787960820000,2.7350000000000003,2.729,2.705,2.755,31,19,10,0.5641,TIME_EXPIRY,0.21937842778794245,0.17937842778794247,3.5875685557588493,0.14522765573365698,40.626030594128835
2322,SHORT,1787960820000,1787961180000,2.7270000000000003,2.741,2.706,2.741,22,13,6,0.5889,SL_HIT,-0.5133846718005056,-0.5533846718005057,-11.067693436010114,-0.4496364521377858,40.17639414199105
2323,SHORT,1787961180000,1787961600000,2.74,2.752,2.722,2.752,19,11,7,0.6505,SL_HIT,-0.4379562043795462,-0.4779562043795462,-9.559124087590924,-0.38405113699525356,39.79234300499579
2324,SHORT,1787961600000,1787961960000,2.762,2.778,2.738,2.778,25,15,6,0.6279,SL_HIT,-0.5792903692976109,-0.6192903692976109,-12.38580738595222,-0.492860295895621,39.299482709100175
2325,SHORT,1787961960000,1787962200000,2.769,2.787,2.741,2.787,29,17,4,0.6744,SL_HIT,-0.6500541711809243,-0.6900541711809243,-13.801083423618488,-0.5423754393733438,38.75710726972683
2326,SHORT,1787962200000,1787962440000,2.7840000000000003,2.802,2.757,2.802,28,17,4,0.7364,SL_HIT,-0.6465517241379236,-0.6865517241379235,-13.731034482758472,-0.5321751763725882,38.22493209335424
2327,SHORT,1787962440000,1787963040000,2.7920000000000003,2.764,2.764,2.811,29,18,10,0.8084,TP_HIT,1.0028653295129106,0.9628653295129108,19.257306590258217,0.7361092367135235,38.961041330067765
2328,SHORT,1787963040000,1787963100000,2.774,2.792,2.747,2.792,28,17,1,0.6485,SL_HIT,-0.648882480173028,-0.6888824801730279,-13.77764960346056,-0.5367915756316186,38.42424975443615
2329,SHORT,1787963100000,1787963220000,2.789,2.808,2.76,2.808,30,18,2,0.7444,SL_HIT,-0.6812477590534127,-0.7212477590534128,-14.424955181068256,-0.5542680805739144,37.869981673862235
2330,SHORT,1787963220000,1787963760000,2.785,2.752,2.752,2.807,34,21,9,0.5881,TP_HIT,1.184919210053873,1.144919210053873,22.89838420107746,0.86716139005586,38.7371430639181
2331,SHORT,1787963820000,1787964060000,2.7640000000000002,2.78,2.739,2.78,26,15,4,0.6182,SL_HIT,-0.5788712011577268,-0.6188712011577269,-12.377424023154537,-0.479466045147714,38.25767701877038
2332,SHORT,1787964060000,1787964660000,2.782,2.796,2.753,2.801,30,18,10,0.5638,TIME_EXPIRY,-0.5032350826743275,-0.5432350826743275,-10.86470165348655,-0.41565824676438895,37.84201877200599
2333,SHORT,1787964660000,1787965260000,2.794,2.768,2.768,2.811,27,16,10,0.6531,TP_HIT,0.9305654974946401,0.8905654974946402,17.811309949892802,0.6740159254778606,38.51603469748385
2334,SHORT,1787965740000,1787966040000,2.782,2.759,2.759,2.798,24,15,5,0.5765,TP_HIT,0.8267433501078407,0.7867433501078408,15.734867002156816,0.6060446834153657,39.122079380899216
2335,SHORT,1787966040000,1787966160000,2.758,2.772,2.737,2.772,22,13,2,0.5518,SL_HIT,-0.507614213197962,-0.547614213197962,-10.952284263959239,-0.4284761343767867,38.69360324652243
2336,SHORT,1787966160000,1787966700000,2.771,2.784,2.751,2.784,21,12,9,0.5785,SL_HIT,-0.4691447130999603,-0.5091447130999603,-10.182894261999206,-0.39401287047508715,38.29959037604734
2337,SHORT,1787966880000,1787967120000,2.79,2.77,2.77,2.803,21,12,4,0.5799,TP_HIT,0.7168458781362014,0.6768458781362013,13.536917562724026,0.5184583976066514,38.81804877365399
2338,SHORT,1787968680000,1787968980000,2.744,2.76,2.72,2.76,25,15,5,0.5527,SL_HIT,-0.5830903790087306,-0.6230903790087307,-12.461807580174614,-0.4837430544551092,38.33430571919888
2339,SHORT,1787969160000,1787969760000,2.763,2.762,2.739,2.779,25,15,10,0.5716,TIME_EXPIRY,0.036192544335862824,-0.0038074556641371753,-0.0761491132827435,-0.0029191233888265977,38.33138659581005
2340,SHORT,1787969760000,1787970060000,2.7600000000000002,2.743,2.743,2.772,18,11,5,0.5945,TP_HIT,0.6159420289855199,0.5759420289855198,11.518840579710396,0.44153313139638395,38.772919727206435
2341,SHORT,1787970360000,1787970540000,2.749,2.763,2.729,2.763,21,13,3,0.5566,SL_HIT,-0.5092761004001378,-0.5492761004001379,-10.985522008002757,-0.4259407629777506,38.34697896422868
2342,SHORT,1787970600000,1787970720000,2.765,2.778,2.745,2.778,21,12,2,0.5535,SL_HIT,-0.4701627486437577,-0.5101627486437577,-10.203254972875154,-0.3912640038115052,37.955714960417176
2343,SHORT,1787970960000,1787971260000,2.786,2.803,2.76,2.803,27,16,5,0.6359,SL_HIT,-0.6101938262742248,-0.6501938262742248,-13.003876525484499,-0.4935714307817497,37.462143529635426
2344,SHORT,1787971260000,1787971320000,2.803,2.823,2.773,2.823,31,19,1,0.62,SL_HIT,-0.7135212272565116,-0.7535212272565116,-15.070424545130232,-0.5645704073622094,36.897573122273215
2345,SHORT,1787971320000,1787971920000,2.8160000000000003,2.835,2.779,2.84,38,23,10,0.6496,TIME_EXPIRY,-0.6747159090908978,-0.7147159090908979,-14.294318181817955,-0.5274256503466676,36.37014747192655
2346,SHORT,1787971920000,1787972520000,2.833,2.843,2.803,2.853,31,19,10,0.6966,TIME_EXPIRY,-0.3529827038475039,-0.39298270384750394,-7.859654076950079,-0.28585677785700314,36.084290694069544
2347,SHORT,1787972520000,1787973120000,2.841,2.82,2.809,2.862,33,20,10,0.6365,TIME_EXPIRY,0.7391763463569289,0.6991763463569288,13.983526927138579,0.5045856505672175,36.58887634463676
2348,SHORT,1787973120000,1787973300000,2.818,2.834,2.794,2.834,25,15,3,0.6306,SL_HIT,-0.5677785663591204,-0.6077785663591204,-12.15557132718241,-0.44475869618868935,36.144117648448066
2349,SHORT,1787973300000,1787973360000,2.835,2.852,2.809,2.852,27,16,1,0.7271,SL_HIT,-0.5996472663139296,-0.6396472663139297,-12.792945326278593,-0.4623897209431773,35.68172792750489
2350,SHORT,1787973360000,1787973960000,2.845,2.8449999999999998,2.817,2.863,29,17,10,0.6893,TIME_EXPIRY,1.560946256063489e-14,-0.039999999999984395,-0.799999999999688,-0.028545382341992775,35.65318254516289
2351,SHORT,1787973960000,1787974080000,2.843,2.857,2.822,2.857,22,13,2,0.5586,SL_HIT,-0.492437565951468,-0.532437565951468,-10.648751319029358,-0.3796618746553979,35.273520670507494
2352,SHORT,1787974080000,1787974200000,2.851,2.868,2.825,2.868,27,16,2,0.5699,SL_HIT,-0.5962820063135709,-0.6362820063135708,-12.725640126271417,-0.44887813003947447,34.82464254046802
2353,SHORT,1787974200000,1787974380000,2.869,2.887,2.842,2.887,28,17,3,0.6454,SL_HIT,-0.6273963053328614,-0.6673963053328614,-13.347926106657226,-0.46483675532091895,34.3598057851471
2354,SHORT,1787974380000,1787974920000,2.876,2.895,2.848,2.895,29,18,9,0.594,SL_HIT,-0.660639777468711,-0.7006397774687111,-14.012795549374221,-0.481476933583472,33.87832885156363
2355,SHORT,1787974920000,1787975040000,2.886,2.905,2.858,2.905,29,18,2,0.5861,SL_HIT,-0.6583506583506473,-0.6983506583506474,-13.967013167012949,-0.4731790651461839,33.40514978641745
2356,SHORT,1787975100000,1787975400000,2.883,2.854,2.854,2.902,30,18,5,0.585,TP_HIT,1.0058966354491818,0.9658966354491819,19.317932708983637,0.6453184357075313,34.05046822212498
2357,SHORT,1787975580000,1787976180000,2.8600000000000003,2.86,2.825,2.882,36,21,10,0.5569,TIME_EXPIRY,1.552759475000219e-14,-0.03999999999998448,-0.7999999999996895,-0.027240374577689408,34.02322784754729
2358,SHORT,1787976660000,1787977260000,2.939,2.916,2.889,2.971,51,31,10,0.6981,TIME_EXPIRY,0.7825791085403242,0.7425791085403242,14.851582170806484,0.50529876409392,34.52852661164121
2359,SHORT,1787977260000,1787977320000,2.914,2.939,2.875,2.939,40,24,1,0.6006,SL_HIT,-0.8579272477693861,-0.897927247769386,-17.95854495538772,-0.62008209739846,33.90844451424275
2360,SHORT,1787977320000,1787977380000,2.951,2.981,2.903,2.981,49,29,1,0.6102,SL_HIT,-1.016604540833609,-1.056604540833609,-21.132090816672182,-0.7165563289270674,33.19188818531568
2361,SHORT,1787977380000,1787977800000,2.9690000000000003,3.001,2.919,3.001,51,31,7,0.6206,SL_HIT,-1.0778039744021415,-1.1178039744021415,-22.35607948804283,-0.7420404906291471,32.44984769468654
2362,SHORT,1787977800000,1787978400000,3.0060000000000002,3.021,2.957,3.037,50,30,10,0.565,TIME_EXPIRY,-0.49900199600797335,-0.5390019960079734,-10.780039920159467,-0.3498106535518156,32.100037041134726
2363,SHORT,1787978400000,1787978760000,3.019,3.044,2.98,3.044,40,24,6,0.6041,SL_HIT,-0.8280887711162607,-0.8680887711162606,-17.361775422325213,-0.5573136341565018,31.542723406978226
2364,SHORT,1787978760000,1787979360000,3.053,3.008,3.008,3.082,46,28,10,0.6204,TP_HIT,1.4739600393055987,1.433960039305599,28.679200786111974,0.9046200979295225,32.44734350490775
2365,SHORT,1787979360000,1787979900000,3.003,3.032,2.957,3.032,47,28,9,0.6357,SL_HIT,-0.9657009657009629,-1.0057009657009628,-20.114019314019256,-0.6526464939463318,31.794697010961418
2366,SHORT,1787979900000,1787980500000,3.025,3.026,2.978,3.055,48,29,10,0.5604,TIME_EXPIRY,-0.03305785123966578,-0.07305785123966578,-1.4611570247933157,-0.04645704488874132,31.748239966072678
2367,SHORT,1787980500000,1787980740000,3.024,3.048,2.987,3.048,38,23,4,0.5964,SL_HIT,-0.7936507936507943,-0.8336507936507942,-16.673015873015885,-0.5293389088946471,31.21890105717803
2368,SHORT,1787980740000,1787981160000,3.0420000000000003,3.006,3.006,3.065,37,22,7,0.5826,TP_HIT,1.1834319526627375,1.1434319526627374,22.868639053254753,0.7139337799158776,31.932834837093907
2369,SHORT,1787981160000,1787981760000,3.011,3.022,2.975,3.034,37,22,10,0.5616,TIME_EXPIRY,-0.3653271338425665,-0.40532713384256647,-8.10654267685133,-0.2588648883997467,31.67396994869416
2370,SHORT,1787981760000,1787982360000,3.02,3.04,2.989,3.04,32,19,10,0.5848,SL_HIT,-0.6622516556291397,-0.7022516556291397,-14.045033112582795,-0.44486195673636186,31.2291079919578
2371,SHORT,1787982420000,1787982780000,3.024,2.997,2.997,3.042,28,17,6,0.5558,TP_HIT,0.8928571428571473,0.8528571428571474,17.05714285714295,0.5326793563199688,31.761787348277768
2372,SHORT,1787985900000,1787986020000,2.73,2.746,2.706,2.746,25,15,2,0.5571,SL_HIT,-0.5860805860805866,-0.6260805860805866,-12.521611721611734,-0.3977087687595342,31.36407857951823
2373,SHORT,1787986200000,1787986500000,2.734,2.749,2.712,2.749,23,14,5,0.5883,SL_HIT,-0.5486466715435305,-0.5886466715435306,-11.77293343087061,-0.36924720923726306,30.99483137028097
2374,SHORT,1787986500000,1787986560000,2.754,2.767,2.735,2.767,20,12,1,0.6668,SL_HIT,-0.47204066811909584,-0.5120406681190959,-10.240813362381918,-0.3174122832615476,30.677419087019423
2375,SHORT,1787986560000,1787987160000,2.769,2.784,2.747,2.784,23,14,10,0.5583,SL_HIT,-0.5417118093174316,-0.5817118093174316,-11.634236186348632,-0.3569083392459836,30.32051074777344
2376,SHORT,1787993940000,1787994120000,2.746,2.756,2.732,2.756,15,9,3,0.6902,SL_HIT,-0.364166059723226,-0.404166059723226,-8.083321194464519,-0.24509042715446633,30.075420320618974
2377,SHORT,1787994900000,1787995320000,2.753,2.74,2.74,2.763,14,9,7,0.6107,TP_HIT,0.4722121322193934,0.43221213221939336,8.644242644387868,0.259979230883384,30.33539955150236
2378,SHORT,1787996820000,1787997000000,2.7520000000000002,2.76,2.741,2.76,12,7,3,0.5589,SL_HIT,-0.29069767441858874,-0.33069767441858877,-6.613953488371775,-0.20063692168481062,30.134762629817548
2379,SHORT,1787997480000,1787997900000,2.751,2.739,2.739,2.76,13,8,7,0.5754,TP_HIT,0.4362050163576885,0.39620501635768846,7.924100327153768,0.23879088241363838,30.373553512231187
2380,SHORT,1787997900000,1787998500000,2.74,2.749,2.728,2.749,13,8,10,0.5551,SL_HIT,-0.32846715328466775,-0.3684671532846678,-7.369343065693355,-0.22383313595582696,30.14972037627536
2381,SHORT,1787999580000,1787999820000,2.744,2.752,2.733,2.752,12,7,4,0.5611,SL_HIT,-0.2915451895043572,-0.33154518950435724,-6.630903790087145,-0.19991989511311192,29.94980048116225
2382,SHORT,1788000240000,1788000300000,2.74,2.747,2.731,2.747,10,6,1,0.5803,SL_HIT,-0.25547445255473256,-0.2954744525547326,-5.909489051094652,-0.17698801802589767,29.77281246313635
2383,SHORT,1788000540000,1788001140000,2.75,2.745,2.74,2.758,11,7,10,0.5638,TIME_EXPIRY,0.18181818181817794,0.14181818181817793,2.8363636363635587,0.08444652262271171,29.857258985759064
2384,SHORT,1788001320000,1788001680000,2.738,2.727,2.727,2.746,12,7,6,0.5667,TP_HIT,0.4017531044558115,0.36175310445581155,7.23506208911623,0.21601912257279032,30.073278108331856
2385,SHORT,1788001680000,1788001740000,2.728,2.737,2.716,2.737,13,8,1,0.5712,SL_HIT,-0.32991202346040677,-0.36991202346040675,-7.398240469208135,-0.2224893431428118,29.850788765189044
2386,SHORT,1788004320000,1788004680000,2.738,2.728,2.728,2.746,11,7,6,0.6043,TP_HIT,0.3652300949598169,0.32523009495981686,6.504601899196338,0.1941674972945574,30.044956262483602
2387,SHORT,1788004980000,1788005280000,2.724,2.715,2.715,2.731,10,6,5,0.5735,TP_HIT,0.3303964757709376,0.2903964757709376,5.807929515418752,0.174498988266344,30.219455250749945
2388,SHORT,1788009780000,1788010380000,2.708,2.7039999999999997,2.688,2.722,21,13,10,0.5588,TIME_EXPIRY,0.1477104874446251,0.10771048744462508,2.1542097488925016,0.06509904510738623,30.28455429585733
2389,SHORT,1788010380000,1788010500000,2.702,2.689,2.689,2.711,14,8,2,0.5602,TP_HIT,0.4811250925240526,0.4411250925240526,8.822501850481052,0.2671855363161952,30.551739832173524
2390,SHORT,1788010560000,1788011040000,2.693,2.679,2.679,2.703,15,9,8,0.5607,TP_HIT,0.5198663200891286,0.4798663200891286,9.597326401782572,0.29321501931171123,30.844954851485234
2391,SHORT,1788012480000,1788012540000,2.6870000000000003,2.695,2.677,2.695,11,7,1,0.5611,SL_HIT,-0.2977298101972297,-0.33772981019722975,-6.754596203944595,-0.2083452149506846,30.636609636534548
2392,SHORT,1788014580000,1788014820000,2.725,2.739,2.705,2.739,21,13,4,0.5869,SL_HIT,-0.5137614678899005,-0.5537614678899005,-11.075229357798012,-0.33930747846994486,30.297302158064603
2393,SHORT,1788015360000,1788015660000,2.736,2.718,2.718,2.749,19,12,5,0.5884,TP_HIT,0.6578947368421139,0.6178947368421139,12.357894736842278,0.37441087087966674,30.67171302894427
2394,SHORT,1788015660000,1788015960000,2.718,2.699,2.699,2.731,20,12,5,0.5525,TP_HIT,0.6990434142752071,0.6590434142752071,13.180868285504141,0.40427980952529574,31.075992838469567
2395,SHORT,1788019260000,1788019500000,2.658,2.668,2.645,2.668,14,9,4,0.5526,SL_HIT,-0.3762227238525294,-0.41622272385252945,-8.324454477050589,-0.25869068771299003,30.81730215075658
2396,SHORT,1788019920000,1788020460000,2.68,2.666,2.666,2.69,15,9,9,0.5953,TP_HIT,0.5223880597015013,0.4823880597015012,9.647761194030025,0.2973179717947673,31.114620122551347
2397,SHORT,1788020520000,1788020880000,2.656,2.639,2.639,2.668,18,11,6,0.5511,TP_HIT,0.6400602409638685,0.6000602409638685,12.001204819277369,0.37341292896474787,31.488033051516094
2398,SHORT,1788021720000,1788021960000,2.641,2.625,2.625,2.652,17,10,4,0.5519,TP_HIT,0.6058311245740255,0.5658311245740255,11.31662249148051,0.35633818304326875,31.844371234559365
2399,SHORT,1788022320000,1788022920000,2.6590000000000003,2.661,2.643,2.67,17,10,10,0.5728,TIME_EXPIRY,-0.07521624670928091,-0.1152162467092809,-2.304324934185618,-0.0733797786492584,31.770991455910107
2400,SHORT,1788023640000,1788023820000,2.654,2.662,2.643,2.662,12,7,3,0.6382,SL_HIT,-0.30143180105501155,-0.3414318010550116,-6.828636021100232,-0.21695253668189546,31.554038919228212
2401,SHORT,1788024180000,1788024540000,2.6470000000000002,2.634,2.634,2.657,14,9,6,0.5751,TP_HIT,0.49112202493390045,0.4511220249339004,9.022440498678009,0.2846944386417067,31.83873335786992
2402,SHORT,1788024540000,1788024600000,2.637,2.645,2.626,2.645,12,7,1,0.5702,SL_HIT,-0.30337504740235144,-0.3433750474023515,-6.86750094804703,-0.21865253151978828,31.620080826350133
2403,SHORT,1788024720000,1788024960000,2.634,2.643,2.622,2.643,13,8,4,0.5592,SL_HIT,-0.3416856492027296,-0.3816856492027296,-7.633712984054592,-0.24137862156096468,31.378702204789167
2404,SHORT,1788025260000,1788025860000,2.65,2.653,2.635,2.66,16,9,10,0.5822,TIME_EXPIRY,-0.11320754716981563,-0.1532075471698156,-3.0641509433963123,-0.09614907996335667,31.28255312482581
2405,SHORT,1788026100000,1788026580000,2.649,2.639,2.639,2.656,11,6,8,0.612,TP_HIT,0.3775009437523681,0.3375009437523681,6.7500188750473615,0.21115782405224606,31.493710948878057
2406,SHORT,1788026580000,1788026640000,2.637,2.626,2.626,2.645,12,7,1,0.5747,TP_HIT,0.41714069017823746,0.3771406901782374,7.542813803564749,0.2375511976706757,31.731262146548733
2407,SHORT,1788026640000,1788026880000,2.63,2.64,2.615,2.64,16,9,4,0.5544,SL_HIT,-0.3802281368821381,-0.4202281368821381,-8.404562737642763,-0.2666873834552578,31.464574763093477
2408,SHORT,1788027420000,1788027600000,2.642,2.65,2.631,2.65,12,7,3,0.5663,SL_HIT,-0.30280090840272544,-0.3428009084027255,-6.856018168054509,-0.21572169622587828,31.2488530668676
2409,SHORT,1788027660000,1788027720000,2.649,2.657,2.639,2.657,11,7,1,0.5918,SL_HIT,-0.3020007550018878,-0.34200075500188776,-6.840015100037755,-0.21374262683623552,31.035110440031364
2410,SHORT,1788028260000,1788028380000,2.658,2.667,2.646,2.667,13,8,2,0.5752,SL_HIT,-0.33860045146726475,-0.3786004514672648,-7.572009029345296,-0.23499813647864595,30.80011230355272
2411,SHORT,1788028680000,1788029160000,2.673,2.682,2.661,2.682,13,8,8,0.5624,SL_HIT,-0.33670033670033284,-0.37670033670033287,-7.534006734006657,-0.23204825350312747,30.568064050049593
2412,SHORT,1788029160000,1788029460000,2.681,2.668,2.668,2.69,14,8,5,0.5668,TP_HIT,0.4848936963819433,0.44489369638194326,8.897873927638866,0.2719907801293312,30.840054830178925
2413,SHORT,1788029460000,1788030060000,2.673,2.678,2.66,2.683,14,9,10,0.6663,TIME_EXPIRY,-0.18705574261129418,-0.22705574261129416,-4.541114852225883,-0.1400482310327861,30.70000659914614
2414,SHORT,1788030060000,1788030180000,2.676,2.683,2.667,2.683,10,6,2,0.6212,SL_HIT,-0.2615844544095543,-0.3015844544095543,-6.0316890881910865,-0.1851728948114641,30.514833704334674
2415,SHORT,1788030480000,1788030900000,2.682,2.69,2.672,2.69,11,7,7,0.5833,SL_HIT,-0.2982848620432516,-0.3382848620432516,-6.765697240865032,-0.2064541261988724,30.308379578135803
2416,SHORT,1788030900000,1788031500000,2.6830000000000003,2.679,2.673,2.691,11,7,10,0.5829,TIME_EXPIRY,0.14908684308611433,0.10908684308611433,2.1817368617222868,0.06612490894468985,30.374504487080493
2417,SHORT,1788031560000,1788032160000,2.6790000000000003,2.675,2.67,2.686,10,6,10,0.6529,TIME_EXPIRY,0.14930944382233846,0.10930944382233847,2.1861888764467694,0.06640440383723786,30.440908890917733
2418,SHORT,1788032340000,1788032940000,2.6710000000000003,2.673,2.662,2.678,10,6,10,0.6,TIME_EXPIRY,-0.07487832272556269,-0.11487832272556268,-2.2975664545112537,-0.06994001111260596,30.370968879805126
2419,SHORT,1788032940000,1788033300000,2.6710000000000003,2.664,2.664,2.677,8,5,6,0.6153,TP_HIT,0.26207412953950265,0.22207412953950267,4.441482590790053,0.13489212954508095,30.505861009350205
2420,SHORT,1788033360000,1788033480000,2.661,2.667,2.654,2.667,8,5,2,0.5592,SL_HIT,-0.22547914317924775,-0.26547914317924776,-5.309582863584955,-0.1619733968541503,30.343887612496054
2421,SHORT,1788033540000,1788033660000,2.664,2.67,2.657,2.67,8,5,2,0.6562,SL_HIT,-0.22522522522521707,-0.2652252252252171,-5.304504504504342,-0.16095928852465882,30.182928323971396
2422,SHORT,1788033660000,1788033780000,2.6670000000000003,2.673,2.66,2.673,8,5,2,0.5571,SL_HIT,-0.22497187851517747,-0.2649718785151775,-5.29943757030355,-0.1599525443418332,30.02297577962956
2423,SHORT,1788033780000,1788034260000,2.681,2.688,2.672,2.688,10,6,8,0.5618,SL_HIT,-0.2610966057441297,-0.3010966057441297,-6.021932114882595,-0.18079632203169355,29.84217945759787
2424,SHORT,1788034320000,1788034740000,2.686,2.693,2.677,2.693,10,6,7,0.5841,SL_HIT,-0.2606105733432657,-0.30061057334326574,-6.012211466865314,-0.17941749353122244,29.662761964066647
2425,SHORT,1788034800000,1788034920000,2.6910000000000003,2.682,2.682,2.698,10,6,2,0.5968,TP_HIT,0.3344481605351297,0.2944481605351297,5.888963210702594,0.17468291393421673,29.837444878000863
2426,SHORT,1788035040000,1788035640000,2.682,2.685,2.674,2.688,9,5,10,0.6699,TIME_EXPIRY,-0.11185682326622348,-0.1518568232662235,-3.0371364653244695,-0.09062039187108524,29.74682448612978
2427,SHORT,1788036000000,1788036120000,2.68,2.686,2.672,2.686,9,5,2,0.5839,SL_HIT,-0.22388059701491728,-0.2638805970149173,-5.277611940298346,-0.15699219609395773,29.589832290035822
2428,SHORT,1788036240000,1788036840000,2.685,2.687,2.678,2.691,8,5,10,0.615,TIME_EXPIRY,-0.07448789571693779,-0.11448789571693778,-2.2897579143387556,-0.067753552670066,29.522078737365756
2429,SHORT,1788036900000,1788037140000,2.684,2.677,2.677,2.69,8,5,4,0.5604,TP_HIT,0.2608047690014947,0.22080476900149465,4.416095380029892,0.13037231552095965,29.652451052886715
2430,SHORT,1788037140000,1788037740000,2.678,2.681,2.671,2.684,8,5,10,0.5678,TIME_EXPIRY,-0.11202389843166967,-0.15202389843166966,-3.0404779686333936,-0.09015762414228212,29.562293428744432
2431,SHORT,1788038160000,1788038220000,2.6790000000000003,2.684,2.673,2.684,7,4,1,0.5617,SL_HIT,-0.1866368047778982,-0.22663680477789822,-4.532736095557964,-0.1339980744919459,29.428295354252487
2432,SHORT,1788038220000,1788038400000,2.684,2.677,2.677,2.69,8,5,3,0.5744,TP_HIT,0.2608047690014947,0.22080476900149465,4.416095380029892,0.12995815915606956,29.558253513408555
2433,SHORT,1788039060000,1788039600000,2.668,2.661,2.661,2.674,8,5,9,0.5607,TP_HIT,0.26236881559220826,0.22236881559220828,4.447376311844165,0.1314566764950178,29.689710189903572
2434,SHORT,1788039840000,1788039900000,2.6630000000000003,2.656,2.656,2.669,8,5,1,0.6582,TP_HIT,0.26286143447240395,0.22286143447240392,4.457228689448078,0.13233382803983718,29.82204401794341
2435,SHORT,1788040320000,1788040740000,2.661,2.654,2.654,2.667,8,5,7,0.5764,TP_HIT,0.263059000375803,0.22305900037580295,4.4611800075160595,0.13304150655611305,29.955085524499523
2436,SHORT,1788040740000,1788040920000,2.652,2.659,2.642,2.659,11,6,3,0.5504,SL_HIT,-0.2639517345399575,-0.3039517345399575,-6.07903469079915,-0.18209800406928808,29.772987520430235
2437,SHORT,1788041220000,1788041580000,2.654,2.646,2.646,2.66,9,5,6,0.615,TP_HIT,0.30143180105501155,0.26143180105501157,5.228636021100231,0.15567211500508918,29.928659635435324
2438,SHORT,1788041700000,1788042120000,2.648,2.655,2.639,2.655,10,6,7,0.5587,SL_HIT,-0.2643504531721931,-0.3043504531721931,-6.087009063443862,-0.1821760224576213,29.746483612977702
2439,SHORT,1788042420000,1788042660000,2.661,2.667,2.653,2.667,9,5,4,0.5721,SL_HIT,-0.22547914317924775,-0.26547914317924776,-5.309582863584955,-0.1579414196433771,29.588542193334323
2440,SHORT,1788042660000,1788043260000,2.666,2.671,2.66,2.671,7,4,10,0.5965,SL_HIT,-0.18754688672167644,-0.22754688672167642,-4.5509377344335284,-0.1346556131745238,29.4538865801598
2441,SHORT,1788043260000,1788043620000,2.6710000000000003,2.665,2.665,2.676,7,4,6,0.5915,TP_HIT,0.22463496817672132,0.18463496817672134,3.6926993635344267,0.1087643482281713,29.56265092838797
2442,SHORT,1788043680000,1788043860000,2.6670000000000003,2.672,2.662,2.672,6,4,3,0.5756,SL_HIT,-0.18747656542931732,-0.22747656542931732,-4.549531308586347,-0.1344962059635103,29.42815472242446
2443,SHORT,1788043860000,1788043980000,2.6710000000000003,2.676,2.666,2.676,6,4,2,0.6509,SL_HIT,-0.18719580681392337,-0.22719580681392335,-4.543916136278467,-0.13371906710412387,29.294435655320335
2444,SHORT,1788043980000,1788044580000,2.6750000000000003,2.68,2.669,2.68,7,4,10,0.5785,SL_HIT,-0.18691588785046329,-0.2269158878504633,-4.538317757009266,-0.13294745751610568,29.16148819780423
2445,SHORT,1788044580000,1788045120000,2.678,2.671,2.671,2.684,8,5,9,0.5788,TP_HIT,0.261389096340557,0.22138909634055703,4.42778192681114,0.12912071040115394,29.29060890820538
2446,SHORT,1788045540000,1788045600000,2.673,2.666,2.666,2.679,8,5,1,0.5885,TP_HIT,0.26187803965582185,0.2218780396558218,4.437560793116437,0.12997885769755924,29.42058776590294
2447,SHORT,1788045960000,1788046020000,2.662,2.668,2.655,2.668,8,5,1,0.554,SL_HIT,-0.22539444027048186,-0.26539444027048187,-5.307888805409638,-0.15616120845120796,29.26442655745173
2448,SHORT,1788046080000,1788046140000,2.666,2.673,2.658,2.673,9,6,1,0.5512,SL_HIT,-0.262565641410357,-0.302565641410357,-6.0513128282071404,-0.17708819983723342,29.0873383576145
2449,SHORT,1788046560000,1788047100000,2.673,2.68,2.665,2.68,9,6,9,0.5602,SL_HIT,-0.26187803965582185,-0.30187803965582183,-6.0375607931164375,-0.17561657364404518,28.911721783970453
2450,SHORT,1788047100000,1788047280000,2.678,2.683,2.672,2.683,7,4,3,0.5952,SL_HIT,-0.18670649738610506,-0.2267064973861051,-4.534129947722102,-0.1310895035809099,28.780632280389543
2451,SHORT,1788047280000,1788047520000,2.684,2.678,2.678,2.689,7,4,4,0.6277,TP_HIT,0.22354694485842871,0.18354694485842873,3.670938897168575,0.10565194252318748,28.88628422291273
2452,SHORT,1788047640000,1788047760000,2.68,2.673,2.673,2.686,8,5,2,0.5952,TP_HIT,0.26119402985075063,0.2211940298507506,4.423880597015012,0.1277894722936045,29.014073695206335
2453,SHORT,1788047760000,1788048060000,2.678,2.67,2.67,2.684,9,5,5,0.6075,TP_HIT,0.2987303958177747,0.25873039581777474,5.1746079163554946,0.15013645542893642,29.16421015063527
2454,SHORT,1788048120000,1788048300000,2.661,2.651,2.651,2.669,11,7,3,0.5719,TP_HIT,0.3757985719654352,0.33579857196543517,6.715971439308703,0.19586600242166344,29.360076153056934
2455,SHORT,1788049140000,1788049680000,2.702,2.675,2.675,2.72,28,17,9,0.5735,TP_HIT,0.9992598075499679,0.959259807549968,19.18519615099936,0.5632788200046761,29.92335497306161
2456,SHORT,1788049860000,1788049920000,2.676,2.656,2.656,2.69,21,13,1,0.6213,TP_HIT,0.747384155455905,0.7073841554559049,14.1476831091181,0.4233461437205289,30.34670111678214
2457,SHORT,1788050340000,1788050940000,2.682,2.674,2.663,2.695,20,12,10,0.5632,TIME_EXPIRY,0.2982848620432516,0.2582848620432516,5.165697240865032,0.15676187022831728,30.503462987010455
2458,SHORT,1788050940000,1788051240000,2.672,2.66,2.66,2.681,13,8,5,0.637,TP_HIT,0.44910179640718595,0.4091017964071859,8.18203592814372,0.24958043009252165,30.753043417102976
2459,SHORT,1788051240000,1788051600000,2.658,2.645,2.645,2.668,14,9,6,0.6359,TP_HIT,0.4890895410082732,0.44908954100827314,8.981790820165465,0.2762174030558855,31.02926082015886
2460,SHORT,1788051600000,1788051660000,2.644,2.632,2.632,2.653,13,8,1,0.5857,TP_HIT,0.4538577912254164,0.4138577912254164,8.277155824508329,0.25683402692776597,31.286094847086627
2461,SHORT,1788051660000,1788051720000,2.64,2.652,2.623,2.652,18,11,1,0.554,SL_HIT,-0.454545454545455,-0.49454545454545495,-9.8909090909091,-0.3094479199420935,30.976646927144532
2462,SHORT,1788054960000,1788055440000,2.6220000000000003,2.631,2.61,2.631,13,8,8,0.5518,SL_HIT,-0.3432494279175992,-0.38324942791759925,-7.664988558351984,-0.237435644272672,30.73921128287186
2463,SHORT,1788056160000,1788056400000,2.636,2.645,2.624,2.645,13,8,4,0.5576,SL_HIT,-0.3414264036418777,-0.38142640364187774,-7.628528072837554,-0.23449493620827286,30.50471634666359
2464,SHORT,1788058140000,1788058320000,2.63,2.638,2.619,2.638,12,7,3,0.5922,SL_HIT,-0.3041825095057037,-0.3441825095057037,-6.883650190114074,-0.20998379647908672,30.294732550184502
2465,SHORT,1788058320000,1788058560000,2.636,2.644,2.626,2.644,11,7,4,0.5574,SL_HIT,-0.30349013657056173,-0.34349013657056177,-6.869802731411234,-0.2081188364206303,30.08661371376387
2466,SHORT,1788058560000,1788058740000,2.645,2.635,2.635,2.653,11,7,3,0.6007,TP_HIT,0.3780718336484019,0.3380718336484019,6.761436672968038,0.20342873332966616,30.290042447093537
2467,SHORT,1788058800000,1788058980000,2.632,2.621,2.621,2.64,12,7,3,0.5975,TP_HIT,0.4179331306990927,0.3779331306990927,7.558662613981854,0.22895221142076932,30.518994658514305
2468,SHORT,1788058980000,1788059280000,2.62,2.608,2.608,2.629,13,8,5,0.5772,TP_HIT,0.4580152671755729,0.41801526717557286,8.360305343511456,0.2551481141221748,30.77414277263648
2469,SHORT,1788059280000,1788059880000,2.6100000000000003,2.598,2.598,2.619,13,8,10,0.5628,TP_HIT,0.45977011494254605,0.41977011494254607,8.395402298850922,0.25836130897855875,31.032504081615038
2470,SHORT,1788060840000,1788061020000,2.626,2.614,2.614,2.635,13,8,3,0.5664,TP_HIT,0.4569687738004574,0.41696877380045744,8.339375476009147,0.25879170349737424,31.29129578511241
2471,SHORT,1788061260000,1788061680000,2.6140000000000003,2.603,2.603,2.622,12,7,7,0.5517,TP_HIT,0.42081101759755624,0.3808110175975562,7.616220351951125,0.23832140379749564,31.529617188909906
2472,SHORT,1788061740000,1788062040000,2.603,2.594,2.594,2.61,10,6,5,0.6017,TP_HIT,0.3457548981944042,0.30575489819440416,6.115097963888083,0.19280669787407367,31.72242388678398
2473,SHORT,1788063300000,1788063600000,2.577,2.587,2.564,2.587,14,9,5,0.5739,SL_HIT,-0.38804811796663685,-0.4280481179666369,-8.560962359332738,-0.2715744768415554,31.450849409942425
2474,SHORT,1788063780000,1788064020000,2.5860000000000003,2.594,2.575,2.594,12,7,4,0.5868,SL_HIT,-0.3093580819798748,-0.3493580819798748,-6.987161639597496,-0.21975216852990725,31.231097241412517
2475,SHORT,1788064080000,1788064680000,2.589,2.579,2.579,2.597,11,7,10,0.5679,TP_HIT,0.38624951718809525,0.34624951718809527,6.924990343761905,0.21627504682187076,31.447372288234387
2476,SHORT,1788064680000,1788064800000,2.579,2.586,2.569,2.586,11,6,2,0.5668,SL_HIT,-0.271423032183004,-0.311423032183004,-6.22846064366008,-0.19586872064379454,31.251503567590593
2477,SHORT,1788065400000,1788065640000,2.58,2.589,2.568,2.589,13,8,4,0.6158,SL_HIT,-0.3488372093023216,-0.38883720930232163,-7.7767441860464315,-0.24303494867446945,31.008468618916122
2478,SHORT,1788065820000,1788066000000,2.589,2.596,2.579,2.596,11,6,3,0.5839,SL_HIT,-0.27037466203167704,-0.310374662031677,-6.207493240633541,-0.1924848593543191,30.815983759561803
2479,SHORT,1788066000000,1788066180000,2.595,2.602,2.585,2.602,11,6,3,0.5822,SL_HIT,-0.269749518304419,-0.309749518304419,-6.19499036608838,-0.19090472251202137,30.625079037049783
2480,SHORT,1788066660000,1788067260000,2.605,2.596,2.596,2.612,10,6,10,0.5537,TP_HIT,0.34548944337811505,0.305489443378115,6.1097888675623,0.18711276696878235,30.812191804018564
2481,SHORT,1788067320000,1788067500000,2.605,2.597,2.597,2.612,9,6,3,0.5916,TP_HIT,0.30710172744721714,0.26710172744721716,5.342034548944343,0.1645997931457669,30.976791597164333
2482,SHORT,1788067980000,1788068580000,2.591,2.5909999999999997,2.583,2.598,9,6,10,0.5958,TIME_EXPIRY,1.713968390004101e-14,-0.03999999999998286,-0.7999999999996572,-0.02478143327772085,30.952010163886612
2483,SHORT,1788069480000,1788070080000,2.617,2.6109999999999998,2.606,2.625,12,7,10,0.61,TIME_EXPIRY,0.2292701566679491,0.1892701566679491,3.7854031333589817,0.11716583625813544,31.069176000144747
2484,SHORT,1788070080000,1788070680000,2.609,2.605,2.601,2.615,9,5,10,0.6,TIME_EXPIRY,0.15331544653123816,0.11331544653123816,2.266308930624763,0.0704123510362806,31.13958835118103
2485,SHORT,1788070680000,1788070860000,2.603,2.609,2.595,2.609,9,5,3,0.6077,SL_HIT,-0.23050326546291905,-0.2705032654629191,-5.410065309258381,-0.1684672066833109,30.97112114449772
2486,SHORT,1788070860000,1788070980000,2.608,2.614,2.601,2.614,8,5,2,0.6137,SL_HIT,-0.2300613496932432,-0.27006134969324325,-5.4012269938648645,-0.16728205555591996,30.8038390889418
2487,SHORT,1788070980000,1788071100000,2.611,2.617,2.604,2.617,8,5,2,0.5585,SL_HIT,-0.22979701263882737,-0.2697970126388274,-5.395940252776548,-0.16621567528007275,30.63762341366173
2488,SHORT,1788071100000,1788071700000,2.613,2.6109999999999998,2.605,2.619,9,5,10,0.5785,TIME_EXPIRY,0.0765403750478463,0.036540375047846296,0.730807500956926,0.022390205002197534,30.660013618663925
2489,SHORT,1788071700000,1788072000000,2.609,2.615,2.602,2.615,8,5,5,0.6341,SL_HIT,-0.22997316979686575,-0.26997316979686575,-5.399463395937315,-0.16554762125291547,30.49446599741101
2490,SHORT,1788072000000,1788072060000,2.612,2.618,2.605,2.618,8,5,1,0.5965,SL_HIT,-0.22970903522204375,-0.26970903522204376,-5.394180704440876,-0.16449266007546284,30.329973337335545
2491,SHORT,1788072060000,1788072120000,2.616,2.609,2.609,2.622,8,5,1,0.604,TP_HIT,0.2675840978593317,0.22758409785933165,4.551681957186633,0.13805239240150186,30.468025729737047
2492,SHORT,1788072420000,1788072480000,2.605,2.611,2.598,2.611,8,5,1,0.5863,SL_HIT,-0.2303262955854214,-0.27032629558542143,-5.406525911708428,-0.16472617058642244,30.303299559150624
2493,SHORT,1788072480000,1788073080000,2.611,2.6109999999999998,2.603,2.617,9,5,10,0.6393,TIME_EXPIRY,1.700839562811423e-14,-0.039999999999982994,-0.79999999999966,-0.0242426396473102,30.279056919503315
2494,SHORT,1788073080000,1788073260000,2.609,2.614,2.604,2.614,6,4,3,0.7296,SL_HIT,-0.19164430816404346,-0.23164430816404344,-4.632886163280869,-0.1402794238395608,30.138777495663753
2495,SHORT,1788073260000,1788073380000,2.612,2.617,2.607,2.617,6,4,2,0.6535,SL_HIT,-0.19142419601837263,-0.23142419601837264,-4.628483920367453,-0.13949684701821213,29.99928064864554
2496,SHORT,1788073380000,1788073860000,2.612,2.617,2.607,2.617,6,4,8,0.6197,SL_HIT,-0.19142419601837263,-0.23142419601837264,-4.628483920367453,-0.13885118810484637,29.860429460540693
2497,SHORT,1788073860000,1788073920000,2.619,2.625,2.612,2.625,8,5,1,0.6301,SL_HIT,-0.22909507445589092,-0.2690950744558909,-5.381901489117818,-0.16070588977938155,29.69972357076131
2498,SHORT,1788073920000,1788074460000,2.629,2.617,2.617,2.638,13,8,9,0.6073,TP_HIT,0.456447318372005,0.416447318372005,8.328946367440098,0.2473674047486675,29.94709097550998
2499,SHORT,1788074580000,1788075060000,2.617,2.624,2.607,2.624,11,6,8,0.5906,SL_HIT,-0.2674818494459349,-0.30748184944593493,-6.149636988918698,-0.18416373837350952,29.76292723713647
2500,SHORT,1788075060000,1788075240000,2.621,2.613,2.613,2.627,9,5,3,0.5654,TP_HIT,0.3052270125906145,0.26522701259061454,5.30454025181229,0.15787864554115077,29.92080588267762
2501,SHORT,1788075300000,1788075660000,2.6100000000000003,2.602,2.602,2.616,9,5,6,0.5503,TP_HIT,0.3065134099617031,0.2665134099617031,5.3302681992340615,0.15948592009189197,30.080291802769512
2502,SHORT,1788076260000,1788076380000,2.6,2.606,2.592,2.606,9,5,2,0.5695,SL_HIT,-0.23076923076922243,-0.27076923076922244,-5.415384615384449,-0.16289634945499296,29.91739545331452
2503,SHORT,1788076440000,1788076860000,2.611,2.618,2.602,2.618,10,6,7,0.5946,SL_HIT,-0.2680965147452958,-0.3080965147452958,-6.161930294905916,-0.18434890538845924,29.73304654792606
2504,SHORT,1788076860000,1788077100000,2.616,2.607,2.607,2.623,10,6,4,0.593,TP_HIT,0.34403669724770247,0.30403669724770244,6.080733944954049,0.18079874543087282,29.913845293356935
2505,SHORT,1788077100000,1788077460000,2.608,2.6,2.6,2.614,9,5,6,0.6181,TP_HIT,0.306748466257669,0.26674846625766896,5.334969325153379,0.15958944703744304,30.07343474039438
2506,SHORT,1788077460000,1788077640000,2.6,2.607,2.592,2.607,9,6,3,0.5767,SL_HIT,-0.2692307692307737,-0.30923076923077375,-6.184615384615475,-0.18599262716367257,29.88744211323071
2507,SHORT,1788077700000,1788077880000,2.608,2.6,2.6,2.614,9,5,3,0.6355,TP_HIT,0.306748466257669,0.26674846625766896,5.334969325153379,0.15944858688138314,30.04689070011209
2508,SHORT,1788077880000,1788078060000,2.6,2.606,2.592,2.606,9,5,3,0.5707,SL_HIT,-0.23076923076922243,-0.27076923076922244,-5.415384615384449,-0.1627154696375251,29.884175230474565
2509,SHORT,1788078060000,1788078120000,2.605,2.598,2.598,2.611,8,5,1,0.656,TP_HIT,0.2687140115163193,0.2287140115163193,4.574280230326385,0.13669859195636927,30.020873822430936
2510,SHORT,1788078240000,1788078660000,2.592,2.584,2.584,2.598,9,5,7,0.5606,TP_HIT,0.30864197530864224,0.2686419753086422,5.372839506172844,0.16129733688298709,30.182171159313924
2511,SHORT,1788079440000,1788079620000,2.585,2.591,2.578,2.591,8,5,3,0.5543,SL_HIT,-0.23210831721470898,-0.272108317214709,-5.44216634429418,-0.1642563960809447,30.01791476323298
2512,SHORT,1788079800000,1788080400000,2.593,2.59,2.585,2.599,9,5,10,0.5701,TIME_EXPIRY,0.11569610489780616,0.07569610489780616,1.5139220979561232,0.045444784494621755,30.0633595477276
2513,SHORT,1788080820000,1788081000000,2.589,2.582,2.582,2.595,8,5,3,0.6005,TP_HIT,0.27037466203167704,0.230374662031677,4.60749324063354,0.1385167259068907,30.20187627363449
2514,SHORT,1788083760000,1788083940000,2.563,2.554,2.554,2.57,10,6,3,0.6071,TP_HIT,0.35115099492783225,0.3111509949278322,6.223019898556645,0.18794687702457324,30.389823150659062
2515,SHORT,1788086700000,1788087300000,2.525,2.529,2.515,2.533,11,7,10,0.5762,TIME_EXPIRY,-0.15841584158415856,-0.19841584158415856,-3.968316831683172,-0.12059644672063528,30.269226703938426
2516,SHORT,1788087300000,1788087900000,2.527,2.53,2.519,2.533,9,5,10,0.6316,TIME_EXPIRY,-0.11871784724969013,-0.15871784724969012,-3.1743569449938023,-0.0960853300072388,30.173141373931188
2517,SHORT,1788088140000,1788088260000,2.5260000000000002,2.52,2.52,2.531,7,4,2,0.5616,TP_HIT,0.2375296912114104,0.1975296912114104,3.950593824228208,0.11920182596941718,30.292343199900603
2518,SHORT,1788090660000,1788091140000,2.5260000000000002,2.532,2.518,2.532,9,5,8,0.5647,SL_HIT,-0.2375296912113928,-0.2775296912113928,-5.550593824227857,-0.168140493086759,30.124202706813843
2519,SHORT,1788091140000,1788091200000,2.5300000000000002,2.536,2.523,2.536,8,5,1,0.6067,SL_HIT,-0.2371541501976199,-0.2771541501976199,-5.543083003952399,-0.16698095603175667,29.957221750782086
2520,SHORT,1788091200000,1788091260000,2.535,2.541,2.527,2.541,9,5,1,0.5843,SL_HIT,-0.2366863905325358,-0.2766863905325358,-5.533727810650716,-0.16577511113213336,29.79144663964995
2521,SHORT,1788091380000,1788091560000,2.537,2.544,2.527,2.544,11,6,3,0.5715,SL_HIT,-0.2759164367363074,-0.31591643673630737,-6.318328734726148,-0.18823215335236101,29.603214486297592
2522,SHORT,1788092040000,1788092460000,2.5580000000000003,2.544,2.544,2.568,15,9,7,0.5511,TP_HIT,0.5473025801407441,0.507302580140744,10.146051602814882,0.30035574178717245,29.903570228084764
2523,SHORT,1788092640000,1788093120000,2.549,2.558,2.537,2.558,13,8,8,0.5606,SL_HIT,-0.3530796390741427,-0.3930796390741427,-7.861592781482853,-0.2350896918456767,29.668480536239088
2524,SHORT,1788093120000,1788093720000,2.563,2.564,2.551,2.572,13,8,10,0.5668,TIME_EXPIRY,-0.03901677721419781,-0.07901677721419781,-1.5803355442839562,-0.046886154336315364,29.62159438190277
2525,SHORT,1788094560000,1788094740000,2.568,2.576,2.558,2.576,11,7,3,0.5831,SL_HIT,-0.3115264797507791,-0.3515264797507791,-7.030529595015582,-0.20825549595351472,29.413338885949255
2526,SHORT,1788095340000,1788095760000,2.564,2.553,2.553,2.572,12,7,7,0.5887,TP_HIT,0.42901716068643214,0.38901716068643216,7.780343213728642,0.2288458715943961,29.64218475754365
2527,SHORT,1788095940000,1788096180000,2.552,2.542,2.542,2.56,11,7,4,0.5619,TP_HIT,0.39184952978057336,0.3518495297805733,7.036990595611467,0.20859177537221224,29.850776532915862
2528,SHORT,1788096360000,1788096720000,2.541,2.549,2.531,2.549,11,7,6,0.5532,SL_HIT,-0.3148366784730424,-0.3548366784730424,-7.096733569460849,-0.21184300789561816,29.638933525020246
2529,SHORT,1788097020000,1788097380000,2.5460000000000003,2.554,2.536,2.554,11,7,6,0.5518,SL_HIT,-0.31421838177531664,-0.35421838177531667,-7.084367635506333,-0.20997310141557707,29.428960423604668
2530,SHORT,1788097500000,1788097560000,2.5540000000000003,2.561,2.544,2.561,11,6,1,0.5519,SL_HIT,-0.27407987470633016,-0.3140798747063302,-6.281597494126603,-0.18486088405166606,29.244099539553
2531,SHORT,1788097860000,1788098160000,2.564,2.572,2.553,2.572,12,7,5,0.5786,SL_HIT,-0.31201248049922026,-0.35201248049922024,-7.040249609984405,-0.20588576037768316,29.03821377917532
2532,SHORT,1788098160000,1788098400000,2.5660000000000003,2.555,2.555,2.574,12,7,4,0.5589,TP_HIT,0.4286827747466921,0.38868277474669205,7.773655494933841,0.2257330701075498,29.263946849282867
2533,SHORT,1788098820000,1788099180000,2.553,2.561,2.543,2.561,11,7,6,0.5525,SL_HIT,-0.31335683509596585,-0.3533568350959658,-7.067136701919317,-0.2068123128215831,29.057134536461284
2534,SHORT,1788099180000,1788099300000,2.563,2.554,2.554,2.57,10,6,2,0.6121,TP_HIT,0.35115099492783225,0.3111509949278322,6.223019898556645,0.1808231264154361,29.23795766287672
2535,SHORT,1788099600000,1788099720000,2.541,2.529,2.529,2.55,13,8,2,0.572,TP_HIT,0.4722550177095636,0.43225501770956354,8.645100354191271,0.2527650781471649,29.490722741023884
2536,SHORT,1788100020000,1788100140000,2.5340000000000003,2.544,2.52,2.544,15,9,2,0.5629,SL_HIT,-0.39463299131806573,-0.4346329913180657,-8.692659826361314,-0.2563528208212584,29.234369920202624
2537,SHORT,1788101460000,1788101760000,2.541,2.534,2.534,2.547,8,5,5,0.5593,TP_HIT,0.27548209366391646,0.23548209366391643,4.709641873278328,0.1376834127150947,29.37205333291772
2538,SHORT,1788101880000,1788102420000,2.528,2.536,2.517,2.536,12,7,9,0.5528,SL_HIT,-0.31645569620253194,-0.356455696202532,-7.12911392405064,-0.20939671439366173,29.162656618524057
2539,SHORT,1788103260000,1788103560000,2.5420000000000003,2.55,2.531,2.55,12,7,5,0.5527,SL_HIT,-0.3147128245475831,-0.3547128245475831,-7.094256490951663,-0.20688736600935878,28.9557692525147
2540,SHORT,1788104520000,1788104640000,2.529,2.536,2.521,2.536,9,6,2,0.5519,SL_HIT,-0.27678924476077965,-0.31678924476077963,-6.3357848952155935,-0.18345752545943075,28.772311727055268
2541,SHORT,1788105420000,1788105600000,2.5180000000000002,2.525,2.509,2.525,10,6,3,0.5517,SL_HIT,-0.27799841143763593,-0.31799841143763596,-6.359968228752718,-0.18299098845184078,28.589320738603426
2542,SHORT,1788106440000,1788107040000,2.551,2.558,2.533,2.564,19,12,10,0.5686,TIME_EXPIRY,-0.27440219521754894,-0.3144021952175489,-6.288043904350979,-0.17977090399991033,28.409549834603517
2543,SHORT,1788107400000,1788107580000,2.56,2.571,2.545,2.571,16,10,3,0.5872,SL_HIT,-0.4296875000000047,-0.46968750000000475,-9.393750000000095,-0.2668722087588095,28.14267762584471
2544,SHORT,1788107580000,1788107760000,2.575,2.586,2.56,2.586,16,10,3,0.6028,SL_HIT,-0.4271844660194049,-0.46718446601940494,-9.3436893203881,-0.2629564363797303,27.879721189464977
2545,SHORT,1788108000000,1788108120000,2.565,2.577,2.548,2.577,18,11,2,0.5863,SL_HIT,-0.46783625730994194,-0.507836257309942,-10.15672514619884,-0.28316666527405154,27.596554524190925
2546,SHORT,1788108240000,1788108660000,2.588,2.566,2.566,2.603,23,14,7,0.5831,TP_HIT,0.8500772797527142,0.8100772797527143,16.201545595054284,0.4471068363900809,28.043661360581005
2547,SHORT,1788108660000,1788108960000,2.568,2.58,2.551,2.58,18,11,5,0.5761,SL_HIT,-0.4672897196261686,-0.5072897196261686,-10.145794392523372,-0.2845252221780072,27.759136138402997
2548,SHORT,1788108960000,1788109020000,2.576,2.586,2.561,2.586,16,9,1,0.6093,SL_HIT,-0.38819875776396684,-0.4281987577639669,-8.563975155279339,-0.23772855222130013,27.5214075861817
2549,SHORT,1788109020000,1788109620000,2.579,2.574,2.563,2.59,17,10,10,0.5772,TIME_EXPIRY,0.19387359441645358,0.15387359441645357,3.0774718883290713,0.08469635817372062,27.606103944355418
2550,SHORT,1788109620000,1788110160000,2.572,2.56,2.56,2.581,13,8,9,0.6306,TP_HIT,0.4665629860031108,0.42656298600311077,8.531259720062216,0.23551484260833006,27.84161878696375
2551,SHORT,1788110340000,1788110640000,2.559,2.547,2.547,2.568,13,8,5,0.5869,TP_HIT,0.4689331770222747,0.42893317702227474,8.578663540445493,0.23884387999470827,28.080462666958457
2552,SHORT,1788111000000,1788111120000,2.536,2.548,2.52,2.548,17,11,2,0.5721,SL_HIT,-0.4731861198738175,-0.5131861198738175,-10.26372239747635,-0.28821007360636,27.792252593352096
2553,SHORT,1788111540000,1788112080000,2.549,2.538,2.538,2.557,12,7,9,0.5526,TP_HIT,0.4315417810906285,0.3915417810906285,7.830835621812569,0.21763656161843437,28.00988915497053
2554,SHORT,1788112620000,1788113220000,2.541,2.54,2.532,2.548,10,6,10,0.6092,TIME_EXPIRY,0.03935458480912593,-0.0006454151908740716,-0.012908303817481433,-0.0003615601591063379,28.009527594811424
2555,SHORT,1788113220000,1788113700000,2.5380000000000003,2.545,2.53,2.545,9,6,8,0.5633,SL_HIT,-0.27580772261622033,-0.31580772261622037,-6.316154452324407,-0.17691250242547152,27.832615092385954
2556,SHORT,1788113880000,1788114000000,2.533,2.54,2.525,2.54,9,6,2,0.5674,SL_HIT,-0.2763521515988992,-0.31635215159889923,-6.3270430319779845,-0.17609815338200585,27.656516939003946
2557,SHORT,1788114240000,1788114420000,2.537,2.543,2.529,2.543,9,5,3,0.5976,SL_HIT,-0.23649980291683986,-0.2764998029168399,-5.529996058336797,-0.15294042966001672,27.50357650934393
2558,SHORT,1788114900000,1788115380000,2.564,2.552,2.552,2.573,13,8,8,0.5584,TP_HIT,0.46801872074883033,0.4280187207488303,8.560374414976605,0.2354409126709394,27.739017422014868
2559,SHORT,1788115380000,1788115500000,2.553,2.56,2.544,2.56,10,6,2,0.591,SL_HIT,-0.27418723070897444,-0.3141872307089745,-6.28374461417949,-0.17430490132821697,27.56471252068665
2560,SHORT,1788115500000,1788115800000,2.557,2.548,2.548,2.564,10,6,5,0.6394,TP_HIT,0.3519749706687484,0.3119749706687484,6.239499413374968,0.17199000760267402,27.736702528289324
2561,SHORT,1788115800000,1788115980000,2.5500000000000003,2.557,2.542,2.557,9,6,3,0.6223,SL_HIT,-0.2745098039215558,-0.3145098039215558,-6.290196078431117,-0.17446929747205595,27.56223323081727
2562,SHORT,1788115980000,1788116580000,2.552,2.544,2.544,2.558,9,5,10,0.5512,TP_HIT,0.3134796238244517,0.2734796238244517,5.469592476489034,0.15075418351451417,27.712987414331785
2563,SHORT,1788116640000,1788117060000,2.543,2.55,2.534,2.55,10,6,7,0.5855,SL_HIT,-0.27526543452613733,-0.31526543452613737,-6.305308690522747,-0.17473894038393373,27.538248473947853
2564,SHORT,1788117360000,1788117960000,2.5460000000000003,2.542,2.537,2.553,10,6,10,0.602,TIME_EXPIRY,0.1571091908876845,0.11710919088768451,2.34218381775369,0.06449963994496091,27.602748113892815
2565,SHORT,1788117960000,1788118200000,2.54,2.545,2.534,2.545,7,4,4,0.5532,SL_HIT,-0.1968503937007832,-0.2368503937007832,-4.737007874015664,-0.1307544351599813,27.471993678732833
2566,SHORT,1788118200000,1788118380000,2.543,2.536,2.536,2.549,8,5,3,0.5605,TP_HIT,0.2752654345261548,0.2352654345261548,4.705308690523096,0.12926421060253718,27.60125788933537
2567,SHORT,1788120840000,1788121440000,2.537,2.538,2.528,2.544,10,6,10,0.5656,TIME_EXPIRY,-0.03941663381946748,-0.07941663381946748,-1.5883326763893493,-0.04383997981508069,27.55741790952029
2568,SHORT,1788121620000,1788121740000,2.5380000000000003,2.531,2.531,2.544,8,5,2,0.5854,TP_HIT,0.27580772261623787,0.23580772261623784,4.716154452324757,0.12996503916855812,27.687382948688846
2569,SHORT,1788122100000,1788122160000,2.519,2.526,2.51,2.526,10,6,1,0.5764,SL_HIT,-0.277888050813802,-0.317888050813802,-6.357761016276041,-0.17602976395387993,27.511353184734965
2570,SHORT,1788125520000,1788126120000,2.508,2.497,2.497,2.516,12,7,10,0.5648,TP_HIT,0.438596491228075,0.398596491228075,7.971929824561499,0.21931857696743368,27.7306717617024
2571,SHORT,1788126240000,1788126480000,2.491,2.479,2.479,2.5,13,8,4,0.5919,TP_HIT,0.48173424327579323,0.44173424327579325,8.834684865515865,0.24499174612370037,27.975663507826102
2572,SHORT,1788126900000,1788127200000,2.504,2.513,2.492,2.513,13,8,5,0.5698,SL_HIT,-0.35942492012779137,-0.39942492012779135,-7.988498402555827,-0.22348354324270817,27.752179964583394
2573,SHORT,1788128100000,1788128520000,2.498,2.487,2.487,2.506,12,7,7,0.616,TP_HIT,0.44035228182546515,0.4003522818254651,8.007045636509302,0.22221297148903835,27.974392936072434
2574,SHORT,1788130320000,1788130680000,2.4170000000000003,2.427,2.403,2.427,15,9,6,0.637,SL_HIT,-0.41373603640876233,-0.45373603640876237,-9.074720728175247,-0.2538598034350958,27.72053313263734
2575,SHORT,1788134220000,1788134520000,2.342,2.361,2.313,2.361,30,18,5,0.5775,SL_HIT,-0.8112724167378362,-0.8512724167378363,-17.025448334756724,-0.471954504661629,27.24857862797571
2576,SHORT,1788135480000,1788135780000,2.3850000000000002,2.366,2.366,2.398,20,12,5,0.599,TP_HIT,0.796645702306085,0.756645702306085,15.132914046121698,0.41235039825614517,27.660929026231855
2577,SHORT,1788136260000,1788136860000,2.3720000000000003,2.371,2.355,2.384,18,11,10,0.5711,TIME_EXPIRY,0.042158516020250156,0.0021585160202501567,0.043170320405003126,0.0011941311687624803,27.662123157400618
2578,SHORT,1788137040000,1788137280000,2.367,2.353,2.353,2.377,15,9,4,0.5691,TP_HIT,0.5914659907055255,0.5514659907055255,11.029319814110512,0.30509440304028385,27.9672175604409
2579,SHORT,1788137400000,1788137520000,2.359,2.368,2.347,2.368,13,8,2,0.5651,SL_HIT,-0.3815175922000804,-0.42151759220008045,-8.430351844001608,-0.23577348413225713,27.731444076308644
2580,SHORT,1788139920000,1788140160000,2.3600000000000003,2.37,2.346,2.37,15,9,4,0.579,SL_HIT,-0.4237288135593129,-0.46372881355931295,-9.274576271186259,-0.2571973931958609,27.474246683112785
2581,SHORT,1788141000000,1788141180000,2.346,2.333,2.333,2.355,14,8,3,0.5676,TP_HIT,0.5541346973571994,0.5141346973571994,10.28269394714399,0.2825092700707847,27.75675595318357
2582,SHORT,1788141360000,1788141840000,2.322,2.332,2.308,2.332,15,9,8,0.5702,SL_HIT,-0.43066322136088664,-0.4706632213608866,-9.413264427217733,-0.26128168342906694,27.495474269754503
2583,SHORT,1788142320000,1788142920000,2.371,2.362,2.356,2.382,16,10,10,0.5733,TIME_EXPIRY,0.37958667229016857,0.33958667229016853,6.791733445803372,0.1867419322061177,27.68221620196062
2584,SHORT,1788143100000,1788143700000,2.358,2.348,2.348,2.366,11,7,10,0.6065,TP_HIT,0.4240882103477621,0.3840882103477621,7.681764206955241,0.21264825758941755,27.89486445955004
2585,SHORT,1788145740000,1788146340000,2.3640000000000003,2.363,2.354,2.372,11,7,10,0.5632,TIME_EXPIRY,0.04230118443317825,0.002301184433178247,0.04602368866356494,0.0012838245571986737,27.896148284107237
2586,SHORT,1788146400000,1788147000000,2.367,2.3609999999999998,2.356,2.375,12,7,10,0.5863,TIME_EXPIRY,0.2534854245880958,0.21348542458809577,4.269708491761916,0.11910842121610227,28.01525670532334
2587,SHORT,1788147360000,1788147480000,2.3600000000000003,2.366,2.352,2.366,9,5,2,0.5535,SL_HIT,-0.254237288135584,-0.29423728813558403,-5.884745762711681,-0.16486266318793152,27.850394042135406
2588,SHORT,1788148500000,1788148920000,2.367,2.36,2.36,2.373,8,5,7,0.5866,TP_HIT,0.29573299535277214,0.2557329953527721,5.114659907055443,0.14244529380300572,27.992839335938413
2589,SHORT,1788151560000,1788151620000,2.3360000000000003,2.343,2.327,2.343,10,6,1,0.5506,SL_HIT,-0.29965753424656133,-0.3396575342465613,-6.793150684931226,-0.1901595757080998,27.802679760230312
2590,SHORT,1788152220000,1788152520000,2.331,2.339,2.321,2.339,11,7,5,0.5599,SL_HIT,-0.3432003432003435,-0.3832003432003435,-7.66400686400687,-0.21307992852019,27.58959983171012
2591,SHORT,1788152880000,1788153180000,2.341,2.348,2.333,2.348,9,6,5,0.606,SL_HIT,-0.299017513882942,-0.33901751388294205,-6.78035027765884,-0.18706715087943201,27.40253268083069
2592,SHORT,1788153240000,1788153300000,2.345,2.351,2.338,2.351,8,5,1,0.5536,SL_HIT,-0.25586353944561974,-0.29586353944561977,-5.917270788912395,-0.1621482061744967,27.240384474656192
2593,SHORT,1788153300000,1788153360000,2.351,2.357,2.343,2.357,9,5,1,0.6177,SL_HIT,-0.2552105487026894,-0.2952105487026894,-5.904210974053789,-0.16083297695270954,27.079551497703484
2594,SHORT,1788153360000,1788153480000,2.3600000000000003,2.367,2.351,2.367,10,6,2,0.5895,SL_HIT,-0.29661016949151153,-0.33661016949151157,-6.732203389830231,-0.18230504838792172,26.897246449315563
2595,SHORT,1788153480000,1788153900000,2.37,2.379,2.358,2.379,13,8,7,0.6894,SL_HIT,-0.3797468354430336,-0.4197468354430336,-8.394936708860671,-0.2258006815846316,26.671445767730933
2596,SHORT,1788154200000,1788154680000,2.376,2.364,2.364,2.385,13,8,8,0.6156,TP_HIT,0.5050505050505055,0.4650505050505055,9.30101010101011,0.2480713864942088,26.919517154225144
2597,SHORT,1788154740000,1788155340000,2.363,2.364,2.352,2.371,12,7,10,0.5763,TIME_EXPIRY,-0.04231908590773973,-0.08231908590773973,-1.6463817181547946,-0.04431980090427066,26.875197353320875
2598,SHORT,1788155340000,1788155460000,2.362,2.368,2.355,2.368,8,5,2,0.6525,SL_HIT,-0.25402201524131174,-0.2940220152413118,-5.8804403048262355,-0.15803799371662744,26.717159359604246
2599,SHORT,1788155460000,1788155580000,2.367,2.373,2.359,2.373,9,5,2,0.5549,SL_HIT,-0.2534854245880958,-0.2934854245880958,-5.869708491761917,-0.15682193716882542,26.56033742243542
2600,SHORT,1788155580000,1788156000000,2.3720000000000003,2.364,2.364,2.378,9,5,7,0.5601,TP_HIT,0.33726812816190765,0.2972681281619077,5.945362563238153,0.1579108357783209,26.71824825821374
2601,SHORT,1788156000000,1788156120000,2.367,2.374,2.359,2.374,9,6,2,0.6144,SL_HIT,-0.29573299535277214,-0.3357329953527722,-6.714659907055444,-0.17940395036618176,26.538844307847558
2602,SHORT,1788156240000,1788156840000,2.369,2.368,2.36,2.376,10,6,10,0.5503,TIME_EXPIRY,0.042211903756873524,0.0022119037568735255,0.04423807513747051,0.001174027388552192,26.54001833523611
2603,SHORT,1788156840000,1788156900000,2.366,2.372,2.358,2.372,9,5,1,0.6138,SL_HIT,-0.2535925612848598,-0.29359256128485983,-5.8718512256971955,-0.1558390391917822,26.384179296044326
2604,SHORT,1788156900000,1788157320000,2.3720000000000003,2.363,2.363,2.379,10,6,7,0.5852,TP_HIT,0.3794266441821391,0.3394266441821391,6.788532883642782,0.17910986875912402,26.56328916480345
2605,SHORT,1788157440000,1788157560000,2.361,2.368,2.353,2.368,9,6,2,0.5686,SL_HIT,-0.29648454044894845,-0.33648454044894843,-6.729690808978969,-0.17876272294862844,26.38452644185482
2606,SHORT,1788157740000,1788157860000,2.373,2.364,2.364,2.38,10,6,2,0.5933,TP_HIT,0.37926675094818124,0.3392667509481812,6.785335018963624,0.17902785122468926,26.56355429307951
2607,SHORT,1788157860000,1788158040000,2.366,2.357,2.357,2.373,10,6,3,0.5684,TP_HIT,0.3803888419272991,0.34038884192729907,6.807776838545982,0.18083874966588537,26.744393042745394
2608,SHORT,1788158160000,1788158400000,2.3600000000000003,2.367,2.35,2.367,11,6,4,0.5553,SL_HIT,-0.29661016949151153,-0.33661016949151157,-6.732203389830231,-0.18004869350132258,26.56434434924407
2609,SHORT,1788158400000,1788159000000,2.365,2.366,2.357,2.372,9,6,10,0.6081,TIME_EXPIRY,-0.04228329809724693,-0.08228329809724692,-1.6456659619449385,-0.04371603729693534,26.520628311947135
2610,SHORT,1788159060000,1788159120000,2.366,2.371,2.36,2.371,7,4,1,0.6588,SL_HIT,-0.21132713440405296,-0.25132713440405297,-5.02654268808106,-0.1333070703247334,26.387321241622402
2611,SHORT,1788159120000,1788159300000,2.371,2.377,2.364,2.377,8,5,3,0.6392,SL_HIT,-0.2530577815267728,-0.2930577815267728,-5.861155630535456,-0.154660196470083,26.23266104515232
2612,SHORT,1788159420000,1788159480000,2.371,2.377,2.363,2.377,9,5,1,0.5867,SL_HIT,-0.2530577815267728,-0.2930577815267728,-5.861155630535456,-0.15375370898872265,26.078907336163596
2613,SHORT,1788159480000,1788159660000,2.374,2.381,2.366,2.381,9,6,3,0.5595,SL_HIT,-0.29486099410276634,-0.3348609941027664,-6.697219882055327,-0.17465617671403338,25.90425115944956
2614,SHORT,1788160200000,1788160620000,2.374,2.383,2.361,2.383,14,8,7,0.5968,SL_HIT,-0.37910699241785584,-0.41910699241785576,-8.382139848357117,-0.21713305588547321,25.68711810356409
2615,SHORT,1788160620000,1788160740000,2.382,2.39,2.372,2.39,11,7,2,0.6188,SL_HIT,-0.33585222502099105,-0.3758522250209911,-7.517044500419821,-0.19309120987203088,25.49402689369206
2616,SHORT,1788160740000,1788160800000,2.391,2.399,2.38,2.399,12,7,1,0.5986,SL_HIT,-0.3345880384776247,-0.37458803847762473,-7.491760769552494,-0.1909951505400784,25.30303174315198
2617,SHORT,1788160800000,1788160920000,2.399,2.408,2.386,2.408,14,8,2,0.5513,SL_HIT,-0.37515631513130043,-0.4151563151313004,-8.303126302626008,-0.21009426840274606,25.092937474749235
2618,SHORT,1788160920000,1788161400000,2.415,2.426,2.4,2.426,16,10,8,0.7417,SL_HIT,-0.4554865424430692,-0.4954865424430692,-9.909730848861384,-0.2486642565820724,24.844273218167164
2619,SHORT,1788161400000,1788162000000,2.4210000000000003,2.413,2.403,2.433,19,11,10,0.6077,TIME_EXPIRY,0.33044196612971705,0.290441966129717,5.80883932259434,0.14431639121096687,24.98858960937813
2620,SHORT,1788162000000,1788162300000,2.411,2.422,2.396,2.422,16,10,5,0.5797,SL_HIT,-0.4562422231439287,-0.49624222314392874,-9.924844462878573,-0.2480078652197816,24.740581744158348
2621,SHORT,1788162300000,1788162900000,2.416,2.4179999999999997,2.403,2.425,14,8,10,0.5896,TIME_EXPIRY,-0.08278145695363326,-0.12278145695363327,-2.4556291390726654,-0.06075369344856447,24.679828050709784
2622,SHORT,1788162900000,1788163380000,2.416,2.405,2.405,2.424,12,7,8,0.6285,TP_HIT,0.4552980132450381,0.4152980132450381,8.305960264900762,0.2049896711337787,24.88481772184356
2623,SHORT,1788163440000,1788163620000,2.404,2.392,2.392,2.413,13,8,3,0.5915,TP_HIT,0.4991680532445928,0.45916805324459276,9.183361064891855,0.228526266173709,25.11334398801727
2624,SHORT,1788163980000,1788164220000,2.408,2.395,2.395,2.418,14,9,4,0.5727,TP_HIT,0.5398671096345474,0.4998671096345474,9.997342192690947,0.2510666934509666,25.364410681468236
2625,SHORT,1788164280000,1788164880000,2.394,2.396,2.381,2.403,14,8,10,0.5714,TIME_EXPIRY,-0.0835421888053375,-0.1235421888053375,-2.47084377610675,-0.06267149626692137,25.301739185201313
2626,SHORT,1788165000000,1788165180000,2.394,2.384,2.384,2.402,11,7,3,0.5913,TP_HIT,0.4177109440267431,0.3777109440267431,7.554218880534862,0.19113487586321654,25.49287406106453
2627,SHORT,1788165180000,1788165660000,2.384,2.392,2.373,2.392,12,7,8,0.5607,SL_HIT,-0.335570469798658,-0.37557046979865805,-7.5114093959731605,-0.19148741375264058,25.30138664731189
2628,SHORT,1788165720000,1788166320000,2.407,2.403,2.392,2.417,16,9,10,0.5643,TIME_EXPIRY,0.16618196925633583,0.12618196925633585,2.523639385126717,0.06385157584147551,25.365238223153366
2629,SHORT,1788166380000,1788166980000,2.399,2.3979999999999997,2.387,2.408,13,8,10,0.5511,TIME_EXPIRY,0.041684035014603334,0.0016840350146033324,0.03368070029206665,0.0008543189864309017,25.366092542139796
2630,SHORT,1788166980000,1788167100000,2.396,2.388,2.388,2.402,9,5,2,0.5579,TP_HIT,0.33388981636060133,0.2938898163606013,5.877796327212026,0.1490967255799097,25.515189267719705
2631,SHORT,1788167880000,1788168240000,2.396,2.386,2.386,2.403,11,6,6,0.556,TP_HIT,0.41736227045074237,0.3773622704507424,7.547245409014847,0.19256939506094245,25.70775866278065
2632,SHORT,1788168540000,1788168600000,2.376,2.384,2.366,2.384,11,7,1,0.5554,SL_HIT,-0.33670033670033706,-0.37670033670033704,-7.534006734006741,-0.19368242688160958,25.51407623589904
2633,SHORT,1788169260000,1788169320000,2.387,2.393,2.379,2.393,9,5,1,0.5685,SL_HIT,-0.2513615416841133,-0.29136154168411327,-5.827230833682266,-0.14867641173475085,25.36539982416429
2634,SHORT,1788169380000,1788169980000,2.394,2.389,2.384,2.401,11,6,10,0.5617,TIME_EXPIRY,0.20885547201338084,0.16885547201338083,3.3771094402676165,0.08566173120234777,25.451061555366636
2635,SHORT,1788170100000,1788170400000,2.387,2.393,2.379,2.393,9,5,5,0.5581,SL_HIT,-0.2513615416841133,-0.29136154168411327,-5.827230833682266,-0.14830921064537778,25.30275234472126
2636,SHORT,1788170640000,1788170940000,2.3810000000000002,2.388,2.372,2.388,10,6,5,0.5813,SL_HIT,-0.29399412011758386,-0.3339941201175839,-6.679882402351678,-0.16901941011856622,25.133732934602694
2637,SHORT,1788171000000,1788171480000,2.3890000000000002,2.381,2.381,2.396,9,6,8,0.6134,TP_HIT,0.3348681456676622,0.29486814566766223,5.897362913353244,0.14822274448265094,25.281955679085346
2638,SHORT,1788172560000,1788172740000,2.386,2.393,2.377,2.393,10,6,3,0.5529,SL_HIT,-0.2933780385582428,-0.33337803855824283,-6.6675607711648555,-0.168568975904198,25.11338670318115
2639,SHORT,1788173160000,1788173460000,2.394,2.401,2.385,2.401,10,6,5,0.592,SL_HIT,-0.2923976608186998,-0.3323976608186998,-6.647953216373996,-0.16695261990745708,24.946434083273694
2640,SHORT,1788173460000,1788173520000,2.4,2.407,2.39,2.407,11,6,1,0.5559,SL_HIT,-0.29166666666667157,-0.3316666666666716,-6.633333333333432,-0.16547801275238466,24.78095607052131
2641,SHORT,1788173580000,1788173640000,2.41,2.418,2.399,2.418,12,7,1,0.601,SL_HIT,-0.33195020746888,-0.37195020746887997,-7.4390041493776,-0.18434563503415205,24.596610435487158
2642,SHORT,1788173760000,1788174180000,2.4090000000000003,2.397,2.397,2.418,13,8,7,0.5881,TP_HIT,0.49813200498133886,0.4581320049813388,9.162640099626778,0.2253698890910931,24.821980324578252
2643,SHORT,1788174900000,1788175080000,2.39,2.397,2.381,2.397,10,6,3,0.5553,SL_HIT,-0.29288702928868926,-0.33288702928868924,-6.657740585773785,-0.16525830582622297,24.656722018752028
2644,SHORT,1788175080000,1788175320000,2.3970000000000002,2.389,2.389,2.403,9,5,4,0.5808,TP_HIT,0.3337505214852086,0.2937505214852086,5.875010429704171,0.14485849902248465,24.80158051777451
2645,SHORT,1788175560000,1788176160000,2.38,2.372,2.372,2.386,9,5,10,0.5765,TP_HIT,0.3361344537815129,0.29613445378151293,5.922689075630258,0.14689204999098734,24.9484725677655
2646,SHORT,1788177660000,1788177780000,2.378,2.384,2.371,2.384,8,5,2,0.6248,SL_HIT,-0.2523128679562566,-0.29231286795625666,-5.846257359125133,-0.14585519134823058,24.80261737641727
2647,SHORT,1788177840000,1788178440000,2.386,2.3819999999999997,2.378,2.392,9,5,10,0.5608,TIME_EXPIRY,0.16764459346187963,0.12764459346187962,2.5528918692375924,0.06331840023606669,24.865935776653338
2648,SHORT,1788182160000,1788182400000,2.369,2.361,2.361,2.375,9,5,4,0.5967,TP_HIT,0.33769523005487573,0.2976952300548757,5.9539046010975145,0.14804940943121161,25.01398518608455
2649,SHORT,1788182400000,1788182700000,2.3640000000000003,2.357,2.357,2.37,8,5,5,0.6283,TP_HIT,0.2961082910321538,0.25610829103215377,5.122165820643076,0.12812577995823451,25.142110966042786
2650,SHORT,1788182820000,1788183000000,2.3640000000000003,2.371,2.356,2.371,9,6,3,0.5532,SL_HIT,-0.29610829103213504,-0.336108291032135,-6.722165820642701,-0.16900943899473886,24.973101527048048
2651,SHORT,1788183960000,1788184080000,2.3560000000000003,2.365,2.344,2.365,13,8,2,0.5749,SL_HIT,-0.3820033955857341,-0.4220033955857341,-8.440067911714683,-0.2107746728544312,24.762326854193617
2652,SHORT,1788184380000,1788184980000,2.353,2.36,2.34,2.363,14,9,10,0.5546,TIME_EXPIRY,-0.29749256268591895,-0.33749256268591893,-6.749851253718379,-0.1671420229617631,24.595184831231855
2653,SHORT,1788186060000,1788186120000,2.388,2.399,2.373,2.399,16,10,1,0.5862,SL_HIT,-0.4606365159129029,-0.5006365159129029,-10.012730318258058,-0.2462649528428359,24.34891987838902
2654,SHORT,1788186120000,1788186540000,2.396,2.408,2.379,2.408,18,11,7,0.6693,SL_HIT,-0.5008347245409019,-0.540834724540902,-10.816694490818039,-0.2633748275059404,24.085545050883077
2655,SHORT,1788186600000,1788186840000,2.4130000000000003,2.393,2.393,2.426,21,12,4,0.6133,TP_HIT,0.828843762950703,0.788843762950703,15.776875259014059,0.37999463981314574,24.46553969069622
2656,SHORT,1788186960000,1788187260000,2.402,2.415,2.383,2.415,20,12,5,0.6085,SL_HIT,-0.5412156536219774,-0.5812156536219775,-11.62431307243955,-0.2843950928508488,24.18114459784537
2657,SHORT,1788187320000,1788187440000,2.434,2.449,2.411,2.449,24,14,2,0.646,SL_HIT,-0.6162695152013015,-0.6562695152013015,-13.12539030402603,-0.31738696084481105,23.86375763700056
2658,SHORT,1788187440000,1788188040000,2.4450000000000003,2.4379999999999997,2.418,2.463,28,17,10,0.669,TIME_EXPIRY,0.2862985685071804,0.24629856850718035,4.925971370143607,0.11755218690391063,23.98130982390447
2659,SHORT,1788188040000,1788188100000,2.436,2.449,2.417,2.449,20,12,1,0.6987,SL_HIT,-0.5336617405582883,-0.5736617405582882,-11.473234811165765,-0.27514319868897236,23.7061666252155
2660,SHORT,1788188100000,1788188520000,2.4410000000000003,2.42,2.42,2.455,22,13,7,0.665,TP_HIT,0.8603031544449139,0.820303154444914,16.40606308889828,0.3889248652492203,24.095091490464718
2661,SHORT,1788188580000,1788189120000,2.424,2.405,2.405,2.437,20,12,9,0.5863,TP_HIT,0.7838283828382892,0.7438283828382891,14.876567656765783,0.3584522587538599,24.45354374921858
2662,SHORT,1788190080000,1788190260000,2.419,2.406,2.406,2.428,14,8,3,0.5652,TP_HIT,0.5374121537825506,0.4974121537825506,9.948243075651012,0.24326979727829282,24.69681354649687
2663,SHORT,1788190560000,1788190680000,2.412,2.399,2.399,2.421,14,8,2,0.5904,TP_HIT,0.5389718076285199,0.49897180762851995,9.979436152570397,0.2464602739592012,24.94327382045607
2664,SHORT,1788192000000,1788192060000,2.394,2.401,2.384,2.401,11,6,1,0.6084,SL_HIT,-0.2923976608186998,-0.3323976608186998,-6.647953216373996,-0.16582171742159824,24.777452103034474
2665,SHORT,1788192060000,1788192120000,2.4,2.408,2.389,2.408,12,7,1,0.5577,SL_HIT,-0.33333333333333365,-0.3733333333333337,-7.466666666666674,-0.18500497570265761,24.592447127331816
2666,SHORT,1788192360000,1788192480000,2.408,2.395,2.395,2.417,14,8,2,0.557,TP_HIT,0.5398671096345474,0.4998671096345474,9.997342192690947,0.24585910928759566,24.838306236619413
2667,SHORT,1788192840000,1788193140000,2.398,2.408,2.385,2.408,14,9,5,0.5946,SL_HIT,-0.41701417848205946,-0.45701417848205944,-9.14028356964119,-0.2270291623922887,24.611277074227125
2668,SHORT,1788193800000,1788194400000,2.398,2.3939999999999997,2.385,2.408,14,9,10,0.5586,TIME_EXPIRY,0.16680567139284602,0.12680567139284601,2.5361134278569204,0.062416990264654595,24.67369406449178
2669,SHORT,1788194400000,1788194580000,2.392,2.399,2.383,2.399,10,6,3,0.606,SL_HIT,-0.29264214046823234,-0.3326421404682324,-6.652842809364648,-0.16415020813741735,24.509543856354362
2670,SHORT,1788194580000,1788194640000,2.3970000000000002,2.404,2.389,2.404,9,6,1,0.5518,SL_HIT,-0.29203170629952746,-0.33203170629952744,-6.640634125990549,-0.1627589133449688,24.346784943009393
2671,SHORT,1788195120000,1788195720000,2.403,2.404,2.392,2.411,12,7,10,0.5698,TIME_EXPIRY,-0.0416146483562168,-0.0816146483562168,-1.6322929671243362,-0.03974108583456292,24.30704385717483
2672,SHORT,1788195720000,1788196320000,2.402,2.408,2.39,2.411,13,8,10,0.556,TIME_EXPIRY,-0.2497918401332133,-0.2897918401332133,-5.795836802664266,-0.14087965935138827,24.16616419782344
2673,SHORT,1788196440000,1788196620000,2.404,2.395,2.395,2.411,10,6,3,0.6457,TP_HIT,0.37437603993344,0.33437603993343995,6.687520798668799,0.16161172569698956,24.32777592352043
2674,SHORT,1788196680000,1788196800000,2.392,2.4,2.381,2.4,12,7,2,0.5657,SL_HIT,-0.33444816053511733,-0.37444816053511737,-7.488963210702347,-0.18218981888945482,24.145586104630976
2675,SHORT,1788196920000,1788197100000,2.402,2.392,2.392,2.41,11,7,3,0.5679,TP_HIT,0.41631973355538016,0.3763197335553801,7.526394671107603,0.18172921058866437,24.32731531521964
2676,SHORT,1788197100000,1788197700000,2.394,2.392,2.384,2.402,11,7,10,0.5934,TIME_EXPIRY,0.08354218880535604,0.04354218880535604,0.8708437761071207,0.021185291131654464,24.348500606351294
2677,SHORT,1788197700000,1788197880000,2.39,2.397,2.38,2.397,11,6,3,0.5583,SL_HIT,-0.29288702928868926,-0.33288702928868924,-6.657740585773785,-0.16210600068964265,24.18639460566165
2678,SHORT,1788198240000,1788198300000,2.398,2.405,2.389,2.405,10,6,1,0.5693,SL_HIT,-0.29190992493743423,-0.33190992493743426,-6.638198498748685,-0.16055408836144647,24.025840517300203
2679,SHORT,1788198360000,1788198480000,2.408,2.415,2.398,2.415,11,6,2,0.5674,SL_HIT,-0.29069767441860955,-0.3306976744186096,-6.613953488372191,-0.15890579170047162,23.86693472559973
2680,SHORT,1788198660000,1788199260000,2.4250000000000003,2.42,2.413,2.434,13,8,10,0.5759,TIME_EXPIRY,0.20618556701032317,0.16618556701032317,3.323711340206463,0.07932680160344326,23.946261527203173
2681,SHORT,1788199260000,1788199560000,2.418,2.425,2.409,2.425,10,6,5,0.6575,SL_HIT,-0.28949545078575983,-0.32949545078575987,-6.589909015715197,-0.15780368473079015,23.788457842472383
2682,SHORT,1788199620000,1788200040000,2.419,2.427,2.408,2.427,12,7,7,0.6424,SL_HIT,-0.33071517155849556,-0.37071517155849554,-7.414303431169911,-0.17637484460368377,23.6120829978687
2683,SHORT,1788200040000,1788200220000,2.4250000000000003,2.433,2.414,2.433,12,7,3,0.5731,SL_HIT,-0.3298969072164768,-0.3698969072164768,-7.397938144329536,-0.17468072947700775,23.437402268391693
2684,SHORT,1788200280000,1788200700000,2.432,2.421,2.421,2.44,12,7,7,0.6125,TP_HIT,0.45230263157895234,0.4123026315789523,8.246052631579046,0.19326605265264804,23.630668321044343
2685,SHORT,1788200700000,1788200820000,2.419,2.428,2.407,2.428,13,8,2,0.5981,SL_HIT,-0.3720545680033029,-0.41205456800330287,-8.241091360066058,-0.19474249653314527,23.435925824511198
2686,SHORT,1788200820000,1788200880000,2.4370000000000003,2.421,2.421,2.448,17,10,1,0.6119,TP_HIT,0.6565449322938226,0.6165449322938226,12.33089864587645,0.2889860260143261,23.724911850525523
2687,SHORT,1788201000000,1788201120000,2.418,2.429,2.402,2.429,17,10,2,0.5945,SL_HIT,-0.45492142266334473,-0.49492142266334477,-9.898428453266895,-0.2348393425124908,23.490072508013032
2688,SHORT,1788201120000,1788201720000,2.431,2.442,2.415,2.442,17,10,10,0.6115,SL_HIT,-0.45248868778281043,-0.4924886877828104,-9.849773755656209,-0.23137189970788818,23.258700608305144
2689,SHORT,1788201720000,1788201840000,2.452,2.463,2.437,2.463,16,10,2,0.7427,SL_HIT,-0.44861337683524144,-0.4886133768352415,-9.77226753670483,-0.22729024490047722,23.031410363404667
2690,SHORT,1788201840000,1788202020000,2.46,2.442,2.442,2.472,19,11,3,0.6949,TP_HIT,0.7317073170731624,0.6917073170731624,13.834146341463246,0.31861990141763336,23.3500302648223
2691,SHORT,1788202020000,1788202620000,2.443,2.431,2.426,2.455,18,11,10,0.5759,TIME_EXPIRY,0.4911993450675403,0.4511993450675403,9.023986901350806,0.21071036725590134,23.560740632078204
2692,SHORT,1788202620000,1788202980000,2.4290000000000003,2.438,2.417,2.438,13,8,6,0.6412,SL_HIT,-0.37052284890901177,-0.4105228489090118,-8.210456978180236,-0.1934444473337411,23.36729618474446
2693,SHORT,1788202980000,1788203580000,2.436,2.4379999999999997,2.426,2.444,11,7,10,0.6061,TIME_EXPIRY,-0.08210180623972822,-0.12210180623972823,-2.4420361247945648,-0.05706378142192019,23.31023240332254
2694,SHORT,1788203580000,1788203880000,2.436,2.428,2.428,2.443,9,6,5,0.6336,TP_HIT,0.32840722495894936,0.2884072249589494,5.768144499178987,0.1344567888118087,23.444689192134348
2695,SHORT,1788203880000,1788204480000,2.428,2.432,2.418,2.436,11,7,10,0.5825,TIME_EXPIRY,-0.16474464579901169,-0.2047446457990117,-4.094892915980234,-0.09600349169022927,23.34868570044412
2696,SHORT,1788204600000,1788204660000,2.43,2.421,2.421,2.437,10,6,1,0.5804,TP_HIT,0.3703703703703844,0.33037037037038436,6.607407407407688,0.15427427885034842,23.502959979294467
2697,SHORT,1788204720000,1788205320000,2.42,2.424,2.409,2.428,12,7,10,0.5724,TIME_EXPIRY,-0.16528925619834725,-0.20528925619834726,-4.105785123966945,-0.09649810345217769,23.40646187584229
2698,SHORT,1788205320000,1788205440000,2.422,2.428,2.414,2.428,9,5,2,0.6222,SL_HIT,-0.24772914946324456,-0.28772914946324457,-5.754582989264892,-0.13469442734959927,23.27176744849269
2699,SHORT,1788205440000,1788205560000,2.424,2.43,2.416,2.43,9,5,2,0.5552,SL_HIT,-0.2475247524752569,-0.28752475247525694,-5.750495049505138,-0.13382418350579203,23.137943264986898
2700,SHORT,1788205560000,1788206160000,2.431,2.428,2.422,2.438,10,6,10,0.5675,TIME_EXPIRY,0.1234060057589516,0.0834060057589516,1.668120115179032,0.03859686858419585,23.176540133571095
2701,SHORT,1788206160000,1788206340000,2.426,2.432,2.419,2.432,8,5,3,0.6562,SL_HIT,-0.24732069249793007,-0.2873206924979301,-5.746413849958602,-0.13318199121767432,23.04335814235342
2702,SHORT,1788206340000,1788206520000,2.426,2.432,2.419,2.432,8,5,3,0.5794,SL_HIT,-0.24732069249793007,-0.2873206924979301,-5.746413849958602,-0.132416672378776,22.91094146997464
2703,SHORT,1788207000000,1788207180000,2.427,2.433,2.419,2.433,9,5,3,0.6366,SL_HIT,-0.24721878862792676,-0.28721878862792677,-5.744375772558535,-0.13160905710662896,22.779332412868012
2704,SHORT,1788207180000,1788207360000,2.4330000000000003,2.439,2.426,2.439,8,5,3,0.605,SL_HIT,-0.24660912453759895,-0.28660912453759896,-5.732182490751979,-0.13057529040806107,22.64875712245995
2705,SHORT,1788207360000,1788207420000,2.4370000000000003,2.443,2.43,2.443,8,5,1,0.6073,SL_HIT,-0.24620434961016752,-0.2862043496101675,-5.72408699220335,-0.12964345603424599,22.519113666425707
2706,SHORT,1788207420000,1788207540000,2.443,2.449,2.435,2.449,9,5,2,0.5691,SL_HIT,-0.24559967253376108,-0.2855996725337611,-5.711993450675222,-0.12862902977763452,22.390484636648072
2707,SHORT,1788207600000,1788207780000,2.4490000000000003,2.441,2.441,2.455,9,5,3,0.592,TP_HIT,0.32666394446714786,0.2866639444671478,5.733278889342956,0.1283708928894522,22.518855529537525
2708,SHORT,1788207780000,1788208080000,2.442,2.448,2.435,2.448,8,5,5,0.5617,SL_HIT,-0.2457002457002368,-0.28570024570023683,-5.714004914004736,-0.12867285115354016,22.390182678383987
2709,SHORT,1788208140000,1788208200000,2.443,2.448,2.437,2.448,7,4,1,0.5781,SL_HIT,-0.20466639377813728,-0.2446663937781373,-4.893327875562746,-0.10956250503907851,22.280620173344907
2710,SHORT,1788208680000,1788208980000,2.446,2.453,2.437,2.453,10,6,5,0.5594,SL_HIT,-0.2861815208503546,-0.3261815208503546,-6.523630417007093,-0.14535053147261467,22.13526964187229
2711,SHORT,1788209040000,1788209340000,2.458,2.448,2.448,2.466,11,7,5,0.5658,TP_HIT,0.40683482506103463,0.3668348250610346,7.336696501220692,0.16239975533510104,22.297669397207393
2712,SHORT,1788209460000,1788210000000,2.448,2.456,2.438,2.456,11,7,9,0.5738,SL_HIT,-0.32679738562091537,-0.36679738562091535,-7.3359477124183075,-0.16357453680670328,22.13409486040069
2713,SHORT,1788210180000,1788210780000,2.442,2.437,2.432,2.449,11,6,10,0.6036,TIME_EXPIRY,0.20475020475021855,0.16475020475021854,3.295004095004371,0.07293193320423548,22.207026793604925
2714,SHORT,1788210840000,1788211200000,2.436,2.429,2.429,2.442,8,5,6,0.5505,TP_HIT,0.28735632183908527,0.24735632183908526,4.947126436781705,0.10986096933296258,22.31688776293789
2715,SHORT,1788211560000,1788211740000,2.4450000000000003,2.451,2.438,2.451,8,5,3,0.5802,SL_HIT,-0.2453987730061261,-0.2853987730061261,-5.707975460122522,-0.1273842476971581,22.18950351524073
2716,SHORT,1788211740000,1788211860000,2.451,2.457,2.444,2.457,8,5,2,0.617,SL_HIT,-0.2447980416156582,-0.28479804161565825,-5.6959608323131645,-0.12639054291128646,22.063112972329442
2717,SHORT,1788211920000,1788212040000,2.456,2.463,2.448,2.463,9,6,2,0.5768,SL_HIT,-0.28501628664495593,-0.3250162866449559,-6.500325732899119,-0.14341742100189345,21.91969555132755
2718,SHORT,1788212160000,1788212760000,2.4570000000000003,2.464,2.448,2.464,10,6,10,0.5538,SL_HIT,-0.2849002849002716,-0.32490028490027156,-6.498005698005431,-0.14243430659107073,21.77726124473648
2719,SHORT,1788212820000,1788213180000,2.463,2.455,2.455,2.469,9,5,6,0.5977,TP_HIT,0.3248071457572069,0.2848071457572069,5.696142915144138,0.12404639235044872,21.901307637086926
2720,SHORT,1788213240000,1788213660000,2.4490000000000003,2.44,2.44,2.456,10,6,7,0.5979,TP_HIT,0.36749693752553453,0.3274969375255345,6.549938750510689,0.14345222357901136,22.044759860665938
2721,SHORT,1788213660000,1788213840000,2.443,2.435,2.435,2.45,9,6,3,0.5979,TP_HIT,0.3274662300450269,0.2874662300450269,5.749324600900538,0.12674248018787138,22.17150234085381
2722,SHORT,1788214320000,1788214500000,2.438,2.431,2.431,2.444,8,5,3,0.5533,TP_HIT,0.287120590648077,0.24712059064807695,4.942411812961539,0.10958069508054029,22.28108303593435
2723,SHORT,1788214500000,1788214560000,2.434,2.44,2.427,2.44,8,5,1,0.5722,SL_HIT,-0.24650780608051698,-0.286507806080517,-5.73015612161034,-0.1276740843544675,22.153408951579884
2724,SHORT,1788214680000,1788214740000,2.4290000000000003,2.421,2.421,2.436,9,6,1,0.5773,TP_HIT,0.3293536434746995,0.28935364347469944,5.787072869493989,0.1282033919104932,22.281612343490377
2725,SHORT,1788216180000,1788216600000,2.423,2.428,2.417,2.428,7,4,7,0.5543,SL_HIT,-0.206355757325625,-0.246355757325625,-4.9271151465125,-0.10978406966633131,22.171828273824044
2726,SHORT,1788216600000,1788217200000,2.4290000000000003,2.423,2.423,2.434,7,4,10,0.6037,TP_HIT,0.24701523260602004,0.20701523260602,4.1403046521204,0.09179812374812832,22.26362639757217
2727,SHORT,1788217740000,1788218220000,2.4250000000000003,2.417,2.417,2.431,9,5,8,0.5596,TP_HIT,0.32989690721651344,0.2898969072165134,5.797938144330268,0.129083128721602,22.392709526293775
2728,SHORT,1788218400000,1788218520000,2.4210000000000003,2.414,2.414,2.427,8,5,2,0.6253,TP_HIT,0.289136720363491,0.24913672036349097,4.982734407269819,0.11157692422866264,22.504286450522436
2729,SHORT,1788218700000,1788218760000,2.41,2.416,2.402,2.416,9,5,1,0.573,SL_HIT,-0.24896265560165076,-0.2889626556016508,-5.7792531120330155,-0.1300579675032642,22.37422848301917
2730,SHORT,1788219240000,1788219840000,2.412,2.408,2.405,2.418,8,5,10,0.5756,TIME_EXPIRY,0.16583747927031525,0.12583747927031524,2.516749585406305,0.05631033025842444,22.430538813277593
